1712643981.741688 0.000067956 -0.000673363 0.029459916 0.001312134 -0.002692257 -0.001327604 0.999994636
1712643981.768855 -0.000014279 -0.000461655 0.030280929 0.001362737 -0.002548052 -0.001060116 0.999995232
1712643981.802212 -0.000140725 -0.000635787 0.031103579 0.001066385 -0.002814637 -0.000617381 0.999995232
1712643981.843351 -0.000746941 -0.001563524 0.031863406 0.000467665 -0.002845075 -0.000982458 0.999995351
1712643981.870344 -0.000456545 -0.001237589 0.032231782 0.000776575 -0.002951326 -0.000662465 0.999995112
1712643981.902925 -0.000678628 -0.001382069 0.033373680 0.000794483 -0.002787549 -0.000807494 0.999995470
1712643981.936936 -0.000785989 -0.001547320 0.033542566 0.000866105 -0.002696398 -0.000611793 0.999995768
1712643981.972733 -0.000215818 -0.001940651 0.034448221 0.001356494 -0.002953061 -0.000055631 0.999994695
1712643982.005739 -0.000424124 -0.001623478 0.035273779 0.001402524 -0.002768845 -0.000314935 0.999995112
1712643982.048784 -0.000352145 -0.001764651 0.036162142 0.000972881 -0.002532306 0.000034107 0.999996305
1712643982.071967 0.000246112 -0.001206510 0.037659664 0.001643264 -0.002529415 0.000606613 0.999995291
1712643982.104245 0.000265591 -0.001207668 0.038513575 0.001619330 -0.002416297 0.000979542 0.999995291
1712643982.139868 -0.000485406 -0.002245561 0.039582290 0.000568649 -0.001794682 0.000033875 0.999998212
1712643982.170164 -0.000428346 -0.002241775 0.040387239 0.000951784 -0.001945381 0.000115910 0.999997675
1712643982.202210 0.000344028 -0.001727150 0.041541364 0.001257762 -0.002353927 0.000712794 0.999996185
1712643982.237456 -0.000248041 -0.002451299 0.042812280 0.000388672 -0.001908766 0.000284369 0.999998033
1712643982.268775 0.000633775 -0.001514407 0.044385623 0.001787393 -0.002437362 0.000723495 0.999995172
1712643982.304733 0.000600989 -0.001792595 0.045552623 0.001679157 -0.002607750 0.001129356 0.999994516
1712643982.336699 0.000785164 -0.001968219 0.047733083 0.002234045 -0.002684500 0.000801179 0.999993563
1712643982.373903 0.000578946 -0.002041332 0.048687432 0.002041110 -0.002503748 0.000837911 0.999994457
1712643982.406379 0.001075515 -0.002146025 0.051959787 0.002234794 -0.002500546 0.001092197 0.999993742
1712643982.443555 0.001149330 -0.001374526 0.053741679 0.002468507 -0.002867979 0.000904781 0.999992430
1712643982.472508 0.001143060 -0.002128685 0.056302108 0.001653854 -0.002917732 0.001721247 0.999992907
1712643982.505292 0.001738183 -0.003485705 0.057458840 0.000712641 -0.003994576 0.002164802 0.999989390
1712643982.538195 0.001412074 -0.003726036 0.058617026 0.000580824 -0.003880779 0.002288745 0.999989688
1712643982.569479 0.001530160 -0.002311416 0.063235559 0.001994750 -0.003500514 0.002695249 0.999988258
1712643982.602702 0.001969125 -0.002710917 0.065564938 0.001716772 -0.003991938 0.003144744 0.999985635
1712643982.638077 0.002142119 -0.003272495 0.067658663 0.001244057 -0.003830362 0.002833646 0.999987841
1712643982.669274 0.001480208 -0.003673932 0.068472117 0.001030798 -0.003348978 0.002670179 0.999990284
1712643982.706184 0.001501578 -0.004168970 0.070539750 0.001124127 -0.003219964 0.002682402 0.999990582
1712643982.739770 0.001624981 -0.003885783 0.073050477 0.001679510 -0.003334618 0.002644463 0.999989510
1712643982.774167 0.001839028 -0.002651212 0.077499434 0.002732937 -0.002820710 0.002606063 0.999988854
1712643982.807137 0.002291998 -0.002311202 0.080064707 0.003178826 -0.003013420 0.002541165 0.999987185
1712643982.843222 0.001741324 -0.003292209 0.082275830 0.003058132 -0.002704796 0.002607966 0.999988258
1712643982.873133 0.001731803 -0.003341836 0.084362857 0.003540998 -0.002967767 0.003214595 0.999984145
1712643982.905289 0.001958976 -0.003990931 0.086064011 0.003484634 -0.003221293 0.003041618 0.999984145
1712643982.953017 0.004891337 -0.003378053 0.090743326 0.005077928 -0.002867328 0.002638366 0.999979496
1712643982.977229 0.005065556 -0.001539017 0.092693754 0.005738223 0.000856130 0.000604971 0.999982953
1712643983.005104 0.005646499 -0.002290837 0.095268182 0.004708295 0.004686498 0.001163133 0.999977231
1712643983.037819 0.005827396 -0.002030723 0.097913429 0.005252510 0.008116803 0.001289082 0.999952435
1712643983.079462 0.006822098 -0.002088234 0.100563176 0.005065754 0.010052529 0.001211688 0.999935925
1712643983.107575 0.007925571 -0.002122292 0.104646154 0.005271245 0.011932464 0.000873472 0.999914527
1712643983.147602 0.009157524 -0.002357392 0.107307792 0.005726107 0.013791370 0.000664119 0.999888241
1712643983.176825 0.009250556 -0.002532648 0.110630207 0.006049296 0.016869681 0.000226308 0.999839365
1712643983.211304 0.010299103 -0.002686372 0.113904141 0.007046175 0.019614253 0.000134732 0.999782741
1712643983.242194 0.010294854 -0.003067049 0.117827512 0.007342559 0.023141528 -0.000007421 0.999705255
1712643983.272474 0.009557916 -0.003309764 0.120290406 0.007915052 0.025294764 0.000075138 0.999648690
1712643983.308667 0.009469184 -0.003353080 0.122387797 0.007768488 0.024975397 0.000107435 0.999657869
1712643983.350662 0.009377154 -0.004047302 0.125010714 0.007326916 0.023797078 0.000059843 0.999689937
1712643983.373054 0.009927399 -0.003580924 0.128488749 0.007985952 0.023332004 -0.001058918 0.999695301
1712643983.404400 0.011537569 -0.003032226 0.132787630 0.008912547 0.024227399 -0.002230683 0.999664247
1712643983.437144 0.012534356 -0.001684620 0.134830192 0.010342117 0.026782436 -0.003172721 0.999582767
1712643983.470280 0.013351621 -0.001578368 0.137562305 0.010183102 0.030043911 -0.003378692 0.999490976
1712643983.505317 0.014749652 -0.001633210 0.140973702 0.010250123 0.033627443 -0.003584645 0.999375463
1712643983.544900 0.016136087 -0.001276113 0.144605920 0.010320634 0.037570599 -0.004284419 0.999231458
1712643983.573435 0.017407354 -0.001429141 0.147186145 0.009900076 0.042114288 -0.004408635 0.999054015
1712643983.607859 0.016470980 -0.000012285 0.148151606 0.010287134 0.047558434 -0.003789935 0.998808265
1712643983.638532 0.016447803 -0.000068061 0.150650293 0.002913502 0.051452480 -0.003211915 0.998666048
1712643983.674824 0.017780492 -0.002604578 0.153899118 0.000623195 0.051722240 -0.000910277 0.998660922
1712643983.707050 0.016737863 -0.003681354 0.152655706 0.002657570 0.051939260 -0.001366747 0.998645782
1712643983.739845 0.017626788 -0.003336447 0.154585645 0.004277389 0.051165834 -0.001216751 0.998680294
1712643983.769955 0.017008161 -0.003165938 0.153556764 0.006243526 0.050851829 -0.000868583 0.998686314
1712643983.803428 0.016323322 -0.003104680 0.151332512 0.006923232 0.049545757 -0.001080467 0.998747289
1712643983.842194 0.017755866 -0.002958184 0.152301148 0.007733392 0.048772693 -0.001971093 0.998778045
1712643983.871909 0.017501876 -0.001977719 0.150887981 0.008912127 0.050160151 -0.002272018 0.998698890
1712643983.904305 0.016282890 -0.002509777 0.150561512 0.008181510 0.051399842 -0.001764542 0.998643100
1712643983.939924 0.016148297 -0.002722286 0.150672749 0.007779762 0.050328963 -0.001051127 0.998701811
1712643983.973772 0.015873928 -0.003101202 0.151336238 0.006867207 0.049163077 -0.001371352 0.998766243
1712643984.008640 0.016347948 -0.002945539 0.151467398 0.006998585 0.048077878 -0.001434449 0.998818040
1712643984.047030 0.016170403 -0.004005633 0.151828066 0.006460415 0.047590185 -0.000608216 0.998845875
1712643984.072488 0.014223548 -0.004418697 0.150674492 0.007814027 0.046174780 0.000069509 0.998902857
1712643984.105077 0.012630428 -0.003488419 0.150051549 0.008193327 0.042922448 0.000021110 0.999044776
1712643984.138807 0.012106800 -0.004178368 0.149926737 0.007837027 0.038191292 0.000850857 0.999239326
1712643984.172980 0.010495697 -0.004022663 0.150604397 0.008078081 0.034077454 0.000672902 0.999386311
1712643984.204848 0.009936548 -0.004834878 0.152387083 0.007886291 0.028970936 0.000740692 0.999548912
1712643984.251956 0.008725182 -0.005441052 0.153829142 0.007952647 0.023649683 0.001093588 0.999688089
1712643984.274521 0.006242670 -0.005013383 0.154418349 0.008476142 0.018022122 0.001310832 0.999800801
1712643984.313573 0.004986325 -0.005844020 0.156727463 0.007433493 0.010936884 0.001481657 0.999911487
1712643984.337388 0.005422235 -0.005708470 0.158175349 0.008194194 0.003332408 0.001613771 0.999959588
1712643984.373441 0.004130454 -0.006021890 0.158242315 0.008100100 -0.002953827 0.001937900 0.999960959
1712643984.409190 0.002447445 -0.003221995 0.161509603 0.008157650 -0.007370136 -0.000695732 0.999939322
1712643984.445284 0.005567693 -0.003000841 0.166861773 0.007421251 -0.010143032 -0.000774466 0.999920726
1712643984.471551 0.005790620 -0.002757206 0.168763697 0.007925997 -0.008874224 -0.000756847 0.999928892
1712643984.504399 0.005973600 -0.002428231 0.171932906 0.008102987 -0.008027348 -0.000328878 0.999934912
1712643984.538216 0.005441069 -0.002743115 0.174368933 0.007303013 -0.007708353 -0.000097300 0.999943614
1712643984.572750 0.006730642 -0.003143274 0.177773312 0.006422724 -0.008228961 0.000359190 0.999945462
1712643984.606689 0.008769721 -0.003242444 0.181985736 0.005758169 -0.007688062 -0.000074911 0.999953866
1712643984.639621 0.009929731 -0.001329742 0.184154570 0.008005258 -0.003524150 -0.001550332 0.999960542
1712643984.672429 0.010366818 -0.002097729 0.185567170 0.006630683 0.001729074 -0.000395063 0.999976456
1712643984.711074 0.010402035 -0.001445690 0.189425573 0.006744307 0.005734177 -0.000521050 0.999960661
1712643984.738760 0.011502800 -0.000995350 0.191813886 0.007090935 0.008386002 -0.000827527 0.999939382
1712643984.774090 0.011433388 -0.001239168 0.194009185 0.006369139 0.010575982 -0.000301368 0.999923766
1712643984.808804 0.011941962 -0.001699009 0.197185993 0.006273664 0.012040511 0.000100261 0.999907851
1712643984.842116 0.011520743 -0.001121902 0.199262723 0.006212384 0.013609134 -0.000366720 0.999888062
1712643984.873270 0.011393218 -0.002243784 0.202096999 0.004487904 0.013995667 -0.000075947 0.999891996
1712643984.906819 0.011451802 -0.001954202 0.205149278 0.004751000 0.014366668 -0.000128998 0.999885499
1712643984.940634 0.011944261 -0.001821960 0.207650363 0.005071056 0.014245821 -0.000135864 0.999885678
1712643984.971579 0.012269791 -0.001700111 0.210788384 0.005367374 0.014723442 -0.000096264 0.999877214
1712643985.004318 0.012404231 -0.001221752 0.213400975 0.005611713 0.015310295 -0.000279405 0.999867022
1712643985.041198 0.012449749 -0.001169549 0.216216460 0.005139210 0.015733503 -0.000016072 0.999863029
1712643985.072459 0.012608466 -0.001408812 0.218867138 0.004965327 0.015943415 0.000289354 0.999860525
1712643985.104846 0.013122935 -0.001456409 0.221502647 0.005388861 0.016281089 0.000101386 0.999852896
1712643985.142273 0.012799556 -0.001514255 0.224162906 0.004919779 0.016951641 -0.000304368 0.999844134
1712643985.175292 0.013594408 -0.001573005 0.226847306 0.004970545 0.017194113 -0.000393543 0.999839723
1712643985.213952 0.013942579 -0.001609574 0.229392841 0.005123480 0.017793635 -0.000154078 0.999828517
1712643985.245675 0.013987972 -0.001345230 0.231621608 0.004814305 0.018633567 -0.000417229 0.999814689
1712643985.273548 0.014307711 -0.000893424 0.234781563 0.004361753 0.019455751 -0.000636086 0.999800980
1712643985.309878 0.014990059 -0.000689252 0.238289207 0.003660013 0.020275040 -0.000703681 0.999787509
1712643985.340180 0.015112304 -0.000683549 0.240730077 0.003048740 0.021405036 -0.000332429 0.999766171
1712643985.371838 0.015559054 -0.001584477 0.244784057 0.001671648 0.022149768 0.000019956 0.999753237
1712643985.404541 0.016453268 -0.002001328 0.248639449 0.001525407 0.022158043 0.000258470 0.999753296
1712643985.438352 0.017648652 -0.002232322 0.252691895 0.002406289 0.022607930 0.000750478 0.999741256
1712643985.471674 0.018725321 -0.001877634 0.256282121 0.003141742 0.023399057 0.001091533 0.999720693
1712643985.508279 0.019042188 -0.001859339 0.258743286 0.003092521 0.025184201 0.000835995 0.999677718
1712643985.547114 0.020331765 -0.001370203 0.262618631 0.003085233 0.027052788 0.000863906 0.999628901
1712643985.576315 0.019973457 -0.001737605 0.264090359 0.003084069 0.029645460 0.001414969 0.999554694
1712643985.612680 0.020644685 -0.001497239 0.267235190 0.002902384 0.031305216 0.001425160 0.999504626
1712643985.640842 0.020818265 -0.001378584 0.270439684 0.002173890 0.033297922 0.001302975 0.999442279
1712643985.672008 0.021442452 -0.000960414 0.274847060 0.000873641 0.034418073 0.001441653 0.999406099
1712643985.705197 0.021904930 -0.000413463 0.277963877 -0.001847588 0.035019498 0.001098310 0.999384344
1712643985.738680 0.022744354 -0.000912108 0.281820387 -0.003775527 0.035598770 0.001420855 0.999357998
1712643985.771381 0.022894442 -0.001412187 0.284780622 -0.003649855 0.035863560 0.001751390 0.999348521
1712643985.805879 0.022042822 -0.001743388 0.285533994 -0.003309322 0.035833355 0.000958573 0.999351859
1712643985.842870 0.021743681 -0.001238837 0.287002712 -0.002840812 0.035554286 0.000320597 0.999363661
1712643985.872713 0.021195613 0.000903935 0.287114352 -0.003268474 0.035631750 -0.000605388 0.999359488
1712643985.905735 0.022889968 -0.000862137 0.289549708 -0.005572917 0.034879513 0.001166742 0.999375284
1712643985.944328 0.022487966 -0.001908907 0.289106041 -0.004568102 0.034902539 0.001387528 0.999379337
1712643985.977254 0.021554543 -0.001128134 0.287893176 -0.002511916 0.034710787 0.000129019 0.999394238
1712643986.011032 0.021745622 -0.000842440 0.287090451 -0.002259643 0.034462985 -0.000000549 0.999403417
1712643986.045156 0.022107819 -0.001217826 0.287097812 -0.002125522 0.034563102 0.000439867 0.999400139
1712643986.073014 0.021655794 -0.001529861 0.286353648 -0.001571423 0.034167554 0.000865734 0.999414504
1712643986.105640 0.020371264 -0.000806389 0.285047054 -0.001789818 0.032988086 0.000705153 0.999453902
1712643986.138950 0.021215206 -0.001759799 0.286737204 -0.002882567 0.030465649 0.001496875 0.999530554
1712643986.173613 0.021018269 -0.000967461 0.286277831 -0.001636185 0.029473895 0.000712930 0.999563992
1712643986.217563 0.021080250 -0.001214179 0.286532998 -0.002349402 0.029000649 0.001118152 0.999575973
1712643986.252857 0.021000111 -0.002684800 0.286959082 -0.002459826 0.027419256 0.002089815 0.999618828
1712643986.272820 0.018864082 -0.002938287 0.285216153 -0.000415342 0.025538068 0.001590495 0.999672472
1712643986.309935 0.016895151 -0.003669095 0.285899669 -0.000109842 0.021195797 0.002537077 0.999772072
1712643986.345047 0.014052834 -0.003480336 0.285455018 0.000455997 0.016048165 0.002058551 0.999868989
1712643986.375904 0.012986642 -0.004534067 0.284751058 -0.000232560 0.008615942 0.002226358 0.999960363
1712643986.408930 0.010612267 -0.004005732 0.286561161 0.001302200 0.001441927 0.001312108 0.999997258
1712643986.440691 0.005384054 -0.004536906 0.287302911 0.001577784 -0.006275674 0.001914565 0.999977231
1712643986.474051 -0.003271959 -0.008680127 0.286966652 0.001004145 -0.017205613 0.001383904 0.999850512
1712643986.507024 -0.008309720 -0.007957938 0.287440985 0.001401298 -0.032841291 0.002385199 0.999456763
1712643986.540795 -0.014293463 -0.009081129 0.284767181 -0.000234756 -0.051498067 0.002362242 0.998670280
1712643986.573659 -0.015354193 -0.006530991 0.291239977 0.000413579 -0.072965935 0.000522318 0.997334242
1712643986.605794 -0.015134308 -0.005667544 0.295700043 -0.000192291 -0.090056822 0.000959198 0.995936155
1712643986.650591 -0.015742196 -0.004896076 0.296141237 -0.001181671 -0.105103843 -0.002236567 0.994458020
1712643986.672654 -0.013232389 -0.006518627 0.294908971 -0.000231495 -0.114362396 -0.003087160 0.993434250
1712643986.712262 -0.010747857 -0.003657215 0.303276092 0.000064286 -0.116672553 -0.001716675 0.993168950
1712643986.749355 -0.010147115 -0.004977777 0.308365643 -0.001521960 -0.115759961 -0.001315169 0.993275166
1712643986.776854 -0.011097036 -0.004256300 0.309632361 -0.000250297 -0.114076659 -0.001919107 0.993470073
1712643986.812128 -0.011953508 -0.004367439 0.309908956 0.000072992 -0.113399208 -0.001789256 0.993547916
1712643986.842783 -0.012644122 -0.003769558 0.311652094 0.000859722 -0.114169121 -0.001461078 0.993459880
1712643986.873635 -0.013292218 -0.004730675 0.310544282 0.000200893 -0.115411803 -0.001512520 0.993316591
1712643986.905603 -0.013242936 -0.005076329 0.312511653 0.000186484 -0.116598673 -0.001429301 0.993178070
1712643986.942899 -0.013210057 -0.005136332 0.312192857 0.000586286 -0.117127404 -0.001650001 0.993115366
1712643986.974187 -0.014157799 -0.005059752 0.315506905 0.000718509 -0.117004953 -0.001489806 0.993129909
1712643987.007237 -0.014388024 -0.004980729 0.316971272 0.001249404 -0.117564216 -0.001504594 0.993063331
1712643987.041391 -0.015417675 -0.004399212 0.318646759 0.001660360 -0.117805235 -0.001349202 0.993034422
1712643987.073810 -0.015876694 -0.004483472 0.320528328 0.001179799 -0.118586771 -0.001584849 0.992941678
1712643987.110561 -0.016662281 -0.004604674 0.324277431 0.000517639 -0.119299784 -0.002082339 0.992855966
1712643987.144493 -0.017142802 -0.004628581 0.326796561 0.000466701 -0.119975321 -0.000993998 0.992776275
1712643987.177786 -0.017700316 -0.005264005 0.329533547 0.000278761 -0.120356686 -0.000859860 0.992730319
1712643987.215275 -0.017669674 -0.005061931 0.332577288 0.000803416 -0.120695874 0.000500929 0.992689133
1712643987.247924 -0.017903943 -0.005417019 0.334096760 0.001228728 -0.120751239 0.001032257 0.992681503
1712643987.273443 -0.018456426 -0.005386378 0.336948872 0.000931146 -0.120775677 0.001142460 0.992678702
1712643987.309635 -0.019825427 -0.005533183 0.339901954 0.000285322 -0.120594114 0.000726978 0.992701590
1712643987.341216 -0.020392656 -0.006169609 0.342340589 0.000023977 -0.120855749 0.000498273 0.992669940
1712643987.374060 -0.021024553 -0.006173261 0.345331550 0.000152959 -0.120935477 0.000636597 0.992660105
1712643987.406001 -0.022270670 -0.006138171 0.347395688 0.000168030 -0.121319599 0.000140622 0.992613494
1712643987.451230 -0.023145221 -0.006434804 0.351625890 0.000148121 -0.122110896 0.000554106 0.992516279
1712643987.472717 -0.023647863 -0.006497408 0.353997916 0.000548216 -0.122813962 0.000853639 0.992429197
1712643987.511304 -0.024146525 -0.006078018 0.357334644 0.000534218 -0.123636983 0.001280665 0.992326558
1712643987.550749 -0.024832958 -0.006223615 0.360104710 0.000363791 -0.124231957 0.001681625 0.992251754
1712643987.576254 -0.025416020 -0.006194368 0.363005072 0.000528508 -0.124724083 0.001780701 0.992189705
1712643987.608761 -0.026211590 -0.006195457 0.365657300 0.000345193 -0.124808893 0.001779682 0.992179155
1712643987.647262 -0.026477234 -0.006248519 0.369086951 0.000154477 -0.125005305 0.001431905 0.992155015
1712643987.673657 -0.027578626 -0.006276676 0.373943090 0.000151432 -0.124770470 0.001030874 0.992185056
1712643987.706737 -0.028145531 -0.006521108 0.376529366 0.000238920 -0.124969348 0.001199030 0.992159843
1712643987.740028 -0.029376380 -0.006326804 0.380472153 0.000627538 -0.125272810 0.000840522 0.992121816
1712643987.774908 -0.030203059 -0.006383733 0.383816659 0.000465469 -0.125447378 0.000591026 0.992100000
1712643987.809400 -0.030959297 -0.005942889 0.387598127 0.000767988 -0.125439525 0.000865839 0.992100596
1712643987.843401 -0.032139793 -0.005870607 0.390226513 0.000259873 -0.125296056 0.000521053 0.992119193
1712643987.874993 -0.032837182 -0.006167762 0.393472254 0.000214486 -0.125612065 0.000663720 0.992079198
1712643987.911477 -0.033772182 -0.005844934 0.396922916 0.000593940 -0.125794992 0.000757765 0.992055774
1712643987.947117 -0.034636281 -0.006205993 0.400857985 0.000257625 -0.126266524 0.000998976 0.991995811
1712643987.978770 -0.035540137 -0.000980086 0.402040690 0.000930092 -0.126486719 0.000274847 0.991967857
1712643988.012054 -0.036363263 -0.004088850 0.404669762 -0.005686863 -0.126618132 -0.000904835 0.991934836
1712643988.047660 -0.036334347 -0.006830398 0.405920357 -0.005233257 -0.127459630 -0.000102161 0.991829932
1712643988.075122 -0.035339125 -0.005337695 0.405829132 -0.002546550 -0.128050521 0.000367149 0.991764307
1712643988.108041 -0.034266740 -0.006023816 0.405806273 -0.001667021 -0.127837181 0.000770139 0.991793454
1712643988.148901 -0.034706827 -0.005334365 0.405147523 -0.000349438 -0.127073288 0.001037011 0.991892755
1712643988.174311 -0.035138201 -0.005951628 0.404356271 -0.000452303 -0.126727343 0.001234802 0.991936684
1712643988.208297 -0.035138544 -0.006353459 0.403978258 0.000014826 -0.127078250 0.001112945 0.991892099
1712643988.250733 -0.035231717 -0.005671274 0.403828114 0.000545111 -0.127474427 0.001500492 0.991840541
1712643988.280616 -0.034500170 -0.005535981 0.403915435 0.000399411 -0.127710298 0.001264254 0.991810620
1712643988.312589 -0.034506921 -0.006294123 0.404236674 -0.000244908 -0.127524421 0.001164654 0.991834700
1712643988.346761 -0.034581177 -0.007044799 0.404875636 0.000843812 -0.127139658 0.001232886 0.991883695
1712643988.378311 -0.035089672 -0.006037072 0.405184746 0.001903715 -0.126704216 0.001429227 0.991937697
1712643988.411554 -0.035558380 -0.006175199 0.407036990 0.001622532 -0.126617789 0.001729847 0.991948724
1712643988.443857 -0.036403969 -0.005862242 0.408922225 0.001825890 -0.126402572 0.001532353 0.991976142
1712643988.474505 -0.036706652 -0.006258892 0.411138356 0.001555315 -0.126319543 0.001551564 0.991987169
1712643988.508289 -0.036561392 -0.005698126 0.413616568 0.001895245 -0.126672328 0.001849216 0.991941094
1712643988.542241 -0.037485790 -0.006046743 0.414937109 0.001206944 -0.126177683 0.001620464 0.992005587
1712643988.574396 -0.037934825 -0.005606040 0.418963671 0.001210889 -0.125965431 0.001360140 0.992032945
1712643988.608205 -0.038757458 -0.005538396 0.421234459 0.001267534 -0.125751644 0.001319603 0.992060065
1712643988.642562 -0.039101519 -0.005455505 0.424373329 0.001645407 -0.125773713 0.001115031 0.992056966
1712643988.673994 -0.040024824 -0.004866058 0.426312655 0.001701348 -0.125323310 0.000545086 0.992114365
1712643988.715499 -0.040152632 -0.005697065 0.429408640 0.000904529 -0.125547603 0.000583851 0.992087007
1712643988.747447 -0.040788364 -0.005821025 0.431282461 0.001233024 -0.125344664 0.000391858 0.992112398
1712643988.777985 -0.041732952 -0.004929833 0.433888793 0.001468577 -0.125051886 0.000123919 0.992149055
1712643988.808131 -0.042574365 -0.005330516 0.436321616 0.000734925 -0.124845058 -0.000513159 0.992175817
1712643988.842681 -0.043340310 -0.005139523 0.438660353 0.000488392 -0.124762781 -0.000837135 0.992186129
1712643988.874974 -0.044010002 -0.005446533 0.442123920 0.000272805 -0.124856927 -0.000979934 0.992174268
1712643988.910611 -0.044504963 -0.005425721 0.444742411 0.000494137 -0.124895431 -0.000981837 0.992169261
1712643988.943612 -0.045326777 -0.005611765 0.447826654 0.000425967 -0.124844700 -0.000988261 0.992175698
1712643988.975299 -0.046262961 -0.006033084 0.451716334 0.000783257 -0.124920622 -0.000432733 0.992166340
1712643989.007585 -0.047005918 -0.005649631 0.454631001 0.001568449 -0.124870673 0.000118158 0.992171764
1712643989.042918 -0.047340084 -0.006114367 0.457421303 0.001974654 -0.124825165 0.000566391 0.992176652
1712643989.080194 -0.048028432 -0.005284769 0.460604072 0.002462600 -0.124793105 0.000935596 0.992179275
1712643989.112223 -0.048200160 -0.005478587 0.463719875 0.001685621 -0.124893077 0.000629784 0.992168605
1712643989.142616 -0.049017094 -0.005335806 0.466651052 0.001221218 -0.124759145 0.000488025 0.992186189
1712643989.177655 -0.049927723 -0.005179530 0.470017910 0.000922144 -0.124727339 0.000135800 0.992190599
1712643989.214560 -0.050848350 -0.005828254 0.473506480 0.000195265 -0.124371283 0.000095003 0.992235720
1712643989.245050 -0.051308405 -0.005455336 0.477323264 0.000721179 -0.124191478 0.000643596 0.992257774
1712643989.274704 -0.051888060 -0.005979494 0.480390429 0.000164403 -0.124145716 0.000660447 0.992263734
1712643989.312490 -0.053117070 -0.005692010 0.483874500 -0.000181096 -0.123811595 0.000253311 0.992305696
1712643989.342504 -0.053777892 -0.005517460 0.488303751 -0.000002183 -0.123514228 0.000839307 0.992342412
1712643989.375261 -0.054636795 -0.005318831 0.492217898 0.000216682 -0.123271912 0.000853428 0.992372513
1712643989.409271 -0.054981813 -0.005426084 0.494900733 0.000254200 -0.123232909 0.001025837 0.992377162
1712643989.450260 -0.056588940 -0.005907441 0.499567747 -0.000440897 -0.123003528 0.001347710 0.992405236
1712643989.478273 -0.057304583 -0.005562847 0.503935993 -0.000489673 -0.123049371 0.001406430 0.992399454
1712643989.513451 -0.057550225 -0.005315323 0.507828414 -0.000837077 -0.122972384 0.001328977 0.992408812
1712643989.550817 -0.058756363 -0.004467433 0.512098789 -0.001718032 -0.122293487 0.000440530 0.992492378
1712643989.578383 -0.060062677 -0.005418130 0.516113520 -0.002257717 -0.121835656 -0.000256936 0.992547691
1712643989.608369 -0.061149672 -0.005258715 0.519959688 -0.001785396 -0.121749878 -0.000008899 0.992559195
1712643989.649689 -0.062210452 -0.005244318 0.523435295 -0.002225312 -0.122371279 -0.000325040 0.992481828
1712643989.674591 -0.063120738 -0.006520549 0.526143134 -0.002592338 -0.122991748 0.000147791 0.992404282
1712643989.711186 -0.063221596 -0.005921091 0.530974805 -0.001907847 -0.123587064 0.000441927 0.992331803
1712643989.742661 -0.063938595 -0.006723434 0.533762038 -0.001442742 -0.123087995 0.000181771 0.992394686
1712643989.776156 -0.064536706 -0.006053926 0.537383676 -0.000040458 -0.122870483 0.000040251 0.992422700
1712643989.809300 -0.065611541 -0.006531044 0.540376306 0.000322372 -0.122703038 0.000015527 0.992443383
1712643989.847114 -0.066800192 -0.007673430 0.543708622 0.001095764 -0.123115934 0.000251884 0.992391646
1712643989.878157 -0.067867659 -0.007772936 0.545794487 0.002241026 -0.123593941 0.000503844 0.992330194
1712643989.914664 -0.067982197 -0.007242946 0.549372494 0.002995051 -0.123899907 0.000599182 0.992290020
1712643989.947190 -0.068527877 -0.006764476 0.552187324 0.003243841 -0.123782419 0.000767134 0.992303789
1712643989.977204 -0.069547378 -0.005997845 0.555852056 0.003100514 -0.123731472 0.000870558 0.992310524
1712643990.008400 -0.070141800 -0.006575605 0.558813035 0.002752325 -0.123785757 0.001385795 0.992304206
1712643990.047966 -0.070827082 -0.006535822 0.561448693 0.002825661 -0.123525508 0.001153465 0.992336690
1712643990.074687 -0.070959225 -0.007671567 0.565970480 0.001925170 -0.123649158 0.001234048 0.992323399
1712643990.108130 -0.072023168 -0.006691286 0.569932163 0.002813866 -0.123319700 0.000860054 0.992362618
1712643990.146343 -0.073093273 -0.006106975 0.572559297 0.002021157 -0.123081520 0.000424648 0.992394447
1712643990.175712 -0.074552171 -0.006363920 0.576815128 0.001174135 -0.122931235 -0.000553321 0.992414355
1712643990.218791 -0.075374797 -0.006301794 0.580332518 0.000867158 -0.122783497 -0.000948697 0.992432654
1712643990.249942 -0.076272927 -0.006279999 0.584049821 0.000320548 -0.123047717 -0.001636373 0.992399335
1712643990.278250 -0.077183656 -0.006848772 0.587069929 0.000041276 -0.123057753 -0.001517998 0.992398322
1712643990.309419 -0.078120276 0.001600165 0.589753389 -0.000881562 -0.123454206 -0.002731737 0.992346108
1712643990.348670 -0.077987969 -0.007266702 0.593952656 -0.008564025 -0.124130033 -0.002814681 0.992224991
1712643990.376332 -0.078122906 -0.006805170 0.594352245 -0.003928442 -0.124013431 -0.001888102 0.992270947
1712643990.408362 -0.078360572 -0.006408704 0.592461169 -0.003219225 -0.124116026 -0.001724013 0.992260993
1712643990.448260 -0.078162186 -0.007624267 0.592429698 -0.002132809 -0.124685749 -0.001887219 0.992192209
1712643990.475027 -0.078153297 -0.005994902 0.591406345 -0.000463484 -0.124552786 -0.001780577 0.992211282
1712643990.511911 -0.077444822 -0.006632725 0.591519237 -0.000927304 -0.124602206 -0.001781893 0.992204785
1712643990.554765 -0.077391371 -0.006585003 0.590859771 -0.000203917 -0.123956271 -0.001367888 0.992286742
1712643990.576631 -0.077742361 -0.006233810 0.590313017 0.000046984 -0.123708546 -0.001335584 0.992317677
1712643990.608932 -0.078157619 -0.006239104 0.590274870 0.000030121 -0.123730943 -0.001513053 0.992314637
1712643990.652252 -0.078148000 -0.005646109 0.590735078 0.000049004 -0.123873830 -0.001640853 0.992296636
1712643990.678345 -0.077887572 -0.005486090 0.591374218 -0.000081215 -0.124153264 -0.001765292 0.992261469
1712643990.716521 -0.078626342 -0.006121154 0.591213644 -0.000280116 -0.124150611 -0.001807738 0.992261708
1712643990.750748 -0.079641588 -0.006080160 0.591056705 0.000784705 -0.125103205 -0.001047786 0.992142856
1712643990.777671 -0.079787008 -0.006616797 0.591129124 0.000603838 -0.126821697 -0.000986151 0.991924882
1712643990.809100 -0.079313323 -0.006569958 0.591419160 0.000770904 -0.128382415 -0.001232132 0.991723716
1712643990.850379 -0.080764659 -0.006356788 0.591647387 0.000479943 -0.129246727 -0.001434626 0.991611362
1712643990.876318 -0.080792435 -0.008144751 0.592862606 0.000714144 -0.130802050 -0.001204259 0.991407514
1712643990.909067 -0.081354745 -0.006494882 0.594101965 0.001875983 -0.131699413 -0.001068451 0.991287351
1712643990.949982 -0.081785187 -0.006206602 0.596153080 0.001420626 -0.132750347 -0.001342388 0.991147578
1712643990.975757 -0.082092367 -0.006552001 0.597866476 0.001354826 -0.133343592 -0.001497185 0.991067827
1712643991.016450 -0.082026497 -0.006662649 0.599799931 0.001272007 -0.133912608 -0.001196874 0.990991592
1712643991.053152 -0.082935125 -0.006751315 0.601856768 0.001208373 -0.133858129 -0.001298179 0.990998924
1712643991.079222 -0.083291546 -0.006056303 0.603883326 0.001024216 -0.133990362 -0.001804757 0.990980446
1712643991.115846 -0.082605988 -0.006726648 0.607008278 0.000017535 -0.134004146 -0.001666897 0.990979373
1712643991.145474 -0.083795980 -0.006063830 0.608956814 0.000584470 -0.132460326 -0.001625262 0.991186798
1712643991.176023 -0.085117370 -0.006092038 0.611595392 0.000093637 -0.131896049 -0.001668280 0.991262138
1712643991.217766 -0.085717857 -0.006487824 0.614096642 0.000034438 -0.132425770 -0.001262004 0.991192102
1712643991.243779 -0.085549086 -0.006657884 0.616404057 0.000762227 -0.133025095 -0.000713390 0.991112113
1712643991.275586 -0.085646436 -0.006584631 0.617810726 0.001108864 -0.133119985 -0.000251609 0.991099238
1712643991.318648 -0.086134173 -0.006533841 0.620019555 0.001148526 -0.132925451 0.000188567 0.991125345
1712643991.346019 -0.087054320 -0.006179486 0.621881127 0.001561062 -0.132420644 0.000297186 0.991192341
1712643991.375983 -0.087200657 -0.006698963 0.623945177 0.001707019 -0.132536128 0.000620756 0.991176486
1712643991.413815 -0.088174365 -0.007046421 0.624615908 0.002419105 -0.132283881 0.000223768 0.991208851
1712643991.454841 -0.088725857 -0.007635231 0.626394033 0.001825367 -0.131983399 0.000024305 0.991250277
1712643991.480258 -0.089151986 -0.008123160 0.628155828 0.001439131 -0.131763414 -0.000311948 0.991280079
1712643991.515160 -0.089894861 -0.007283495 0.631393313 0.002055843 -0.131907701 -0.000737953 0.991259634
1712643991.548253 -0.090912789 -0.007850132 0.633908987 0.002473500 -0.132101804 -0.000587915 0.991232872
1712643991.576500 -0.091373146 -0.007269500 0.636004508 0.002943387 -0.132387742 -0.000482994 0.991193533
1712643991.612466 -0.091949113 -0.007850604 0.638744235 0.002414651 -0.132505193 -0.000235973 0.991179347
1712643991.646111 -0.092830732 -0.010077042 0.641598344 0.002787338 -0.132902265 0.000671153 0.991124988
1712643991.675785 -0.093118347 -0.007396376 0.643945813 0.004475098 -0.134016424 0.001455667 0.990967929
1712643991.711131 -0.093174823 -0.007956475 0.648043573 0.003256502 -0.134839937 0.001148031 0.990861356
1712643991.746407 -0.093456402 -0.008222939 0.651901305 0.002789964 -0.134476140 0.001522851 0.990911722
1712643991.776565 -0.094924279 -0.008018766 0.655895054 0.002123389 -0.133671924 0.001293551 0.991022527
1712643991.813111 -0.096493483 -0.008176032 0.660843849 0.001744969 -0.132982522 0.000565467 0.991116703
1712643991.851687 -0.097694285 -0.007945909 0.664427876 0.001850860 -0.132509947 0.000506990 0.991179824
1712643991.879949 -0.098829016 -0.008184643 0.669096172 0.001727016 -0.132714435 0.000086202 0.991152823
1712643991.915222 -0.100240923 -0.007947232 0.673198104 0.002417875 -0.132574901 0.000417050 0.991169930
1712643991.948208 -0.101043411 -0.007620793 0.677200973 0.002916645 -0.132329568 0.000166045 0.991201460
1712643991.978548 -0.101624437 -0.007995284 0.681023180 0.002763454 -0.132159263 0.000014381 0.991224647
1712643992.014166 -0.102141500 -0.008097110 0.684072971 0.003000858 -0.132078812 0.000198691 0.991234660
1712643992.046270 -0.103043996 -0.007344155 0.688246369 0.002773728 -0.132397637 0.000460177 0.991192698
1712643992.077722 -0.104233578 -0.006942300 0.692187905 0.002137656 -0.132625714 0.000249910 0.991163850
1712643992.113971 -0.105380200 -0.008357554 0.695522070 0.000858208 -0.132767841 -0.000126366 0.991146803
1712643992.151569 -0.106330976 -0.008225695 0.699362576 0.001167080 -0.132782057 0.000002844 0.991144538
1712643992.176775 -0.106550202 -0.007875789 0.702928722 0.001426053 -0.132833570 0.000353441 0.991137266
1712643992.214299 -0.107225336 -0.007954968 0.705665529 0.001798627 -0.132261530 0.000056862 0.991213202
1712643992.251795 -0.106792904 -0.002147599 0.707481682 0.002045433 -0.131836116 0.001249855 0.991268635
1712643992.279748 -0.108090453 -0.007338981 0.711783111 -0.005763414 -0.131300673 -0.001645151 0.991324484
1712643992.314258 -0.108518034 -0.010044533 0.711572647 -0.004796586 -0.130847603 -0.001201689 0.991390169
1712643992.348631 -0.108342402 -0.007795406 0.711686552 -0.001122083 -0.130528122 -0.000521530 0.991443813
1712643992.377616 -0.108660147 -0.007836126 0.710186541 0.000119698 -0.130497798 -0.000287818 0.991448522
1712643992.414664 -0.108284973 -0.007368074 0.709198356 0.001128823 -0.130220920 -0.000319419 0.991484284
1712643992.447042 -0.108360723 -0.008035759 0.708630443 0.001015279 -0.129939005 -0.000334492 0.991521418
1712643992.477599 -0.108286120 -0.007481419 0.708240747 0.001976811 -0.130252168 0.000091823 0.991478920
1712643992.513724 -0.108232886 -0.007106469 0.708067715 0.001884323 -0.130563676 0.000052359 0.991438150
1712643992.551310 -0.107703544 -0.007447064 0.708709419 0.001248398 -0.130398378 0.000006097 0.991460919
1712643992.576866 -0.108145252 -0.007094549 0.709112585 0.001288912 -0.129865304 -0.000002768 0.991530776
1712643992.616629 -0.108295381 -0.007409390 0.709373474 0.000870315 -0.129709333 -0.000155530 0.991551697
1712643992.650418 -0.108716384 -0.007466610 0.709562898 0.000842709 -0.129978061 0.000117538 0.991516531
1712643992.681414 -0.108731925 -0.008092381 0.709672391 0.000874365 -0.130187646 -0.000103657 0.991488993
1712643992.717705 -0.108423531 -0.009353317 0.710664868 0.002245726 -0.130294353 -0.000092197 0.991472781
1712643992.748180 -0.107862487 -0.006682968 0.710474908 0.004019209 -0.129902899 0.000275603 0.991518557
1712643992.776823 -0.108768836 -0.007933341 0.711836517 0.002362837 -0.129549623 -0.000457649 0.991569996
1712643992.813301 -0.109504215 -0.007471996 0.713823199 0.003110446 -0.129421487 -0.000785834 0.991584480
1712643992.844799 -0.109822139 -0.008603338 0.715611756 0.003173638 -0.129144296 -0.001376335 0.991619766
1712643992.878042 -0.110480167 -0.007706932 0.717268348 0.004520401 -0.128759980 -0.001293569 0.991664648
1712643992.912441 -0.111008868 -0.008183599 0.720209181 0.003965062 -0.128833845 -0.001714246 0.991656780
1712643992.946059 -0.111866407 -0.007837071 0.722978473 0.004859359 -0.128733069 -0.001870645 0.991665602
1712643992.983778 -0.113147251 -0.007127820 0.725996077 0.004565313 -0.128361017 -0.002435371 0.991714001
1712643993.018156 -0.114301763 -0.007446835 0.729024291 0.003158121 -0.128362775 -0.003103443 0.991717398
1712643993.052619 -0.115149640 -0.008230874 0.733521879 0.002162023 -0.128729090 -0.003365675 0.991671741
1712643993.083117 -0.116043828 -0.008680274 0.736876130 0.002362435 -0.128832161 -0.003428220 0.991657674
1712643993.116032 -0.117165521 -0.007872674 0.740798354 0.003250890 -0.128636226 -0.002298094 0.991683841
1712643993.151791 -0.118073642 -0.007741610 0.745003104 0.002790087 -0.128953382 -0.001523949 0.991645575
1712643993.179580 -0.118203938 -0.006725671 0.748782337 0.002488252 -0.129363850 -0.001439035 0.991593003
1712643993.219515 -0.118724301 -0.006299734 0.753456712 0.001085530 -0.129584357 -0.001002943 0.991567314
1712643993.248832 -0.119585581 -0.006472745 0.757594347 -0.000658441 -0.129277200 -0.001121211 0.991607606
1712643993.280292 -0.121013343 -0.006288065 0.762608469 -0.001571641 -0.128807098 -0.001266163 0.991667628
1712643993.316288 -0.122172415 -0.005691657 0.767244995 -0.002158794 -0.128447905 -0.001007157 0.991713405
1712643993.350765 -0.122745886 -0.006063729 0.772087693 -0.003544332 -0.128529623 -0.000677129 0.991699100
1712643993.377959 -0.124158099 -0.006738317 0.777541637 -0.004125134 -0.128087968 -0.000926132 0.991753817
1712643993.417786 -0.124485865 -0.005990125 0.782170236 -0.004101144 -0.127971247 -0.000461501 0.991769254
1712643993.453532 -0.125318989 -0.005981468 0.786911964 -0.003958675 -0.127758265 -0.000468590 0.991797328
1712643993.481641 -0.127739206 -0.006231745 0.791266561 -0.004250224 -0.126954734 -0.001438814 0.991898358
1712643993.515167 -0.129610315 -0.005666471 0.796438634 -0.004123762 -0.126446754 -0.001866426 0.991963089
1712643993.551667 -0.130234659 -0.005627144 0.801642299 -0.004946834 -0.126594901 -0.003060789 0.991937459
1712643993.578776 -0.132016450 -0.005577053 0.807258308 -0.005052061 -0.126419619 -0.003458742 0.991957963
1712643993.614235 -0.133799031 -0.006302870 0.811840951 -0.005530868 -0.126338422 -0.003748502 0.991964698
1712643993.646395 -0.133852586 -0.006678615 0.816698313 -0.005242863 -0.127015874 -0.003587405 0.991880357
1712643993.677307 -0.135513231 -0.007430376 0.821972787 -0.005218977 -0.126780763 -0.003881534 0.991909444
1712643993.718661 -0.136956632 -0.006413653 0.827794969 -0.004674247 -0.126459062 -0.004081973 0.991952419
1712643993.752488 -0.138477102 -0.006844850 0.831770480 -0.004411195 -0.126241609 -0.003924161 0.991981983
1712643993.781081 -0.139061123 -0.005860325 0.835099757 -0.004164461 -0.126428723 -0.003465116 0.991960883
1712643993.818112 -0.139209896 -0.002722216 0.840788245 -0.011521651 -0.126679510 -0.003315579 0.991871238
1712643993.850545 -0.140244782 -0.007960332 0.843169689 -0.014606914 -0.125631705 -0.004105662 0.991960883
1712643993.882285 -0.139497608 -0.007482029 0.844237626 -0.009428197 -0.124573864 -0.003313015 0.992160022
1712643993.915417 -0.140171453 -0.005103311 0.843485057 -0.007555844 -0.123585954 -0.003297685 0.992299616
1712643993.949805 -0.141258836 -0.007593312 0.843975484 -0.008393130 -0.124016277 -0.003663645 0.992237926
1712643993.977619 -0.140484616 -0.006817312 0.842442036 -0.005193518 -0.124937534 -0.002877585 0.992146850
1712643994.015255 -0.140228733 -0.005552864 0.841772974 -0.004774259 -0.124844879 -0.003441228 0.992158830
1712643994.048743 -0.139857128 -0.007942910 0.842052460 -0.005442021 -0.124659032 -0.003369607 0.992178977
1712643994.077918 -0.140129536 -0.005698131 0.840587974 -0.002642649 -0.124268636 -0.003204004 0.992239892
1712643994.117296 -0.140888929 -0.006217500 0.842231631 -0.003985967 -0.124341838 -0.003520357 0.992225170
1712643994.147132 -0.140878573 -0.005218465 0.842883289 -0.003233116 -0.124416150 -0.003313529 0.992219329
1712643994.182088 -0.140291616 -0.005930730 0.842667818 -0.004208543 -0.124259114 -0.003030361 0.992236257
1712643994.217849 -0.140737370 -0.007163685 0.842874348 -0.004390686 -0.123965874 -0.003277757 0.992271364
1712643994.255188 -0.140101284 -0.006396443 0.844252527 -0.004432918 -0.124680638 -0.002628322 0.992183566
1712643994.281727 -0.140997961 -0.007028493 0.845123887 -0.004816304 -0.124285176 -0.002699600 0.992231190
1712643994.320750 -0.140057161 -0.006607886 0.847014964 -0.004191926 -0.124919444 -0.002603642 0.992154598
1712643994.349932 -0.140908107 -0.006745711 0.848459482 -0.003984208 -0.124771908 -0.002777549 0.992173553
1712643994.378526 -0.140685692 -0.007674834 0.849692523 -0.004219526 -0.124939352 -0.002313522 0.992152691
1712643994.413856 -0.141506165 -0.006759023 0.850439847 -0.003277483 -0.124433331 -0.002329436 0.992219806
1712643994.448446 -0.142677099 -0.007824114 0.852115452 -0.003455685 -0.124168061 -0.002239163 0.992252648
1712643994.478890 -0.143545955 -0.007502221 0.854667366 -0.003041091 -0.125242755 -0.001850754 0.992119730
1712643994.517614 -0.146227658 -0.006546827 0.856544435 -0.002636528 -0.126677901 -0.001088095 0.991939843
1712643994.553858 -0.148653463 -0.007044271 0.858899534 -0.002355922 -0.129759312 -0.001106816 0.991542101
1712643994.579835 -0.147813797 -0.007033061 0.859395862 -0.001405679 -0.133634299 -0.001356781 0.991028786
1712643994.618038 -0.149361432 -0.007134520 0.863122404 -0.001779478 -0.136288956 -0.001091650 0.990666926
1712643994.649842 -0.152075320 -0.006837847 0.866177142 -0.002240826 -0.137923419 -0.002107250 0.990438104
1712643994.680356 -0.151607886 -0.005945170 0.869219661 -0.002380487 -0.140403122 -0.002065091 0.990089357
1712643994.717324 -0.151119426 -0.006651115 0.872307599 -0.002682607 -0.141930088 -0.002192819 0.989870608
1712643994.749892 -0.153909981 -0.006502660 0.876555860 -0.002630746 -0.141857147 -0.002636713 0.989880145
1712643994.778396 -0.155840605 -0.007845394 0.879789233 -0.002626482 -0.141897887 -0.003081393 0.989872992
1712643994.815691 -0.156863034 -0.006567034 0.883322597 -0.001927973 -0.142857254 -0.002949406 0.989737034
1712643994.848732 -0.155907288 -0.007173574 0.887351453 -0.003121459 -0.145066455 -0.002767009 0.989413142
1712643994.879460 -0.157733411 -0.007312796 0.891067326 -0.002972083 -0.145801961 -0.002848083 0.989305198
1712643994.917132 -0.161877930 -0.006934866 0.896284163 -0.002375160 -0.146561518 -0.002485069 0.989195585
1712643994.947724 -0.162166998 -0.007043319 0.899137855 -0.001653769 -0.148574963 -0.002623439 0.988896251
1712643994.983041 -0.164027706 -0.006203559 0.903698385 -0.001576625 -0.150173247 -0.002677217 0.988654792
1712643995.018962 -0.166763648 -0.008434589 0.908378541 -0.001684057 -0.151491866 -0.003628261 0.988450408
1712643995.053862 -0.167510062 -0.008795517 0.910889983 -0.000738178 -0.153987899 -0.002749999 0.988068640
1712643995.081023 -0.168386236 -0.008024271 0.914318740 0.000396956 -0.156633347 -0.001692360 0.987655282
1712643995.114742 -0.168597519 -0.007481292 0.917964041 0.000348190 -0.159523562 -0.000934570 0.987193584
1712643995.151643 -0.175170287 -0.008023256 0.921732485 0.000454009 -0.159751892 -0.001680748 0.987155676
1712643995.179527 -0.176904261 -0.007819931 0.925391495 0.000796886 -0.162005186 -0.001915028 0.986787736
1712643995.214992 -0.178602472 -0.007170683 0.929252386 0.000830568 -0.164451823 -0.001047826 0.986384213
1712643995.248626 -0.180183113 -0.007499223 0.933295429 0.000769580 -0.167256594 -0.000347093 0.985913038
1712643995.281805 -0.183382019 -0.007832373 0.936019003 0.000383555 -0.169683814 -0.000061996 0.985498488
1712643995.317338 -0.185934395 -0.007948608 0.939682841 0.000120660 -0.172925696 0.000386167 0.984934807
1712643995.355433 -0.188029245 -0.007978409 0.943172753 -0.000100560 -0.176456973 0.000794391 0.984308004
1712643995.382710 -0.190814361 -0.007863760 0.946777463 0.000133011 -0.179805398 0.000888832 0.983701766
1712643995.418686 -0.190377444 -0.007888745 0.950445414 -0.000060997 -0.184627935 0.001352244 0.982807577
1712643995.453350 -0.194043174 -0.007804356 0.954894245 0.000494262 -0.188060731 0.001489604 0.982156157
1712643995.481009 -0.200561360 -0.006543446 0.959039092 0.001260328 -0.190379918 0.002178758 0.981707275
1712643995.517118 -0.197543442 -0.007040667 0.961497307 0.000580698 -0.197353035 0.002159856 0.980329931
1712643995.549967 -0.201371491 -0.007304552 0.964565814 -0.000232620 -0.202377632 0.002164662 0.979305148
1712643995.579285 -0.209167153 -0.007146193 0.968810201 -0.000872535 -0.206271201 0.002061367 0.978492320
1712643995.616922 -0.212357163 -0.005814669 0.971797347 0.000622810 -0.212489635 0.003208781 0.977157831
1712643995.651242 -0.213838369 -0.006274988 0.973924041 0.000720703 -0.219480902 0.002868359 0.975612342
1712643995.679715 -0.213761687 -0.005745425 0.976768792 0.000455044 -0.227275491 0.002548732 0.973827064
1712643995.716192 -0.218077272 -0.005792536 0.980456293 0.000338771 -0.233462721 0.001266655 0.972364902
1712643995.752511 -0.213395521 -0.005595863 0.980442703 -0.000201091 -0.241469592 0.001302120 0.970407486
1712643995.783537 -0.220581993 -0.005480619 0.983853638 -0.001918326 -0.245726094 0.001250746 0.969336569
1712643995.819575 -0.227591142 -0.007482603 0.983732641 -0.001091067 -0.250729263 0.002555901 0.968053222
1712643995.853586 -0.222356096 -0.006551521 0.985314131 -0.000037113 -0.260779262 0.001393443 0.965397418
1712643995.881515 -0.217971340 -0.006007862 0.985660553 -0.004983348 -0.265236527 -0.000331776 0.964170456
1712643995.917024 -0.225760132 -0.009307191 0.990275323 -0.005832355 -0.262866378 -0.002168605 0.964812219
1712643995.948042 -0.225738287 -0.009342179 0.989234328 -0.003192367 -0.262024552 -0.003135433 0.965050876
1712643995.982630 -0.224612266 -0.009589560 0.988349020 -0.002071987 -0.261073232 -0.002610830 0.965313256
1712643996.015812 -0.222473621 -0.009932568 0.987358153 -0.001604612 -0.260288209 -0.001713588 0.965528131
1712643996.051407 -0.224676549 -0.010604649 0.988234282 -0.000783382 -0.259163499 -0.001075562 0.965832531
1712643996.080089 -0.221006498 -0.009800867 0.986043572 0.000520161 -0.260520667 -0.000430407 0.965468049
1712643996.119932 -0.223350510 -0.008991291 0.987647712 -0.000549294 -0.260451108 -0.000238803 0.965486825
1712643996.153892 -0.225002736 -0.009183385 0.987877786 0.000259609 -0.261735171 0.000454854 0.965139568
1712643996.185376 -0.224999562 -0.009078147 0.987310350 0.000026212 -0.264117271 0.000434338 0.964490473
1712643996.220496 -0.226209208 -0.007939455 0.989049196 0.000275778 -0.266800702 0.001337490 0.963750720
1712643996.253281 -0.228694394 -0.010231277 0.989801168 -0.000820756 -0.268393904 -0.000552432 0.963308752
1712643996.282713 -0.227120712 -0.007860748 0.990458906 0.000976403 -0.272148311 0.000275442 0.962254822
1712643996.315986 -0.228363514 -0.007763254 0.991805494 0.000667395 -0.274257332 -0.000227727 0.961656094
1712643996.352576 -0.228556663 -0.008349306 0.993602812 -0.000074340 -0.276406050 -0.000190913 0.961040914
1712643996.380383 -0.229122981 -0.007981327 0.994924664 -0.000228416 -0.277964443 0.000065401 0.960591316
1712643996.417778 -0.230927974 -0.008445796 0.997387230 -0.000359888 -0.278655976 -0.001056082 0.960390329
1712643996.456131 -0.230271816 -0.009198358 0.998757184 -0.001219996 -0.279202759 -0.000902032 0.960230947
1712643996.480995 -0.233704805 -0.008579975 1.001036525 -0.000865386 -0.278035581 -0.000840668 0.960570037
1712643996.518643 -0.235055551 -0.008231085 1.002743959 -0.000872148 -0.277934521 -0.001078065 0.960599005
1712643996.548571 -0.235283837 -0.008187242 1.003564477 -0.001526151 -0.277536124 -0.001607952 0.960712671
1712643996.583728 -0.238974005 -0.007763026 1.006842494 -0.005129274 -0.277018577 -0.002865847 0.960846603
1712643996.619529 -0.239122793 -0.008334127 1.007865191 -0.004177585 -0.278014928 -0.002085878 0.960565388
1712643996.653738 -0.237874046 -0.008379030 1.006591201 -0.002214354 -0.278567940 -0.002681638 0.960410237
1712643996.680394 -0.238644168 -0.008634449 1.007388473 -0.002417715 -0.278009206 -0.002717916 0.960571527
1712643996.718126 -0.237758741 -0.007421100 1.006327510 -0.000785821 -0.277570844 -0.001244666 0.960704029
1712643996.753587 -0.237511069 -0.007806598 1.006228328 -0.001199889 -0.277852058 -0.001347058 0.960622191
1712643996.780126 -0.237403974 -0.008641318 1.006372809 -0.001467441 -0.277951688 -0.002188147 0.960591435
1712643996.818134 -0.237240791 -0.007816283 1.006372571 -0.001302934 -0.277981490 -0.001782877 0.960583866
1712643996.850845 -0.237287909 -0.008449995 1.007794619 -0.001892683 -0.278955400 -0.001234651 0.960301399
1712643996.882539 -0.238341153 -0.006834213 1.008588910 -0.001144347 -0.280569822 0.001283702 0.959832072
1712643996.920322 -0.238966152 -0.008378352 1.005507588 -0.001519787 -0.282490939 0.000713026 0.959268510
1712643996.954867 -0.237983584 -0.007942160 1.004988074 -0.001853056 -0.288285762 0.001324268 0.957541704
1712643996.984448 -0.239026353 -0.008715165 1.005721331 -0.002503613 -0.293511838 0.000704353 0.955951929
1712643997.020122 -0.239275128 -0.008406946 1.005122423 -0.001653006 -0.298158199 -0.000254572 0.954514980
1712643997.055205 -0.242412463 -0.007140565 1.005858541 -0.001914798 -0.302918911 0.002398060 0.953011394
1712643997.081581 -0.243288979 -0.006801763 1.005993366 -0.002404964 -0.309130073 0.002763848 0.951012671
1712643997.116964 -0.246848285 -0.006589076 1.005769372 -0.002362626 -0.314720899 0.002767107 0.949177265
1712643997.153501 -0.249300301 -0.006938202 1.004989743 -0.002160208 -0.321075171 0.001423684 0.947050214
1712643997.180830 -0.251250833 -0.007370760 1.004680157 -0.002324245 -0.326469213 0.000421235 0.945204914
1712643997.217612 -0.248751149 -0.006224579 1.004558086 -0.001290656 -0.333398402 0.001770462 0.942783535
1712643997.254400 -0.248778120 -0.006235872 1.004595399 -0.001443436 -0.338366926 0.001865463 0.941011310
1712643997.282137 -0.250045896 -0.006518493 1.005912662 -0.001550695 -0.342497885 0.002839593 0.939513028
1712643997.316406 -0.254393607 -0.006697893 1.001912117 -0.001905243 -0.344744325 0.003544222 0.938688040
1712643997.355273 -0.258938104 -0.005131728 0.998435736 -0.001523013 -0.352450937 0.005912649 0.935810387
1712643997.385961 -0.258661121 -0.005381811 0.994429410 -0.002926916 -0.368005842 0.008154346 0.929783106
1712643997.420385 -0.265091360 -0.009645291 0.986207426 -0.004334061 -0.380764604 0.000157863 0.924661815
1712643997.454066 -0.264383167 -0.010786126 0.987147272 -0.004151726 -0.399928838 -0.001890182 0.916534841
1712643997.480238 -0.261164665 -0.010400974 0.987439215 -0.001667927 -0.406784594 -0.009422864 0.913473964
1712643997.518745 -0.260542333 -0.009527428 0.992189825 -0.001495456 -0.406001568 -0.008392113 0.913832605
1712643997.548487 -0.259944528 -0.008046885 0.993183255 -0.001093882 -0.402553052 -0.004331576 0.915385723
1712643997.580368 -0.260231018 -0.007453535 0.992599487 -0.001748034 -0.401458263 -0.002317746 0.915872693
1712643997.617039 -0.261261582 -0.008338980 0.992381215 -0.001536293 -0.402567744 -0.003217448 0.915383220
1712643997.657585 -0.259668618 -0.009777714 0.990295649 -0.001905540 -0.403481752 -0.005498676 0.914969146
1712643997.684544 -0.260644078 -0.009421387 0.992114663 -0.001441348 -0.403324723 -0.005565187 0.915038884
1712643997.722110 -0.260623276 -0.009683277 0.991864562 -0.001648093 -0.402353674 -0.005534176 0.915466070
1712643997.752669 -0.261275709 -0.009497813 0.992543697 -0.001321403 -0.402390480 -0.004897074 0.915454090
1712643997.785582 -0.261138469 -0.009389586 0.992521465 0.001399288 -0.403041154 -0.003137386 0.915175438
1712643997.820951 -0.261946082 -0.009437264 0.993662179 0.001031676 -0.403047591 -0.003980873 0.915169775
1712643997.854770 -0.262516916 -0.009225031 0.994489014 0.001524197 -0.403072566 -0.004028555 0.915157855
1712643997.880698 -0.263214707 -0.009182499 0.995244622 0.001453245 -0.402953118 -0.003874321 0.915211260
1712643997.917049 -0.264170736 -0.009066301 0.996557832 0.001728882 -0.403287649 -0.003184966 0.915066063
1712643997.948712 -0.268538266 -0.008730298 0.997938871 0.003079362 -0.401557297 -0.004254479 0.915818810
1712643997.980712 -0.269644111 -0.009100120 0.999699295 0.003618530 -0.401964396 -0.004540307 0.915636897
1712643998.016840 -0.271778733 -0.008491547 1.001616716 0.004073412 -0.402015716 -0.003172368 0.915618181
1712643998.048924 -0.273394853 -0.009234006 1.002557635 0.004136785 -0.401722044 -0.003735645 0.915744662
1712643998.080725 -0.276683360 -0.009265275 1.007270098 0.004504659 -0.402418733 -0.005038140 0.915430725
1712643998.120532 -0.277905524 -0.008362821 1.008854032 0.004058300 -0.402700305 -0.004924132 0.915309668
1712643998.156103 -0.280581266 -0.008650818 1.010424733 0.003120460 -0.402381420 -0.005416811 0.915450752
1712643998.187495 -0.282004356 -0.008805744 1.011866570 0.003293232 -0.402922183 -0.005904848 0.915209234
1712643998.220855 -0.283588707 -0.008863194 1.013126850 0.003428344 -0.402576059 -0.006445377 0.915357411
1712643998.252938 -0.284313142 -0.009131360 1.014396429 0.003020981 -0.402762651 -0.006298228 0.915277779
1712643998.281372 -0.282593399 -0.007793763 1.013579488 0.001989191 -0.402950019 -0.006186229 0.915198922
1712643998.327092 -0.286576629 -0.008575041 1.015805721 -0.000857763 -0.402185231 -0.007400834 0.915527999
1712643998.350723 -0.286573499 -0.009400413 1.015928030 0.001263655 -0.402289450 -0.006267878 0.915490210
1712643998.384015 -0.284909874 -0.008515907 1.014709234 0.003139406 -0.402597129 -0.005500094 0.915355384
1712643998.416546 -0.285101652 -0.008768950 1.014892340 0.002723983 -0.402619362 -0.005855833 0.915344715
1712643998.459156 -0.284268707 -0.009342814 1.014281988 0.002887843 -0.402258664 -0.005978068 0.915502012
1712643998.481092 -0.284242541 -0.009303955 1.014232635 0.003577424 -0.401626587 -0.006272520 0.915775061
1712643998.520023 -0.282686085 -0.010106751 1.014043689 0.003862203 -0.400031686 -0.007709928 0.916460752
1712643998.555491 -0.282194704 -0.009324728 1.014890075 0.003332814 -0.396749109 -0.008474974 0.917881906
1712643998.586087 -0.281702191 -0.010189833 1.015939236 0.003336958 -0.392915428 -0.008966416 0.919524848
1712643998.620014 -0.280567378 -0.010249472 1.016744256 0.003275244 -0.388227463 -0.009148751 0.921512365
1712643998.652731 -0.279825836 -0.010385301 1.017247796 0.003179411 -0.382724106 -0.009153482 0.923811853
1712643998.685495 -0.279913217 -0.009792863 1.018436551 0.003733001 -0.377256900 -0.008310268 0.926063836
1712643998.719175 -0.279507816 -0.009853369 1.019210219 0.003987826 -0.372212946 -0.008514436 0.928099751
1712643998.752220 -0.278138608 -0.010366195 1.019398332 0.003368172 -0.368340909 -0.008027425 0.929650068
1712643998.780864 -0.277715474 -0.009916916 1.020167112 0.003963306 -0.364376605 -0.008047794 0.931208491
1712643998.817142 -0.277653396 -0.010916363 1.021954417 0.003089699 -0.360408217 -0.008654644 0.932749450
1712643998.854380 -0.276429594 -0.010788986 1.022662401 0.003268980 -0.355917662 -0.008612125 0.934471905
1712643998.885757 -0.276640266 -0.011003417 1.022580743 0.003184011 -0.349576414 -0.009113517 0.936858118
1712643998.919575 -0.275734425 -0.011107957 1.023497343 0.002674228 -0.345112473 -0.008312933 0.938520730
1712643998.958618 -0.274465114 -0.010696356 1.024541855 0.003071941 -0.341483146 -0.007743780 0.939850986
1712643998.985908 -0.274167567 -0.010684201 1.024665356 0.002720674 -0.336914539 -0.007684154 0.941499949
1712643999.019854 -0.274642348 -0.010626148 1.025856614 0.002610242 -0.333197653 -0.007424386 0.942824125
1712643999.053368 -0.274617225 -0.010677245 1.025955796 0.002239273 -0.330175042 -0.006765369 0.943892837
1712643999.083318 -0.274368882 -0.010524727 1.025508642 0.002734497 -0.327921867 -0.007312003 0.944672585
1712643999.118137 -0.274372846 -0.010539660 1.025811076 0.002542010 -0.325878084 -0.007207369 0.945380926
1712643999.151698 -0.273464799 -0.010739782 1.025380731 0.002383716 -0.324045002 -0.007227181 0.946011066
1712643999.182306 -0.272889286 -0.009733331 1.026888490 0.002674715 -0.323186725 -0.006759398 0.946307302
1712643999.218136 -0.273573130 -0.009748552 1.028277874 0.004076210 -0.321553528 -0.005807505 0.946864784
1712643999.256752 -0.272878349 -0.009845957 1.027607799 0.005018026 -0.319487721 -0.005989617 0.947558224
1712643999.284555 -0.270688772 -0.010227279 1.028133869 0.004813595 -0.317324013 -0.006928765 0.948279619
1712643999.321781 -0.270607829 -0.010069244 1.030498147 0.004767599 -0.313977510 -0.006417152 0.949396789
1712643999.355674 -0.271601647 -0.010585268 1.031890273 0.003911985 -0.309136033 -0.007427223 0.950980783
1712643999.388985 -0.273026437 -0.011266576 1.034415841 0.004054715 -0.305509180 -0.006463866 0.952158511
1712643999.419913 -0.273049593 -0.010310554 1.035422206 0.005305086 -0.302585959 -0.005755120 0.953089952
1712643999.452008 -0.273665279 -0.010738298 1.038024545 0.004778206 -0.299263328 -0.006480862 0.954136610
1712643999.482695 -0.273563027 -0.011147033 1.040781498 0.003659066 -0.296011388 -0.005904922 0.955159128
1712643999.516158 -0.274080813 -0.011546331 1.043995738 0.003643091 -0.292295992 -0.005893863 0.956302822
1712643999.551790 -0.274396956 -0.010590233 1.047079325 0.003845113 -0.288249046 -0.005336060 0.957532883
1712643999.583408 -0.276231676 -0.010632922 1.050572515 0.002980129 -0.284084916 -0.004890162 0.958782017
1712643999.616119 -0.277589291 -0.010381597 1.053901315 0.002655246 -0.280159473 -0.004548751 0.959939003
1712643999.657346 -0.278296024 -0.011477812 1.056501389 0.002027316 -0.276237726 -0.005166857 0.961073339
1712643999.687977 -0.279868275 -0.010663011 1.060748219 0.002784430 -0.272408932 -0.004738929 0.962165833
1712643999.719079 -0.280296624 -0.010813656 1.064268708 0.003499146 -0.268754721 -0.005299993 0.963187695
1712643999.755478 -0.279659957 -0.011293224 1.067879915 0.003247720 -0.265715271 -0.006074050 0.964026928
1712643999.789507 -0.281587481 -0.010436253 1.071693659 0.002741523 -0.260951251 -0.005545756 0.965332150
1712643999.820744 -0.282147557 -0.010165581 1.076037288 0.000575441 -0.258034408 -0.005801364 0.966118097
1712643999.855421 -0.286279708 -0.008348852 1.079895020 0.001635517 -0.253428668 -0.004376945 0.967342794
1712643999.883296 -0.284125298 -0.008849609 1.079726577 0.000899903 -0.251056612 -0.004352550 0.967962205
1712643999.916542 -0.286272228 -0.008872320 1.083536386 -0.001252319 -0.247675166 -0.006984678 0.968817115
1712643999.952785 -0.289431632 -0.011448651 1.087100387 -0.001425654 -0.240622029 -0.009380493 0.970572531
1712643999.984313 -0.288928092 -0.009722381 1.089449048 0.001204198 -0.233953953 -0.006727097 0.972223639
1712644000.015941 -0.286397845 -0.012400836 1.090034962 0.000347961 -0.227433085 -0.010222129 0.973739982
1712644000.054727 -0.286987871 -0.011064016 1.092287302 0.000416756 -0.218909070 -0.007072116 0.975719512
1712644000.082126 -0.282421768 -0.011640299 1.096994758 0.000660180 -0.214274377 -0.007822042 0.976741970
1712644000.119817 -0.281318516 -0.011372736 1.099151731 0.000312287 -0.205529511 -0.007065133 0.978625357
1712644000.155895 -0.280622214 -0.011925196 1.101351023 -0.000221828 -0.196191132 -0.006414714 0.980544686
1712644000.188153 -0.279128909 -0.013129431 1.101723671 0.000106220 -0.186618924 -0.008189022 0.982398272
1712644000.219826 -0.276086330 -0.011993320 1.105667591 0.000517877 -0.179420337 -0.004503842 0.983762026
1712644000.253246 -0.273102582 -0.012524908 1.106024861 0.001243795 -0.170854613 -0.005628294 0.985279381
1712644000.283021 -0.272156835 -0.013266047 1.108000040 0.001000054 -0.160910234 -0.006967703 0.986943960
1712644000.321750 -0.270382732 -0.013012180 1.109156132 0.000925793 -0.151803911 -0.006043463 0.988391697
1712644000.353279 -0.266860217 -0.012647252 1.110138178 0.000549044 -0.141934767 -0.003079341 0.989871085
1712644000.385386 -0.264905453 -0.013343792 1.111697435 0.000370564 -0.132257789 -0.003443401 0.991209328
1712644000.416166 -0.263809472 -0.014037133 1.113549829 0.000332559 -0.121930331 -0.006070351 0.992520034
1712644000.453526 -0.259515941 -0.012925401 1.112154841 0.000539918 -0.113464847 -0.003102948 0.993537009
1712644000.486788 -0.260733634 -0.012523718 1.115062594 0.000665196 -0.102013022 -0.004082021 0.994774461
1712644000.520020 -0.263356090 -0.009005257 1.125319719 0.002844388 -0.089442983 -0.004033317 0.995979726
1712644000.555959 -0.265256613 -0.008332657 1.126259685 0.002373227 -0.077729464 -0.003104732 0.996966839
1712644000.585282 -0.267637730 -0.006623568 1.129781604 0.002786751 -0.064196371 -0.003949341 0.997925580
1712644000.620606 -0.268292308 -0.008868653 1.133363724 0.002029709 -0.052537035 -0.002721137 0.998613179
1712644000.653415 -0.269572914 -0.003947834 1.139354229 0.004369484 -0.042169377 -0.003093120 0.999096155
1712644000.684009 -0.272810489 -0.005571901 1.140988469 0.003401200 -0.033761390 -0.004583739 0.999413610
1712644000.718139 -0.272420585 -0.005321846 1.140923738 0.003844456 -0.028300229 -0.005279345 0.999578118
1712644000.751640 -0.271522820 -0.005685969 1.142427206 0.003570870 -0.023344360 -0.005442858 0.999706268
1712644000.782699 -0.270401955 -0.005198359 1.142462254 0.003941617 -0.018180026 -0.005540853 0.999811590
1712644000.816289 -0.259142786 -0.007844040 1.143152595 0.001930724 -0.017164085 -0.004476274 0.999840796
1712644000.855486 -0.258993298 -0.007628570 1.145968795 0.002188706 -0.006695356 -0.005134492 0.999962032
1712644000.886318 -0.253937870 -0.007469736 1.149818540 0.002457346 0.004136971 -0.006518492 0.999967158
1712644000.919366 -0.255886257 -0.006496839 1.148387074 0.002605597 0.020578412 -0.006244625 0.999765337
1712644000.953477 -0.260614604 -0.003726544 1.151659131 0.004281137 0.038446672 -0.005845365 0.999234378
1712644000.988320 -0.257999957 -0.005070541 1.153286219 0.004299326 0.049176045 -0.005124699 0.998767734
1712644001.020690 -0.254308015 -0.007490100 1.147614717 0.002824678 0.055604134 -0.004849829 0.998437107
1712644001.055528 -0.235669851 -0.009947893 1.155754328 -0.000653472 0.045138586 -0.000432949 0.998980403
1712644001.086355 -0.243598402 -0.006868590 1.162249923 0.001965343 0.045330916 0.000490824 0.998969972
1712644001.117096 -0.229489461 -0.018389096 1.162154078 -0.003112668 0.034948964 -0.000162804 0.999384224
1712644001.153791 -0.230382949 -0.014431170 1.160014987 -0.000786096 0.035236318 -0.002983193 0.999374270
1712644001.184530 -0.235051125 -0.013402258 1.158336639 0.002033450 0.038934726 -0.000840164 0.999239326
1712644001.216250 -0.237304494 -0.013474378 1.154282689 0.001617165 0.040799923 -0.000067582 0.999166012
1712644001.260888 -0.235171556 -0.015045053 1.158381343 0.000743379 0.039058208 0.000931115 0.999236226
1712644001.290108 -0.236293107 -0.014172655 1.157296896 0.000916725 0.039204273 0.000750937 0.999230504
1712644001.317543 -0.234937683 -0.014422996 1.160457492 -0.000342249 0.038509134 0.000853463 0.999257803
1712644001.356555 -0.233657822 -0.015489747 1.163415194 -0.000813108 0.038079266 0.001383852 0.999273419
1712644001.388308 -0.234099865 -0.015956795 1.163737178 -0.001780200 0.038499642 0.001568387 0.999255776
1712644001.420371 -0.232952073 -0.016456086 1.167112350 -0.002227045 0.038122177 0.001795184 0.999269009
1712644001.454995 -0.231314108 -0.017822126 1.169723868 -0.002566871 0.037316795 0.001639583 0.999298871
1712644001.483750 -0.231908530 -0.017632779 1.170598745 -0.002886358 0.037772767 0.001456287 0.999281168
1712644001.516846 -0.233089030 -0.016613061 1.175284386 -0.002369030 0.038216785 0.001186088 0.999265969
1712644001.552024 -0.233704790 -0.016628463 1.178973079 -0.001464226 0.038565002 0.001577501 0.999253750
1712644001.586217 -0.234938011 -0.014102013 1.182420850 -0.000301420 0.039365821 0.000946827 0.999224365
1712644001.621220 -0.235447168 -0.015240922 1.185770869 -0.001981980 0.039526314 0.001963070 0.999214649
1712644001.657186 -0.228131607 -0.010490856 1.193903208 0.000286201 0.036146894 0.001630309 0.999345124
1712644001.687809 -0.226765871 -0.011100857 1.195832133 -0.000343408 0.035135165 0.001873097 0.999380767
1712644001.720667 -0.226693243 -0.010244329 1.197348118 -0.000562201 0.034872588 0.001758889 0.999390066
1712644001.755999 -0.231516287 -0.000880110 1.196628571 0.000126759 0.037191067 0.000688566 0.999307930
1712644001.788170 -0.234029979 -0.007196057 1.200007796 -0.003636510 0.039316919 0.000621194 0.999219954
1712644001.819517 -0.230864599 -0.005233160 1.200188637 0.000389426 0.037516594 0.000830512 0.999295592
1712644001.852407 -0.229115903 -0.012465334 1.198603749 -0.002818717 0.036643501 0.002344937 0.999321699
1712644001.884140 -0.227743253 -0.010714873 1.197114825 -0.001469275 0.035369180 0.002307318 0.999370575
1712644001.918691 -0.228863224 -0.013882630 1.196415782 -0.002653404 0.035841767 0.002507997 0.999350786
1712644001.952933 -0.229066029 -0.012703823 1.196506500 -0.001478549 0.036220860 0.002094158 0.999340534
1712644001.984192 -0.226822808 -0.012488529 1.197111130 -0.000660793 0.035267003 0.002204685 0.999375284
1712644002.017381 -0.228142500 -0.010838245 1.197120070 -0.000549434 0.035918407 0.002171005 0.999352217
1712644002.056096 -0.226530075 -0.011819854 1.198373795 -0.001534633 0.034758456 0.002617216 0.999391198
1712644002.084539 -0.223257989 -0.015705304 1.200139523 -0.001093516 0.032651238 0.002893895 0.999462008
1712644002.121354 -0.229549810 -0.009511054 1.197559595 0.001892325 0.035386283 0.002648737 0.999368429
1712644002.157752 -0.228254452 -0.010306269 1.200141668 0.001386235 0.034983773 0.002115354 0.999384701
1712644002.188180 -0.226776257 -0.011292939 1.202357411 0.001445040 0.034302056 0.003532977 0.999404192
1712644002.220254 -0.228670791 -0.012851354 1.203967571 0.001428236 0.035340052 0.003879324 0.999366820
1712644002.252114 -0.221785277 -0.013902732 1.209591985 0.003124241 0.032503814 0.004239643 0.999457777
1712644002.285795 -0.226435691 -0.012756013 1.210294247 0.005719302 0.034495912 0.004772042 0.999377072
1712644002.317094 -0.225501209 -0.014086101 1.213192463 0.006863062 0.034284830 0.006012501 0.999370456
1712644002.352748 -0.226062238 -0.015115935 1.214827895 0.008497372 0.034635354 0.007254989 0.999337554
1712644002.389177 -0.226539880 -0.012560517 1.216138721 0.011022403 0.034845937 0.006540988 0.999310493
1712644002.421872 -0.226112157 -0.012638014 1.218209147 0.011861167 0.035045169 0.007021582 0.999290645
1712644002.459161 -0.225482270 -0.011465222 1.220856905 0.012462055 0.034811813 0.006526894 0.999294817
1712644002.493139 -0.223188847 -0.014206746 1.223873973 0.011761378 0.034054611 0.007819752 0.999320149
1712644002.521480 -0.221827671 -0.013954092 1.226355672 0.012406731 0.033407632 0.007523711 0.999336481
1712644002.557823 -0.221294135 -0.013566153 1.230335951 0.012958327 0.033643540 0.006785805 0.999326825
1712644002.588438 -0.220569029 -0.013436164 1.233860135 0.013183994 0.033397794 0.006832803 0.999331772
1712644002.619982 -0.222189814 -0.013265430 1.236185789 0.013371173 0.034539856 0.006027503 0.999295712
1712644002.656999 -0.221590385 -0.012900640 1.239386916 0.013110039 0.034233186 0.006033579 0.999309659
1712644002.690615 -0.221437916 -0.012998655 1.241128325 0.012876561 0.034046803 0.006023378 0.999319136
1712644002.719683 -0.220550880 -0.012261842 1.245051861 0.012604829 0.033164863 0.006773118 0.999347448
1712644002.754075 -0.224406525 -0.008402683 1.243319035 0.011867727 0.034410845 0.007112212 0.999311984
1712644002.785420 -0.224569678 -0.020177845 1.246811152 0.004604603 0.033954989 0.006187895 0.999393582
1712644002.817470 -0.222037464 -0.011265690 1.245529175 0.014000815 0.032788832 0.006610909 0.999342382
1712644002.855986 -0.221982017 -0.013448508 1.246698260 0.011160192 0.033259649 0.007002774 0.999359906
1712644002.890907 -0.224181816 -0.018451575 1.247866631 0.010049198 0.034810897 0.005964489 0.999325633
1712644002.920862 -0.224449992 -0.015604100 1.247414827 0.012491038 0.035050448 0.005707695 0.999291182
1712644002.953098 -0.224626899 -0.016852539 1.248157859 0.011886265 0.035902064 0.005290332 0.999270618
1712644002.989563 -0.224580154 -0.014976597 1.248707414 0.013320331 0.036827557 0.005802800 0.999216020
1712644003.020024 -0.225485280 -0.015910013 1.250205040 0.012518330 0.037488699 0.006496074 0.999197543
1712644003.052326 -0.223831117 -0.017869230 1.251582146 0.012548144 0.036945432 0.005649054 0.999222517
1712644003.084841 -0.221903205 -0.016471017 1.253991723 0.014687974 0.037486628 0.004879723 0.999177217
1712644003.119914 -0.221634239 -0.015506160 1.257108450 0.015140170 0.038864627 0.004798496 0.999118209
1712644003.156021 -0.221128732 -0.015095712 1.260052562 0.015309843 0.038722236 0.004866223 0.999120891
1712644003.191920 -0.222585380 -0.014471288 1.264225721 0.014879294 0.038653079 0.004783920 0.999130428
1712644003.217717 -0.228729874 -0.015573508 1.268414617 0.014504654 0.041676100 0.003480395 0.999019802
1712644003.257140 -0.227564096 -0.013792213 1.272911072 0.015341376 0.041016147 0.003594960 0.999034226
1712644003.291867 -0.221788406 -0.014139609 1.278160214 0.014667078 0.038018502 0.004751184 0.999158084
1712644003.322878 -0.218772545 -0.014311940 1.282460451 0.013778143 0.036727119 0.005723578 0.999213934
1712644003.357101 -0.217678115 -0.014116067 1.286880016 0.013147298 0.036385965 0.006135818 0.999232471
1712644003.385065 -0.219049096 -0.019876825 1.293928027 0.011211740 0.037779164 0.004655193 0.999212384
1712644003.419841 -0.220337585 -0.019297937 1.296881914 0.015902866 0.038941827 0.003445354 0.999108970
1712644003.453264 -0.217759266 -0.017047718 1.298383355 0.018105181 0.037276529 0.002396305 0.999138057
1712644003.486674 -0.217255920 -0.019035973 1.302561641 0.017314505 0.036718968 0.002158811 0.999173284
1712644003.518728 -0.219340280 -0.017940443 1.303993821 0.018504687 0.037855629 0.002492425 0.999108732
1712644003.557080 -0.219906360 -0.016710125 1.307703853 0.017820761 0.036926188 0.003374601 0.999153376
1712644003.586126 -0.220250085 -0.018003367 1.310086727 0.016498448 0.035648357 0.004339563 0.999218762
1712644003.619025 -0.220168427 -0.016756615 1.312196732 0.017625734 0.035672117 0.003952502 0.999200284
1712644003.661001 -0.219626606 -0.016999321 1.314561725 0.017401831 0.036676738 0.004190082 0.999166906
1712644003.691394 -0.216873199 -0.016432218 1.317734122 0.018045789 0.035997152 0.005787709 0.999172211
1712644003.721043 -0.216934323 -0.012294744 1.321118712 0.019177604 0.035702553 0.006755857 0.999155641
1712644003.759920 -0.214778006 -0.014279925 1.323441744 0.016323298 0.034748998 0.006677948 0.999240458
1712644003.788894 -0.217662185 -0.012870452 1.325237274 0.015752489 0.037931811 0.005803313 0.999139309
1712644003.819699 -0.214787200 -0.013586684 1.330948353 0.012872348 0.037535120 0.006593651 0.999190629
1712644003.855499 -0.214123204 -0.017092582 1.335121870 0.010367106 0.037984673 0.007687675 0.999194980
1712644003.888437 -0.214010850 -0.016127637 1.338771462 0.011190473 0.037902497 0.007848970 0.999187946
1712644003.919598 -0.214014888 -0.015313146 1.341750264 0.011348903 0.037637558 0.007695640 0.999197364
1712644003.952301 -0.213208288 -0.017051982 1.344310164 0.010467442 0.037382543 0.008449687 0.999210477
1712644003.984868 -0.212882936 -0.017676121 1.348055005 0.011115636 0.037358642 0.008287738 0.999205709
1712644004.024978 -0.213182896 -0.015318346 1.349745750 0.012548347 0.038046353 0.007921483 0.999165773
1712644004.056351 -0.213042036 -0.015030002 1.353379011 0.012163065 0.038615271 0.007047657 0.999155283
1712644004.091256 -0.212826744 -0.012400446 1.354310155 0.013186279 0.039487261 0.006895348 0.999109268
1712644004.121829 -0.211799711 -0.007788947 1.355636120 0.010438196 0.039803378 0.007231545 0.999126852
1712644004.155654 -0.213481739 -0.016290512 1.359237432 0.004438801 0.040887855 0.007057605 0.999128938
1712644004.188436 -0.213906720 -0.018209709 1.358277559 0.007049952 0.040698092 0.007177747 0.999120831
1712644004.220186 -0.212998271 -0.016430466 1.356595397 0.009676951 0.040068720 0.008175127 0.999116600
1712644004.254813 -0.215867922 -0.014920050 1.356325626 0.011344180 0.041734960 0.007959752 0.999032617
1712644004.290700 -0.216073692 -0.014823968 1.355715513 0.012455452 0.041074168 0.007692033 0.999048829
1712644004.319039 -0.215882495 -0.014112084 1.354491472 0.014157886 0.040971138 0.007638541 0.999030769
1712644004.359141 -0.216000900 -0.013779939 1.353919506 0.014297311 0.041261356 0.007222902 0.999019980
1712644004.393193 -0.216094226 -0.014582451 1.354368806 0.012700918 0.041273262 0.007588561 0.999038339
1712644004.423233 -0.215735480 -0.014284709 1.354884744 0.012087109 0.041064709 0.007423935 0.999055803
1712644004.459902 -0.215562001 -0.014256375 1.355470896 0.011877247 0.040918741 0.007582516 0.999063134
1712644004.491577 -0.215210035 -0.013906875 1.355924129 0.011895478 0.040780600 0.007319776 0.999070525
1712644004.521391 -0.214307860 -0.016682811 1.357317805 0.010471772 0.039676167 0.007970333 0.999125898
1712644004.553841 -0.213777736 -0.017039884 1.358983040 0.012224672 0.037172925 0.009245891 0.999191284
1712644004.589968 -0.214143157 -0.016840376 1.357797265 0.012913849 0.032659803 0.010259756 0.999330401
1712644004.619982 -0.216387480 -0.017215969 1.355667233 0.011035093 0.029915426 0.009906936 0.999442399
1712644004.656689 -0.215097457 -0.017770112 1.358639121 0.010758285 0.025655940 0.009006023 0.999572396
1712644004.686484 -0.215108484 -0.017742265 1.358625054 0.011805263 0.023972567 0.009274762 0.999599874
1712644004.719290 -0.214420527 -0.018013202 1.360302210 0.011564092 0.023176657 0.008330210 0.999629796
1712644004.752035 -0.219925970 -0.014645392 1.362104416 0.013395971 0.027396312 0.006251230 0.999515355
1712644004.791550 -0.218146518 -0.016696995 1.366768599 0.011536371 0.027246041 0.006513808 0.999540985
1712644004.822925 -0.216897428 -0.016305853 1.369071960 0.012527862 0.026803093 0.007065427 0.999537289
1712644004.859670 -0.218389794 -0.015762487 1.370574236 0.012941065 0.028036185 0.006593336 0.999501407
1712644004.891872 -0.214653477 -0.014509081 1.374420881 0.012603332 0.025984503 0.007571439 0.999554217
1712644004.922012 -0.214704156 -0.014767935 1.376819015 0.012111657 0.026679175 0.007283352 0.999544144
1712644004.955453 -0.214002073 -0.017090620 1.380317211 0.010991026 0.026913524 0.008002245 0.999545336
1712644004.989902 -0.212669611 -0.017519841 1.384482503 0.011405447 0.026577212 0.008449842 0.999545991
1712644005.019873 -0.212963760 -0.020644272 1.389174700 0.011664357 0.025990915 0.008721787 0.999556065
1712644005.055505 -0.214786425 -0.016186703 1.390368462 0.014937177 0.024473509 0.008756337 0.999550521
1712644005.090312 -0.217869490 -0.017706199 1.392958999 0.009809040 0.022060946 0.007645392 0.999679267
1712644005.118912 -0.218869090 -0.017666023 1.397675991 0.007478961 0.017937958 0.005693492 0.999794900
1712644005.157838 -0.219448298 -0.016732106 1.402186871 0.006799184 0.014376212 0.003835126 0.999866188
1712644005.192880 -0.220115572 -0.016019482 1.406675816 0.005865548 0.011282433 0.002803352 0.999915242
1712644005.224104 -0.222075269 -0.019021191 1.412197471 0.003412642 0.008299446 0.001951331 0.999957800
1712644005.256270 -0.222022504 -0.018150266 1.416032672 0.003987987 0.003298734 0.002122569 0.999984324
1712644005.291898 -0.225976571 -0.014258900 1.417515755 0.005319783 0.002235581 -0.000522431 0.999983191
1712644005.321666 -0.226545021 -0.009814325 1.419487000 0.000894092 0.002933764 -0.004245130 0.999986291
1712644005.356859 -0.211023182 -0.027775034 1.431227922 -0.011200025 -0.007511749 -0.002808167 0.999905109
1712644005.388793 -0.223242730 -0.017435888 1.422329307 0.003035626 0.001525676 0.001672872 0.999992788
1712644005.420330 -0.221923873 -0.014614271 1.426225543 0.001087222 -0.001981724 0.001572876 0.999996185
1712644005.455094 -0.223194331 -0.019352639 1.429359555 -0.001145404 -0.003659967 -0.000059143 0.999992609
1712644005.489085 -0.222725064 -0.017157530 1.426545143 0.002391596 -0.004503834 -0.000224706 0.999986947
1712644005.519673 -0.222811282 -0.016390102 1.426947236 0.003632405 -0.004966381 0.000635929 0.999980867
1712644005.558409 -0.223635435 -0.017281551 1.426186681 0.002817938 -0.005636015 0.000169865 0.999980092
1712644005.592947 -0.223956659 -0.016498679 1.425763726 0.003359887 -0.005685751 -0.000282487 0.999978185
1712644005.623285 -0.223705515 -0.017071337 1.426319003 0.002472536 -0.006185583 0.000098242 0.999977827
1712644005.664699 -0.224610612 -0.017421382 1.426463723 0.002774064 -0.006057837 0.000101280 0.999977767
1712644005.691865 -0.224130318 -0.016321734 1.425938368 0.003234745 -0.007555129 0.000538310 0.999966085
1712644005.723053 -0.224674478 -0.016832069 1.425900936 0.002580053 -0.008883997 0.000907683 0.999956787
1712644005.755772 -0.226346120 -0.017929442 1.425836205 0.002829991 -0.009658421 0.000603013 0.999949157
1712644005.788846 -0.226175442 -0.017911967 1.425316453 0.002490001 -0.011303723 0.000684749 0.999932766
1712644005.819405 -0.226568401 -0.017361049 1.426939011 0.002386972 -0.012759211 0.000805914 0.999915421
1712644005.852490 -0.227098808 -0.017151689 1.426986933 0.002794468 -0.015948696 0.002768993 0.999865055
1712644005.889094 -0.231471822 -0.018439999 1.427348852 0.001390109 -0.018748760 0.002983431 0.999818802
1712644005.919940 -0.238001525 -0.017721780 1.427522063 0.001599108 -0.022219881 0.002464887 0.999748826
1712644005.955073 -0.237173781 -0.019066267 1.425807476 0.001649193 -0.029399373 0.001266864 0.999565601
1712644005.994739 -0.231625810 -0.018192988 1.424785137 0.002166506 -0.036959697 0.002283228 0.999311805
1712644006.026911 -0.236337021 -0.018490417 1.425818920 0.002306471 -0.038875267 0.003121236 0.999236524
1712644006.059048 -0.247833997 -0.017568920 1.424237013 0.003477377 -0.039621655 0.002943983 0.999204338
1712644006.092678 -0.255116850 -0.022224264 1.419901371 0.000174600 -0.048483111 0.003716270 0.998817086
1712644006.121119 -0.260678470 -0.021990193 1.418127537 0.001390595 -0.061704118 0.003496848 0.998087406
1712644006.156794 -0.261953771 -0.019946681 1.419218302 0.003130748 -0.079558060 0.004112433 0.996816814
1712644006.192099 -0.258664101 -0.022776365 1.416876912 0.001624915 -0.097571902 0.001297605 0.995226324
1712644006.220672 -0.248469248 -0.020986469 1.421137094 0.004177026 -0.110912859 -0.000659419 0.993821144
1712644006.255802 -0.238717631 -0.017724182 1.421609163 0.005214595 -0.116226062 -0.000049091 0.993209064
1712644006.290107 -0.240901202 -0.017727084 1.420779943 0.004217168 -0.113066941 0.000738790 0.993578136
1712644006.321040 -0.241676942 -0.020877363 1.421230078 0.001945054 -0.111991711 0.000563336 0.993707061
1712644006.354964 -0.241010830 -0.021554258 1.420760155 0.002656888 -0.113268144 0.002436032 0.993557930
1712644006.394794 -0.240923971 -0.017327571 1.417645216 0.005024696 -0.113659881 0.001139164 0.993506372
1712644006.425006 -0.241596490 -0.019365760 1.419092417 0.002499480 -0.113566190 0.001276265 0.993526459
1712644006.459289 -0.242065266 -0.019149385 1.415845871 0.003491838 -0.113231018 0.001277529 0.993561745
1712644006.493057 -0.241508126 -0.018868422 1.412610292 0.002503234 -0.114176832 0.001432068 0.993456244
1712644006.520691 -0.242096215 -0.020240072 1.411331177 0.000796489 -0.115031831 0.001123211 0.993360817
1712644006.555202 -0.239971474 -0.019679852 1.410678506 0.002010684 -0.117833190 0.001132648 0.993030727
1712644006.592397 -0.240830883 -0.019233923 1.404797554 0.003278275 -0.116650999 -0.000749778 0.993167281
1712644006.621529 -0.239839524 -0.019647175 1.401502848 0.002602216 -0.117121235 -0.000787040 0.993113875
1712644006.660239 -0.240760997 -0.018832348 1.397623062 0.003723226 -0.116756536 -0.001697460 0.993152142
1712644006.689269 -0.238747567 -0.018440720 1.393973827 0.005207239 -0.118306510 -0.001554686 0.992962241
1712644006.720757 -0.238062263 -0.018845638 1.389532089 0.005283031 -0.118275635 -0.000932593 0.992966294
1712644006.757355 -0.237334058 -0.019175220 1.385929346 0.006098610 -0.118760690 -0.000160235 0.992904186
1712644006.793343 -0.235936135 -0.021269139 1.382932186 0.007258472 -0.119335905 0.001100436 0.992826760
1712644006.823814 -0.234629512 -0.024769861 1.378343940 0.007658214 -0.120188802 0.003954117 0.992713630
1712644006.860178 -0.232911944 -0.021531204 1.370641232 0.012181232 -0.121096134 0.007222285 0.992539763
1712644006.892741 -0.230439961 -0.020257808 1.365811706 0.010008005 -0.122754946 0.007447483 0.992358565
1712644006.922695 -0.230838448 -0.020711470 1.362986565 0.009380546 -0.122906111 0.006572010 0.992352188
1712644006.957141 -0.230217412 -0.020842718 1.358317494 0.008705990 -0.123830885 0.006162181 0.992246032
1712644006.994709 -0.230136260 -0.021035025 1.354361296 0.008354725 -0.124298774 0.006248896 0.992189944
1712644007.023124 -0.228997946 -0.020955646 1.351007938 0.009051867 -0.125219196 0.005677775 0.992071569
1712644007.053889 -0.228382483 -0.020768235 1.346243501 0.010508863 -0.125208572 0.004257423 0.992065668
1712644007.092462 -0.229320064 -0.021961236 1.342647433 0.011684797 -0.124741673 0.002851983 0.992116332
1712644007.121145 -0.228068456 -0.020633584 1.339209199 0.016019307 -0.125711799 0.001258075 0.991936684
1712644007.163917 -0.224688262 -0.019790586 1.333369374 0.017218389 -0.127488211 0.000598504 0.991690457
1712644007.195799 -0.224252060 -0.021265799 1.330106974 0.016368559 -0.127547845 0.000542130 0.991697192
1712644007.231019 -0.223189816 -0.021892341 1.327039838 0.016656045 -0.127514273 0.000717425 0.991696596
1712644007.260836 -0.221143827 -0.020737395 1.324586749 0.017172480 -0.126899272 0.000230653 0.991766930
1712644007.295264 -0.220389515 -0.021224938 1.322139382 0.016421858 -0.125095457 -0.000223310 0.992008746
1712644007.323219 -0.219643205 -0.021329748 1.319864869 0.016689030 -0.123603523 0.000250493 0.992191315
1712644007.360641 -0.216759786 -0.021390179 1.316321492 0.016674977 -0.122946724 -0.000378167 0.992273092
1712644007.391995 -0.216719046 -0.021903800 1.313794255 0.016306348 -0.120428562 -0.001107805 0.992587447
1712644007.424512 -0.216204390 -0.021981942 1.311432481 0.016525950 -0.118223689 -0.000384398 0.992849350
1712644007.459333 -0.214738816 -0.021508088 1.307912827 0.017028851 -0.117105342 0.000028151 0.992973506
1712644007.491717 -0.213348269 -0.020922419 1.304909229 0.016568607 -0.116501845 0.000065971 0.993052244
1712644007.520967 -0.215198889 -0.020128082 1.303399920 0.016961435 -0.114460163 -0.000642629 0.993282795
1712644007.558761 -0.214629292 -0.019825671 1.299822569 0.016552219 -0.113203689 -0.002135114 0.993431628
1712644007.594624 -0.213909060 -0.019930737 1.297501922 0.015575153 -0.111176468 -0.002753460 0.993674815
1712644007.625207 -0.212570176 -0.020127153 1.294698954 0.014852631 -0.108477719 -0.002825035 0.993983924
1712644007.660475 -0.212096959 -0.021057678 1.291865826 0.014310902 -0.104290731 -0.003178601 0.994438827
1712644007.692404 -0.207898721 -0.019720297 1.287270665 0.014302513 -0.101255007 -0.001263190 0.994756877
1712644007.720883 -0.205233559 -0.019008012 1.282567739 0.012518741 -0.097295694 0.001216648 0.995176017
1712644007.760345 -0.202987999 -0.016827982 1.278593898 0.010258167 -0.093494236 0.004085140 0.995558619
1712644007.791866 -0.201280668 -0.015707379 1.275251508 0.007106492 -0.090396315 0.007349568 0.995853424
1712644007.820952 -0.203957126 -0.017175168 1.272564173 0.005630872 -0.086116441 0.007545144 0.996240616
1712644007.854880 -0.203824535 -0.017510153 1.268118382 0.007224916 -0.084153265 0.007151671 0.996400952
1712644007.894690 -0.200787053 -0.017343823 1.263316393 0.007690933 -0.083927020 0.006556011 0.996420681
1712644007.921202 -0.198723510 -0.018238604 1.259063244 0.007119739 -0.082473107 0.005763510 0.996551216
1712644007.955459 -0.195904300 -0.017549537 1.253509045 0.007770538 -0.079890467 0.005433651 0.996758580
1712644007.995498 -0.194756001 -0.017577346 1.249457121 0.007378290 -0.075674526 0.004749186 0.997093976
1712644008.027504 -0.191298112 -0.017353900 1.244679093 0.006441871 -0.071683489 0.004214395 0.997397721
1712644008.059294 -0.190967351 -0.016699454 1.239546418 0.005705849 -0.066159517 0.003393522 0.997786999
1712644008.092807 -0.189507127 -0.014979972 1.234719157 0.005160784 -0.061818454 0.001957458 0.998072147
1712644008.121390 -0.188747272 -0.012449026 1.230233669 0.003582917 -0.056989379 -0.000142070 0.998368323
1712644008.158525 -0.186873868 -0.011945711 1.225978851 -0.000349962 -0.052018575 -0.002500084 0.998642921
1712644008.193043 -0.184170038 -0.016359508 1.224637866 -0.002608481 -0.046874143 -0.002395847 0.998894513
1712644008.224810 -0.180983678 -0.012532638 1.217811823 -0.000076208 -0.039774988 -0.002237913 0.999206126
1712644008.259162 -0.179740712 -0.012863140 1.213880062 -0.001718228 -0.031494107 -0.001571285 0.999501228
1712644008.293577 -0.179647535 -0.012617962 1.208858132 -0.001527052 -0.022002744 0.000221162 0.999756753
1712644008.326264 -0.179652020 -0.010268912 1.203663945 0.000077274 -0.013917746 -0.001052727 0.999902606
1712644008.359128 -0.174010694 -0.008095137 1.202335835 0.001174810 -0.009265438 -0.001384536 0.999955416
1712644008.397055 -0.170803607 -0.006192395 1.199104428 0.002354356 -0.002290383 -0.002047348 0.999992490
1712644008.427508 -0.167443335 -0.005284880 1.195569754 0.003368462 0.005348474 -0.001466941 0.999978960
1712644008.463633 -0.166733339 -0.005763190 1.189243793 0.002873032 0.012235790 -0.001157944 0.999920309
1712644008.495608 -0.171379730 -0.011651833 1.182722330 -0.000697376 0.017645456 -0.000061123 0.999844074
1712644008.522377 -0.175472021 -0.011920964 1.177781940 -0.000775354 0.019295601 0.000189206 0.999813497
1712644008.557354 -0.173964903 -0.013913946 1.173856139 -0.001792597 0.017672699 -0.000323690 0.999842167
1712644008.593370 -0.173959136 -0.012014141 1.169763088 0.000514385 0.018206542 -0.000665765 0.999833882
1712644008.623675 -0.175802141 -0.007305097 1.165758610 0.003508945 0.019057335 -0.000467391 0.999812126
1712644008.656727 -0.174525291 -0.006033293 1.159369707 0.002481031 0.017334128 -0.000655087 0.999846458
1712644008.695819 -0.173956409 -0.007070651 1.157063484 0.000485790 0.016289691 -0.000910270 0.999866784
1712644008.725421 -0.174130917 -0.009515673 1.153387308 0.000807198 0.016326912 -0.001410443 0.999865413
1712644008.760359 -0.175321788 -0.009101187 1.148749709 0.001500139 0.017553184 -0.001176169 0.999844134
1712644008.796223 -0.176145494 -0.010290266 1.144947529 0.001203147 0.018559232 -0.001077958 0.999826431
1712644008.826052 -0.176741838 -0.009568017 1.141111851 0.002336898 0.019151427 -0.001042076 0.999813318
1712644008.858048 -0.175212517 -0.008791395 1.136916876 0.001784235 0.018432638 -0.001435318 0.999827504
1712644008.893416 -0.177111998 -0.009234667 1.133462787 0.001089633 0.019566124 -0.001359500 0.999807060
1712644008.922118 -0.178671211 -0.007412720 1.128799677 0.001312095 0.020737922 -0.001608086 0.999782741
1712644008.956422 -0.177919015 -0.009852095 1.125106096 -0.000461324 0.020794623 -0.000690258 0.999783397
1712644008.992268 -0.177642927 -0.008569631 1.121329188 0.000224926 0.021167662 -0.000519164 0.999775767
1712644009.023228 -0.177704707 -0.008480685 1.117309570 -0.000023610 0.021510392 0.000464730 0.999768496
1712644009.061728 -0.179634988 -0.009336496 1.112874031 0.000178408 0.022360040 0.002064054 0.999747813
1712644009.095590 -0.182454839 -0.007432533 1.108280897 0.000961684 0.021747740 0.002057076 0.999760926
1712644009.127542 -0.183926880 -0.009419213 1.103678107 -0.001397679 0.018090272 0.002648868 0.999831855
1712644009.161908 -0.188020185 -0.007877341 1.098555565 -0.000248461 0.014258142 0.002280011 0.999895692
1712644009.196421 -0.187591359 -0.007385712 1.091956258 -0.001002007 0.008716508 0.002630733 0.999958038
1712644009.226863 -0.187744528 -0.008431886 1.087123036 -0.003116249 0.004038566 0.002368856 0.999984145
1712644009.257908 -0.186305389 -0.010731815 1.083725810 -0.003512108 -0.000521352 0.002038400 0.999991596
1712644009.292961 -0.186016291 -0.010680781 1.079012394 -0.001914788 -0.003813467 0.002050809 0.999988794
1712644009.323795 -0.189537674 -0.010651104 1.070685267 -0.001533886 -0.005744193 0.001434401 0.999981284
1712644009.355393 -0.189117208 -0.008985875 1.067488790 -0.000637339 -0.009288214 0.001108865 0.999956071
1712644009.392460 -0.191253543 -0.009319702 1.061111212 -0.000181125 -0.011437796 0.001032852 0.999934077
1712644009.422662 -0.192476124 -0.010141689 1.055478334 0.000542389 -0.014357473 0.001506933 0.999895632
1712644009.458200 -0.191357970 -0.010798920 1.049840212 0.001695078 -0.018419649 0.001235600 0.999828160
1712644009.496311 -0.189555243 -0.011526417 1.042934418 0.001686496 -0.020356527 0.000420060 0.999791265
1712644009.529582 -0.190726057 -0.008957956 1.036868334 0.002118140 -0.020247759 -0.000043394 0.999792755
1712644009.560180 -0.192820817 -0.010444072 1.030834436 -0.000290024 -0.020555381 -0.000367247 0.999788642
1712644009.597153 -0.193789899 -0.010162975 1.026458383 -0.000771311 -0.021759057 -0.001004079 0.999762475
1712644009.629807 -0.196540758 -0.009978972 1.021595240 -0.001351399 -0.023121158 -0.000327941 0.999731719
1712644009.662402 -0.201668963 -0.008433069 1.014478683 0.000234662 -0.025368666 -0.000024580 0.999678135
1712644009.693089 -0.202400863 -0.009199291 1.008501291 0.001465997 -0.031578857 0.000388601 0.999500155
1712644009.723157 -0.210345447 -0.010698315 0.998277247 0.000992996 -0.036100268 0.001111570 0.999347091
1712644009.758169 -0.212836772 -0.009923681 0.992699087 0.001376150 -0.042939417 0.000076440 0.999076724
1712644009.791740 -0.211461946 -0.010592679 0.984750986 0.001055391 -0.050314613 -0.000120331 0.998732865
1712644009.823724 -0.210703492 -0.011628568 0.979733229 0.000753497 -0.056645479 -0.000798074 0.998393774
1712644009.855972 -0.212782457 -0.010731640 0.972683191 0.001223999 -0.061366394 -0.000289209 0.998114526
1712644009.896602 -0.212376699 -0.009348527 0.966528535 0.001385610 -0.067156538 0.000376486 0.997741401
1712644009.928599 -0.209642649 -0.010783312 0.958179057 0.000241037 -0.073296800 0.000355394 0.997310102
1712644009.970661 -0.210144609 -0.009041496 0.954652607 0.000502945 -0.077996507 -0.000381311 0.996953428
1712644009.994117 -0.214075714 -0.007801188 0.949302673 0.000208322 -0.081791990 -0.000456791 0.996649325
1712644010.025388 -0.213813290 -0.006211161 0.940996885 0.000861046 -0.088447750 -0.000130907 0.996080458
1712644010.060038 -0.218179211 -0.005334605 0.936332107 0.001629792 -0.094223119 0.000458130 0.995549679
1712644010.093661 -0.216030106 -0.006832715 0.927010298 0.000278279 -0.102777764 0.000042538 0.994704306
1712644010.124892 -0.216353983 -0.006520045 0.920936942 0.000033580 -0.109469146 -0.000367760 0.993990123
1712644010.158808 -0.218404099 -0.009155684 0.916152120 0.001057241 -0.115668274 -0.000249708 0.993287325
1712644010.193026 -0.209429786 -0.008667412 0.908684909 0.002423451 -0.124634214 -0.001085153 0.992199183
1712644010.224780 -0.206160858 -0.008376240 0.901202857 0.001768786 -0.129194051 -0.002120366 0.991615474
1712644010.256435 -0.205169871 -0.006862274 0.896982610 0.001137127 -0.132380560 -0.002639446 0.991194785
1712644010.292852 -0.207828715 -0.007450460 0.892952263 -0.000048697 -0.133771077 -0.003237737 0.991006970
1712644010.328126 -0.207593814 -0.008069862 0.889392078 -0.000508261 -0.136222348 -0.003322976 0.990672588
1712644010.364205 -0.205092818 -0.005882025 0.883602202 0.000523312 -0.139830783 -0.003891676 0.990167618
1712644010.396826 -0.204756647 -0.005265714 0.879475951 0.000189378 -0.142937541 -0.003739303 0.989724636
1712644010.427479 -0.202750534 -0.005793344 0.874064386 -0.001537828 -0.146048009 -0.004163413 0.989267528
1712644010.459809 -0.203137532 -0.004759213 0.872305036 -0.002069240 -0.149513125 -0.002313618 0.988754869
1712644010.493668 -0.207706168 -0.004023051 0.869889617 -0.002234264 -0.152502343 -0.002548894 0.988297284
1712644010.523952 -0.206232831 -0.000850241 0.862636924 -0.001930339 -0.159641922 -0.000841183 0.987172782
1712644010.557443 -0.208683342 -0.002676622 0.858042419 -0.004458277 -0.166792870 -0.004030307 0.985973656
1712644010.593775 -0.211092383 -0.004880880 0.852890611 -0.006136148 -0.176282898 -0.004495436 0.984310150
1712644010.623779 -0.206046745 -0.007738519 0.845461607 -0.006018028 -0.189938530 -0.003910128 0.981769741
1712644010.658726 -0.205165267 -0.004153943 0.837792397 -0.002680197 -0.203359634 -0.001493771 0.979099274
1712644010.693218 -0.208270147 -0.006283171 0.824914873 -0.004840215 -0.212753311 -0.004828734 0.977082014
1712644010.728301 -0.200943202 -0.003872477 0.813595295 -0.004516616 -0.227923110 -0.003036374 0.973663926
1712644010.765690 -0.201643065 -0.007814842 0.812116921 -0.005727903 -0.239225015 -0.005920582 0.970929205
1712644010.797856 -0.202138767 -0.004844856 0.804564834 -0.004140822 -0.247554168 -0.005518604 0.968849480
1712644010.825983 -0.200590938 -0.004306416 0.800459385 -0.004143219 -0.255554348 -0.005642325 0.966769338
1712644010.859056 -0.201171145 -0.004115426 0.796900988 -0.004309597 -0.260876119 -0.006755628 0.965339005
1712644010.893079 -0.205742761 -0.007736840 0.799339235 -0.003991186 -0.262786686 -0.008148369 0.964811265
1712644010.923426 -0.194368318 -0.006556146 0.788507104 0.001389535 -0.268249780 -0.004924876 0.963335752
1712644010.957034 -0.193797722 -0.005326667 0.787588418 0.000106989 -0.270587295 -0.005020079 0.962682366
1712644010.994048 -0.194429234 -0.007702896 0.786963761 -0.001293287 -0.270896375 -0.007491910 0.962578475
1712644011.023606 -0.191473082 -0.006379866 0.785413504 -0.002480854 -0.270498693 -0.006763073 0.962693393
1712644011.058359 -0.192393914 -0.005973847 0.787324846 -0.004107051 -0.269849747 -0.006273197 0.962873280
1712644011.095507 -0.194077775 -0.006709198 0.789808750 -0.005637966 -0.269786417 -0.007699871 0.962872922
1712644011.128514 -0.194836259 -0.006464487 0.790191293 -0.006706969 -0.270313114 -0.008078448 0.962715209
1712644011.164070 -0.197263062 -0.006088084 0.792490721 -0.006724909 -0.270036757 -0.008612004 0.962787986
1712644011.195844 -0.196509242 -0.006813170 0.791764438 -0.005701184 -0.269823879 -0.007636131 0.962862551
1712644011.224767 -0.195405245 -0.006083169 0.791283548 -0.004892461 -0.269807577 -0.007156869 0.962875247
1712644011.260251 -0.195379302 -0.005660030 0.790878296 -0.004846487 -0.269329488 -0.006557742 0.963013589
1712644011.298814 -0.195280492 -0.006074509 0.790802538 -0.004663084 -0.269133180 -0.007006056 0.963066220
1712644011.325943 -0.195311189 -0.005644570 0.791257381 -0.004779167 -0.269481033 -0.007007350 0.962968349
1712644011.357497 -0.195989609 -0.003347742 0.790192723 -0.005594103 -0.270258069 -0.006163813 0.962751925
1712644011.392344 -0.195840970 -0.003818559 0.789151490 -0.006399376 -0.272154897 -0.006240651 0.962211967
1712644011.427017 -0.195883036 -0.005048621 0.788962126 -0.008733715 -0.273047715 -0.008424331 0.961923957
1712644011.459088 -0.195998281 -0.005794959 0.789043725 -0.008628163 -0.272459835 -0.008166487 0.962093830
1712644011.496277 -0.193647832 -0.006079920 0.785595238 -0.006320896 -0.271591246 -0.006666936 0.962368846
1712644011.532683 -0.192066580 -0.006896757 0.782005429 -0.005927732 -0.271412164 -0.006236076 0.962424755
1712644011.569191 -0.190263584 -0.006833935 0.779881299 -0.005255826 -0.272104651 -0.006654631 0.962230325
1712644011.597601 -0.189547464 -0.005877665 0.776459217 -0.004440707 -0.271271646 -0.006127379 0.962473094
1712644011.627138 -0.186600327 -0.006005824 0.774356425 -0.004345624 -0.271759242 -0.005328419 0.962340713
1712644011.665496 -0.186525390 -0.006667808 0.771958888 -0.004573401 -0.270990640 -0.005412260 0.962555945
1712644011.695452 -0.184018925 -0.005648245 0.769666314 -0.003361811 -0.271658659 -0.004668789 0.962376475
1712644011.726215 -0.182536557 -0.006673798 0.766322672 -0.003263399 -0.271632105 -0.005017593 0.962382555
1712644011.761814 -0.179602265 -0.005570467 0.762929916 -0.002733442 -0.272062361 -0.004350794 0.962265909
1712644011.799617 -0.178529322 -0.006503593 0.760312855 -0.003296647 -0.272094727 -0.004947764 0.962252140
1712644011.825377 -0.178154439 -0.007157399 0.757881641 -0.003127742 -0.271740526 -0.006082105 0.962346256
1712644011.859135 -0.176960289 -0.007469419 0.755361617 -0.003322257 -0.271463782 -0.006618774 0.962420166
1712644011.894850 -0.175948128 -0.006812064 0.752889335 -0.003880468 -0.271394491 -0.006627149 0.962437570
1712644011.928142 -0.173983470 -0.007461260 0.749897063 -0.004331106 -0.271349609 -0.006518875 0.962449014
1712644011.965108 -0.170897648 -0.007413795 0.745642841 -0.003902801 -0.271226883 -0.006647791 0.962484598
1712644011.995675 -0.170586377 -0.007066606 0.741856992 -0.004262769 -0.270764530 -0.006194282 0.962616265
1712644012.025746 -0.170314386 -0.005493572 0.736665428 -0.004830543 -0.272314757 -0.004752748 0.962184370
1712644012.065669 -0.171426445 -0.006886081 0.730710983 -0.005028564 -0.275140613 -0.004794283 0.961378872
1712644012.094758 -0.168389395 -0.008627548 0.723611355 -0.005136590 -0.281451851 -0.005350836 0.959546685
1712644012.126763 -0.168841377 -0.007786419 0.720026553 -0.003857561 -0.287805617 -0.003994006 0.957672775
1712644012.157808 -0.166868821 -0.007697247 0.715402305 -0.003036784 -0.294247270 -0.003919552 0.955716491
1712644012.193452 -0.163760215 -0.008130778 0.710530996 -0.002745516 -0.301619381 -0.003247991 0.953418970
1712644012.225507 -0.162153155 -0.008287056 0.703256845 -0.003659207 -0.307641357 -0.002345570 0.951492488
1712644012.263525 -0.165060297 -0.006599252 0.699288368 -0.003137805 -0.312721789 -0.000862676 0.949839234
1712644012.295021 -0.162768647 -0.008357724 0.693389595 -0.002428245 -0.321109921 -0.002238254 0.947036207
1712644012.330161 -0.155133650 -0.007813147 0.690421164 0.000037847 -0.328953892 -0.001024939 0.944345415
1712644012.364208 -0.149510592 -0.008864477 0.687626064 0.001243957 -0.330592930 -0.002857842 0.943768263
1712644012.396235 -0.142247424 -0.011871078 0.681835890 -0.000738055 -0.329542696 -0.003022281 0.944135547
1712644012.426399 -0.140980586 -0.010763121 0.677537262 -0.000129145 -0.327502549 -0.001363090 0.944849253
1712644012.460969 -0.139047086 -0.010384581 0.673819125 0.000259758 -0.327978134 -0.000065265 0.944685280
1712644012.493483 -0.135615826 -0.009458686 0.669150591 0.001099118 -0.328833997 0.001690106 0.944385588
1712644012.525117 -0.131600574 -0.007792955 0.665976465 0.000730048 -0.330256343 0.002218202 0.943888366
1712644012.560253 -0.129430860 -0.009570933 0.662392855 -0.001237446 -0.330447346 0.000211333 0.943823576
1712644012.594299 -0.126219943 -0.010022275 0.658394694 -0.000820722 -0.330724984 -0.000620512 0.943726599
1712644012.633292 -0.123587638 -0.010366935 0.653449059 -0.000195036 -0.330694139 -0.000943322 0.943737507
1712644012.662952 -0.119371861 -0.009346709 0.648786485 0.000932207 -0.331258893 -0.000025347 0.943539441
1712644012.696035 -0.116395831 -0.008834782 0.645050704 0.000888418 -0.330797911 -0.000414014 0.943701088
1712644012.731796 -0.111422665 -0.009640299 0.640341997 0.000384536 -0.329686373 -0.001213003 0.944089651
1712644012.763987 -0.107836768 -0.010720442 0.636175752 -0.000137084 -0.326990217 -0.003148828 0.945022464
1712644012.798101 -0.105063528 -0.011649309 0.632446647 -0.000175680 -0.323301673 -0.005136074 0.946281970
1712644012.824466 -0.099296480 -0.011499317 0.627867520 0.001719001 -0.319891632 -0.005391830 0.947437227
1712644012.858509 -0.095835425 -0.009732292 0.623175800 0.001528915 -0.314895093 -0.004029262 0.949116707
1712644012.893833 -0.094260432 -0.010391938 0.619192839 0.002161878 -0.310735703 -0.003995709 0.950485528
1712644012.924802 -0.091750585 -0.009336155 0.614878416 0.003428739 -0.309736609 -0.001657849 0.950814784
1712644012.958364 -0.087516636 -0.006645888 0.608981371 0.004321320 -0.311483234 0.000467629 0.950241745
1712644012.991787 -0.085679419 -0.008597251 0.603430212 0.002852664 -0.313572079 -0.000930558 0.949559629
1712644013.025397 -0.081702083 -0.010598827 0.597709179 0.003055183 -0.315119177 -0.002435917 0.949044049
1712644013.062078 -0.076603815 -0.011677469 0.592749476 0.003813385 -0.315354675 -0.001794179 0.948964536
1712644013.096203 -0.072175942 -0.010211102 0.586794376 0.004000795 -0.314906985 -0.000335901 0.949114084
1712644013.131899 -0.068854399 -0.009660189 0.581605136 0.003968729 -0.314832211 0.000361332 0.949138999
1712644013.164058 -0.064949937 -0.009877369 0.577015340 0.004178098 -0.315610379 -0.000272067 0.948879659
1712644013.196770 -0.059914649 -0.008835630 0.570111334 0.003799824 -0.315841615 0.000022525 0.948804319
1712644013.225485 -0.056659389 -0.006056598 0.565598428 0.002080109 -0.315443873 0.000288356 0.948941946
1712644013.258666 -0.055397682 -0.008701554 0.560942590 0.000583743 -0.315028816 -0.001358451 0.949080944
1712644013.294083 -0.051079221 -0.007975799 0.555545211 0.001732303 -0.315071911 -0.001688606 0.949064732
1712644013.326155 -0.040748123 -0.008279101 0.548438311 0.001181702 -0.315351069 -0.002023532 0.948972166
1712644013.359700 -0.037261311 -0.008976898 0.544173956 0.000093889 -0.312445372 -0.003272041 0.949930072
1712644013.393697 -0.033848036 -0.012042114 0.538405061 -0.000619713 -0.308543295 -0.003718191 0.951202810
1712644013.426294 -0.025902800 -0.009122629 0.532494187 0.000912303 -0.306175351 -0.000882500 0.951974273
1712644013.464712 -0.017033603 -0.008510597 0.525335014 0.000152547 -0.303136766 -0.000186047 0.952947021
1712644013.498139 -0.016217098 -0.011308043 0.524037480 -0.001248519 -0.298675567 -0.001995075 0.954351783
1712644013.535897 -0.012064219 -0.011408627 0.518508017 0.000782485 -0.293455064 -0.000798653 0.955972195
1712644013.567233 -0.003276386 -0.008516210 0.511362970 0.002295961 -0.289853662 0.000209436 0.957068205
1712644013.595983 0.002365476 -0.008388059 0.505427897 -0.000377031 -0.285325676 -0.001133140 0.958429873
1712644013.627450 0.002462739 -0.007256291 0.501183212 -0.001884412 -0.278793663 -0.000618226 0.960348964
1712644013.666043 0.009725557 -0.009212133 0.495021939 -0.003296207 -0.273419917 -0.000284364 0.961889088
1712644013.698606 0.015728252 -0.010498322 0.486811996 -0.003081549 -0.266631752 -0.000821426 0.963793218
1712644013.729176 0.019685294 -0.009159073 0.482110023 -0.003131982 -0.261072367 0.000356504 0.965314090
1712644013.759911 0.025330326 -0.012081093 0.476205200 -0.003222809 -0.256220549 0.000293996 0.966612935
1712644013.796102 0.031218609 -0.010817919 0.469113946 -0.001281842 -0.250871599 0.001287220 0.968018651
1712644013.833820 0.036307666 -0.008875541 0.463233232 -0.002055643 -0.245494902 0.003125516 0.969390631
1712644013.863955 0.037492782 -0.010634215 0.460236400 -0.002695242 -0.238039181 0.003309596 0.971246183
1712644013.894789 0.041249603 -0.007649434 0.454792649 -0.001545060 -0.231921762 0.003440657 0.972727120
1712644013.929483 0.050657358 -0.005838278 0.450986356 -0.003425890 -0.226918772 0.003083516 0.973902762
1712644013.965616 0.054718688 -0.010063140 0.449409246 -0.004365996 -0.216962099 0.003305780 0.976164639
1712644013.994997 0.058766164 -0.005473150 0.441083193 -0.002138205 -0.205344036 0.006228240 0.978667676
1712644014.026713 0.064649172 -0.007664371 0.429559052 -0.002810255 -0.196657807 0.004953825 0.980455637
1712644014.059399 0.063042320 -0.006525302 0.425015122 -0.001798340 -0.190317556 0.005139230 0.981707513
1712644014.093249 0.069369860 -0.006728268 0.417643309 -0.002176875 -0.187557235 0.005527949 0.982235730
1712644014.125886 0.071649656 -0.005270412 0.411145300 -0.001225682 -0.184947908 0.005057026 0.982734561
1712644014.163019 0.073047549 -0.006399779 0.404537916 0.000129656 -0.182534054 0.004083412 0.983191013
1712644014.193464 0.078181870 -0.005882566 0.398144901 0.001587577 -0.180312961 0.002656999 0.983604431
1712644014.229276 0.081445895 -0.005701690 0.393529892 0.000896471 -0.175467312 0.002319475 0.984482110
1712644014.266961 0.088813156 -0.004937374 0.388081670 0.002342449 -0.168706372 0.002856359 0.985659420
1712644014.295453 0.085832857 -0.004073701 0.377995670 0.003663691 -0.156303287 0.001507202 0.987701118
1712644014.331291 0.099703021 0.000094742 0.371550679 0.002905851 -0.148915932 0.003284676 0.988840163
1712644014.361634 0.106843710 0.002034537 0.374084353 0.000799182 -0.138605073 0.001817308 0.990345776
1712644014.395902 0.107573994 -0.002549488 0.359260023 -0.001188068 -0.126659036 0.002412646 0.991942644
1712644014.426715 0.110640325 -0.005324928 0.347528815 0.000298806 -0.114835821 0.002214775 0.993381977
1712644014.463051 0.110169940 -0.003110462 0.343547583 0.002444237 -0.101285242 0.000291532 0.994854391
1712644014.492940 0.112847820 -0.002899363 0.335953772 0.001179625 -0.090361722 0.000323312 0.995908260
1712644014.526795 0.116222098 -0.001051656 0.331322461 0.001285334 -0.083339214 -0.000333924 0.996520340
1712644014.568105 0.119955845 -0.000754602 0.329955637 0.000196737 -0.077025391 0.002620039 0.997025669
1712644014.593162 0.120992765 -0.001382809 0.326160163 -0.000010585 -0.070423059 0.002216958 0.997514725
1712644014.631896 0.122071818 -0.002036407 0.322861969 0.000962013 -0.063470729 0.001631357 0.997981906
1712644014.667171 0.129350647 -0.003294493 0.315186918 0.001224651 -0.058010910 0.002694676 0.998311520
1712644014.697611 0.132710442 -0.003964760 0.308966637 0.000931964 -0.048723515 0.002971322 0.998807430
1712644014.731292 0.134861365 -0.002525613 0.305158585 -0.000730424 -0.037754726 0.001287463 0.999285936
1712644014.763413 0.134616852 -0.003433589 0.299724579 -0.002841704 -0.027315393 0.003305538 0.999617338
1712644014.795467 0.136671156 -0.000290289 0.300493658 -0.001816051 -0.015743921 0.002746142 0.999870658
1712644014.826205 0.138960853 -0.001022125 0.295804262 -0.001391396 -0.003493013 0.002429333 0.999989986
1712644014.859702 0.141377851 0.000501530 0.291513771 -0.000699316 0.008543819 0.001186954 0.999962568
1712644014.893826 0.145797014 -0.000732240 0.283928812 -0.002554687 0.018805088 0.002104381 0.999817669
1712644014.927113 0.149786562 -0.000769064 0.280279249 -0.002021713 0.027765876 0.002123392 0.999610126
1712644014.960995 0.150311962 -0.000058444 0.274367243 -0.001396814 0.037997130 0.000444818 0.999276757
1712644014.993538 0.152669817 -0.000612912 0.270074785 -0.001042764 0.046817180 0.001303232 0.998902082
1712644015.029444 0.150737375 -0.001566882 0.263759851 0.000140578 0.057259243 -0.000331452 0.998359263
1712644015.066227 0.152666464 0.000173814 0.261717200 0.002358158 0.066753067 0.000360052 0.997766674
1712644015.096409 0.158301204 0.000709331 0.255698949 0.004233761 0.077632770 -0.001919411 0.996971190
1712644015.138968 0.157648414 0.000517466 0.251785576 0.002279961 0.092545517 -0.005773891 0.995689094
1712644015.165427 0.161361948 0.001031511 0.247555286 0.001620236 0.105126619 -0.003415446 0.994451642
1712644015.195220 0.162930965 -0.000014387 0.237823054 0.002107425 0.118815891 -0.003193673 0.992908955
1712644015.226771 0.162688881 0.000993045 0.231212944 0.003475595 0.134005219 -0.002791476 0.990970612
1712644015.265637 0.164929926 0.000000177 0.229685739 0.003999743 0.143872246 -0.001266620 0.989587367
1712644015.294169 0.166261032 -0.000446265 0.222111478 0.004107713 0.153239712 -0.000432799 0.988180399
1712644015.328150 0.166837797 -0.000179364 0.217518046 0.006029904 0.163406476 -0.001353263 0.986539483
1712644015.367015 0.168119907 0.000319568 0.209901214 0.007246632 0.174082637 -0.003510315 0.984698117
1712644015.394591 0.168294191 -0.000536472 0.204494923 0.006664718 0.187531367 -0.003930635 0.982228160
1712644015.432282 0.170250282 0.001076592 0.199485421 0.008259526 0.201876447 -0.006408061 0.979355216
1712644015.467491 0.168515727 -0.000833699 0.190108135 0.008497509 0.219023064 -0.006328074 0.975662172
1712644015.500049 0.171458870 -0.000170615 0.180521697 0.008281603 0.230735630 -0.001412157 0.972980201
1712644015.531196 0.170464799 -0.000128357 0.175430343 0.008758495 0.242882669 0.000669836 0.970015883
1712644015.563871 0.168408513 -0.000306556 0.164625943 0.007685271 0.253984392 0.001384604 0.967176795
1712644015.595739 0.170989707 -0.000451975 0.162172839 0.007093616 0.260044694 0.002703672 0.965566754
1712644015.628191 0.171747297 -0.004035322 0.158720851 0.004892703 0.265627027 0.008683624 0.964024305
1712644015.666044 0.167279989 -0.001596360 0.153280810 0.015037982 0.272626996 0.001835212 0.962000549
1712644015.696029 0.166503459 -0.002266029 0.150729313 0.011770410 0.275798410 0.003631041 0.961136580
1712644015.727901 0.165624306 -0.003213719 0.150183648 0.010421654 0.277454823 0.003694313 0.960675061
1712644015.767311 0.167269289 -0.001144673 0.149100527 0.012314028 0.275590003 0.004259907 0.961186945
1712644015.794094 0.167561829 -0.000953179 0.149589762 0.009439302 0.274697781 0.003936166 0.961476207
1712644015.833336 0.168389365 -0.001389005 0.150821552 0.008090686 0.273631454 0.004548728 0.961789846
1712644015.867416 0.169219717 -0.000763700 0.151549861 0.007453403 0.273771226 0.004486846 0.961755514
1712644015.896947 0.169173181 -0.000010225 0.152648136 0.006392398 0.274893463 0.004688238 0.961441994
1712644015.930800 0.170072168 -0.000860706 0.153952464 0.004792179 0.274743050 0.004635168 0.961494565
1712644015.964071 0.169838250 -0.000935888 0.153789848 0.006406000 0.274394035 0.003848928 0.961588323
1712644015.994833 0.169461355 -0.001114235 0.152759939 0.006820783 0.274315625 0.004306068 0.961605906
1712644016.027877 0.169238940 -0.001196560 0.152785003 0.006604772 0.274174750 0.004277176 0.961647689
1712644016.063514 0.168862432 -0.000470079 0.152988866 0.007640571 0.274586618 0.004096940 0.961523294
1712644016.093358 0.169018999 -0.001009896 0.153062150 0.006826023 0.274530172 0.004320864 0.961544573
1712644016.127985 0.168641984 -0.000862773 0.152584970 0.006912177 0.274664581 0.004371515 0.961505294
1712644016.169872 0.168856874 -0.000744551 0.152696609 0.006816422 0.274482131 0.004449531 0.961557746
1712644016.198977 0.169149026 -0.000831993 0.153190434 0.006608994 0.274429590 0.004141418 0.961575568
1712644016.233054 0.169370592 -0.000521511 0.152827367 0.006946458 0.274310172 0.003942127 0.961608112
1712644016.267596 0.169024944 -0.000415336 0.153459802 0.007354353 0.274746448 0.004702535 0.961477101
1712644016.299578 0.168603405 -0.000677165 0.152967378 0.007021402 0.274933130 0.004222454 0.961428463
1712644016.332075 0.168972477 -0.001197736 0.152551636 0.006376153 0.274322987 0.004140867 0.961607575
1712644016.365007 0.168415129 -0.000700359 0.152841896 0.006732748 0.274894744 0.004228755 0.961441457
1712644016.396787 0.168561444 -0.001239466 0.152686283 0.006574428 0.274792105 0.004511258 0.961470604
1712644016.430306 0.168567210 -0.000828548 0.152821958 0.006878431 0.274751693 0.004495887 0.961480081
1712644016.463084 0.168932661 -0.001207414 0.152618870 0.006468320 0.274594486 0.004652109 0.961527109
1712644016.495416 0.168864787 -0.000689054 0.152731493 0.006954275 0.274472654 0.004382608 0.961559772
1712644016.530989 0.168846190 -0.000601996 0.152259424 0.006890826 0.274554789 0.003738932 0.961539447
1712644016.568056 0.168625683 -0.000758433 0.152294606 0.006335442 0.274586588 0.004478276 0.961531103
1712644016.601148 0.168600142 0.000553837 0.151858568 0.004473881 0.274740428 0.004878483 0.961495638
1712644016.630411 0.167885482 0.000345022 0.151729539 0.004278170 0.274998158 0.005150890 0.961421430
1712644016.669386 0.167238772 0.000261660 0.150291339 0.004245824 0.274624020 0.005094642 0.961528778
1712644016.700394 0.165411636 -0.000595855 0.148009256 0.003612214 0.274490327 0.005205865 0.961569011
1712644016.729830 0.163744912 -0.000146348 0.145948827 0.004384587 0.274669588 0.004313356 0.961519003
1712644016.765126 0.161504030 0.000700383 0.142978519 0.004621249 0.275045484 0.003618246 0.961413264
1712644016.796215 0.158864155 0.000354064 0.140877053 0.004779404 0.276076913 0.003710600 0.961116493
1712644016.829365 0.158536553 0.000605380 0.138134107 0.005166529 0.275017112 0.003422720 0.961419344
1712644016.861439 0.154621363 -0.000896505 0.133872241 0.003671276 0.275857836 0.004077801 0.961182773
1712644016.895030 0.153845996 0.000037910 0.132182777 0.004215859 0.275188714 0.003905369 0.961373031
1712644016.931937 0.151391476 0.000575458 0.129751250 0.004002872 0.275272548 0.003820700 0.961350322
1712644016.968492 0.150114313 0.000763373 0.127311856 0.003449141 0.275019735 0.003314010 0.961426675
1712644016.999729 0.149282992 -0.000323447 0.123948231 0.002751316 0.274132729 0.004291079 0.961678386
1712644017.035301 0.146003321 0.000581698 0.121448621 0.003642096 0.275091052 0.003225371 0.961405873
1712644017.067553 0.144759536 0.000771411 0.118353844 0.003251655 0.274752527 0.003956747 0.961501360
1712644017.097063 0.143154964 0.000241476 0.115512282 0.002991264 0.274787039 0.004059155 0.961491883
1712644017.131438 0.140301034 0.000398189 0.112480566 0.003836420 0.275549233 0.004787401 0.961267412
1712644017.163743 0.137564346 0.000425165 0.109273046 0.002852240 0.275857836 0.005568801 0.961178064
1712644017.196288 0.136385232 0.000916652 0.106443956 0.002554391 0.274089426 0.007194980 0.961673856
1712644017.228284 0.133446559 0.000492948 0.104600258 0.001827662 0.272446781 0.007675542 0.962138474
1712644017.263626 0.130995527 -0.000710564 0.100572035 0.001800891 0.269009084 0.007786978 0.963104427
1712644017.296298 0.128681585 0.000104391 0.096609727 0.002153452 0.266726851 0.007109664 0.963743508
1712644017.334084 0.126631334 -0.001191913 0.093175307 0.000852179 0.265419841 0.007520419 0.964103222
1712644017.368468 0.123856708 -0.000860430 0.089486480 0.000616916 0.264402390 0.007664077 0.964381814
1712644017.400606 0.120435871 0.000747674 0.086158611 0.000777015 0.263992757 0.006924952 0.964499474
1712644017.439962 0.118401110 0.000294566 0.081712201 -0.000504119 0.262672454 0.007364820 0.964856803
1712644017.469551 0.116219074 -0.000065967 0.078071564 -0.001476402 0.262038201 0.008591816 0.965018153
1712644017.499292 0.113129683 0.000071683 0.074101269 -0.002025147 0.261242390 0.009649084 0.965222895
1712644017.531059 0.111207440 -0.000294325 0.070562825 -0.003404634 0.259692341 0.010519344 0.965628088
1712644017.563580 0.108806163 0.000399948 0.066769503 -0.003062499 0.258455247 0.010774605 0.965958297
1712644017.596458 0.105716623 0.000715867 0.062241461 -0.002864233 0.257156879 0.011112206 0.966301560
1712644017.629431 0.103394426 0.000270992 0.059020076 -0.003371399 0.255665898 0.011555821 0.966690242
1712644017.665394 0.100702263 -0.000398798 0.055241544 -0.003570453 0.254027218 0.011489764 0.967122257
1712644017.697144 0.097086154 0.000958493 0.051312596 -0.002442606 0.252403736 0.010540686 0.967561483
1712644017.733399 0.094274230 -0.000339328 0.046323467 -0.003963151 0.250058562 0.010236936 0.968168497
1712644017.768342 0.089451149 -0.000759463 0.042532030 -0.004560583 0.250219136 0.009883543 0.968128026
1712644017.795549 0.088153295 0.001391865 0.038766991 -0.003155837 0.248370796 0.008731731 0.968620539
1712644017.833758 0.084003925 0.000493993 0.035305269 -0.002743761 0.247936025 0.008346587 0.968736589
1712644017.867806 0.083094567 0.000224422 0.028229274 -0.001814507 0.243666992 0.007577039 0.969827652
1712644017.898827 0.077471904 0.002399182 0.023200525 -0.001324922 0.243378118 0.005826452 0.969913065
1712644017.930921 0.077001780 0.002438380 0.020002093 -0.001320105 0.241046995 0.007166584 0.970486104
1712644017.965158 0.074387290 0.000186107 0.015868915 0.000449108 0.239590272 0.006929704 0.970849276
1712644017.995449 0.070915699 -0.001691577 0.012590488 0.004056748 0.238469899 0.008452384 0.971104622
1712644018.031797 0.061430696 0.000607503 0.004806838 0.005923712 0.236413762 0.007437739 0.971605957
1712644018.063968 0.062957749 0.001435659 0.002819211 0.002361886 0.231654108 0.004790158 0.972783566
1712644018.096545 0.062033094 -0.003300511 0.001014175 0.001380753 0.231072411 0.006305803 0.972915113
1712644018.129398 0.057654042 0.000028041 -0.001586734 0.005621417 0.231774569 0.004137251 0.972744465
1712644018.168213 0.058563925 0.000912506 -0.002288685 0.005072942 0.230629489 0.003526064 0.973022044
1712644018.199647 0.058963932 0.001012900 -0.001864185 0.003656715 0.231037393 0.003960201 0.972929955
1712644018.234395 0.058187727 -0.000162798 -0.001729669 0.001281795 0.232352614 0.005047665 0.972617686
1712644018.270896 0.060873609 0.000589325 -0.000104289 0.000541089 0.232061878 0.005905997 0.972682953
1712644018.296610 0.060801584 0.001620686 0.000244274 -0.000398915 0.232302532 0.006427090 0.972622275
1712644018.329844 0.064095877 0.001991452 0.001784710 -0.000870229 0.230686530 0.006215164 0.973007917
1712644018.364987 0.061733078 -0.003078634 0.001465067 -0.001444738 0.229765251 0.008399008 0.973208785
1712644018.397321 0.061378606 -0.004761144 0.001354895 -0.000780124 0.225231335 0.010111169 0.974252522
1712644018.429358 0.058220282 -0.005584077 0.001992355 -0.001501868 0.220016465 0.011607288 0.975425959
1712644018.466881 0.054638315 -0.005816439 0.003018712 -0.001512765 0.214430913 0.009383166 0.976692915
1712644018.497462 0.055058777 0.000730834 0.001166479 0.001472813 0.209645301 0.005413474 0.977761388
1712644018.540276 0.056130297 0.002739856 0.001138057 0.002010082 0.209515437 0.004262764 0.977793992
1712644018.572659 0.057657015 0.002137065 0.001909827 0.001947643 0.210301593 0.005791619 0.977617443
1712644018.598913 0.057045717 0.000164670 0.002607383 0.001018264 0.210682467 0.006243455 0.977534056
1712644018.635621 0.055955611 0.001382228 0.002355591 0.001582779 0.210999563 0.004868062 0.977472723
1712644018.673116 0.056590129 0.000525345 0.002967989 0.000937978 0.210877374 0.005781221 0.977494955
1712644018.700756 0.056122534 -0.001086939 0.002958959 0.000248273 0.209784955 0.007582424 0.977718115
1712644018.730744 0.055959657 -0.002371838 0.002400176 0.000544693 0.206736907 0.008744200 0.978357375
1712644018.767256 0.053042654 -0.003326742 0.003025025 -0.000480245 0.203234151 0.009321120 0.979085684
1712644018.796893 0.052429140 -0.004386306 0.003819375 -0.000965561 0.197711870 0.010557473 0.980202854
1712644018.829612 0.051673558 -0.005350694 0.004970732 -0.000954099 0.191225693 0.011735803 0.981475472
1712644018.869226 0.048034888 -0.005264144 0.007423291 -0.001124458 0.184949934 0.011906545 0.982675195
1712644018.896434 0.046074010 -0.005157415 0.006003128 -0.001463018 0.176992416 0.011787670 0.984140515
1712644018.933813 0.039352495 -0.004608020 0.006468207 -0.000395147 0.169964284 0.008797742 0.985410869
1712644018.971082 0.034186404 -0.005595684 0.002320332 -0.001050320 0.160143331 0.010585488 0.987036467
1712644018.999743 0.033306591 -0.006328619 0.005300866 -0.001425583 0.147757486 0.011717185 0.988953173
1712644019.034599 0.030326394 -0.009808202 -0.000949387 -0.003289568 0.133447096 0.015162284 0.990934491
1712644019.069196 0.021106854 -0.010110824 0.000791696 -0.003174423 0.120650172 0.014795083 0.992579758
1712644019.098535 0.017423721 -0.010077823 -0.000514967 -0.002804898 0.106126167 0.011931800 0.994277120
1712644019.129576 0.018278832 -0.006013332 0.006436755 -0.000893342 0.091012716 0.009902644 0.995800078
1712644019.165304 0.014950616 -0.005303401 0.007119266 -0.000962319 0.077152662 0.009093880 0.996977329
1712644019.196264 0.008911296 -0.006090686 0.003305589 -0.001596849 0.061800659 0.008764414 0.998048723
1712644019.229674 0.004037580 -0.006214886 0.002513411 -0.002197238 0.042920209 0.009195027 0.999033749
1712644019.270574 -0.006327990 -0.005448427 0.002159716 -0.003709263 0.022283383 0.005274762 0.999730885
1712644019.297298 -0.005609158 -0.001736922 0.007177513 -0.002117726 -0.005453402 0.000708380 0.999982655
1712644019.331559 -0.007015887 -0.001248794 0.000285349 -0.000155287 -0.031951919 0.000470520 0.999489307
1712644019.368654 -0.008397112 0.000209584 -0.001189909 0.000319634 -0.052255187 0.000766694 0.998633444
1712644019.400716 0.000126671 -0.001246603 -0.002345519 -0.000674764 -0.059976101 0.000114325 0.998199582
1712644019.436908 0.001582222 0.001623593 -0.000104557 0.000570975 -0.055775046 -0.003110035 0.998438358
1712644019.472077 0.002168151 -0.000228631 -0.000516947 -0.000528859 -0.050765045 -0.000797489 0.998710155
1712644019.498657 0.000531895 -0.001203168 -0.001493646 -0.000911703 -0.048507288 0.001314321 0.998821557
1712644019.533530 -0.000133476 -0.001894573 -0.003819641 -0.000814200 -0.049774334 0.001677467 0.998758733
1712644019.567446 -0.001197533 -0.001413235 -0.003605355 -0.000566605 -0.051387008 0.001404540 0.998677671
1712644019.597978 -0.002446130 -0.002840768 -0.007652537 -0.001374174 -0.054471798 0.002388934 0.998511493
1712644019.630765 -0.003957401 -0.003414694 -0.007768596 -0.001322295 -0.060275055 0.003000311 0.998176396
1712644019.667609 -0.003938783 -0.003063791 -0.008859601 -0.000685737 -0.066702031 0.002580891 0.997769356
1712644019.699390 -0.007095433 -0.004270813 -0.011166241 -0.001105582 -0.072547615 0.002542863 0.997361064
1712644019.732147 -0.011094675 -0.005123540 -0.016272821 -0.001279037 -0.078837641 0.002729922 0.996882915
1712644019.768913 -0.010814364 -0.003945907 -0.014752919 -0.000832682 -0.087367080 0.001928548 0.996173978
1712644019.803050 -0.008544253 -0.002596163 -0.009424434 0.000094413 -0.092412390 0.000474977 0.995720685
1712644019.835417 -0.007249332 -0.002104068 -0.010262826 0.000137736 -0.091442131 -0.001571556 0.995809138
1712644019.869946 -0.007649374 -0.001828128 -0.009452325 -0.000103509 -0.089005448 -0.000619508 0.996030927
1712644019.900851 -0.008053594 -0.001375146 -0.008572528 -0.000154022 -0.088672265 0.000050387 0.996060848
1712644019.936863 -0.008549240 -0.001917972 -0.008803727 -0.000652477 -0.089601181 0.000448912 0.995977402
1712644019.977005 -0.009076355 -0.001534736 -0.009542556 -0.000269696 -0.090228654 0.000029207 0.995921016
1712644019.999402 -0.010138771 -0.003828440 -0.012989542 -0.001652096 -0.092488937 0.001885672 0.995710552
1712644020.030727 -0.012085825 -0.004069737 -0.016650917 -0.000861213 -0.097838998 0.002470439 0.995198786
1712644020.069904 -0.014445189 -0.004803257 -0.017766682 -0.001364765 -0.104358628 0.001959808 0.994536877
1712644020.097314 -0.015938306 -0.005973477 -0.021574786 -0.001621918 -0.112030029 0.002560212 0.993700206
1712644020.135295 -0.016699728 -0.005643917 -0.021582900 -0.001417486 -0.118911915 0.002098365 0.992901564
1712644020.171648 -0.017809285 -0.005689548 -0.022233499 -0.001265298 -0.125353888 0.002165133 0.992108941
1712644020.203743 -0.017634610 -0.006634609 -0.023933312 -0.001448157 -0.131028235 0.002368338 0.991374731
1712644020.236346 -0.018320866 -0.005226828 -0.021053165 -0.000877116 -0.135829836 0.001407550 0.990730822
1712644020.270490 -0.018880347 -0.005865104 -0.021944067 -0.000858782 -0.140145004 0.001167433 0.990129948
1712644020.301213 -0.017417448 -0.004162800 -0.019619241 0.000061064 -0.141467571 -0.000922044 0.989942431
1712644020.334326 -0.017566465 -0.004736091 -0.021342529 -0.000771856 -0.138988554 -0.001266395 0.990292907
1712644020.367594 -0.017810613 -0.005295084 -0.022505740 -0.001369319 -0.138269499 -0.000028946 0.990393698
1712644020.397685 -0.018164163 -0.006212835 -0.023379944 -0.001244998 -0.139104486 0.000390610 0.990276873
1712644020.432365 -0.017606128 -0.005487184 -0.022821574 -0.000958847 -0.139513478 -0.000350091 0.990219653
1712644020.472696 -0.018069794 -0.005826779 -0.022941478 -0.001073013 -0.139121741 -0.000143421 0.990274668
1712644020.497070 -0.017978022 -0.005824944 -0.023231260 -0.001090622 -0.139128804 -0.000240351 0.990273654
1712644020.537425 -0.017686142 -0.005144098 -0.022016311 -0.000905083 -0.139333904 -0.000698775 0.990244806
1712644020.570129 -0.017916214 -0.004882635 -0.021791840 -0.000915181 -0.139157310 -0.000884145 0.990269482
1712644020.602168 -0.018117184 -0.004710549 -0.020379221 -0.000821642 -0.139109492 -0.000879373 0.990276277
1712644020.636912 -0.017954249 -0.004991702 -0.021533575 -0.000954498 -0.139161572 -0.000869456 0.990268826
1712644020.671121 -0.018147532 -0.004961798 -0.021504669 -0.000832707 -0.139119476 -0.000446301 0.990275145
1712644020.699272 -0.018014925 -0.004893594 -0.021100575 -0.000875355 -0.139179185 -0.000723848 0.990266562
1712644020.735434 -0.017978329 -0.004865431 -0.021369301 -0.000911662 -0.139152661 -0.000730218 0.990270257
1712644020.766722 -0.017900804 -0.004900952 -0.021269040 -0.000889762 -0.139279634 -0.000607210 0.990252495
1712644020.797364 -0.017697759 -0.005265513 -0.021914333 -0.000868195 -0.139311925 -0.000360271 0.990248084
1712644020.833079 -0.017889136 -0.005098344 -0.021608954 -0.000890466 -0.139173910 -0.000414581 0.990267456
1712644020.870348 -0.017920118 -0.004964569 -0.021251865 -0.000864115 -0.139180675 -0.000527670 0.990266502
1712644020.903330 -0.017864259 -0.005337757 -0.021599218 -0.000995953 -0.139227867 -0.000511731 0.990259767
1712644020.937928 -0.017680731 -0.005297676 -0.022561677 -0.000927812 -0.139212847 -0.000544220 0.990261912
1712644020.974344 -0.017567892 -0.005125517 -0.021997558 -0.000917838 -0.139299557 -0.000504252 0.990249753
1712644021.002484 -0.017741779 -0.005248056 -0.021782141 -0.000961028 -0.139182687 -0.000553193 0.990266085
1712644021.036804 -0.017838806 -0.004948378 -0.020773087 -0.000882582 -0.139181226 -0.000440231 0.990266442
1712644021.071090 -0.017883521 -0.005076670 -0.021241769 -0.000897828 -0.139221847 -0.000409512 0.990260720
1712644021.098830 -0.017905880 -0.005049921 -0.021769026 -0.000830624 -0.139151558 -0.000665431 0.990270495
1712644021.133342 -0.017906804 -0.005039216 -0.021592267 -0.000858215 -0.139159530 -0.000765107 0.990269303
1712644021.166910 -0.017689582 -0.005115184 -0.021702761 -0.000914157 -0.139260590 -0.000357839 0.990255296
1712644021.199117 -0.017885046 -0.005041852 -0.021586424 -0.000897599 -0.139196381 -0.000404059 0.990264297
1712644021.231918 -0.018098494 -0.005400037 -0.022222901 -0.001007869 -0.139110655 -0.000342853 0.990276277
1712644021.273871 -0.017797474 -0.005078515 -0.021682382 -0.000814600 -0.139230981 -0.000166452 0.990259588
1712644021.299686 -0.017787512 -0.005188809 -0.022224097 -0.000908933 -0.139204904 -0.000569194 0.990262985
1712644021.341002 -0.017999183 -0.004884178 -0.022230715 -0.000753675 -0.139071584 -0.000648047 0.990281820
1712644021.373662 -0.018023636 -0.004889813 -0.021861076 -0.000792732 -0.139146447 -0.000511138 0.990271330
1712644021.402363 -0.017789021 -0.005175574 -0.022471946 -0.000914960 -0.139152259 -0.000361798 0.990270495
1712644021.444662 -0.018141240 -0.005051532 -0.021182625 -0.000861837 -0.139063880 -0.000530700 0.990282893
1712644021.471464 -0.017853925 -0.005079061 -0.021397740 -0.000885790 -0.139145657 -0.000256527 0.990271509
1712644021.501473 -0.018004678 -0.005023700 -0.021527711 -0.000843278 -0.139153659 -0.000470820 0.990270317
1712644021.536729 -0.018019058 -0.005144002 -0.021730982 -0.000873607 -0.139116392 -0.000271969 0.990275621
1712644021.568669 -0.017883897 -0.005065865 -0.022339655 -0.000875200 -0.139192119 -0.000520831 0.990264893
1712644021.599161 -0.017628295 -0.005063254 -0.022682883 -0.000872396 -0.139226303 -0.000681134 0.990259945
1712644021.633350 -0.018129088 -0.005138863 -0.021557560 -0.000864421 -0.139113843 -0.000354776 0.990275979
1712644021.670271 -0.017788718 -0.005016925 -0.022155020 -0.000856863 -0.139189765 -0.000593483 0.990265191
1712644021.702649 -0.017494120 -0.005354057 -0.022897800 -0.000986447 -0.139346167 -0.000561197 0.990243077
1712644021.740505 -0.017798690 -0.005202901 -0.021767989 -0.000983031 -0.139185145 -0.000682916 0.990265667
1712644021.772310 -0.017612243 -0.005092339 -0.021819262 -0.000890455 -0.139288962 -0.000364390 0.990251303
1712644021.802561 -0.017901516 -0.005144766 -0.021655364 -0.000876697 -0.139209509 -0.000562824 0.990262389
1712644021.835590 -0.017913431 -0.004938724 -0.021693813 -0.000850243 -0.139196321 -0.000382142 0.990264356
1712644021.870227 -0.017809898 -0.004947015 -0.021449914 -0.000775051 -0.139196426 -0.000475990 0.990264356
1712644021.900821 -0.017987182 -0.004990834 -0.021399062 -0.000789139 -0.139153302 -0.000483766 0.990270436
1712644021.934787 -0.017716482 -0.005042876 -0.021594200 -0.000868070 -0.139219627 -0.000339005 0.990261078
1712644021.965411 -0.018018767 -0.005035351 -0.021758148 -0.000897010 -0.139157295 -0.000493123 0.990269780
1712644021.998530 -0.018025648 -0.005012692 -0.021687701 -0.000865312 -0.139106110 -0.000476835 0.990276992
1712644022.035117 -0.018145096 -0.005138226 -0.021749647 -0.000871210 -0.139071092 -0.000592337 0.990281880
1712644022.065501 -0.017901678 -0.005345160 -0.022425510 -0.000912595 -0.139147609 -0.000483071 0.990271091
1712644022.103409 -0.017970899 -0.005046246 -0.021422133 -0.000816360 -0.139122829 -0.000625891 0.990274608
1712644022.134662 -0.017643306 -0.005274531 -0.021922283 -0.000846465 -0.139205545 -0.000278991 0.990263104
1712644022.173645 -0.017658619 -0.005242926 -0.022144280 -0.000885039 -0.139241457 -0.000370992 0.990257978
1712644022.202736 -0.018012252 -0.005314395 -0.022183098 -0.000894216 -0.139153063 -0.000303755 0.990270436
1712644022.232317 -0.018062135 -0.005008466 -0.021548182 -0.000815864 -0.139082372 -0.000720888 0.990280211
1712644022.268596 -0.017912667 -0.005129055 -0.021762537 -0.000811542 -0.139146075 -0.000517640 0.990271389
1712644022.302805 -0.017814681 -0.005123690 -0.021899441 -0.000831381 -0.139155447 -0.000578989 0.990270019
1712644022.335145 -0.017811565 -0.004863489 -0.021553310 -0.000739335 -0.139240488 -0.000450669 0.990258217
1712644022.367266 -0.017630301 -0.005079886 -0.022280695 -0.000782930 -0.139230818 -0.000432952 0.990259528
1712644022.398713 -0.017877487 -0.005239843 -0.021298185 -0.000789378 -0.139221698 -0.000519965 0.990260780
1712644022.433681 -0.018266013 -0.005069097 -0.021407908 -0.000614283 -0.139034733 -0.000284990 0.990287244
1712644022.467753 -0.018011346 -0.005232151 -0.022052195 -0.000727048 -0.139107883 -0.000484958 0.990276873
