1712643981.843351 0.000404931 -0.001406129 0.034311581 0.000959647 -0.003166041 -0.000480419 0.999994397
1712643981.870344 0.000618284 -0.001502513 0.035184599 0.001108015 -0.003046184 -0.000181234 0.999994755
1712643981.902925 0.000316860 -0.001267696 0.035841055 0.001342450 -0.002928701 -0.000052637 0.999994814
1712643981.936936 0.000569906 -0.001213283 0.036079485 0.001557903 -0.003162172 -0.000020727 0.999993742
1712643981.972733 0.000896010 -0.001708982 0.036700130 0.001898602 -0.003344987 0.000661399 0.999992371
1712643982.005739 0.000549818 -0.001092095 0.037081011 0.001949117 -0.002973846 0.000276727 0.999993622
1712643982.048784 0.000916650 -0.001049183 0.038803268 0.001680347 -0.002935142 0.000480586 0.999994159
1712643982.071967 0.000977290 -0.000948851 0.039981253 0.001748956 -0.002714179 0.000439694 0.999994695
1712643982.104245 0.001441624 -0.000712216 0.041188300 0.001912701 -0.002803281 0.000753207 0.999993980
1712643982.139868 0.001386757 -0.001496175 0.042478479 0.001582475 -0.002605371 0.001033321 0.999994814
1712643982.170164 0.002333537 -0.001904207 0.042459376 0.001559636 -0.003391656 0.001492933 0.999991894
1712643982.202210 0.001309906 -0.000771455 0.044222593 0.001999301 -0.002509975 0.001279387 0.999994040
1712643982.237456 0.000989135 -0.001128836 0.045184694 0.001447719 -0.002290969 0.000958431 0.999995887
1712643982.268775 0.001362415 -0.001424201 0.046881080 0.001971915 -0.002398228 0.001147400 0.999994516
1712643982.304733 0.001421577 -0.001313976 0.048308108 0.002110289 -0.002654187 0.001214973 0.999993503
1712643982.336699 0.001656531 -0.001781586 0.050231144 0.002557727 -0.002820708 0.000956629 0.999992311
1712643982.373903 0.001823108 -0.000956031 0.051868759 0.002887411 -0.002875397 0.000848863 0.999991357
1712643982.406379 0.002154734 -0.001091242 0.053633340 0.003000075 -0.003315134 0.001644894 0.999988616
1712643982.443555 0.001992919 -0.000576072 0.056335308 0.002936744 -0.003455359 0.001028516 0.999989152
1712643982.472508 0.002172109 -0.001700745 0.058722209 0.001741752 -0.003629027 0.001632262 0.999990582
1712643982.505292 0.002003898 -0.002303904 0.062002413 0.002023299 -0.003398908 0.001901994 0.999990344
1712643982.538195 0.001905433 -0.002785062 0.063633494 0.001760327 -0.003314324 0.002041282 0.999990880
1712643982.569479 0.002364415 -0.001330548 0.065565154 0.002451336 -0.003896088 0.002829302 0.999985397
1712643982.602702 0.003063483 -0.001168581 0.067683689 0.002553355 -0.004602501 0.003015438 0.999981582
1712643982.638077 0.004322449 -0.000696790 0.069768928 0.003075740 -0.005192208 0.003940909 0.999974012
1712643982.669274 0.002552424 -0.002429735 0.072940759 0.002148541 -0.003632726 0.002919278 0.999986827
1712643982.706184 0.002997307 -0.001805488 0.075447015 0.003169356 -0.003806321 0.003169882 0.999982715
1712643982.739770 0.002403835 -0.002511985 0.078673832 0.002936941 -0.003044628 0.002639977 0.999987602
1712643982.774167 0.002597994 -0.002050631 0.081552267 0.003182529 -0.003021374 0.002536748 0.999987125
1712643982.807137 0.002288513 -0.002308376 0.083999455 0.003088139 -0.002682642 0.002323838 0.999988914
1712643982.843222 0.001923666 -0.002913229 0.086256370 0.003190951 -0.002467676 0.002393752 0.999989033
1712643982.873133 0.002529763 -0.002951014 0.089753404 0.003915682 -0.003163227 0.002972436 0.999982893
1712643982.905289 0.002704335 -0.004005880 0.091405228 0.003479663 -0.003279842 0.002516926 0.999985397
1712643982.953017 0.007326875 -0.002599590 0.094304845 0.005357881 -0.004440906 0.002939758 0.999971449
1712643982.977229 0.006549392 -0.001087522 0.096392244 0.006009427 0.000151974 0.000747231 0.999981642
1712643983.005104 0.007073846 -0.001773438 0.099787727 0.005139343 0.004154176 0.001261542 0.999977350
1712643983.037819 0.008494518 -0.001675754 0.101385430 0.005324883 0.006551109 0.001628606 0.999963045
1712643983.079462 0.007352141 -0.001988986 0.107704565 0.005237107 0.010588241 0.000895069 0.999929845
1712643983.107575 0.007899193 -0.001979368 0.110824510 0.005314998 0.012568060 0.000459356 0.999906778
1712643983.147602 0.008863643 -0.003267941 0.113185637 0.005086713 0.014644676 0.000251915 0.999879777
1712643983.176825 0.010568099 -0.001949690 0.116371751 0.006423918 0.016571399 -0.000218584 0.999841988
1712643983.211304 0.011800928 -0.001949498 0.118868276 0.007436892 0.019181632 -0.000399842 0.999788284
1712643983.242194 0.011594292 -0.002496653 0.121536009 0.007854434 0.022112673 -0.000056094 0.999724627
1712643983.272474 0.011076526 -0.002783933 0.123802602 0.008352786 0.024060117 -0.000123278 0.999675572
1712643983.308667 0.009841146 -0.003544918 0.128087178 0.007800074 0.025018550 -0.000373398 0.999656498
1712643983.350662 0.010281060 -0.004257124 0.130891576 0.007284481 0.023648836 -0.000213931 0.999693751
1712643983.373054 0.010888487 -0.004141649 0.133634239 0.007795143 0.023189958 -0.000988838 0.999700189
1712643983.404400 0.012624686 -0.003387232 0.138786986 0.008861551 0.023975244 -0.002310502 0.999670565
1712643983.437144 0.013664872 -0.002278033 0.141458794 0.009982646 0.026506519 -0.003346735 0.999593198
1712643983.470280 0.015456039 -0.001605872 0.144793332 0.010176948 0.029358715 -0.003563886 0.999510765
1712643983.505317 0.015753027 -0.002149704 0.148946121 0.009776835 0.033968501 -0.003986752 0.999367118
1712643983.544900 0.017027218 -0.002102103 0.152142838 0.009915058 0.037734326 -0.004361364 0.999229074
1712643983.573435 0.017643286 -0.001901408 0.155311137 0.009595884 0.042982567 -0.004808137 0.999018192
1712643983.607859 0.017626384 -0.000639917 0.156546578 0.009637661 0.047918305 -0.004525285 0.998794496
1712643983.638532 0.017583894 -0.000460373 0.159065530 0.002838270 0.051289447 -0.003805259 0.998672545
1712643983.674824 0.019059794 -0.003490902 0.163039893 0.000188254 0.051742896 -0.001862204 0.998658717
1712643983.707050 0.017971609 -0.004453076 0.161349788 0.002323716 0.051916026 -0.002138414 0.998646438
1712643983.739845 0.018613512 -0.004539924 0.161310047 0.003464383 0.051125363 -0.001767705 0.998684645
1712643983.769955 0.017831260 -0.004665339 0.159916922 0.005205192 0.050755922 -0.001254353 0.998696744
1712643983.803428 0.016591664 -0.004078057 0.157725781 0.006195958 0.049858678 -0.001542774 0.998735845
1712643983.842194 0.018043905 -0.004314358 0.158725560 0.006715203 0.049074963 -0.002509410 0.998769343
1712643983.871909 0.017478509 -0.001242123 0.155709490 0.009226480 0.050358236 -0.003288688 0.998683214
1712643983.904305 0.016750963 -0.003097208 0.156632274 0.007820624 0.051534958 -0.002030676 0.998638511
1712643983.939924 0.016484780 -0.000986306 0.156362548 0.008652451 0.050449755 -0.002469342 0.998686075
1712643983.973772 0.016685789 -0.001764053 0.156434640 0.007715494 0.048919499 -0.002060312 0.998770773
1712643984.008640 0.016856838 -0.001393463 0.156435534 0.007931263 0.048027739 -0.002486749 0.998811424
1712643984.047030 0.016284239 -0.003267085 0.156380370 0.006919924 0.047695745 -0.001136572 0.998837292
1712643984.072488 0.015220417 -0.004216023 0.156783879 0.008201917 0.045833617 -0.000012100 0.998915434
1712643984.105077 0.013132161 -0.004294917 0.156768233 0.008097155 0.042987928 0.000482721 0.999042630
1712643984.138807 0.012882261 -0.005020919 0.157239988 0.007653401 0.038073964 0.000822690 0.999245286
1712643984.172980 0.011168893 -0.004582034 0.157771647 0.007990270 0.034121007 0.000521837 0.999385655
1712643984.204848 0.009738262 -0.003910429 0.156540170 0.008278063 0.029358132 0.000008977 0.999534667
1712643984.251956 0.008615983 -0.004742545 0.157868549 0.008212454 0.024072180 0.000717300 0.999676228
1712643984.274521 0.007505947 -0.004919646 0.158448651 0.008454218 0.017660266 0.001358399 0.999807358
1712643984.313573 0.005035925 -0.005932592 0.162436008 0.007430812 0.011025422 0.000619346 0.999911427
1712643984.337388 0.004344248 -0.005683441 0.162300661 0.008249314 0.003928574 0.001007546 0.999957740
1712643984.373441 0.002536744 -0.006577448 0.162896141 0.007861659 -0.002002380 0.001109451 0.999966443
1712643984.409190 0.003403651 -0.003803918 0.169718683 0.008110601 -0.007794686 -0.000738147 0.999936461
1712643984.445284 0.006013229 -0.002749847 0.175023347 0.007701593 -0.010288681 -0.001635315 0.999916077
1712643984.471551 0.007016879 -0.002663138 0.176856995 0.008121610 -0.009387293 -0.001148014 0.999922276
1712643984.504399 0.006776739 -0.002448742 0.179254115 0.008101407 -0.008252123 -0.000415306 0.999933064
1712643984.538216 0.006379019 -0.002729031 0.182068825 0.007419635 -0.007923285 -0.000179133 0.999941051
1712643984.572750 0.006361837 -0.002434979 0.184245691 0.006954729 -0.007951350 -0.000428645 0.999944091
1712643984.606689 0.008952631 -0.002253597 0.188880980 0.006526707 -0.007598162 -0.000878468 0.999949455
1712643984.639621 0.010467334 -0.000667608 0.192267761 0.008680555 -0.003735045 -0.001718563 0.999953866
1712643984.672429 0.010886916 -0.000370677 0.194089770 0.007620182 0.001585373 -0.001872836 0.999967933
1712643984.711074 0.011022021 -0.001231443 0.197116032 0.006700103 0.005901707 -0.001548931 0.999958932
1712643984.738760 0.010582621 -0.000789877 0.198754117 0.007058514 0.009270714 -0.001899885 0.999930322
1712643984.774090 0.011138733 -0.001207596 0.200902835 0.006106813 0.011190381 -0.001155464 0.999918044
1712643984.808804 0.012259436 -0.001615113 0.204777509 0.006225474 0.012531895 -0.000632002 0.999901891
1712643984.842116 0.011532025 -0.000838618 0.206828609 0.006310805 0.014056784 -0.001173467 0.999880612
1712643984.873270 0.011686315 -0.001469490 0.210117266 0.004937341 0.014369030 -0.000806118 0.999884248
1712643984.906819 0.012324349 -0.001574082 0.213615596 0.005044720 0.014408930 -0.000631942 0.999883294
1712643984.940634 0.012863324 -0.001204369 0.216516495 0.005455048 0.014248891 -0.000695154 0.999883354
1712643984.971579 0.012392079 -0.001358520 0.219015613 0.005481950 0.015003925 -0.000790970 0.999872088
1712643985.004318 0.013393932 -0.002232134 0.222447440 0.004874972 0.015418383 -0.000366558 0.999869168
1712643985.041198 0.013159179 -0.002225014 0.224939644 0.004300663 0.015895071 -0.000044057 0.999864399
1712643985.072459 0.013456551 -0.002470288 0.227674112 0.004257989 0.016087893 0.000343768 0.999861479
1712643985.104846 0.014073147 -0.002372892 0.230589196 0.004661690 0.016296703 0.000391201 0.999856234
1712643985.142273 0.013605104 -0.002264952 0.233102024 0.004354322 0.017086422 -0.000269011 0.999844491
1712643985.175292 0.014021480 -0.002537163 0.235468879 0.004313661 0.017408105 -0.000460202 0.999839067
1712643985.213952 0.014847733 -0.002528970 0.238362148 0.004417208 0.017877273 -0.000119393 0.999830425
1712643985.245675 0.014698293 -0.002418691 0.240401059 0.004073583 0.018717492 -0.000285437 0.999816477
1712643985.273548 0.015464951 -0.001751691 0.243858203 0.003680420 0.019064920 -0.000383895 0.999811411
1712643985.309878 0.015903099 -0.001586282 0.247099549 0.002980856 0.020054663 -0.000707261 0.999794185
1712643985.340180 0.016037600 -0.001448117 0.250032455 0.002354315 0.021270901 -0.000518450 0.999770820
1712643985.371838 0.016141219 -0.002619614 0.252604991 0.001163788 0.021882975 -0.000072951 0.999759853
1712643985.404541 0.016983418 -0.003085583 0.256461501 0.001010485 0.022004761 0.000474115 0.999757230
1712643985.438352 0.018216567 -0.003065425 0.259995222 0.001922063 0.022530651 0.000385678 0.999744236
1712643985.471674 0.018257938 -0.002635189 0.262814194 0.002719813 0.023780571 0.000734918 0.999713242
1712643985.508279 0.018960187 -0.001965591 0.268668413 0.003124408 0.025574641 0.000265251 0.999668002
1712643985.547114 0.020216411 -0.002042835 0.271896273 0.002877551 0.027466686 0.000659244 0.999618351
1712643985.576315 0.020666489 -0.002145294 0.275930911 0.003035656 0.029780466 0.001190465 0.999551117
1712643985.612680 0.021604672 -0.001629287 0.279297471 0.003014258 0.031262048 0.000846130 0.999506295
1712643985.640842 0.021699483 -0.001619503 0.282906801 0.002106176 0.033371653 0.000679296 0.999440551
1712643985.672008 0.021454176 -0.001636087 0.285245508 0.000657772 0.034814477 0.000926265 0.999393165
1712643985.705197 0.021495678 -0.000593285 0.288718998 -0.001744056 0.035728589 0.000100477 0.999360025
1712643985.738680 0.022543790 -0.001617493 0.292259395 -0.003955673 0.036090713 0.001137125 0.999340057
1712643985.771381 0.023391066 -0.002238565 0.295809984 -0.003982788 0.036070619 0.001690812 0.999339879
1712643985.805879 0.022929819 -0.002431557 0.296843350 -0.003367658 0.035878927 0.000443283 0.999350369
1712643985.842870 0.022057692 -0.001698172 0.298465282 -0.002851187 0.035839323 -0.000333747 0.999353409
1712643985.872713 0.020988155 -0.000011495 0.297881991 -0.003602389 0.036120646 -0.001344996 0.999340057
1712643985.905735 0.022687126 -0.001891589 0.301012844 -0.005894297 0.035480313 0.000556078 0.999352813
1712643985.944328 0.022792093 -0.002247008 0.300800651 -0.004528162 0.035165131 0.000756109 0.999370992
1712643985.977254 0.021831011 -0.001841786 0.299086869 -0.002781559 0.034876145 -0.000083843 0.999387741
1712643986.011032 0.021909514 -0.001646346 0.298248827 -0.002551319 0.034711067 -0.000437641 0.999394059
1712643986.045156 0.022224929 -0.001680564 0.298206419 -0.002219665 0.034893870 -0.000313765 0.999388516
1712643986.073014 0.021785920 -0.001887470 0.297405720 -0.001515202 0.034461014 0.000424994 0.999404788
1712643986.105640 0.020039404 -0.001033834 0.295877576 -0.001761688 0.033393227 -0.000086893 0.999440730
1712643986.138950 0.021196162 -0.001830113 0.297726721 -0.002701175 0.030880483 0.000798161 0.999519110
1712643986.173613 0.021065757 -0.001410774 0.297460258 -0.001721780 0.029885998 -0.000162715 0.999551833
1712643986.217563 0.020642521 -0.001743219 0.297193497 -0.002498158 0.029531527 0.000377990 0.999560654
1712643986.252857 0.021110471 -0.002665097 0.298343152 -0.002189902 0.027823726 0.001248392 0.999609649
1712643986.272820 0.019026194 -0.003373805 0.296171695 -0.000387721 0.025721800 0.001524818 0.999667883
1712643986.309935 0.017232109 -0.004080710 0.296397626 -0.000125958 0.021532634 0.001833148 0.999766469
1712643986.345047 0.014411905 -0.003978405 0.295456320 0.000286129 0.016339067 0.002057813 0.999864340
1712643986.375904 0.013128893 -0.005532840 0.296952784 -0.000643237 0.009311787 0.002921245 0.999952137
1712643986.408930 0.007873822 -0.005636319 0.298207045 0.000714635 0.002991930 0.001978653 0.999993324
1712643986.440691 0.004988108 -0.007433839 0.298322618 0.000377425 -0.006396371 0.002503765 0.999976337
1712643986.474051 -0.003086409 -0.009247030 0.301086485 0.000656638 -0.016112817 0.001330196 0.999869108
1712643986.507024 -0.006717225 -0.008851964 0.299689442 0.000980727 -0.032765508 0.002509312 0.999459445
1712643986.540795 -0.016168285 -0.009659762 0.297283232 -0.000302766 -0.050430890 0.002921607 0.998723209
1712643986.573659 -0.022614107 -0.012530482 0.295181394 -0.002342544 -0.068743713 0.002290347 0.997628987
1712643986.605794 -0.020277722 -0.010268444 0.298699200 -0.002000458 -0.088113733 0.001440578 0.996107340
1712643986.650591 -0.016549028 -0.005976037 0.310548484 -0.001651142 -0.105410390 -0.002379789 0.994424582
1712643986.672654 -0.013685890 -0.005972437 0.311478287 0.000120654 -0.114828765 -0.003885679 0.993377686
1712643986.712262 -0.011216300 -0.002907429 0.314297795 0.000272806 -0.117743216 -0.004507039 0.993033826
1712643986.749355 -0.010560642 -0.005020564 0.317047298 -0.001594626 -0.116681412 -0.003706800 0.993161201
1712643986.776854 -0.011779135 -0.003737541 0.315959632 0.000136731 -0.113664001 -0.003292859 0.993513763
1712643986.812128 -0.012936212 -0.004945055 0.323332280 -0.000186391 -0.113236018 -0.002311040 0.993565440
1712643986.842783 -0.013811648 -0.005369800 0.323515326 0.000219691 -0.113882072 -0.001704179 0.993492782
1712643986.873635 -0.014039403 -0.005690482 0.323734373 0.000186648 -0.115263768 -0.001614485 0.993333578
1712643986.905603 -0.013355338 -0.006563318 0.324680001 -0.000170227 -0.116845347 -0.001642400 0.993148744
1712643986.942899 -0.013785304 -0.005756290 0.325943530 0.000614821 -0.116891794 -0.002054683 0.993142366
1712643986.974187 -0.015443442 -0.006294635 0.327938169 0.000476498 -0.116762206 -0.002449504 0.993156791
1712643987.007237 -0.015885327 -0.005809625 0.331639647 0.001112823 -0.117169343 -0.002284413 0.993108690
1712643987.041391 -0.016422074 -0.005062405 0.333225846 0.001545425 -0.117770076 -0.002316196 0.993036985
1712643987.073810 -0.017600613 -0.004609056 0.335747153 0.001384231 -0.118358076 -0.002621668 0.992966592
1712643987.110561 -0.017034000 -0.004970712 0.338262618 0.000633194 -0.119362123 -0.002289884 0.992847919
1712643987.144493 -0.018988900 -0.005140004 0.340080768 0.000507428 -0.119262509 -0.002508088 0.992859483
1712643987.177786 -0.018647764 -0.005611791 0.344559401 0.000351733 -0.120117158 -0.000819548 0.992759287
1712643987.215275 -0.018495947 -0.005682465 0.347504407 0.000693166 -0.120507553 0.000175151 0.992712140
1712643987.247924 -0.018917762 -0.005345597 0.349258780 0.001453100 -0.120566733 0.000674106 0.992703915
1712643987.273443 -0.020370634 -0.005340518 0.351343930 0.001118530 -0.120396048 0.000728295 0.992725074
1712643987.309635 -0.020612435 -0.005610700 0.354045153 0.000435826 -0.120715596 0.000250717 0.992686987
1712643987.341216 -0.021117842 -0.005479374 0.357313037 0.000369806 -0.120972946 0.000485450 0.992655635
1712643987.374060 -0.021738768 -0.005782840 0.360459298 0.000494799 -0.120977253 0.000764693 0.992654860
1712643987.406001 -0.023458652 -0.005435523 0.364411026 0.000652007 -0.121201776 0.000249433 0.992627621
1712643987.451230 -0.024030440 -0.005718928 0.367298692 0.000602282 -0.122100718 0.000261661 0.992517531
1712643987.472717 -0.024620937 -0.005562696 0.369911313 0.001060893 -0.122778267 0.000869463 0.992433190
1712643987.511304 -0.024968611 -0.005404938 0.372890949 0.000934715 -0.123629898 0.001007218 0.992327452
1712643987.550749 -0.025526527 -0.005834594 0.375598937 0.000598935 -0.124241963 0.001505230 0.992250621
1712643987.576254 -0.025910847 -0.005613013 0.378176928 0.000907639 -0.124804437 0.001697264 0.992179513
1712643987.608761 -0.027610412 -0.005964560 0.383157700 0.000588161 -0.124662749 0.001258931 0.992198229
1712643987.647262 -0.027832022 -0.006207799 0.386307389 0.000278532 -0.124644607 0.000904667 0.992201030
1712643987.673657 -0.028730851 -0.006478324 0.389506966 0.000197091 -0.124563918 0.000629208 0.992211342
1712643987.706737 -0.029557757 -0.006625548 0.393141836 0.000342004 -0.124676906 0.000487410 0.992197216
1712643987.740028 -0.031243023 -0.006216698 0.396884024 0.000809446 -0.124977276 0.000317203 0.992159247
1712643987.774908 -0.032385878 -0.006017144 0.400045246 0.000779876 -0.125106350 0.000505101 0.992142916
1712643987.809400 -0.032877464 -0.005958711 0.404793918 0.000827989 -0.125090092 0.000526301 0.992144883
1712643987.843401 -0.033702649 -0.005587745 0.407818437 0.000420477 -0.125210837 0.000556016 0.992129922
1712643987.874993 -0.034569141 -0.006207631 0.411116511 0.000199425 -0.125421464 0.000580010 0.992103398
1712643987.911477 -0.035425138 -0.006073030 0.414295614 0.000551618 -0.125626877 0.000569814 0.992077291
1712643987.947117 -0.036552604 -0.006040846 0.417836428 0.000448028 -0.125981048 0.000500684 0.992032409
1712643987.978770 -0.036528111 -0.000474968 0.419130266 0.001026212 -0.126549646 0.000331297 0.991959691
1712643988.012054 -0.037814949 -0.003916603 0.423665762 -0.005486284 -0.126754925 -0.000659074 0.991918683
1712643988.047660 -0.037758414 -0.006889615 0.424706876 -0.005007188 -0.127598867 0.000094566 0.991813183
1712643988.075122 -0.036875386 -0.005708179 0.424139887 -0.002647875 -0.127884954 0.000219133 0.991785467
1712643988.108041 -0.036777571 -0.005649798 0.423926532 -0.001458600 -0.127239510 0.000406475 0.991870880
1712643988.148901 -0.037430305 -0.005717488 0.422077298 -0.000566877 -0.126298919 0.000372916 0.991991997
1712643988.174311 -0.037281945 -0.006356519 0.421212763 -0.000583893 -0.126187891 0.000320129 0.992006123
1712643988.208297 -0.037063334 -0.006318195 0.421770990 0.000180830 -0.126730680 0.000572106 0.991936982
1712643988.250733 -0.036874093 -0.005693102 0.421815693 0.000644065 -0.127252385 0.000774966 0.991869867
1712643988.280616 -0.036644969 -0.005155587 0.421955079 0.000647919 -0.127283648 0.000586769 0.991865993
1712643988.312589 -0.036829475 -0.006070015 0.422351807 0.000114295 -0.127046764 0.000519297 0.991896570
1712643988.346761 -0.036779549 -0.006928284 0.422799408 0.001120387 -0.126738593 0.000685123 0.991935253
1712643988.378311 -0.036622476 -0.005914880 0.423502892 0.002053979 -0.126650229 0.001105932 0.991944671
1712643988.411554 -0.037143461 -0.006236312 0.425159395 0.001774310 -0.126478493 0.001435763 0.991966724
1712643988.443857 -0.037993930 -0.006197051 0.426979989 0.001797216 -0.126197845 0.001151583 0.992002785
1712643988.474505 -0.038175631 -0.006714735 0.429110706 0.001503424 -0.126246661 0.001193822 0.991997004
1712643988.508289 -0.038543601 -0.006089007 0.431066334 0.001803064 -0.126212850 0.001396300 0.992000520
1712643988.542241 -0.038689375 -0.006397636 0.433333099 0.001148797 -0.126222745 0.001531229 0.992000043
1712643988.574396 -0.039768685 -0.005833001 0.436984658 0.001253904 -0.125768960 0.001004359 0.992058277
1712643988.608205 -0.040467363 -0.006287459 0.438822240 0.001063950 -0.125463963 0.000520406 0.992097497
1712643988.642562 -0.041053560 -0.005940702 0.441776335 0.001570670 -0.125269189 0.000629162 0.992121339
1712643988.673994 -0.041754339 -0.005320073 0.444070488 0.001569431 -0.125144064 0.000427922 0.992137253
1712643988.715499 -0.042110804 -0.005937798 0.447154462 0.000963624 -0.125256404 0.000314923 0.992123902
1712643988.747447 -0.042488765 -0.005578269 0.449596047 0.001538509 -0.125248000 0.000161567 0.992124259
1712643988.777985 -0.043695506 -0.005576674 0.452471823 0.001293692 -0.124775700 -0.000373101 0.992184043
1712643988.808131 -0.044585709 -0.005936079 0.454864442 0.000517199 -0.124474585 -0.000940524 0.992222190
1712643988.842681 -0.045287348 -0.005694776 0.457416862 0.000412726 -0.124603786 -0.001034549 0.992205977
1712643988.874974 -0.045703556 -0.006254260 0.460756361 0.000003261 -0.124801286 -0.001309526 0.992180884
1712643988.910611 -0.046378791 -0.006095001 0.463180631 0.000317788 -0.124743119 -0.001299000 0.992188156
1712643988.943612 -0.047291107 -0.006360304 0.466564953 0.000172701 -0.124702230 -0.001184639 0.992193520
1712643988.975299 -0.047691282 -0.006210790 0.470550895 0.000741440 -0.125106469 -0.000960743 0.992142558
1712643989.007585 -0.048410077 -0.006137356 0.473820150 0.001433683 -0.125076637 -0.000199914 0.992146015
1712643989.042918 -0.048891127 -0.006251657 0.476545155 0.001949713 -0.125004992 0.000082245 0.992154181
1712643989.080194 -0.049336858 -0.005461989 0.479911387 0.002382120 -0.125032961 0.000424513 0.992149651
1712643989.112223 -0.049640007 -0.005383227 0.483306706 0.001760826 -0.125050813 0.000542196 0.992148638
1712643989.142616 -0.050978921 -0.005681793 0.486550689 0.001067674 -0.124667130 0.000252060 0.992197990
1712643989.177655 -0.052178409 -0.005564190 0.489233375 0.000717033 -0.124425247 -0.000113645 0.992228746
1712643989.214560 -0.052724909 -0.006188501 0.493347347 0.000049337 -0.124388516 -0.000116608 0.992233574
1712643989.245050 -0.053475633 -0.005962440 0.497399151 0.000554251 -0.124109901 0.000166909 0.992268324
1712643989.274704 -0.054486044 -0.005393445 0.501154304 0.000681946 -0.123961993 0.000244917 0.992286682
1712643989.312490 -0.054653700 -0.005486799 0.504271388 0.000039314 -0.124014758 0.000343901 0.992280304
1712643989.342504 -0.055686872 -0.005891476 0.508790731 0.000103291 -0.123706326 0.000473176 0.992318749
1712643989.375261 -0.056354120 -0.005557144 0.512720644 0.000292431 -0.123533539 0.000578396 0.992340207
1712643989.409271 -0.057679124 -0.005232816 0.516756415 0.000457069 -0.123052105 0.000392936 0.992400050
1712643989.450260 -0.058910277 -0.005847267 0.520069838 -0.000319403 -0.122795999 0.000732319 0.992431581
1712643989.478273 -0.059187800 -0.005543331 0.524836957 -0.000276876 -0.122993231 0.000862865 0.992407143
1712643989.513451 -0.059652504 -0.005329552 0.528667331 -0.000702731 -0.122811705 0.000775513 0.992429435
1712643989.550817 -0.061301272 -0.004666077 0.532591283 -0.001714647 -0.122023731 -0.000049785 0.992525697
1712643989.578383 -0.062413331 -0.005472869 0.537318349 -0.002371117 -0.121709988 -0.000552083 0.992562711
1712643989.608369 -0.063350663 -0.005024895 0.541301548 -0.001593738 -0.121765271 -0.000608383 0.992557466
1712643989.649689 -0.064840741 -0.005291682 0.545576274 -0.002223900 -0.122253872 -0.000573021 0.992496192
1712643989.674591 -0.065156668 -0.006072764 0.548714280 -0.002477657 -0.123145774 -0.000151187 0.992385507
1712643989.711186 -0.065800354 -0.005605839 0.552565575 -0.001677418 -0.123301782 -0.000121503 0.992367804
1712643989.742661 -0.065558620 -0.006767515 0.555599332 -0.001352032 -0.123158783 -0.000299188 0.992386043
1712643989.776156 -0.066680893 -0.006017270 0.558654726 0.000016367 -0.122780621 -0.000424962 0.992433727
1712643989.809300 -0.067980200 -0.006640761 0.561919451 0.000317670 -0.122424036 -0.000431549 0.992477715
1712643989.847114 -0.069254167 -0.007755553 0.565284729 0.001081695 -0.122939371 0.000054847 0.992413580
1712643989.878157 -0.070326455 -0.007560062 0.568903327 0.002380191 -0.123534299 -0.000054478 0.992337465
1712643989.914664 -0.069871888 -0.007796068 0.571894348 0.002864066 -0.124108911 0.000313772 0.992264450
1712643989.947190 -0.069978759 -0.008030767 0.574996591 0.002718485 -0.124248378 0.000426735 0.992247343
1712643989.977204 -0.071094684 -0.006830452 0.578119755 0.002738994 -0.124120817 0.000586519 0.992263138
1712643990.008400 -0.071395516 -0.007334064 0.582178295 0.002400146 -0.124334089 0.001038212 0.992236972
1712643990.047966 -0.072607949 -0.006837417 0.585448146 0.002675504 -0.123897634 0.000904396 0.992290974
1712643990.074687 -0.073163465 -0.007646570 0.589003682 0.002001324 -0.123751760 0.000851848 0.992310822
1712643990.108130 -0.074566111 -0.006690345 0.593202412 0.002795463 -0.123269446 0.000584097 0.992369115
1712643990.146343 -0.076042354 -0.006175966 0.595955551 0.001973721 -0.122848287 -0.000072145 0.992423534
1712643990.175712 -0.077184774 -0.006220446 0.600455344 0.001318462 -0.122871682 -0.000953693 0.992421210
1712643990.218791 -0.077422932 -0.006313568 0.603716075 0.000876493 -0.123037733 -0.001487817 0.992400527
1712643990.249942 -0.078868024 -0.006358296 0.607660353 0.000240116 -0.122835815 -0.001775326 0.992425382
1712643990.278250 -0.079208940 -0.006043328 0.612445772 0.000442621 -0.123323955 -0.001592699 0.992365062
1712643990.309419 -0.081058376 0.002237917 0.613613844 -0.000518482 -0.122976504 -0.002675259 0.992405832
1712643990.348670 -0.080831468 -0.007317595 0.617938101 -0.008588961 -0.123877332 -0.003022923 0.992255747
1712643990.376332 -0.080975056 -0.007586489 0.618286610 -0.004213172 -0.123860851 -0.002372006 0.992287815
1712643990.408362 -0.081561327 -0.005676055 0.617420912 -0.002763056 -0.123837657 -0.002214862 0.992296159
1712643990.448260 -0.080998071 -0.007173558 0.617435932 -0.001831118 -0.124519259 -0.001990699 0.992213488
1712643990.475027 -0.080729380 -0.005669639 0.616079688 -0.000119642 -0.124577291 -0.002119579 0.992207646
1712643990.511911 -0.079491749 -0.006433549 0.616153836 -0.000675388 -0.124780104 -0.001948008 0.992182255
1712643990.554765 -0.079834558 -0.006194794 0.615264416 0.000133469 -0.123907194 -0.001678310 0.992292345
1712643990.576631 -0.080215596 -0.006304553 0.615066290 0.000022719 -0.123729333 -0.001706476 0.992314517
1712643990.608932 -0.080144219 -0.006062631 0.615206957 0.000228234 -0.124039054 -0.001795753 0.992275655
1712643990.652252 -0.079874963 -0.006284331 0.615234137 -0.000240828 -0.124252729 -0.001602629 0.992249250
1712643990.678345 -0.080214098 -0.006191161 0.615733147 -0.000362870 -0.124193363 -0.001724287 0.992256463
1712643990.716521 -0.080999680 -0.006657315 0.615519285 -0.000445165 -0.124164261 -0.001732154 0.992260039
1712643990.750748 -0.082440108 -0.006924219 0.615101814 0.000601110 -0.124951541 -0.001464609 0.992161572
1712643990.777671 -0.082143337 -0.006985902 0.615631878 0.000470236 -0.126862600 -0.001248320 0.991919398
1712643990.809100 -0.082443587 -0.006426737 0.616065204 0.000902549 -0.128097638 -0.001583244 0.991759896
1712643990.850379 -0.083386876 -0.006568729 0.616595268 0.000486841 -0.129271001 -0.001714740 0.991607666
1712643990.876318 -0.083264217 -0.008165378 0.617754638 0.000894859 -0.130913019 -0.001565154 0.991392195
1712643990.909067 -0.084600367 -0.006572966 0.619126260 0.001939361 -0.131555617 -0.001737573 0.991305351
1712643990.949982 -0.084875181 -0.006422970 0.620818853 0.001347439 -0.132572532 -0.001860879 0.991170645
1712643990.975757 -0.085010268 -0.006803445 0.622914612 0.001304432 -0.133283183 -0.002034751 0.991075039
1712643991.016450 -0.085235491 -0.006878100 0.624727786 0.001165347 -0.133627772 -0.001607436 0.991029620
1712643991.053152 -0.085992955 -0.006926493 0.626585722 0.001129888 -0.133698955 -0.001731547 0.991019845
1712643991.079222 -0.086730689 -0.005917753 0.629431844 0.000957745 -0.133678317 -0.002048821 0.991022170
1712643991.115846 -0.085945927 -0.006888768 0.632166982 -0.000009448 -0.133671626 -0.002279564 0.991023064
1712643991.145474 -0.087058485 -0.006310660 0.634256005 0.000427087 -0.132241696 -0.002261121 0.991214812
1712643991.176023 -0.088673383 -0.006707391 0.636399806 -0.000116189 -0.131456688 -0.002289560 0.991319239
1712643991.217766 -0.089417495 -0.007053197 0.638593554 -0.000195708 -0.131913856 -0.001970549 0.991259217
1712643991.243779 -0.089590684 -0.007059956 0.641282916 0.000612966 -0.132398695 -0.001479866 0.991195261
1712643991.275586 -0.089766748 -0.006883776 0.642697513 0.000963115 -0.132559255 -0.000815208 0.991174281
1712643991.318648 -0.089482039 -0.007051626 0.644307852 0.000914967 -0.132501096 -0.000399557 0.991182327
1712643991.346019 -0.090087809 -0.006691902 0.647069752 0.001448979 -0.132192895 -0.000003313 0.991222918
1712643991.375983 -0.090349242 -0.008362602 0.647837639 0.001015253 -0.132156327 0.000074063 0.991228342
1712643991.413815 -0.090873040 -0.007552210 0.650145471 0.002213336 -0.132345825 0.000148517 0.991201103
1712643991.454841 -0.090935215 -0.007313465 0.652885199 0.002163409 -0.132491514 0.000114802 0.991181731
1712643991.480258 -0.091386706 -0.007186662 0.655228436 0.002005199 -0.132327825 -0.000208431 0.991203964
1712643991.515160 -0.092938632 -0.007718417 0.657604456 0.001975548 -0.131918117 -0.000627917 0.991258442
1712643991.548253 -0.093637519 -0.008263660 0.659483969 0.002413847 -0.132169157 -0.000595056 0.991224051
1712643991.576500 -0.093941860 -0.007990590 0.661664069 0.002740012 -0.132594585 -0.000618886 0.991166353
1712643991.612466 -0.094418913 -0.008500677 0.664380193 0.002199457 -0.132706210 -0.000243257 0.991152942
1712643991.646111 -0.095255077 -0.010624636 0.667669535 0.002782564 -0.133263633 0.000459878 0.991076589
1712643991.675785 -0.096221238 -0.007917653 0.669566870 0.004375725 -0.133772567 0.001280350 0.991001546
1712643991.711131 -0.096368708 -0.008525282 0.674511015 0.003155581 -0.134639323 0.001109906 0.990889013
1712643991.746407 -0.097016938 -0.008081202 0.678431451 0.003073259 -0.134107620 0.001243196 0.990961254
1712643991.776565 -0.097955629 -0.008055544 0.682529032 0.002298570 -0.133569077 0.000814647 0.991036534
1712643991.813111 -0.099580802 -0.008380891 0.687993348 0.001884104 -0.132926226 0.000232423 0.991124094
1712643991.851687 -0.101226583 -0.008241987 0.691786528 0.002127324 -0.132464409 -0.000057259 0.991185486
1712643991.879949 -0.102628477 -0.008575278 0.696005702 0.001824360 -0.132253602 -0.000373509 0.991214156
1712643991.915222 -0.103433356 -0.008376943 0.700405300 0.002490119 -0.132451072 0.000149576 0.991186380
1712643991.948208 -0.104292795 -0.007902718 0.704128444 0.002847773 -0.131981015 0.000186206 0.991248131
1712643991.978548 -0.104893692 -0.008021440 0.708726466 0.002907038 -0.132049099 0.000154096 0.991238892
1712643992.014166 -0.105748691 -0.008699642 0.712295651 0.003031358 -0.132104650 -0.000338123 0.991231084
1712643992.046270 -0.106398530 -0.007694337 0.716053426 0.002916880 -0.132367671 -0.000130332 0.991196394
1712643992.077722 -0.107906878 -0.007822497 0.719986916 0.002023292 -0.132676750 -0.000127637 0.991157293
1712643992.113971 -0.108761847 -0.008440854 0.724112749 0.001201817 -0.133004561 -0.000420180 0.991114616
1712643992.151569 -0.109920092 -0.008601130 0.727864206 0.001334087 -0.132895470 -0.000368829 0.991129100
1712643992.176775 -0.109604433 -0.008281240 0.731890082 0.001478548 -0.133172110 0.000107530 0.991091847
1712643992.214299 -0.110597558 -0.008369307 0.734925926 0.001811173 -0.132577643 -0.000064593 0.991170943
1712643992.251795 -0.109712675 -0.002743890 0.734219730 0.001599828 -0.132074878 0.001547633 0.991237283
1712643992.279748 -0.111550428 -0.006849684 0.740605116 -0.005381281 -0.131491512 -0.001924465 0.991300821
1712643992.314258 -0.112408653 -0.010563656 0.741975546 -0.004923251 -0.131070375 -0.001872134 0.991359055
1712643992.348631 -0.111943156 -0.007225567 0.739915371 -0.000606574 -0.130694121 -0.001244089 0.991421759
1712643992.377616 -0.111742757 -0.008133578 0.739467144 0.000198955 -0.130714834 -0.000961481 0.991419494
1712643992.414664 -0.111049093 -0.007965986 0.738192439 0.001004032 -0.130801380 -0.000460423 0.991407931
1712643992.447042 -0.111403711 -0.008641078 0.737944126 0.000840223 -0.130508721 -0.000388557 0.991446733
1712643992.477599 -0.111368656 -0.007959500 0.737995625 0.001854556 -0.130903915 -0.000238931 0.991393268
1712643992.513724 -0.110646643 -0.007655757 0.737615168 0.001752731 -0.131514773 -0.000360075 0.991312563
1712643992.551310 -0.110584684 -0.007750664 0.738164127 0.001308048 -0.131072506 -0.000318476 0.991371870
1712643992.576866 -0.110938996 -0.007610682 0.738705277 0.001290828 -0.130598292 -0.000400212 0.991434455
1712643992.616629 -0.111720264 -0.007609907 0.738845527 0.001169378 -0.130251616 -0.000876191 0.991479874
1712643992.650418 -0.111616395 -0.007905421 0.738657713 0.000915655 -0.130544469 -0.000514223 0.991441905
1712643992.681414 -0.111710832 -0.008269178 0.739022374 0.001019057 -0.130812660 -0.000580671 0.991406381
1712643992.717705 -0.110895060 -0.009742168 0.740446448 0.002377805 -0.131117776 -0.000657395 0.991363704
1712643992.748180 -0.110976607 -0.006810640 0.738897324 0.004237625 -0.130367920 -0.000134412 0.991456628
1712643992.776823 -0.111947216 -0.007799816 0.741477072 0.002782024 -0.130121753 -0.000784078 0.991493762
1712643992.813301 -0.111753382 -0.008142642 0.743173301 0.002834347 -0.130347043 -0.000758295 0.991464078
1712643992.844799 -0.112461641 -0.009113580 0.745243967 0.002919620 -0.129928574 -0.001225718 0.991518319
1712643992.878042 -0.113112301 -0.008402971 0.747060835 0.004305450 -0.129608199 -0.001454055 0.991554856
1712643992.912441 -0.113953047 -0.008497676 0.748455405 0.004125678 -0.129174352 -0.001773216 0.991611719
1712643992.946059 -0.114726283 -0.008514523 0.752010226 0.004792747 -0.129270345 -0.002086173 0.991595566
1712643992.983778 -0.115803845 -0.007747258 0.755681038 0.004240610 -0.129105121 -0.002285278 0.991619229
1712643993.018156 -0.117016591 -0.008276661 0.758043587 0.002894409 -0.128854901 -0.003025940 0.991654634
1712643993.052619 -0.117989838 -0.008817407 0.762504220 0.002042917 -0.129127264 -0.003412386 0.991620064
1712643993.083117 -0.119046986 -0.009003279 0.766918540 0.002254879 -0.129278451 -0.003088267 0.991600931
1712643993.116032 -0.120131232 -0.008882719 0.770577073 0.003097486 -0.129219800 -0.002803420 0.991607189
1712643993.151791 -0.120440021 -0.009052997 0.774652839 0.002386237 -0.129670113 -0.002176787 0.991551936
1712643993.179580 -0.121300660 -0.008203830 0.779099524 0.002045680 -0.129903957 -0.002030709 0.991522372
1712643993.219515 -0.122483753 -0.007685767 0.783920765 0.000657525 -0.129851192 -0.001605855 0.991531968
1712643993.248832 -0.123359412 -0.007525759 0.788062751 -0.000887406 -0.129528672 -0.001786297 0.991573632
1712643993.280292 -0.124069326 -0.007620294 0.792968571 -0.001881348 -0.129476234 -0.002136682 0.991578460
1712643993.316288 -0.125101671 -0.007711673 0.797568798 -0.002761764 -0.129114956 -0.001731094 0.991624236
1712643993.350765 -0.125844926 -0.007430075 0.802237034 -0.003890201 -0.128973857 -0.001467558 0.991639256
1712643993.377959 -0.127316982 -0.008000682 0.807074904 -0.004343005 -0.128352687 -0.001677630 0.991717637
1712643993.417786 -0.128411978 -0.007647108 0.812180221 -0.004442987 -0.128145888 -0.001635537 0.991743982
1712643993.453532 -0.129910812 -0.007909489 0.817423165 -0.004428711 -0.127743259 -0.001850682 0.991795659
1712643993.481641 -0.131143227 -0.007928312 0.821820915 -0.004668814 -0.127460554 -0.002298717 0.991829991
1712643993.515167 -0.133186519 -0.007725289 0.827349246 -0.004721854 -0.126858085 -0.002859425 0.991905510
1712643993.551667 -0.134424821 -0.007605732 0.833231151 -0.005539754 -0.126911908 -0.003613950 0.991891921
1712643993.578776 -0.135496244 -0.006386119 0.838018000 -0.005235843 -0.126763240 -0.004122880 0.991910577
1712643993.614235 -0.137074813 -0.006761915 0.843367517 -0.005373947 -0.126856774 -0.004271357 0.991897285
1712643993.646395 -0.137967050 -0.007046600 0.849152982 -0.005207212 -0.127230272 -0.004040060 0.991851270
1712643993.677307 -0.139354259 -0.007192862 0.854259670 -0.004933214 -0.127185956 -0.004129403 0.991858006
1712643993.718661 -0.141597927 -0.007230506 0.859415054 -0.004733087 -0.126622036 -0.004634063 0.991928875
1712643993.752488 -0.142924979 -0.007759185 0.863698483 -0.004632483 -0.126225397 -0.004594506 0.991980135
1712643993.781081 -0.143216982 -0.006491106 0.868365586 -0.003993532 -0.126889557 -0.004156425 0.991900086
1712643993.818112 -0.144875020 0.000984513 0.871387661 -0.006815192 -0.125546142 -0.006493699 0.992043078
1712643993.850545 -0.144849405 -0.009409341 0.875945866 -0.014621459 -0.125858635 -0.005115346 0.991927207
1712643993.882285 -0.145006672 -0.008961719 0.878056347 -0.009727497 -0.124508999 -0.004517572 0.992160499
1712643993.915417 -0.146124303 -0.006799389 0.875930071 -0.007786778 -0.123304576 -0.004578597 0.992327750
1712643993.949805 -0.146533683 -0.009927060 0.875799537 -0.008898956 -0.123698406 -0.005073947 0.992266953
1712643993.977619 -0.146441668 -0.008079917 0.874749541 -0.005259342 -0.124235645 -0.004518654 0.992228508
1712643994.015255 -0.145255998 -0.007582572 0.873829484 -0.005320726 -0.124676704 -0.004671479 0.992172122
1712643994.048743 -0.145358354 -0.010301387 0.874229491 -0.006032192 -0.124221385 -0.004634260 0.992225349
1712643994.077918 -0.143484920 -0.007009052 0.873257875 -0.003028054 -0.124889247 -0.003717263 0.992159069
1712643994.117296 -0.143601909 -0.007787079 0.873649836 -0.004656956 -0.125015527 -0.003976787 0.992135882
1712643994.147132 -0.143719524 -0.006473188 0.874401391 -0.003627516 -0.124972664 -0.003742165 0.992146492
1712643994.182088 -0.145078599 -0.007502242 0.875381112 -0.004605969 -0.124344304 -0.003859883 0.992220938
1712643994.217849 -0.144551188 -0.006530277 0.876791656 -0.003722847 -0.124884598 -0.003717098 0.992157340
1712643994.255188 -0.145007074 -0.007052199 0.877626598 -0.004340080 -0.124826908 -0.003312631 0.992163479
1712643994.281727 -0.145447075 -0.007579316 0.878896832 -0.004713462 -0.124692030 -0.003330188 0.992178679
1712643994.320750 -0.145488247 -0.007840488 0.879062295 -0.004340461 -0.124693893 -0.003831975 0.992178380
1712643994.349932 -0.146463990 -0.007231860 0.880761385 -0.003904392 -0.124514833 -0.003393176 0.992204249
1712643994.378526 -0.146170408 -0.007898312 0.881877422 -0.003952462 -0.124666989 -0.002941570 0.992186427
1712643994.413856 -0.146340653 -0.007289145 0.883792996 -0.003376572 -0.124784760 -0.002788668 0.992174149
1712643994.448446 -0.147298947 -0.007186209 0.885172904 -0.002788942 -0.124474742 -0.002921907 0.992214561
1712643994.478890 -0.148345783 -0.006277529 0.886334181 -0.002176174 -0.125012144 -0.002220715 0.992150307
1712643994.517614 -0.151203528 -0.006833386 0.888975441 -0.002454249 -0.126704082 -0.002088359 0.991935313
1712643994.553858 -0.152416989 -0.006850793 0.890925586 -0.002295958 -0.130240351 -0.001293861 0.991478980
1712643994.579835 -0.153126255 -0.007673229 0.892830312 -0.001580804 -0.133654267 -0.001863510 0.991025031
1712643994.618038 -0.153883323 -0.006406031 0.896627247 -0.001546671 -0.136659771 -0.000690228 0.990616620
1712643994.649842 -0.154996842 -0.006524339 0.899532855 -0.002136750 -0.139168411 -0.001561246 0.990265191
1712643994.680356 -0.157071650 -0.006139481 0.903128564 -0.002158868 -0.140353322 -0.002601823 0.990095675
1712643994.717324 -0.158253416 -0.006297307 0.906761825 -0.002164488 -0.141315624 -0.003004335 0.989957631
1712643994.749892 -0.159489214 -0.006200228 0.911737323 -0.002200251 -0.141957194 -0.002905009 0.989866078
1712643994.778396 -0.162998274 -0.006416394 0.916712582 -0.001907623 -0.141800612 -0.002948337 0.989889026
1712643994.815691 -0.161925763 -0.005995184 0.919923663 -0.001737383 -0.143621132 -0.002581885 0.989627838
1712643994.848732 -0.162627339 -0.006609235 0.922693491 -0.002706580 -0.144930378 -0.003261020 0.989432752
1712643994.879460 -0.164712355 -0.006534040 0.927628815 -0.002462419 -0.145947471 -0.003058555 0.989284515
1712643994.917132 -0.167097270 -0.007378963 0.931599200 -0.002314835 -0.146946013 -0.002323178 0.989139080
1712643994.947724 -0.168734893 -0.006620153 0.935502946 -0.000945017 -0.148704723 -0.003002252 0.988876641
1712643994.983041 -0.168824688 -0.006853758 0.938719034 -0.001487807 -0.150734395 -0.003585578 0.988566697
1712643995.018962 -0.171682686 -0.008063066 0.943130493 -0.001086788 -0.151949063 -0.004410374 0.988377869
1712643995.053862 -0.174323663 -0.007974691 0.947143614 0.000242577 -0.153905645 -0.003449925 0.988079488
1712643995.081023 -0.176339120 -0.006812458 0.951722920 0.001165209 -0.156360522 -0.001638210 0.987698019
1712643995.114742 -0.176221624 -0.006693195 0.953350782 0.001271754 -0.159010008 -0.001784313 0.987274528
1712643995.151643 -0.178226620 -0.007418613 0.957620502 0.000908021 -0.161305219 -0.001652994 0.986902773
1712643995.179527 -0.179778054 -0.008019131 0.961326599 0.000810718 -0.163675845 -0.001542091 0.986512661
1712643995.214992 -0.182476327 -0.008108225 0.964996576 0.000555305 -0.165712729 -0.001052797 0.986173332
1712643995.248626 -0.185600951 -0.007548224 0.968888640 0.000870707 -0.167660251 -0.000358237 0.985844374
1712643995.281805 -0.188186541 -0.006224026 0.971892476 0.001470824 -0.170706972 0.000933885 0.985320270
1712643995.317338 -0.190112367 -0.007415679 0.975606620 0.000573807 -0.174193844 0.000499491 0.984711111
1712643995.355433 -0.190689251 -0.007425104 0.980072141 0.000436265 -0.178794548 0.001548164 0.983885109
1712643995.382710 -0.194091097 -0.007720237 0.983064890 0.000333739 -0.181715846 0.001177108 0.983350337
1712643995.418686 -0.196582705 -0.007858567 0.987915635 0.000259104 -0.185356289 0.001158468 0.982670665
1712643995.453350 -0.199373469 -0.007797842 0.991247475 0.000685507 -0.188983500 0.001666576 0.981978595
1712643995.481009 -0.199959293 -0.007572291 0.994549215 0.000382560 -0.194092631 0.002354524 0.980980337
1712643995.517118 -0.203807950 -0.006930384 0.998121560 0.000340899 -0.197963208 0.002568322 0.980206013
1712643995.549967 -0.204957932 -0.007371849 1.000717044 -0.000100532 -0.203947395 0.002335071 0.978979051
1712643995.579285 -0.208950058 -0.007034011 1.001816273 -0.000762525 -0.209478185 0.002488269 0.977809846
1712643995.616922 -0.212693438 -0.006852560 1.008189321 -0.000111253 -0.215880528 0.003252524 0.976414382
1712643995.651242 -0.217497513 -0.005610663 1.009952903 0.001043487 -0.220914632 0.004136128 0.975283802
1712643995.679715 -0.220615312 -0.005678838 1.014086723 0.000552282 -0.227633879 0.002595966 0.973743200
1712643995.716192 -0.222817406 -0.005866671 1.018533707 0.000317749 -0.235052973 0.002437133 0.971979439
1712643995.752511 -0.219506592 -0.003478286 1.017998457 0.001007050 -0.242307082 0.003524570 0.970192671
1712643995.783537 -0.225425810 -0.004444914 1.021897912 -0.001525197 -0.247573927 0.002555587 0.968864441
1712643995.819575 -0.229123503 -0.006626482 1.022911906 -0.000782077 -0.254455715 0.002822373 0.967079997
1712643995.853586 -0.226653993 -0.004932878 1.024212837 0.000693159 -0.263179988 0.003221730 0.964741111
1712643995.881515 -0.224124894 -0.007278312 1.025143504 -0.006112801 -0.266985059 0.000089114 0.963681281
1712643995.917024 -0.233996078 -0.008021799 1.030148745 -0.005114975 -0.262158275 0.000091867 0.965011299
1712643995.948042 -0.232505873 -0.010592476 1.028442383 -0.003512274 -0.262024820 -0.003184716 0.965049446
1712643995.982630 -0.232868686 -0.011439955 1.028447509 -0.003666977 -0.261635989 -0.002847204 0.965155423
1712643996.015812 -0.225014403 -0.009178936 1.024537563 -0.001576719 -0.262958527 -0.000314510 0.964805782
1712643996.051407 -0.229926765 -0.008212026 1.025434852 0.000715050 -0.260339677 0.001015463 0.965516269
1712643996.080089 -0.224179447 -0.009058202 1.022291064 0.001153163 -0.262534261 0.000055752 0.964921951
1712643996.119932 -0.227803007 -0.008616966 1.024046659 -0.000134883 -0.261965007 0.000329624 0.965077281
1712643996.153892 -0.227635339 -0.007626306 1.023814201 0.001415279 -0.263854474 0.001951249 0.964559495
1712643996.185376 -0.229118630 -0.006511453 1.024855733 0.001743313 -0.266012788 0.002621200 0.963964343
1712643996.220496 -0.229658470 -0.005965724 1.025208712 0.001701308 -0.268464655 0.002874599 0.963283718
1712643996.253281 -0.233453751 -0.007328740 1.026713371 0.001328776 -0.269813210 0.001719955 0.962910235
1712643996.282713 -0.232567385 -0.006573281 1.027359605 0.001922949 -0.272765487 0.002718834 0.962074757
1712643996.315986 -0.234201699 -0.008080818 1.029900432 0.000765924 -0.275091410 0.000128259 0.961417735
1712643996.352576 -0.236017272 -0.008604142 1.031266689 0.000127078 -0.276288509 -0.000568160 0.961074531
1712643996.380383 -0.238165244 -0.010000451 1.034011126 -0.000876096 -0.277206600 -0.001586263 0.960808635
1712643996.417778 -0.239904970 -0.010074217 1.035412908 -0.000799165 -0.277598560 -0.002291275 0.960694075
1712643996.456131 -0.241655529 -0.010650213 1.038196087 -0.001519081 -0.277481467 -0.002624233 0.960726202
1712643996.480995 -0.241343826 -0.008459747 1.038313150 -0.000347470 -0.277850002 -0.000875940 0.960623980
1712643996.518643 -0.240211591 -0.008873940 1.040894151 -0.000858260 -0.279098570 -0.001302407 0.960261166
1712643996.548571 -0.238937557 -0.007968958 1.041582346 -0.000736860 -0.279274851 -0.001138404 0.960210264
1712643996.583728 -0.244156063 -0.006380248 1.044219494 -0.003992832 -0.277667910 -0.001353276 0.960667849
1712643996.619529 -0.247812390 -0.006648432 1.046031713 -0.002889259 -0.277267903 -0.000758253 0.960788012
1712643996.653738 -0.244491309 -0.008613400 1.044335246 -0.001981446 -0.278513670 -0.002662888 0.960426509
1712643996.680394 -0.244685844 -0.008475968 1.044975996 -0.002011815 -0.278340787 -0.002919131 0.960475862
1712643996.718126 -0.244521067 -0.008281933 1.044448495 -0.000956746 -0.277821273 -0.002167980 0.960629821
1712643996.753587 -0.244907528 -0.007424461 1.044787049 -0.000581886 -0.277869195 -0.001627814 0.960617363
1712643996.780126 -0.243581370 -0.007475826 1.044523001 -0.000304358 -0.278592736 -0.001746513 0.960407674
1712643996.818134 -0.244767681 -0.007269995 1.044598103 -0.000816906 -0.277892828 -0.001177178 0.960610986
1712643996.850845 -0.245630145 -0.007849903 1.044678211 -0.000647581 -0.277802587 -0.001978011 0.960635900
1712643996.882539 -0.245613754 -0.007517146 1.045392871 -0.001062630 -0.279962331 0.000531816 0.960010231
1712643996.920322 -0.247251943 -0.007433327 1.044130087 -0.000101911 -0.282653451 0.000978663 0.959221542
1712643996.954867 -0.246373504 -0.006795764 1.043385744 -0.000730742 -0.288076788 0.002172088 0.957604587
1712643996.984448 -0.247111216 -0.005566186 1.043993235 -0.000177963 -0.293156654 0.003304031 0.956058681
1712643997.020122 -0.249914855 -0.005805555 1.044610500 0.000088315 -0.297290325 0.002212195 0.954784513
1712643997.055205 -0.247871265 -0.006279514 1.043598890 -0.001392431 -0.303508878 0.004073889 0.952818871
1712643997.081581 -0.251606315 -0.005030343 1.042670131 -0.000692104 -0.307388633 0.003466208 0.951577485
1712643997.116964 -0.254822880 -0.005978666 1.042866826 -0.001697585 -0.313957810 0.003373232 0.949429393
1712643997.153501 -0.255384445 -0.005794922 1.043528318 -0.001861319 -0.321873039 0.004442621 0.946770549
1712643997.180830 -0.257113844 -0.006443447 1.043340087 -0.002428837 -0.327842981 0.003329370 0.944723248
1712643997.217612 -0.258616745 -0.006124266 1.042206168 -0.001168166 -0.332470298 0.001606469 0.943111598
1712643997.254400 -0.257729173 -0.005535403 1.042963266 -0.001219376 -0.338221729 0.002672535 0.941061854
1712643997.282137 -0.258762717 -0.006598120 1.043289900 -0.001663468 -0.342222452 0.002886974 0.939613044
1712643997.316406 -0.260030091 -0.005243766 1.041962147 -0.002186632 -0.347041249 0.007994823 0.937813222
1712643997.355273 -0.262592316 -0.005564614 1.037063479 -0.001709996 -0.355761737 0.006035708 0.934555590
1712643997.385961 -0.260024816 -0.006370578 1.034784913 -0.004799652 -0.373035282 0.011918878 0.927728176
1712643997.420385 -0.274900019 -0.008089009 1.022462606 -0.002384610 -0.380519629 -0.000132267 0.924769759
1712643997.454066 -0.273973346 -0.006448053 1.025857687 -0.001331458 -0.401572943 0.001498878 0.915824831
1712643997.480238 -0.270642906 -0.008000427 1.024186015 0.000324305 -0.407635570 -0.007443946 0.913114309
1712643997.518745 -0.269667327 -0.008432699 1.033338308 -0.001283984 -0.407231212 -0.006126623 0.913303673
1712643997.548487 -0.268587321 -0.007989275 1.033632994 -0.000924184 -0.404299617 -0.005361203 0.914610445
1712643997.580368 -0.267350614 -0.006876906 1.032344341 -0.001687512 -0.403597206 -0.000184745 0.914935172
1712643997.617039 -0.269023627 -0.008595665 1.030434489 -0.001297253 -0.403330147 -0.003086406 0.915048420
1712643997.657585 -0.269005537 -0.008529384 1.030142069 -0.001063241 -0.404198557 -0.003413882 0.914664268
1712643997.684544 -0.268666089 -0.008694368 1.030580282 -0.000738191 -0.404213369 -0.004705852 0.914652348
1712643997.722110 -0.268829107 -0.008607010 1.030495405 -0.001080112 -0.403133899 -0.003568766 0.915133417
1712643997.752669 -0.269696265 -0.008530043 1.031470060 -0.000805273 -0.403261662 -0.002115770 0.915081918
1712643997.785582 -0.268874526 -0.008641595 1.030691743 0.002077951 -0.403722554 -0.001837392 0.914877295
1712643997.820951 -0.269744277 -0.008497972 1.031643033 0.001996433 -0.403647482 -0.002580199 0.914908767
1712643997.854770 -0.270294338 -0.008782627 1.032650948 0.001894079 -0.403569758 -0.002631330 0.914943159
1712643997.880698 -0.272243381 -0.008822891 1.033365607 0.001936739 -0.402828038 -0.003063491 0.915268481
1712643997.917049 -0.274045199 -0.008971663 1.035696864 0.002075236 -0.403217793 -0.002668851 0.915097833
1712643997.948712 -0.275036961 -0.008971795 1.037205577 0.002961519 -0.403459400 -0.002898109 0.914988160
1712643997.980712 -0.277211100 -0.008723968 1.038502812 0.003879240 -0.403192550 -0.003110070 0.915101647
1712643998.016840 -0.278471619 -0.008798267 1.040396094 0.004058293 -0.403594762 -0.002849274 0.914924383
1712643998.048924 -0.282770485 -0.009142598 1.042949438 0.004331890 -0.402812928 -0.003058703 0.915266991
1712643998.080725 -0.284631044 -0.008770153 1.044904470 0.005045759 -0.402747393 -0.003650136 0.915289998
1712643998.120532 -0.287030786 -0.008063680 1.046438217 0.004342676 -0.402644336 -0.003271876 0.915340364
1712643998.156103 -0.288953871 -0.007978862 1.050437927 0.003695979 -0.403947294 -0.003865409 0.914766610
1712643998.187495 -0.291272640 -0.008641059 1.050693750 0.003571182 -0.403142303 -0.004414735 0.915119648
1712643998.220855 -0.292824924 -0.008325560 1.052113533 0.003944071 -0.403155386 -0.004842626 0.915110230
1712643998.252938 -0.293699861 -0.008438923 1.053107619 0.003528635 -0.402910113 -0.004147932 0.915223360
1712643998.281372 -0.290734649 -0.007560689 1.052295804 0.002153327 -0.404028773 -0.004639723 0.914731979
1712643998.327092 -0.296666712 -0.008005846 1.055865049 -0.000345896 -0.402684867 -0.005753140 0.915320516
1712643998.350723 -0.295727968 -0.009074497 1.056426406 0.001533455 -0.403288931 -0.004358062 0.915061057
1712643998.384015 -0.294614553 -0.007891244 1.054024458 0.003589425 -0.402887106 -0.003836441 0.915234625
1712643998.416546 -0.294346720 -0.008204985 1.053879619 0.003162065 -0.402932853 -0.004172944 0.915214598
1712643998.459156 -0.294191927 -0.008104650 1.053647876 0.003840871 -0.402658761 -0.003825580 0.915334105
1712643998.481092 -0.293718606 -0.008149410 1.053145170 0.004612216 -0.401791602 -0.004536729 0.915708303
1712643998.520023 -0.292551756 -0.008771623 1.051454186 0.004998389 -0.399012595 -0.005724441 0.916913986
1712643998.555491 -0.294833928 -0.008344570 1.054295063 0.004286646 -0.395349383 -0.007525508 0.918489993
1712643998.586087 -0.292505562 -0.010493120 1.055874467 0.003314333 -0.392884851 -0.009075830 0.919536889
1712643998.620014 -0.290749520 -0.010421209 1.056360006 0.003423157 -0.388741583 -0.009235145 0.921294212
1712643998.652731 -0.289796531 -0.010846051 1.057816863 0.003183632 -0.383891404 -0.009668072 0.923322141
1712643998.685495 -0.289798945 -0.010713147 1.057939529 0.003528009 -0.377762645 -0.009087537 0.925851107
1712643998.719175 -0.289373577 -0.010897050 1.059909463 0.003417279 -0.373598784 -0.009152024 0.927538931
1712643998.752220 -0.289352983 -0.010808904 1.059424043 0.003504200 -0.368211478 -0.008924897 0.929692626
1712643998.780864 -0.289871156 -0.010024700 1.060759902 0.004094893 -0.364016622 -0.007966466 0.931349337
1712643998.817142 -0.289626420 -0.010653160 1.061694860 0.003931640 -0.359865278 -0.009110016 0.932951510
1712643998.854380 -0.288495064 -0.010494452 1.063755989 0.004256647 -0.355948329 -0.009320680 0.934449434
1712643998.885757 -0.287367612 -0.011103140 1.064545393 0.004052375 -0.350899071 -0.010265587 0.936348200
1712643998.919575 -0.286861598 -0.011196510 1.064680219 0.003437995 -0.345825285 -0.009331836 0.938246250
1712643998.958618 -0.286168545 -0.010852855 1.065058589 0.003890817 -0.341446459 -0.009556642 0.939844608
1712643998.985908 -0.285135895 -0.010045276 1.065790057 0.004053069 -0.337132335 -0.007876813 0.941415608
1712643999.019854 -0.284418523 -0.009716286 1.066252828 0.003550689 -0.333791524 -0.006503427 0.942617774
1712643999.053368 -0.284759372 -0.009517585 1.067501545 0.003588805 -0.330975235 -0.006082721 0.943612993
1712643999.083318 -0.284895718 -0.009456693 1.066627741 0.003742625 -0.328123957 -0.006033156 0.944607973
1712643999.118137 -0.285277039 -0.009595808 1.068125725 0.003598954 -0.326578289 -0.006215115 0.945142865
1712643999.151698 -0.284394026 -0.009963470 1.067763329 0.003197669 -0.324870676 -0.006262085 0.945732296
1712643999.182306 -0.281765878 -0.008964987 1.068597436 0.003242676 -0.324930698 -0.004968388 0.945719242
1712643999.218136 -0.283118099 -0.010350483 1.069686651 0.003876440 -0.322902411 -0.006025268 0.946405113
1712643999.256752 -0.282455891 -0.009883304 1.068504691 0.005495607 -0.320419133 -0.005873556 0.947241724
1712643999.284555 -0.280721754 -0.010050007 1.069571733 0.005328093 -0.317986220 -0.006262362 0.948059678
1712643999.321781 -0.280771047 -0.010264663 1.071574211 0.005210339 -0.314488649 -0.006877548 0.949222028
1712643999.355674 -0.281066298 -0.010376003 1.073023438 0.004360217 -0.310160279 -0.006606634 0.950651348
1712643999.388985 -0.282011062 -0.010866207 1.074227333 0.004617440 -0.305977076 -0.005152731 0.952013731
1712643999.419913 -0.283054531 -0.009999812 1.075964332 0.005947719 -0.302823007 -0.004820584 0.953016043
1712643999.452008 -0.282308906 -0.010125975 1.078232408 0.005468616 -0.300196260 -0.005451558 0.953846216
1712643999.482695 -0.284403950 -0.011012637 1.081483126 0.004422948 -0.295917034 -0.006280393 0.955182731
1712643999.516158 -0.284055591 -0.011593187 1.083288312 0.004436620 -0.291763932 -0.006523633 0.956457794
1712643999.551790 -0.284566373 -0.010654178 1.086848021 0.004059416 -0.287857950 -0.005225474 0.957650244
1712643999.583408 -0.286032706 -0.012153187 1.089909911 0.002585127 -0.283630520 -0.006233358 0.958909929
1712643999.616119 -0.286396772 -0.013181295 1.093398809 0.001354868 -0.280468047 -0.006684802 0.959839165
1712643999.657346 -0.287442327 -0.014160545 1.096379638 0.000943743 -0.276162952 -0.007092934 0.961084187
1712643999.687977 -0.290738761 -0.011201489 1.100753903 0.002616142 -0.271569967 -0.004416149 0.962405026
1712643999.719079 -0.290640324 -0.012149731 1.104589701 0.002809821 -0.268441588 -0.005921831 0.963273644
1712643999.755478 -0.291192114 -0.011632807 1.109367490 0.003203105 -0.264877498 -0.005892359 0.964258790
1712643999.789507 -0.292480737 -0.010380332 1.112744212 0.002795047 -0.260652035 -0.004529269 0.965418160
1712643999.820744 -0.293686092 -0.010645050 1.116474628 0.000504454 -0.256963134 -0.005616879 0.966404736
1712643999.855421 -0.297100306 -0.009354379 1.121897817 0.000784113 -0.253090113 -0.004637744 0.967431307
1712643999.883296 -0.292985976 -0.009723476 1.121212721 0.000534846 -0.251897454 -0.004430987 0.967743695
1712643999.916542 -0.296871722 -0.009946995 1.126827598 -0.002049602 -0.247814491 -0.006892543 0.968780816
1712643999.952785 -0.298052400 -0.010026226 1.128038287 0.000105228 -0.241578743 -0.008103396 0.970347404
1712643999.984313 -0.296881318 -0.011053716 1.129777312 0.000963687 -0.235500365 -0.008368000 0.971837759
1712644000.015941 -0.295183152 -0.009769602 1.131629586 0.002123481 -0.228626505 -0.006842030 0.973487854
1712644000.054727 -0.296574026 -0.010185803 1.136021733 0.001327670 -0.220922858 -0.005179856 0.975276649
1712644000.082126 -0.293739170 -0.011369046 1.139064193 0.000643105 -0.214078531 -0.006145483 0.976796925
1712644000.119817 -0.292642236 -0.013308057 1.138818622 -0.000615081 -0.203558788 -0.007157118 0.979036391
1712644000.155895 -0.292168170 -0.013651052 1.142404914 -0.000896011 -0.195194483 -0.005798690 0.980746984
1712644000.188153 -0.285382777 -0.014660220 1.143964291 -0.001119132 -0.189798713 -0.005823053 0.981805146
1712644000.219826 -0.283933491 -0.015975069 1.144506335 -0.001265989 -0.180394590 -0.005566866 0.983577788
1712644000.253246 -0.277982980 -0.016946217 1.145023584 -0.001218685 -0.173197553 -0.004660103 0.984875321
1712644000.283021 -0.279611439 -0.015269428 1.148972869 0.000062388 -0.162288159 -0.005680586 0.986727059
1712644000.321750 -0.279269725 -0.013395160 1.151161194 0.000494728 -0.152263731 -0.003109922 0.988334894
1712644000.353279 -0.282407224 -0.012654420 1.157517314 0.000538772 -0.140264198 -0.005095902 0.990100801
1712644000.385386 -0.280261040 -0.014471222 1.158224106 -0.000973094 -0.130949169 -0.010041083 0.991337717
1712644000.416166 -0.278435975 -0.012809174 1.159000278 0.000596873 -0.120785899 -0.008497805 0.992642045
1712644000.453526 -0.270312726 -0.010927776 1.154511094 0.001953403 -0.113663897 -0.001535281 0.993516147
1712644000.486788 -0.268384159 -0.010461629 1.161445022 0.002176206 -0.103337243 -0.004685469 0.994632959
1712644000.520020 -0.279191971 -0.006164561 1.180021405 0.003812896 -0.087889783 -0.006617165 0.996100903
1712644000.555959 -0.270604074 -0.006777798 1.179532528 0.003166900 -0.080150642 -0.004622974 0.996766984
1712644000.585282 -0.261030883 -0.002033334 1.185485125 0.004883774 -0.072682194 -0.005713488 0.997326791
1712644000.620606 -0.271076590 -0.003312895 1.192363262 0.004461207 -0.056029327 -0.004802211 0.998407602
1712644000.653415 -0.269995004 -0.003805713 1.192601204 0.003914479 -0.047584429 -0.004801717 0.998847961
1712644000.684009 -0.268546045 -0.003757427 1.191466928 0.003998857 -0.041283138 -0.004591005 0.999128938
1712644000.718139 -0.258945972 -0.012096146 1.190038919 0.000251646 -0.040079325 -0.002693372 0.999192834
1712644000.751640 -0.260467172 -0.010314932 1.193529725 0.001139435 -0.033951517 -0.003742382 0.999415815
1712644000.782699 -0.253552854 -0.005744586 1.197046399 0.003620588 -0.031733062 -0.003913797 0.999482155
1712644000.816289 -0.258584768 -0.006163882 1.196182013 0.002949260 -0.021927491 -0.002674357 0.999751627
1712644000.855486 -0.261687785 -0.003926443 1.198762894 0.004329054 -0.010836717 -0.005325412 0.999917746
1712644000.886318 -0.259727508 -0.005230551 1.199301839 0.004084601 0.001731681 -0.006291161 0.999970376
1712644000.919366 -0.266345680 -0.001098376 1.206705689 0.006161691 0.019790297 -0.007351395 0.999758124
1712644000.953477 -0.259907573 -0.002323691 1.202016830 0.004959533 0.032356594 -0.004693295 0.999453068
1712644000.988320 -0.256316602 -0.002107083 1.206838489 0.005972669 0.042943377 -0.005557811 0.999044180
1712644001.020690 -0.252740711 -0.001089117 1.204627037 0.006230488 0.048946049 -0.003600145 0.998775482
1712644001.055528 -0.252669632 0.001018125 1.200771332 0.004404372 0.049307182 0.002085111 0.998771787
1712644001.086355 -0.273074150 -0.009991592 1.203902245 0.000549358 0.055473801 -0.001755420 0.998458445
1712644001.117096 -0.247640833 -0.005832625 1.202232242 0.002852265 0.039957151 0.000658920 0.999197125
1712644001.153791 -0.243906975 -0.009719284 1.206867218 0.001743350 0.037128475 -0.002101906 0.999306738
1712644001.184530 -0.246347263 -0.012746780 1.206236720 0.002988308 0.040352203 -0.002010518 0.999179006
1712644001.216250 -0.246481717 -0.011740333 1.205763817 0.003076134 0.040728901 -0.002423828 0.999162555
1712644001.260888 -0.244797125 -0.013323283 1.208324313 0.002147807 0.039362207 -0.001380251 0.999221742
1712644001.290108 -0.242207050 -0.009797564 1.209081531 0.003706157 0.037729878 -0.000954427 0.999280632
1712644001.317543 -0.245365068 -0.012207151 1.211594582 0.001511319 0.039089125 -0.001169103 0.999233902
1712644001.356555 -0.242797002 -0.010691831 1.215307713 0.002427766 0.038126055 -0.001071638 0.999269426
1712644001.388308 -0.242792040 -0.011237295 1.216884255 0.001456368 0.038450353 0.000177047 0.999259412
1712644001.420371 -0.240884170 -0.010664378 1.220557451 0.001533707 0.037639998 -0.000164985 0.999290168
1712644001.454995 -0.241464615 -0.010947851 1.222605228 0.001797527 0.037943806 0.000100819 0.999278247
1712644001.483750 -0.239071220 -0.010500077 1.225528359 0.001462869 0.036903679 -0.000145330 0.999317765
1712644001.516846 -0.240768373 -0.011668446 1.230242968 0.000946631 0.037553154 -0.000456050 0.999294102
1712644001.552024 -0.242088854 -0.014203114 1.232474566 0.000757047 0.038351540 -0.000228842 0.999264002
1712644001.586217 -0.241110772 -0.011908580 1.234364152 0.001487290 0.037896533 -0.000675664 0.999280334
1712644001.621220 -0.240912974 -0.013833653 1.237638354 -0.000372905 0.037675764 0.000351814 0.999289870
1712644001.657186 -0.239790201 -0.012504228 1.241609097 -0.000033357 0.037167393 0.000756551 0.999308765
1712644001.687809 -0.239408657 -0.011891304 1.243642092 -0.000144952 0.036789455 0.000847922 0.999322653
1712644001.720667 -0.239840016 -0.012198062 1.245594263 -0.001170512 0.036817182 0.001150737 0.999320686
1712644001.755999 -0.247159913 -0.005798500 1.241042852 -0.001997876 0.040905200 -0.001466922 0.999159932
1712644001.788170 -0.240028933 -0.017550541 1.251637340 -0.008891491 0.037544101 0.000757068 0.999255121
1712644001.819517 -0.240478501 -0.017432166 1.249412775 -0.005916302 0.037991755 0.001360618 0.999259651
1712644001.852407 -0.243059456 -0.015750153 1.246641636 -0.003648682 0.038818907 0.001233184 0.999238849
1712644001.884140 -0.240549728 -0.015198695 1.245893717 -0.003108918 0.037207540 0.001283972 0.999301910
1712644001.918691 -0.238754466 -0.014480174 1.246444583 -0.002160322 0.036136448 0.001534860 0.999343336
1712644001.952933 -0.238979489 -0.014221228 1.246332288 -0.001298025 0.036394496 0.000580535 0.999336481
1712644001.984192 -0.240328521 -0.014129269 1.244271755 -0.000814016 0.037219219 0.001608365 0.999305487
1712644002.017381 -0.239545479 -0.011637734 1.244366884 -0.000383835 0.036830965 0.001434853 0.999320388
1712644002.056096 -0.235546321 -0.013563206 1.246904135 -0.001669467 0.034632985 0.001013404 0.999398172
1712644002.084539 -0.238754541 -0.013767675 1.249307394 0.000534821 0.035909560 0.001509284 0.999353766
1712644002.121354 -0.239880204 -0.010532797 1.247599363 0.001749829 0.035742991 0.002030995 0.999357402
1712644002.157752 -0.241369754 -0.011272829 1.249810576 0.001320613 0.037113473 0.001909649 0.999308348
1712644002.188180 -0.238203079 -0.010262914 1.252498865 0.002461534 0.035460237 0.002139343 0.999365747
1712644002.220254 -0.236342758 -0.014576935 1.255029917 0.000911250 0.034508225 0.003377705 0.999398291
1712644002.252114 -0.234543085 -0.013809463 1.259378791 0.003591069 0.034179360 0.003281290 0.999403894
1712644002.285795 -0.232843459 -0.014089312 1.261890650 0.005695500 0.033325840 0.004862398 0.999416471
1712644002.317094 -0.231697440 -0.013786499 1.263782024 0.007937306 0.032671094 0.005172321 0.999421239
1712644002.352748 -0.242134586 -0.013842882 1.266486645 0.009662333 0.038214117 0.005345499 0.999208570
1712644002.389177 -0.241260871 -0.013563242 1.268985629 0.010732432 0.038075380 0.005554845 0.999201775
1712644002.421872 -0.239338800 -0.014369472 1.270748138 0.011288963 0.037221920 0.007085052 0.999218166
1712644002.459161 -0.227360472 -0.013840329 1.271946311 0.011922113 0.031343706 0.007744828 0.999407530
1712644002.493139 -0.226425588 -0.014204758 1.274686337 0.012446281 0.031222537 0.007813802 0.999404430
1712644002.521480 -0.225390390 -0.013599351 1.278455615 0.013477725 0.030960737 0.006593389 0.999408007
1712644002.557823 -0.235601589 -0.013804291 1.281902194 0.014054740 0.036939695 0.005490873 0.999203563
1712644002.588438 -0.233431563 -0.013680718 1.284677148 0.013912091 0.035298746 0.004925235 0.999267817
1712644002.619982 -0.231421679 -0.014135696 1.289036989 0.013638569 0.034536391 0.006350375 0.999290228
1712644002.656999 -0.229123041 -0.013307114 1.292913079 0.013507499 0.033186179 0.005456288 0.999343038
1712644002.690615 -0.227456003 -0.013668459 1.294764042 0.013023443 0.032392520 0.005866725 0.999373138
1712644002.719683 -0.228391826 -0.013813741 1.297099471 0.012422510 0.032694571 0.006526600 0.999366879
1712644002.754075 -0.230886802 -0.013202186 1.295258760 0.009628957 0.032742836 0.007298837 0.999390781
1712644002.785420 -0.225464568 -0.013606974 1.303426147 0.008849067 0.029526567 0.005833823 0.999507785
1712644002.817470 -0.229753345 -0.013256230 1.297630072 0.013555706 0.031985573 0.005571040 0.999380887
1712644002.855986 -0.228693575 -0.012648236 1.298767567 0.012294135 0.032367826 0.004641936 0.999389648
1712644002.890907 -0.230548039 -0.013291275 1.302783728 0.013764929 0.033468846 0.004626169 0.999334276
1712644002.920862 -0.229304239 -0.014960655 1.300784469 0.013421355 0.032724883 0.005896781 0.999356866
1712644002.953098 -0.228976116 -0.015291340 1.302243829 0.013550403 0.033384070 0.005363305 0.999336362
1712644002.989563 -0.229333669 -0.015572166 1.302841306 0.013637454 0.034314319 0.006081869 0.999299526
1712644003.020024 -0.229685351 -0.015957018 1.304929733 0.013214944 0.034488358 0.005802736 0.999300897
1712644003.052326 -0.230013669 -0.016254947 1.305924416 0.014303214 0.035030253 0.005084708 0.999270976
1712644003.084841 -0.230200946 -0.016464934 1.306599140 0.015653381 0.037009362 0.003887878 0.999184787
1712644003.119914 -0.230640456 -0.016820693 1.308792591 0.015379234 0.038655739 0.004222424 0.999125302
1712644003.156021 -0.231236234 -0.017562650 1.311533570 0.014621969 0.039098553 0.004804058 0.999116838
1712644003.191920 -0.232412562 -0.018663367 1.316012502 0.013438989 0.038782384 0.005131392 0.999144137
1712644003.217717 -0.234648392 -0.016917184 1.320053577 0.014344460 0.039803118 0.003514637 0.999098420
1712644003.257140 -0.235500783 -0.017705768 1.323655009 0.013811129 0.040112227 0.003953377 0.999091923
1712644003.291867 -0.233062923 -0.012092517 1.329751372 0.016762005 0.039492361 0.003155638 0.999074280
1712644003.322878 -0.229834855 -0.012577965 1.335708737 0.015593250 0.038074702 0.003556311 0.999146879
1712644003.357101 -0.234583631 -0.013775117 1.339075804 0.014329287 0.040890761 0.003705897 0.999054015
1712644003.385065 -0.244665846 -0.020088295 1.343457580 0.011875369 0.047022279 0.001968327 0.998821318
1712644003.419841 -0.231217995 -0.018453017 1.351109147 0.017365407 0.040111925 0.001427913 0.999043286
1712644003.453264 -0.232675210 -0.016958242 1.352757573 0.019150771 0.040602341 0.000347595 0.998991787
1712644003.486674 -0.231821015 -0.018048326 1.356802940 0.018721171 0.039926991 -0.000478402 0.999027073
1712644003.518728 -0.225337476 -0.016625466 1.360437512 0.020106001 0.036002088 0.001480773 0.999148369
1712644003.557080 -0.227953315 -0.014965696 1.362897873 0.019822329 0.036576249 0.002013708 0.999132216
1712644003.586126 -0.228947639 -0.017639011 1.365229487 0.017682847 0.035747312 0.002705752 0.999200761
1712644003.619025 -0.229509115 -0.015205240 1.369507551 0.019664330 0.035711143 0.002835031 0.999164641
1712644003.661001 -0.230327278 -0.015570411 1.372824788 0.019464958 0.037406940 0.002227337 0.999108016
1712644003.691394 -0.229155034 -0.015155718 1.375148654 0.019955294 0.037820544 0.004204371 0.999076426
1712644003.721043 -0.228178367 -0.012082308 1.376405358 0.020364525 0.037109427 0.005309699 0.999089599
1712644003.759920 -0.228208691 -0.013261193 1.378712296 0.018002421 0.037445046 0.004664867 0.999125659
1712644003.788894 -0.227868438 -0.011768521 1.382410288 0.017406225 0.038564168 0.004134036 0.999095976
1712644003.819699 -0.225119308 -0.012182735 1.386454940 0.014849305 0.038719878 0.004154377 0.999131143
1712644003.855499 -0.227640092 -0.014292962 1.390486121 0.013497624 0.040829312 0.004708989 0.999063849
1712644003.888437 -0.226509348 -0.014412119 1.393020749 0.013562783 0.040259212 0.005110756 0.999084175
1712644003.919598 -0.227590889 -0.014693393 1.397704601 0.012596025 0.040631838 0.005832821 0.999077797
1712644003.952301 -0.227645829 -0.014961354 1.399459004 0.012688256 0.040750235 0.005750394 0.999072254
1712644003.984868 -0.228654280 -0.015051307 1.401829362 0.014082446 0.041809477 0.005342363 0.999012113
1712644004.024978 -0.229310274 -0.014455982 1.404320717 0.014224111 0.042831566 0.004836638 0.998969376
1712644004.056351 -0.230672523 -0.013906397 1.407831550 0.013967790 0.044286970 0.004535201 0.998910904
1712644004.091256 -0.230340824 -0.013583965 1.408608198 0.013477766 0.044956449 0.004155653 0.998889446
1712644004.121829 -0.227204084 -0.007364599 1.411214948 0.011648687 0.044701625 0.004107109 0.998924077
1712644004.155654 -0.226466492 -0.015776385 1.415768266 0.005760433 0.044103291 0.005524304 0.998995125
1712644004.188436 -0.219470739 -0.019061560 1.417955041 0.007406523 0.038907420 0.006419828 0.999194741
1712644004.220186 -0.219265446 -0.015585375 1.416169167 0.011358744 0.038712099 0.006458311 0.999164939
1712644004.254813 -0.219935581 -0.017128557 1.415391684 0.010575661 0.038540013 0.007159775 0.999175429
1712644004.290700 -0.219307810 -0.017467991 1.414662123 0.011400439 0.037335426 0.006806277 0.999214590
1712644004.319039 -0.220543906 -0.017429413 1.414315701 0.012732434 0.038077153 0.006175817 0.999174595
1712644004.359141 -0.219708294 -0.016127214 1.412757277 0.013464935 0.037866961 0.005998797 0.999174058
1712644004.393193 -0.217793122 -0.015440624 1.413876176 0.012748132 0.036637824 0.006635608 0.999225259
1712644004.423233 -0.218168810 -0.015710857 1.414710641 0.011660458 0.036579117 0.006561201 0.999241173
1712644004.459902 -0.218599305 -0.014242738 1.414682627 0.012366042 0.037152342 0.006744716 0.999210358
1712644004.491577 -0.218760461 -0.015852237 1.414642572 0.011065340 0.037342437 0.007268567 0.999214828
1712644004.521391 -0.220279798 -0.017202668 1.415451765 0.010669829 0.037879385 0.006762223 0.999202490
1712644004.553841 -0.223788455 -0.023465013 1.417284369 0.009025360 0.037677228 0.008065191 0.999216676
1712644004.589968 -0.224398866 -0.015375412 1.414595246 0.014565470 0.033627402 0.009067995 0.999287128
1712644004.619982 -0.225357205 -0.016832538 1.416387439 0.012493904 0.030130912 0.008108384 0.999434948
1712644004.656689 -0.224132434 -0.019149495 1.418507934 0.011027732 0.025859259 0.008027435 0.999572515
1712644004.686484 -0.222972512 -0.017317157 1.420123458 0.013438363 0.023354271 0.007912327 0.999605596
1712644004.719290 -0.222996324 -0.015951324 1.422186852 0.014149020 0.023126030 0.006927102 0.999608397
1712644004.752035 -0.222357973 -0.015775807 1.423697710 0.013648525 0.023390871 0.005972175 0.999615371
1712644004.791550 -0.222522140 -0.015690846 1.427755594 0.013361019 0.024426064 0.006103574 0.999593675
1712644004.822925 -0.221872032 -0.016256405 1.428687572 0.013673900 0.024644574 0.006350189 0.999582529
1712644004.859670 -0.222927913 -0.014723753 1.431634307 0.014461181 0.025270510 0.005951167 0.999558270
1712644004.891872 -0.224031910 -0.014450164 1.434378028 0.014011583 0.026380777 0.005848669 0.999536633
1712644004.922012 -0.223173708 -0.014591061 1.437572479 0.013533449 0.026421502 0.006423039 0.999538600
1712644004.955453 -0.220444500 -0.016817141 1.441183329 0.011999656 0.025837723 0.007329290 0.999567211
1712644004.989902 -0.223454058 -0.016716450 1.444773674 0.013245108 0.028107312 0.006448109 0.999496341
1712644005.019873 -0.224971771 -0.021415625 1.448866129 0.012446363 0.028261673 0.006604636 0.999501228
1712644005.055505 -0.225058869 -0.016045293 1.448806882 0.015946405 0.025756050 0.006701280 0.999518573
1712644005.090312 -0.229778871 -0.014997914 1.447151542 0.012407325 0.025233628 0.005100951 0.999591589
1712644005.118912 -0.229002461 -0.017563008 1.458192468 0.008076194 0.019017212 0.003426043 0.999780655
1712644005.157838 -0.228667364 -0.017475449 1.462754130 0.006841766 0.014660038 0.001018860 0.999868572
1712644005.192880 -0.230163530 -0.019100795 1.467085242 0.004108454 0.012166696 0.000505008 0.999917388
1712644005.224104 -0.231559068 -0.019723689 1.473688364 0.003846686 0.008529403 0.000080752 0.999956191
1712644005.256270 -0.230076700 -0.016011881 1.476181149 0.006091980 0.002982076 0.000739679 0.999976695
1712644005.291898 -0.225124910 -0.015416616 1.475331187 0.004986262 -0.003872918 -0.001093168 0.999979436
1712644005.321666 -0.226160973 -0.013373360 1.482864618 -0.002290146 -0.003441478 -0.002057344 0.999989331
1712644005.356859 -0.225005969 -0.012680816 1.496557355 -0.000381829 -0.004714570 -0.003732379 0.999981821
1712644005.388793 -0.226392880 -0.013077938 1.485322237 0.006447339 -0.002048390 -0.000042287 0.999977112
1712644005.420330 -0.226218075 -0.014090740 1.488049984 0.001716075 -0.004946207 0.000884435 0.999985933
1712644005.455094 -0.227995396 -0.019884493 1.488212109 -0.001391625 -0.006116667 -0.000450293 0.999980211
1712644005.489085 -0.228535309 -0.018706063 1.485980272 0.002229745 -0.006364259 -0.000858991 0.999976873
1712644005.519673 -0.229890943 -0.017457979 1.486384749 0.003535895 -0.006103089 -0.000833473 0.999974787
1712644005.558409 -0.230071321 -0.017901158 1.488101721 0.002556013 -0.006937582 -0.001206403 0.999971926
1712644005.592947 -0.228950068 -0.015644297 1.485501885 0.004735440 -0.007907980 -0.001471413 0.999956429
1712644005.623285 -0.229637027 -0.016843503 1.486116767 0.003219763 -0.008053938 -0.001336895 0.999961495
1712644005.664699 -0.230791062 -0.015734317 1.486897111 0.004719733 -0.007900148 -0.001195213 0.999956965
1712644005.691865 -0.230071530 -0.015890738 1.486567616 0.004405643 -0.009490667 -0.000745386 0.999944985
1712644005.723053 -0.230013296 -0.016513724 1.486366510 0.003548690 -0.011149046 -0.000812176 0.999931216
1712644005.755772 -0.233608350 -0.018283078 1.486893058 0.003409971 -0.010719484 -0.001746726 0.999935210
1712644005.788846 -0.231368616 -0.015869996 1.487287641 0.004616867 -0.013862740 -0.000497071 0.999893129
1712644005.819405 -0.230605513 -0.018360510 1.486234784 0.002400342 -0.015787333 -0.000371605 0.999872446
1712644005.852490 -0.233346522 -0.017691096 1.485569358 0.003133310 -0.017277775 0.001340250 0.999844909
1712644005.889094 -0.232651442 -0.018483013 1.486333251 0.001835362 -0.023771435 0.003140527 0.999710798
1712644005.919940 -0.234380797 -0.018316559 1.487568498 0.002162345 -0.031118846 0.002479610 0.999510288
1712644005.955073 -0.242514700 -0.020146208 1.486830950 0.002021838 -0.032248970 -0.000663002 0.999477625
1712644005.994739 -0.236206815 -0.016568823 1.483930230 0.003899871 -0.039487224 0.000963037 0.999212027
1712644006.026911 -0.242832035 -0.018095480 1.486458063 0.003149677 -0.040495113 0.002665035 0.999171197
1712644006.059048 -0.269531369 -0.028891502 1.478383899 -0.003560436 -0.031498767 0.004757229 0.999486148
1712644006.092678 -0.276942611 -0.026455635 1.474727273 -0.002030903 -0.039894361 0.006426877 0.999181151
1712644006.121119 -0.282862663 -0.027035277 1.474284410 -0.001153603 -0.054208752 0.005157894 0.998515666
1712644006.156794 -0.279297531 -0.017948829 1.474953413 0.004850973 -0.074174672 0.005538115 0.997218072
1712644006.192099 -0.257433414 -0.027198579 1.477111936 -0.001099043 -0.105235159 0.004061597 0.994438469
1712644006.220672 -0.244307116 -0.020866742 1.483609676 0.004726833 -0.120126493 0.000990123 0.992746830
1712644006.255802 -0.248097658 -0.013762220 1.482780814 0.008532708 -0.116950341 -0.001238439 0.993100345
1712644006.290107 -0.244016260 -0.014428562 1.484382391 0.007404829 -0.118376441 0.000807821 0.992940843
1712644006.321040 -0.245251372 -0.019655332 1.485103965 0.003625453 -0.116365179 -0.001240458 0.993199110
1712644006.354964 -0.249095634 -0.019749900 1.485722780 0.004985320 -0.114835016 -0.000263255 0.993372023
1712644006.394794 -0.253563672 -0.015537115 1.478782296 0.007290666 -0.111640871 -0.001794123 0.993720293
1712644006.425006 -0.248187676 -0.019802414 1.481240511 0.003161210 -0.116147883 -0.000120612 0.993226886
1712644006.459289 -0.249990463 -0.019437907 1.474678993 0.004194397 -0.114173293 -0.000097984 0.993451953
1712644006.493057 -0.249262303 -0.017893314 1.471558094 0.003929824 -0.115217723 0.000117669 0.993332446
1712644006.520691 -0.249536350 -0.019892756 1.469740868 0.001847571 -0.116162650 -0.000420971 0.993228376
1712644006.555202 -0.248871803 -0.020613655 1.466543913 0.001994205 -0.117317915 -0.000737821 0.993092120
1712644006.592397 -0.247945234 -0.019661220 1.463523269 0.003713971 -0.117919534 -0.001503979 0.993015051
1712644006.621529 -0.245687127 -0.020206789 1.458299637 0.003070107 -0.118850373 -0.001389099 0.992906451
1712644006.660239 -0.249064684 -0.019363074 1.455698371 0.003774169 -0.117188036 -0.001908565 0.993100762
1712644006.689269 -0.247932822 -0.021342425 1.450902224 0.003727219 -0.117912635 -0.002614760 0.993013561
1712644006.720757 -0.244355381 -0.021726748 1.447126150 0.003997660 -0.120016597 -0.001573479 0.992762566
1712644006.757355 -0.244695440 -0.023966389 1.442679048 0.003639140 -0.119393788 -0.000947641 0.992839873
1712644006.793343 -0.245422587 -0.024756718 1.438389540 0.005779124 -0.118505016 -0.001213837 0.992935896
1712644006.823814 -0.241981477 -0.022538150 1.437475681 0.009945915 -0.121384174 0.003935142 0.992547989
1712644006.860178 -0.237655833 -0.022428628 1.426038861 0.012521937 -0.123351246 0.005563919 0.992268443
1712644006.892741 -0.238263980 -0.021921976 1.418432951 0.009800647 -0.122680679 0.005803660 0.992380857
1712644006.922695 -0.242639244 -0.023380667 1.416424155 0.008660055 -0.120547891 0.004622079 0.992658973
1712644006.957141 -0.238720879 -0.020038344 1.415183425 0.009807193 -0.124053314 0.005503583 0.992211819
1712644006.994709 -0.235930443 -0.019982396 1.412305713 0.009528214 -0.126272023 0.006037839 0.991931558
1712644007.023124 -0.237406105 -0.021312386 1.407234907 0.009493673 -0.125611305 0.004760575 0.992022693
1712644007.053889 -0.236496449 -0.020923790 1.403116107 0.011034346 -0.125854790 0.003909619 0.991979599
1712644007.092462 -0.235890090 -0.021427242 1.400399566 0.012649729 -0.126408115 0.002736582 0.991893888
1712644007.121145 -0.233870849 -0.023439482 1.394427776 0.014917436 -0.127637967 0.000170962 0.991708636
1712644007.163917 -0.233888328 -0.018749947 1.388168454 0.018437076 -0.127124801 -0.000789950 0.991715074
1712644007.195799 -0.234601602 -0.018266698 1.384560585 0.018633340 -0.126516670 -0.000498526 0.991789341
1712644007.231019 -0.233269230 -0.020922121 1.380476236 0.017722920 -0.126344517 -0.001622197 0.991826773
1712644007.260836 -0.230820179 -0.020421192 1.378628731 0.017872361 -0.126040116 -0.001519329 0.991862953
1712644007.295264 -0.229896978 -0.021049539 1.376702189 0.017112100 -0.124484770 -0.001826862 0.992072284
1712644007.323219 -0.229882032 -0.023212746 1.373251200 0.016314961 -0.122352436 -0.001949177 0.992350698
1712644007.360641 -0.226159438 -0.021407895 1.369698763 0.016956581 -0.121997319 -0.001062533 0.992385030
1712644007.391995 -0.226589203 -0.022284703 1.367086649 0.016382847 -0.119204901 -0.001819819 0.992732823
1712644007.424512 -0.227627903 -0.022003327 1.365981817 0.016998867 -0.116440371 -0.002235456 0.993049681
1712644007.459333 -0.226090610 -0.021137645 1.363743067 0.017820671 -0.115436964 -0.001768767 0.993153334
1712644007.491717 -0.224700406 -0.021211298 1.357997537 0.016878322 -0.114545092 -0.001643551 0.993273318
1712644007.520967 -0.225476444 -0.022670940 1.355762124 0.015815213 -0.113050707 -0.002369132 0.993460536
1712644007.558761 -0.225127131 -0.019931307 1.351943135 0.016646467 -0.111605391 -0.003499771 0.993606985
1712644007.594624 -0.225839406 -0.019277347 1.349723339 0.016444210 -0.108836621 -0.004884890 0.993911624
1712644007.625207 -0.222653136 -0.023942851 1.344727635 0.013197600 -0.106675915 -0.005649311 0.994190216
1712644007.660475 -0.221505672 -0.023322981 1.342467427 0.013227788 -0.103236616 -0.004883246 0.994556844
1712644007.692404 -0.217420995 -0.021771578 1.338105679 0.013336912 -0.100039206 -0.002318318 0.994891405
1712644007.720883 -0.213398755 -0.022489242 1.333651900 0.010980337 -0.096772194 -0.001070268 0.995245397
1712644007.760345 -0.209789887 -0.016913183 1.332509041 0.010874683 -0.094021082 0.003359561 0.995505154
1712644007.791866 -0.209364399 -0.015839830 1.328830004 0.007746264 -0.090046681 0.005493576 0.995892286
1712644007.820952 -0.212071016 -0.017214945 1.325941324 0.006306966 -0.085818693 0.005860106 0.996273577
1712644007.854880 -0.213166997 -0.017400503 1.321696043 0.007976216 -0.083453484 0.005743808 0.996463180
1712644007.894690 -0.211025998 -0.016334616 1.317383885 0.008898039 -0.082808331 0.005305912 0.996511638
1712644007.921202 -0.210181624 -0.016213089 1.312307715 0.008842897 -0.080383293 0.004546449 0.996714413
1712644007.955459 -0.208027124 -0.017269114 1.307332993 0.008583445 -0.077444784 0.003543558 0.996953368
1712644007.995498 -0.204493105 -0.016206739 1.303856730 0.008723071 -0.074623339 0.003688269 0.997166812
1712644008.027504 -0.200876474 -0.015467410 1.297833681 0.008054613 -0.070566058 0.003251744 0.997469306
1712644008.059294 -0.201693833 -0.013810478 1.293494821 0.007713174 -0.064416520 0.003027786 0.997888684
1712644008.092807 -0.196089536 -0.014183328 1.287014246 0.006191182 -0.062077276 0.001058887 0.998051584
1712644008.121390 -0.195033610 -0.011700765 1.283188939 0.004410386 -0.057604741 -0.001432955 0.998328686
1712644008.158525 -0.194079638 -0.011608485 1.279277086 0.000407848 -0.052191123 -0.003094161 0.998632252
1712644008.193043 -0.191520616 -0.014704403 1.277272820 -0.000885634 -0.046918083 -0.003180342 0.998893261
1712644008.224810 -0.188801035 -0.011048161 1.270329237 0.001205151 -0.039127093 -0.003508995 0.999227345
1712644008.259162 -0.187440485 -0.011961846 1.266447186 -0.000621285 -0.030911455 -0.002015056 0.999519885
1712644008.293577 -0.185808256 -0.009668592 1.262544394 0.000816805 -0.023382185 -0.000900159 0.999725878
1712644008.326264 -0.177420676 -0.007562889 1.257921696 0.002285222 -0.018518643 -0.002178482 0.999823511
1712644008.359128 -0.180353075 -0.009700738 1.253512025 0.000908714 -0.009348148 -0.002328643 0.999953151
1712644008.397055 -0.176518351 -0.008825146 1.251587629 0.001580598 -0.002651367 -0.002408351 0.999992311
1712644008.427508 -0.169543609 -0.006454011 1.248410463 0.003109501 0.002949033 -0.001892698 0.999989033
1712644008.463633 -0.177860051 -0.006671171 1.240454793 0.002920576 0.014563217 -0.002296078 0.999887049
1712644008.495608 -0.179875225 -0.010169096 1.234774947 0.000500700 0.018656613 -0.001389100 0.999824882
1712644008.522377 -0.183554709 -0.011935757 1.228097796 -0.000406243 0.019998135 -0.000392297 0.999799848
1712644008.557354 -0.180343330 -0.010635411 1.226681471 0.000077014 0.017454488 -0.000595272 0.999847472
1712644008.593370 -0.181140989 -0.011632021 1.222238779 0.001332583 0.018189605 -0.001962897 0.999831736
1712644008.623675 -0.182904944 -0.009980017 1.215380192 0.002577271 0.019011715 -0.001071439 0.999815345
1712644008.656727 -0.182709679 -0.007498227 1.207000852 0.002134638 0.018352676 -0.000977040 0.999828815
1712644008.695819 -0.179266483 -0.009890234 1.206318378 -0.000564880 0.015747271 -0.001128999 0.999875188
1712644008.725421 -0.182352185 -0.010907485 1.202378750 0.000388286 0.016944170 -0.002181915 0.999853969
1712644008.760359 -0.182167396 -0.010172027 1.198153615 0.001068495 0.017466754 -0.001932681 0.999845028
1712644008.796223 -0.182714835 -0.011485399 1.194581628 0.000814454 0.018437820 -0.001802932 0.999828041
1712644008.826052 -0.181985348 -0.008155489 1.190362453 0.003212747 0.018361811 -0.001380165 0.999825299
1712644008.858048 -0.183758616 -0.007492515 1.186412930 0.002705783 0.019200895 -0.002009107 0.999809980
1712644008.893416 -0.180270806 -0.008423497 1.182607532 0.001796079 0.017762247 -0.001858381 0.999838889
1712644008.922118 -0.182517886 -0.007726248 1.177458405 0.001463921 0.019198637 -0.001902936 0.999812841
1712644008.956422 -0.182246342 -0.007421378 1.175160646 0.001213751 0.019318044 -0.001069183 0.999812067
1712644008.992268 -0.180723205 -0.007528690 1.170609832 0.001136015 0.019251833 -0.000738152 0.999813735
1712644009.023228 -0.181959808 -0.007430574 1.166601300 0.000964063 0.020256292 0.000255107 0.999794364
1712644009.061728 -0.182612583 -0.009864410 1.161117077 0.000349063 0.020361001 0.001121202 0.999791980
1712644009.095590 -0.188902110 -0.009133615 1.152832747 0.000414337 0.021356218 0.001434437 0.999770820
1712644009.127542 -0.190851226 -0.010091890 1.151991725 -0.001401564 0.017890543 0.001945317 0.999837041
1712644009.161908 -0.193981633 -0.010661435 1.147542596 -0.001133651 0.013707836 0.001904192 0.999903560
1712644009.196421 -0.196832374 -0.006625677 1.139691234 -0.000244943 0.009586204 0.001561061 0.999952793
1712644009.226863 -0.193748072 -0.009341794 1.134516835 -0.003213926 0.003408337 0.001227959 0.999988258
1712644009.257908 -0.191863939 -0.012172620 1.131750345 -0.003968332 -0.001180610 0.001034558 0.999990880
1712644009.292961 -0.194973707 -0.012157805 1.123341322 -0.002273671 -0.003198128 0.001057957 0.999991715
1712644009.323795 -0.197483450 -0.010720721 1.114337325 -0.001468332 -0.005578182 0.000094534 0.999983370
1712644009.355393 -0.198801622 -0.009745592 1.109383821 -0.000669393 -0.008483873 -0.000033029 0.999963760
1712644009.392460 -0.199569076 -0.009186259 1.102902889 0.000165644 -0.011317450 0.000070265 0.999935925
1712644009.422662 -0.201226562 -0.010283385 1.098581791 0.000543060 -0.014057701 -0.000348660 0.999900997
1712644009.458200 -0.197972372 -0.013104228 1.093118906 0.000977943 -0.018838629 0.000577369 0.999821901
1712644009.496311 -0.195884898 -0.010232181 1.085790396 0.002527873 -0.021031599 -0.000220853 0.999775589
1712644009.529582 -0.199248642 -0.008614019 1.078766108 0.002578218 -0.019981654 -0.000081153 0.999797046
1712644009.560180 -0.201357037 -0.008252905 1.072503328 0.001181213 -0.020262713 -0.001094647 0.999793410
1712644009.597153 -0.201551899 -0.008095950 1.067750454 0.000527598 -0.021711284 -0.001473562 0.999763072
1712644009.629807 -0.202260032 -0.009167813 1.063104272 -0.000574376 -0.024017906 -0.000235988 0.999711335
1712644009.662402 -0.203894764 -0.009270425 1.055846930 0.000434246 -0.027967185 0.000474342 0.999608636
1712644009.693089 -0.205684230 -0.008295710 1.052760839 0.002503078 -0.033674370 0.000878956 0.999429345
1712644009.723157 -0.207438916 -0.007821550 1.046111107 0.002859639 -0.040662110 0.001096853 0.999168277
1712644009.758169 -0.218468979 -0.009084026 1.038862228 0.002111933 -0.043774854 -0.000794356 0.999038875
1712644009.791740 -0.217922285 -0.008153868 1.030045986 0.002643533 -0.050772477 -0.000457429 0.998706639
1712644009.823724 -0.210762128 -0.007051715 1.026095867 0.003473433 -0.059631206 0.000789867 0.998214126
1712644009.855972 -0.217625588 -0.009123350 1.018298388 0.002405806 -0.062611431 0.000020755 0.998035073
1712644009.896602 -0.218893141 -0.006341712 1.005071163 0.002954653 -0.067661539 -0.000089271 0.997703969
1712644009.928599 -0.223328337 -0.009629306 1.000427246 0.001126210 -0.071242668 -0.000556232 0.997458220
1712644009.970661 -0.217200249 -0.010369497 0.992423892 0.000204200 -0.078761704 -0.000664636 0.996893227
1712644009.994117 -0.219990298 -0.008090558 0.987748682 0.000496153 -0.082996875 -0.000377857 0.996549606
1712644010.025388 -0.223906472 -0.005726590 0.981426835 0.001439212 -0.088080108 -0.000182157 0.996112347
1712644010.060038 -0.222101271 -0.008489364 0.977785289 0.000705707 -0.096308887 -0.000071015 0.995351255
1712644010.093661 -0.222702146 -0.005437302 0.968785226 0.001488660 -0.103552200 0.000972501 0.994622409
1712644010.124892 -0.220480829 -0.004949172 0.960574806 0.001294632 -0.111406691 0.000740244 0.993773758
1712644010.158808 -0.218837500 -0.007732672 0.952568412 0.001699474 -0.118651703 -0.000111299 0.992934465
1712644010.193026 -0.219138369 -0.009222303 0.946671844 0.002494174 -0.124251962 -0.001304692 0.992246687
1712644010.224780 -0.216620818 -0.008406439 0.939526618 0.002005597 -0.128539756 -0.002009224 0.991700292
1712644010.256435 -0.213963002 -0.006658350 0.934367001 0.001265004 -0.132387355 -0.002461362 0.991194189
1712644010.292852 -0.212811604 -0.008426768 0.928755283 -0.000321258 -0.135187179 -0.003246063 0.990814745
1712644010.328126 -0.213480860 -0.008119305 0.925441206 -0.000358773 -0.137243077 -0.003138643 0.990532339
1712644010.364205 -0.211274952 -0.007313319 0.918562472 0.000082323 -0.140970826 -0.003853319 0.990006268
1712644010.396826 -0.208900258 -0.005643008 0.912871480 0.000053788 -0.144461215 -0.003346603 0.989504814
1712644010.427479 -0.212035507 -0.005879311 0.910180926 -0.001338039 -0.145736977 -0.003448303 0.989316463
1712644010.459809 -0.209507421 -0.004815701 0.906874299 -0.002033588 -0.150044069 -0.002807099 0.988673210
1712644010.493668 -0.212185562 -0.004264617 0.902927339 -0.002401743 -0.153766185 -0.002985479 0.988099813
1712644010.523952 -0.212201402 -0.000578658 0.896542251 -0.001937551 -0.160284385 -0.001904024 0.987067163
1712644010.557443 -0.215528592 0.000530937 0.893955290 -0.002965596 -0.167772517 -0.002179795 0.985818863
1712644010.593775 -0.226801917 0.005617384 0.895727038 -0.001284301 -0.175690994 -0.000396172 0.984444439
1712644010.623779 -0.217872620 -0.006967749 0.883260429 -0.005279368 -0.189061135 -0.003151452 0.981946051
1712644010.658726 -0.214985982 -0.003004757 0.876376748 -0.001951899 -0.203112751 -0.000356709 0.979153335
1712644010.693218 -0.216087356 -0.006920784 0.860421181 -0.004769464 -0.212580293 -0.004379217 0.977122128
1712644010.728301 -0.213966087 -0.007018412 0.853248119 -0.005482490 -0.226388007 -0.004130255 0.974013031
1712644010.765690 -0.208443403 -0.004753281 0.847443223 -0.004046328 -0.240220010 -0.003256218 0.970704556
1712644010.797856 -0.208220765 -0.005728071 0.839121461 -0.004356221 -0.248735636 -0.005724330 0.968544722
1712644010.825983 -0.209712997 -0.004866311 0.832518756 -0.003988372 -0.254862666 -0.006151283 0.966949463
1712644010.859056 -0.206626937 -0.002424103 0.829310536 -0.003189764 -0.261808276 -0.005157542 0.965100884
1712644010.893079 -0.204495490 -0.006938958 0.826442182 -0.003598978 -0.265315264 -0.008167415 0.964120388
1712644010.923426 -0.200054199 -0.006535773 0.818870544 0.001670383 -0.268462509 -0.005499523 0.963272989
1712644010.957034 -0.200367063 -0.003979223 0.818682075 0.001197623 -0.270712614 -0.004544166 0.962648749
1712644010.994048 -0.201516822 -0.007618234 0.819518089 -0.000821309 -0.271413535 -0.007379018 0.962434173
1712644011.023606 -0.199465752 -0.005266622 0.819021404 -0.001495242 -0.270712465 -0.005812762 0.962641537
1712644011.058359 -0.201329648 -0.005652871 0.820802093 -0.003541837 -0.269553095 -0.006124579 0.962959528
1712644011.095507 -0.202945009 -0.004650319 0.822380543 -0.004402088 -0.269448698 -0.006632770 0.962981820
1712644011.128514 -0.204484493 -0.004355456 0.822454810 -0.005308940 -0.269334286 -0.007224401 0.963005006
1712644011.164070 -0.203831553 -0.005397590 0.824618638 -0.006188653 -0.270346433 -0.007371109 0.962714970
1712644011.195844 -0.204728410 -0.006506775 0.823973358 -0.005284977 -0.269547164 -0.007005570 0.962947190
1712644011.224767 -0.204350725 -0.005766807 0.823439121 -0.004550424 -0.269071102 -0.007275159 0.963082075
1712644011.260251 -0.205221012 -0.005491950 0.822739065 -0.004488543 -0.268197894 -0.007035337 0.963327706
1712644011.298814 -0.205148607 -0.005601674 0.822485864 -0.004275585 -0.268126279 -0.006878700 0.963349760
1712644011.325943 -0.204158261 -0.004477028 0.822660625 -0.004348650 -0.268806994 -0.005919830 0.963166058
1712644011.357497 -0.201766565 -0.004138510 0.819916844 -0.005775815 -0.270394534 -0.006472837 0.962710500
1712644011.392344 -0.202715233 -0.003755752 0.820602119 -0.006398978 -0.272402138 -0.006489696 0.962140322
1712644011.427017 -0.202356085 -0.005384926 0.819235921 -0.008885524 -0.273122340 -0.008486736 0.961900830
1712644011.459088 -0.202543512 -0.007158255 0.819001794 -0.009251466 -0.272550732 -0.008316991 0.962060988
1712644011.496277 -0.199016377 -0.005691069 0.815459669 -0.006237115 -0.272295833 -0.005934742 0.962175071
1712644011.532683 -0.198304474 -0.005851072 0.812544346 -0.005273584 -0.271618575 -0.005816590 0.962372959
1712644011.569191 -0.198534057 -0.006629949 0.812026024 -0.005099986 -0.271737456 -0.005920256 0.962339699
1712644011.597601 -0.197076306 -0.006052168 0.808365047 -0.004497417 -0.271273673 -0.005767719 0.962474465
1712644011.627138 -0.194887280 -0.006287266 0.804963529 -0.004342112 -0.271067142 -0.005953409 0.962532222
1712644011.665496 -0.195445031 -0.006953273 0.802869081 -0.004886501 -0.270207345 -0.005629802 0.962773263
1712644011.695452 -0.193594262 -0.005734150 0.801065624 -0.003441915 -0.270826489 -0.004663807 0.962610722
1712644011.726215 -0.191402167 -0.007891269 0.797839701 -0.003979655 -0.270977527 -0.005311537 0.962562740
1712644011.761814 -0.190797806 -0.006901725 0.795477450 -0.003375410 -0.270748794 -0.004946367 0.962631404
1712644011.799617 -0.187781468 -0.006939538 0.791563630 -0.003322583 -0.271228313 -0.005969799 0.962490797
1712644011.825377 -0.185482576 -0.006975060 0.788274527 -0.002784369 -0.271455497 -0.006550936 0.962424695
1712644011.859135 -0.184149727 -0.006627530 0.785667896 -0.002713870 -0.271210968 -0.006696100 0.962492824
1712644011.894850 -0.183504075 -0.006333293 0.783325255 -0.003452377 -0.271079540 -0.006952381 0.962525666
1712644011.928142 -0.181630120 -0.006805858 0.780714810 -0.003609755 -0.271157086 -0.007106814 0.962502122
1712644011.965108 -0.179726556 -0.006217563 0.777044058 -0.003186730 -0.270675719 -0.006700704 0.962642014
1712644011.995675 -0.179119334 -0.005213028 0.773157358 -0.003145486 -0.270328164 -0.006052627 0.962744057
1712644012.025746 -0.177912906 -0.004992764 0.767542183 -0.004505761 -0.272089541 -0.005146057 0.962247670
1712644012.065669 -0.176277950 -0.007813757 0.762814641 -0.005254168 -0.276655287 -0.005834128 0.960937142
1712644012.094758 -0.178269491 -0.006952792 0.756556630 -0.004052080 -0.280994713 -0.005153536 0.959686935
1712644012.126763 -0.176146224 -0.006769751 0.751357973 -0.003091983 -0.288339853 -0.004190247 0.957513988
1712644012.157808 -0.175502226 -0.004192725 0.747951865 -0.001062233 -0.294307321 -0.001596622 0.955708921
1712644012.193452 -0.171359226 -0.004112086 0.740758955 -0.001124915 -0.300979853 -0.000329123 0.953629792
1712644012.225507 -0.170841694 -0.004785853 0.734756708 -0.002243946 -0.307194173 0.000110450 0.951644182
1712644012.263525 -0.168574721 -0.006292159 0.729330182 -0.002680745 -0.314463347 -0.000700630 0.949265599
1712644012.295021 -0.167324781 -0.005969864 0.724749506 -0.001425336 -0.322983205 -0.000256769 0.946403563
1712644012.330161 -0.159388095 -0.010486948 0.718493104 -0.000759098 -0.329854757 -0.003110275 0.944026291
1712644012.364208 -0.150806159 -0.009933331 0.714567840 0.000632950 -0.332083613 -0.002730476 0.943245769
1712644012.396235 -0.146909088 -0.009602567 0.709994376 0.000396341 -0.329942346 -0.002645302 0.943997324
1712644012.426399 -0.146246865 -0.009570954 0.707702279 0.000691315 -0.328145474 -0.001490175 0.944625735
1712644012.460969 -0.144667104 -0.010976870 0.705540121 0.000389314 -0.328846872 -0.000718926 0.944382906
1712644012.493483 -0.138533413 -0.010814195 0.697150230 0.000358269 -0.330019593 0.000933466 0.943973541
1712644012.525117 -0.133929074 -0.009011776 0.690870285 -0.000143464 -0.330727369 0.001881245 0.943724453
1712644012.560253 -0.135565162 -0.010286848 0.690270066 -0.001383542 -0.329892367 -0.001357168 0.944016576
1712644012.594299 -0.131532148 -0.009080072 0.685631335 -0.000228782 -0.330788493 -0.000700136 0.943704605
1712644012.633292 -0.130377293 -0.009881807 0.681355178 0.000015169 -0.330461115 -0.001484413 0.943818450
1712644012.662952 -0.125911102 -0.008050961 0.676578283 0.001351264 -0.330964297 0.000355886 0.943642199
1712644012.696035 -0.123413734 -0.008937074 0.673105299 0.000908057 -0.330638587 -0.001008918 0.943756461
1712644012.731796 -0.115395382 -0.010118157 0.667007565 -0.000038041 -0.329861283 -0.000812844 0.944029033
1712644012.763987 -0.112005331 -0.011369387 0.662704289 -0.000572782 -0.327056468 -0.003024751 0.944999754
1712644012.798101 -0.108915888 -0.011567743 0.658215344 -0.000451054 -0.323338568 -0.004437340 0.946272850
1712644012.824466 -0.102766111 -0.011878458 0.653961539 0.001346739 -0.320096791 -0.005157940 0.947369874
1712644012.858509 -0.097561702 -0.009350360 0.647587955 0.001744734 -0.315154165 -0.003664628 0.949031830
1712644012.893833 -0.096332483 -0.010515380 0.644368887 0.002090469 -0.311010063 -0.003777858 0.950396776
1712644012.924802 -0.094229184 -0.009609159 0.638865948 0.003267287 -0.309518665 -0.001447627 0.950886667
1712644012.958364 -0.090649366 -0.006018563 0.632367373 0.004573688 -0.311153501 0.000444802 0.950348556
1712644012.991787 -0.088103659 -0.009408657 0.626590729 0.002560470 -0.313492775 -0.001553523 0.949585855
1712644013.025397 -0.086734571 -0.010117993 0.623108745 0.003288593 -0.314898610 -0.002388356 0.949116588
1712644013.062078 -0.079724215 -0.010322602 0.617997229 0.004346227 -0.315800875 -0.000977578 0.948815048
1712644013.096203 -0.074967645 -0.008693764 0.611017108 0.004488379 -0.315165520 0.000827217 0.949025750
1712644013.131899 -0.070938937 -0.008063258 0.606111705 0.004577933 -0.315563560 0.000862593 0.948893011
1712644013.164058 -0.065943591 -0.008201116 0.600802600 0.004716316 -0.316468507 0.001055281 0.948590696
1712644013.196770 -0.061898217 -0.008917219 0.594036400 0.003839483 -0.315942347 0.000128436 0.948770642
1712644013.225485 -0.056751616 -0.005766310 0.586740196 0.002142550 -0.315768689 0.000567605 0.948833644
1712644013.258666 -0.054002300 -0.006414184 0.582469106 0.001433298 -0.315616101 0.000029946 0.948885858
1712644013.294083 -0.049272262 -0.008900847 0.577391565 0.001482753 -0.315985173 -0.001608090 0.948761582
1712644013.326155 -0.039816897 -0.009925212 0.570108652 0.000978636 -0.315850377 -0.003057227 0.948803544
1712644013.359700 -0.035463665 -0.009646120 0.564443827 -0.000042374 -0.312689453 -0.003334876 0.949849546
1712644013.393697 -0.035140965 -0.008707716 0.561390460 0.000680603 -0.308778644 -0.001779375 0.951131999
1712644013.426294 -0.027472764 -0.010468351 0.554218948 0.000665199 -0.305866897 -0.001520324 0.952072859
1712644013.464712 -0.021052325 -0.007111053 0.548238933 0.000933519 -0.302184254 0.000097115 0.953249037
1712644013.498139 -0.017646592 -0.008186479 0.544391453 -0.000146350 -0.297994733 0.000092913 0.954567492
1712644013.535897 -0.013366223 -0.011255301 0.539614499 0.001307660 -0.292763710 -0.000543569 0.956183791
1712644013.567233 -0.004688074 -0.008132531 0.531183302 0.002571196 -0.289059758 -0.000101828 0.957307577
1712644013.595983 -0.001378113 -0.006229821 0.527092874 0.000761051 -0.284343958 -0.001148268 0.958721340
1712644013.627450 0.005846869 -0.009852852 0.518817544 -0.002847990 -0.278992295 -0.001783260 0.960287452
1712644013.666043 0.008246653 -0.008481585 0.513211668 -0.002527755 -0.272214323 -0.001214170 0.962232530
1712644013.698606 0.014158522 -0.008359171 0.507215858 -0.002254369 -0.266398430 -0.000346510 0.963860273
1712644013.729176 0.017965525 -0.006046697 0.503020048 -0.002195084 -0.260778010 0.001193412 0.965395570
1712644013.759911 0.020205019 -0.009299476 0.497123957 -0.002153467 -0.254382193 0.000993387 0.967100859
1712644013.796102 0.029370094 -0.011550044 0.488260895 -0.001393885 -0.249808773 0.000157780 0.968294144
1712644013.833820 0.034724891 -0.004963936 0.483584434 -0.000894067 -0.244645268 0.004595222 0.969601333
1712644013.863955 0.042457737 -0.006129924 0.479857177 -0.001119969 -0.238984481 0.004503051 0.971012294
1712644013.894789 0.039894242 -0.002218622 0.473515689 0.000509568 -0.230806991 0.004086842 0.972990811
1712644013.929483 0.050647542 -0.002051198 0.469674498 -0.002007892 -0.225975424 0.003328931 0.974125266
1712644013.965616 0.054109123 -0.008227721 0.463673294 -0.004035938 -0.215915889 0.003611736 0.976396918
1712644013.994997 0.059965093 -0.004651764 0.460735112 -0.001578845 -0.205941513 0.005451462 0.978547812
1712644014.026713 0.062348906 -0.005924362 0.450636357 -0.001827206 -0.196392834 0.005218702 0.980509698
1712644014.059399 0.068015277 -0.005498603 0.443105876 -0.001165652 -0.191213056 0.005532293 0.981532276
1712644014.093249 0.071452081 -0.004370038 0.436239272 -0.000977544 -0.187824652 0.005834990 0.982184768
1712644014.125886 0.075216569 -0.004106889 0.430357218 -0.000500335 -0.185633615 0.005067016 0.982605815
1712644014.163019 0.078123003 -0.004343392 0.422953844 0.000900996 -0.183214992 0.004003665 0.983064294
1712644014.193464 0.082856931 -0.004306535 0.414211750 0.002186706 -0.180418536 0.002085813 0.983585298
1712644014.229276 0.088152722 -0.006429443 0.405771554 0.000694272 -0.175860897 0.001538277 0.984413564
1712644014.266961 0.090961970 -0.003534819 0.406613916 0.002721624 -0.167763591 0.002292174 0.985820830
1712644014.295453 0.097545549 -0.001854642 0.400023371 0.004328479 -0.158846051 0.001635970 0.987292528
1712644014.331291 0.105657876 -0.000106723 0.388418347 0.002640381 -0.149924338 0.002851796 0.988689840
1712644014.361634 0.111048102 -0.000033233 0.385786980 -0.000489538 -0.138745382 0.002183791 0.990325570
1712644014.395902 0.116967104 -0.001657925 0.381116420 -0.000956711 -0.127858222 0.001954917 0.991790056
1712644014.426715 0.118048474 -0.004085838 0.368564755 0.001018294 -0.114516817 0.002659704 0.993417203
1712644014.463051 0.114681736 -0.002457698 0.358006775 0.002673786 -0.099623293 -0.000314849 0.995021582
1712644014.492940 0.118456021 -0.003777618 0.351644069 0.000536361 -0.090530060 0.001115707 0.995892942
1712644014.526795 0.121550515 -0.000539089 0.347411126 0.001440039 -0.083047748 -0.001767153 0.996542990
1712644014.568105 0.123742566 -0.003268792 0.340893984 -0.000782889 -0.076427519 0.002002758 0.997072816
1712644014.593162 0.125305310 -0.003096745 0.337502539 -0.000843345 -0.070177712 0.003126919 0.997529268
1712644014.631896 0.126404852 -0.003884193 0.331296176 0.000268667 -0.062551543 0.002170875 0.998039365
1712644014.667171 0.129967168 -0.003169938 0.329829842 0.001474607 -0.056818083 0.000845732 0.998383105
1712644014.697611 0.135565624 -0.004435496 0.321318120 0.000628564 -0.048541069 0.001854759 0.998819292
1712644014.731292 0.138138726 -0.002611509 0.318772435 -0.000598204 -0.037853509 0.000319450 0.999283075
1712644014.763413 0.138631329 -0.002965214 0.316204816 -0.002443014 -0.027140461 0.001756282 0.999627113
1712644014.795467 0.139458343 -0.002543502 0.308563113 -0.002750481 -0.014143604 0.001270498 0.999895394
1712644014.826205 0.144248173 -0.001631954 0.308264524 -0.001738080 -0.003059516 -0.000793817 0.999993503
1712644014.859702 0.146486893 -0.001366322 0.304297686 -0.001809845 0.008718059 -0.000023455 0.999960363
1712644014.893826 0.150345430 -0.002188373 0.296322048 -0.003349547 0.019224262 0.001282342 0.999808788
1712644014.927113 0.151525393 -0.000613434 0.291962713 -0.001629176 0.030365154 0.000171736 0.999537528
1712644014.960995 0.150573909 -0.000421702 0.283813983 -0.001452319 0.040567618 0.000533174 0.999175608
1712644014.993538 0.154411763 -0.001057634 0.282221049 -0.001145099 0.048437551 0.000943459 0.998825133
1712644015.029444 0.154956087 -0.002328618 0.275217772 -0.000492965 0.058007892 0.000898535 0.998315573
1712644015.066227 0.156832054 -0.000795516 0.268271834 0.002136369 0.067827672 -0.000285863 0.997694731
1712644015.096409 0.159410506 0.001871685 0.268771589 0.005325864 0.080354400 -0.003200761 0.996746957
1712644015.138968 0.159843504 -0.000036191 0.261064321 0.001793770 0.094417490 -0.003611588 0.995524526
1712644015.165427 0.164149731 -0.002281910 0.248920605 -0.000328917 0.107749000 -0.000679120 0.994177878
1712644015.195220 0.167063057 -0.000837486 0.247298330 0.001793220 0.122542523 -0.003201398 0.992456496
1712644015.226771 0.166961789 0.000157215 0.239925608 0.003408884 0.135494262 -0.005026554 0.990759492
1712644015.265637 0.169689134 0.000194046 0.236770198 0.004270376 0.145634219 -0.004810765 0.989317596
1712644015.294169 0.171518296 0.000010681 0.235048324 0.005596697 0.155140355 -0.006319927 0.987856328
1712644015.328150 0.169305041 0.000035265 0.223376602 0.006903176 0.166219741 -0.005454402 0.986049473
1712644015.367015 0.170590058 0.001659422 0.219510376 0.009598964 0.176901385 -0.012576820 0.984101415
1712644015.394591 0.173608288 0.001183820 0.210862055 0.008816885 0.189527124 -0.009515733 0.981789768
1712644015.432282 0.175577149 0.001040629 0.206348151 0.010056822 0.203457415 -0.012446382 0.978953004
1712644015.467491 0.181266800 0.001235486 0.196975574 0.010697111 0.214798808 -0.007972031 0.976567209
1712644015.500049 0.178925067 0.002223111 0.186129496 0.009979726 0.227857932 0.004010192 0.973635018
1712644015.531196 0.170387372 -0.003787267 0.174860418 0.006052225 0.246611327 -0.002572363 0.969092131
1712644015.563871 0.168590829 -0.006188615 0.164420798 0.004929727 0.257623851 -0.006846456 0.966208458
1712644015.595739 0.173789799 -0.000498354 0.167774409 0.007425363 0.262049109 0.001778566 0.965024292
1712644015.628191 0.169769585 -0.003082061 0.162319958 0.006995189 0.271178484 0.000127041 0.962503672
1712644015.666044 0.171409816 -0.001367182 0.156461895 0.014728527 0.272021532 0.005002903 0.962165415
1712644015.696029 0.171425015 -0.000926869 0.150664926 0.011903469 0.273628622 0.007157368 0.961735129
1712644015.727901 0.173277676 -0.000729980 0.154213279 0.011859442 0.274486214 0.007096206 0.961491704
1712644015.767311 0.167962685 -0.000761274 0.147781983 0.011843425 0.278092295 0.005392467 0.960466206
1712644015.794094 0.169889256 -0.000620894 0.155364111 0.010141123 0.276717752 0.004185983 0.960888624
1712644015.833336 0.169854909 -0.000483397 0.156508103 0.009335265 0.276553392 0.002952503 0.960948706
1712644015.867416 0.170554563 -0.000609537 0.158158213 0.007934347 0.276650757 0.002161162 0.960935354
1712644015.896947 0.169147477 -0.000379442 0.155799463 0.006529566 0.277437806 0.003875693 0.960713625
1712644015.930800 0.172480911 -0.002533878 0.153861582 0.002882103 0.275531322 0.009168505 0.961244047
1712644015.964071 0.170763403 -0.002628172 0.159075156 0.006068127 0.276998430 0.004811873 0.960839152
1712644015.994833 0.170754090 -0.001433639 0.159513965 0.007474340 0.277170628 0.004477141 0.960781217
1712644016.027877 0.170610815 -0.001438984 0.158991739 0.007419054 0.276855439 0.004793223 0.960870981
1712644016.063514 0.170610115 -0.001218896 0.159181356 0.007895162 0.276895046 0.004288390 0.960858166
1712644016.093358 0.170036703 -0.001042894 0.158354536 0.007817357 0.277467698 0.004055305 0.960694611
1712644016.127985 0.169259325 -0.001237043 0.158277422 0.007378001 0.278091758 0.004621061 0.960515082
1712644016.169872 0.169839814 -0.001545729 0.158987254 0.007184773 0.277363151 0.004847796 0.960726082
1712644016.198977 0.171530247 -0.000699555 0.157024622 0.007331157 0.275981128 0.004558937 0.961124301
1712644016.233054 0.171477690 -0.000543761 0.156924486 0.007587621 0.276390940 0.004102342 0.961006582
1712644016.267596 0.172276124 -0.000405846 0.157872796 0.008104875 0.275948524 0.003760463 0.961130917
1712644016.299578 0.171744078 -0.000615114 0.157397941 0.007816893 0.276272774 0.003296775 0.961041808
1712644016.332075 0.170794219 -0.000610495 0.156960472 0.007705743 0.276707739 0.003969701 0.960915029
1712644016.365007 0.171162903 -0.000910194 0.157238901 0.007283425 0.276334435 0.004866151 0.961021602
1712644016.396787 0.171374768 -0.000617992 0.156846225 0.007530179 0.276209474 0.003923823 0.961059928
1712644016.430306 0.171447292 -0.000620236 0.157059088 0.007624815 0.276124030 0.004280600 0.961082220
1712644016.463084 0.171326920 -0.000160487 0.157354310 0.008001717 0.276453108 0.004078935 0.960985422
1712644016.495416 0.171149090 -0.000836445 0.157484874 0.007547617 0.276363313 0.004174539 0.961014509
1712644016.530989 0.171583056 -0.000714586 0.157075152 0.007532768 0.276104301 0.003573431 0.961091518
1712644016.568056 0.171115085 -0.000465767 0.156299800 0.007220459 0.276051223 0.004823546 0.961103737
1712644016.601148 0.171499535 -0.000203061 0.156610593 0.004519726 0.276169777 0.004791177 0.961086273
1712644016.630411 0.170942575 -0.000437580 0.155320778 0.003846582 0.276020169 0.005384379 0.961129010
1712644016.669386 0.169286251 -0.000938731 0.154709384 0.003742514 0.276428282 0.005479286 0.961011648
1712644016.700394 0.168045700 -0.000277754 0.153263167 0.004381418 0.276088446 0.004798515 0.961110294
1712644016.729830 0.165975824 -0.000021939 0.151390597 0.004966705 0.276386380 0.004663343 0.961022437
1712644016.765126 0.164062560 0.000381889 0.148967728 0.004829676 0.276607990 0.004155634 0.960961699
1712644016.796215 0.162507713 -0.000785554 0.144340083 0.003806184 0.276132375 0.003756173 0.961104751
1712644016.829365 0.161362320 -0.000644847 0.142204851 0.004275415 0.275853038 0.003617957 0.961183488
1712644016.861439 0.159082130 -0.000694232 0.139243424 0.004165590 0.275955677 0.003664230 0.961154342
1712644016.895030 0.157666653 -0.000863682 0.136729151 0.003691050 0.275507241 0.003167180 0.961286664
1712644016.931937 0.155989900 0.000265368 0.134273589 0.003948181 0.275224507 0.003453756 0.961365640
1712644016.968492 0.153820187 -0.001506011 0.129814506 0.001743129 0.274957508 0.004493088 0.961444318
1712644016.999729 0.151117399 -0.000975251 0.127664536 0.002260045 0.275551230 0.004332477 0.961273968
1712644017.035301 0.148891702 0.000295683 0.125047863 0.003636057 0.275985479 0.003348124 0.961149096
1712644017.067553 0.147547737 -0.000464123 0.121827170 0.002381275 0.275477052 0.003459412 0.961298466
1712644017.097063 0.145219937 -0.000789902 0.119774774 0.002332027 0.275979519 0.004482542 0.961150229
1712644017.131438 0.143429503 0.000447565 0.116206281 0.004035159 0.276016086 0.005035084 0.961131334
1712644017.163743 0.141272798 0.000783673 0.113098189 0.003539363 0.275817961 0.006297552 0.961182714
1712644017.196288 0.137962893 0.000907731 0.110920824 0.002762820 0.275916100 0.007440244 0.961148977
1712644017.228284 0.134987801 0.000655998 0.109093636 0.002073123 0.274309695 0.007578203 0.961609304
1712644017.263626 0.132349670 -0.000709936 0.106098890 0.001762795 0.271640927 0.007822996 0.962365270
1712644017.296298 0.129724354 0.000150287 0.102014489 0.002283846 0.269299030 0.007286041 0.963026345
1712644017.334084 0.128142208 -0.000360063 0.097779527 0.001696929 0.267076552 0.007010823 0.963648319
1712644017.368468 0.125835091 -0.000814386 0.093906231 0.000970569 0.265785962 0.007277699 0.964004099
1712644017.400606 0.122207567 -0.000269542 0.089793533 0.000474157 0.264954388 0.007482881 0.964231789
1712644017.439962 0.119783238 -0.000088270 0.085937016 -0.000758462 0.264322907 0.007337751 0.964406013
1712644017.469551 0.118307360 -0.000003458 0.082321078 -0.001301134 0.263004124 0.008378236 0.964757442
1712644017.499292 0.115498804 0.000152459 0.078173980 -0.001890367 0.262113601 0.009357871 0.964989781
1712644017.531059 0.112620495 0.000142707 0.075079396 -0.002848221 0.261388838 0.010206183 0.965175390
1712644017.563580 0.110821195 -0.000315815 0.070878454 -0.003402318 0.259437978 0.011060030 0.965690434
1712644017.596458 0.108041458 0.000498646 0.066658854 -0.002607881 0.258249670 0.011424236 0.966007113
1712644017.629431 0.105201818 0.000110748 0.063341677 -0.003312158 0.256938070 0.011381372 0.966355205
1712644017.665394 0.102438256 -0.000369525 0.058077391 -0.002954149 0.254614621 0.012244351 0.966960549
1712644017.697144 0.098512650 0.001691743 0.054563150 -0.001426841 0.253469944 0.010814944 0.967281759
1712644017.733399 0.096284457 0.000710111 0.049762167 -0.002778956 0.250950813 0.010167383 0.967942417
1712644017.768342 0.092807055 -0.000362770 0.044428639 -0.004080901 0.249249622 0.009984661 0.968379200
1712644017.795549 0.092349686 0.000020778 0.040740348 -0.004270143 0.247042045 0.008966417 0.968953848
1712644017.833758 0.090630740 0.001291914 0.034625527 -0.001946462 0.243823469 0.008006154 0.969784617
1712644017.867806 0.086202696 -0.000446053 0.030440213 -0.001902122 0.243279010 0.008411095 0.969918013
1712644017.898827 0.078660630 0.002383169 0.026520250 -0.001457616 0.244522586 0.005849278 0.969624877
1712644017.930921 0.077037737 0.002128629 0.023268325 -0.002209220 0.242772132 0.005901055 0.970062912
1712644017.965158 0.074834086 0.000710730 0.019273134 0.000571617 0.240739420 0.006280773 0.970569313
1712644017.995449 0.071672775 0.002318838 0.019786643 0.007652712 0.242082685 0.008053078 0.970192015
1712644018.031797 0.062753387 0.001677015 0.006753758 0.007048277 0.237057388 0.007008525 0.971444786
1712644018.063968 0.064781003 0.000757962 0.005391990 0.002515958 0.231810510 0.005466895 0.972742319
1712644018.096545 0.064494140 -0.002943505 0.002551645 0.002183683 0.230440482 0.006271837 0.973063767
1712644018.129398 0.059028752 0.002383594 0.000368481 0.007173246 0.231954560 0.002728340 0.972696364
1712644018.168213 0.058901072 0.002562088 -0.000434283 0.005918885 0.231369480 0.002330723 0.972845137
1712644018.199647 0.060544021 0.006365542 0.000726761 0.006242846 0.231561646 0.000778261 0.972799897
1712644018.234395 0.061983004 0.005247871 0.000950586 0.003825226 0.231628507 0.002137693 0.972794473
1712644018.270896 0.063545674 0.005319936 0.002978656 0.002861893 0.232213184 0.003358210 0.972654939
1712644018.296610 0.061412625 0.004265151 0.002819056 0.000766602 0.233014226 0.004627912 0.972461998
1712644018.329844 0.064564615 0.002460391 0.004593506 -0.000533671 0.231517449 0.005873551 0.972812891
1712644018.364987 0.065938689 0.000079694 0.005173132 0.000258191 0.229301661 0.007091716 0.973329544
1712644018.397321 0.063361362 -0.002906325 0.005009510 0.000122522 0.226036981 0.009173831 0.974075496
1712644018.429358 0.059275858 -0.003417335 0.005797965 -0.000381407 0.221409008 0.010261603 0.975126982
1712644018.466881 0.057642307 -0.005692497 0.005652542 -0.001645750 0.214194149 0.010076359 0.976737738
1712644018.497462 0.058865696 0.001899012 0.004865723 0.001901580 0.209434092 0.005210833 0.977807045
1712644018.540276 0.059764203 0.004048099 0.004805906 0.002510287 0.209091499 0.003674296 0.977885962
1712644018.572659 0.059277076 0.003681462 0.004988481 0.002196594 0.210729629 0.004278293 0.977532566
1712644018.598913 0.059923258 0.002073009 0.005664829 0.001875317 0.210597247 0.005212347 0.977557242
1712644018.635621 0.057897147 0.003620163 0.004675552 0.002721877 0.211050153 0.005038900 0.977458477
1712644018.673116 0.058545988 0.001133032 0.004978652 0.001352209 0.210982516 0.005718729 0.977472186
1712644018.700756 0.059025094 -0.001509905 0.005601333 0.000256224 0.209709525 0.007720060 0.977733195
1712644018.730744 0.058783282 -0.003550773 0.004897158 0.000228100 0.206604183 0.009049054 0.978382707
1712644018.767256 0.055452757 -0.002970512 0.005757430 -0.000039297 0.203217849 0.010135868 0.979081094
1712644018.796893 0.052473135 -0.002494934 0.006025309 0.000183950 0.198723868 0.009539629 0.980009079
1712644018.829612 0.050601512 -0.003304197 0.008544024 0.000200298 0.192745611 0.009521781 0.981202543
1712644018.869226 0.049278319 -0.006748088 0.005172032 -0.001821068 0.184813797 0.012580099 0.982691348
1712644018.896434 0.047890119 -0.004324726 0.009494254 -0.000732585 0.177446142 0.010886909 0.984070003
1712644018.933813 0.037234448 -0.003974281 0.006487954 -0.000306609 0.170909986 0.009002335 0.985245466
1712644018.971082 0.029357718 -0.011886287 0.003581910 -0.003225900 0.161293969 0.013434623 0.986809671
1712644018.999743 0.027550716 -0.013625400 0.000470263 -0.004349222 0.148807213 0.016125325 0.988725185
1712644019.034599 0.020251591 -0.012420760 0.002963500 -0.003781529 0.136647671 0.016179912 0.990480363
1712644019.069196 0.014357916 -0.011092924 0.002358259 -0.003242966 0.122933179 0.013678088 0.992315412
1712644019.098535 0.014881409 -0.011273220 0.000255827 -0.003296592 0.106983401 0.013841909 0.994158983
1712644019.129576 0.015879899 -0.006126670 0.005451455 -0.000885981 0.092259832 0.009599645 0.995688319
1712644019.165304 0.015539417 -0.006690357 0.006675709 -0.001532880 0.077803664 0.009021751 0.996926725
1712644019.196264 0.008266356 -0.005589277 0.003869557 -0.001314431 0.062488928 0.007096712 0.998019576
1712644019.229674 0.008882638 -0.002213849 0.006984554 -0.000244149 0.041788943 0.004395838 0.999116778
1712644019.270574 0.011142570 -0.003917388 0.008621704 -0.002470236 0.015140296 0.006855277 0.999858797
1712644019.297298 0.001224877 -0.000481930 0.007085715 -0.001589012 -0.007960758 0.001129734 0.999966383
1712644019.331559 -0.006027359 -0.003603776 -0.001822084 -0.001004857 -0.033351030 0.002897104 0.999439001
1712644019.368654 -0.004586925 -0.003366384 -0.007854669 -0.001039980 -0.054195099 0.001562445 0.998528600
1712644019.400716 -0.000880517 -0.001150591 -0.001436313 -0.000639957 -0.059460197 -0.000530861 0.998230338
1712644019.436908 0.001574600 0.000975939 0.000688403 0.000327245 -0.055726998 -0.002939452 0.998441637
1712644019.472077 0.002196417 -0.000014593 0.001515253 -0.000408019 -0.050642751 -0.001123184 0.998716116
1712644019.498657 0.001403654 -0.001963410 -0.000507465 -0.001210264 -0.048715524 0.000896528 0.998811543
1712644019.533530 -0.000389548 -0.001950533 -0.002528360 -0.000822039 -0.049565919 0.001285210 0.998769701
1712644019.567446 -0.000599783 -0.002206072 -0.002651958 -0.000835971 -0.051642612 0.001342909 0.998664379
1712644019.597978 -0.002900696 -0.002842668 -0.006533435 -0.001381032 -0.054307878 0.002343372 0.998520553
1712644019.630765 -0.004008086 -0.004346747 -0.008137635 -0.001581520 -0.060207166 0.003557315 0.998178303
1712644019.667609 -0.004465116 -0.003752402 -0.007756459 -0.000844462 -0.066531695 0.002747820 0.997780204
1712644019.699390 -0.006915059 -0.004758800 -0.011287428 -0.001078403 -0.072814204 0.002957858 0.997340560
1712644019.732147 -0.010364507 -0.006063900 -0.012163656 -0.001303553 -0.079330549 0.003759056 0.996840417
1712644019.768913 -0.010816158 -0.005150230 -0.015079282 -0.001175073 -0.087562218 0.002414859 0.996155441
1712644019.803050 -0.009078240 -0.003162020 -0.009098351 -0.000088179 -0.092321165 0.000241636 0.995729268
1712644019.835417 -0.007756926 -0.001596597 -0.009976620 0.000291581 -0.091318369 -0.001970786 0.995819747
1712644019.869946 -0.007576148 -0.002413720 -0.009607323 -0.000240939 -0.089043692 -0.000528750 0.996027529
1712644019.900851 -0.008941175 -0.002217397 -0.010034022 -0.000439026 -0.088484205 -0.000023583 0.996077478
1712644019.936863 -0.008863605 -0.002982609 -0.009416668 -0.001020799 -0.089606613 0.000590679 0.995976508
1712644019.977005 -0.009634380 -0.003672429 -0.011386743 -0.001048609 -0.090335950 0.000437763 0.995910704
1712644019.999402 -0.011665156 -0.005487549 -0.013291746 -0.002130371 -0.092257597 0.002297410 0.995730221
1712644020.030727 -0.012840087 -0.005077051 -0.016520452 -0.001157475 -0.097405776 0.002354246 0.995241284
1712644020.069904 -0.014565354 -0.006054655 -0.019766161 -0.001509003 -0.104542762 0.002609315 0.994515836
1712644020.097314 -0.016529083 -0.006018546 -0.020338643 -0.001558023 -0.111788340 0.002013526 0.993728757
1712644020.135295 -0.017598948 -0.005577606 -0.018623093 -0.001459730 -0.118717209 0.001659155 0.992925644
1712644020.171648 -0.018927863 -0.005819319 -0.021423338 -0.001337674 -0.124999829 0.001237754 0.992155075
1712644020.203743 -0.019681102 -0.005553452 -0.019923097 -0.001020584 -0.130474970 0.001519824 0.991449893
1712644020.236346 -0.019502975 -0.006063725 -0.021702854 -0.000960466 -0.135739177 0.001978463 0.990742147
1712644020.270490 -0.019310204 -0.006344765 -0.021678912 -0.000870452 -0.140227705 0.001616286 0.990117550
1712644020.301213 -0.017417431 -0.005197882 -0.021761764 -0.000198554 -0.141623273 -0.001055368 0.989920020
1712644020.334326 -0.017516708 -0.005034943 -0.021461263 -0.000784609 -0.139166489 -0.001122257 0.990268052
1712644020.367594 -0.018628497 -0.006042093 -0.022398882 -0.001471505 -0.138058290 0.000216666 0.990422964
1712644020.397685 -0.018847406 -0.006647712 -0.023127563 -0.001356797 -0.138965562 0.000097763 0.990296304
1712644020.432365 -0.018582694 -0.005419096 -0.020894680 -0.000856229 -0.139344022 -0.000559868 0.990243495
1712644020.472696 -0.018141000 -0.005311750 -0.021063415 -0.000807310 -0.139199138 -0.000701205 0.990263820
1712644020.497070 -0.018720282 -0.005750041 -0.021932952 -0.000903399 -0.139074937 -0.000074489 0.990281463
1712644020.537425 -0.017721353 -0.006304007 -0.022981727 -0.001067436 -0.139435142 0.000262277 0.990230620
1712644020.570129 -0.018384319 -0.005407896 -0.021989701 -0.000865658 -0.139172509 -0.000303462 0.990267694
1712644020.602168 -0.018899394 -0.005588147 -0.021827064 -0.000963406 -0.139013961 -0.000556269 0.990289807
1712644020.636912 -0.018335648 -0.005819411 -0.022328885 -0.000984279 -0.139161602 -0.000308737 0.990269125
1712644020.671121 -0.018239506 -0.005898563 -0.021948783 -0.000941690 -0.139231727 -0.000163786 0.990259349
1712644020.699272 -0.018924795 -0.005762821 -0.022256337 -0.001015072 -0.139012784 -0.000571171 0.990289927
1712644020.735434 -0.018676730 -0.005710524 -0.021966826 -0.000985045 -0.139069214 -0.000446043 0.990282059
1712644020.766722 -0.018881200 -0.005514062 -0.021615852 -0.000968529 -0.139057770 -0.000860340 0.990283430
1712644020.797364 -0.018728938 -0.005503321 -0.021452228 -0.000879080 -0.139061913 -0.000344937 0.990283251
1712644020.833079 -0.018758288 -0.005446206 -0.021322612 -0.000852313 -0.139121950 -0.000259658 0.990274847
1712644020.870348 -0.018555257 -0.005430211 -0.021189058 -0.000963580 -0.139142245 -0.000470135 0.990271807
1712644020.903330 -0.018675450 -0.005637705 -0.021703023 -0.001006437 -0.139095157 -0.000714002 0.990278244
1712644020.937928 -0.018753855 -0.005555479 -0.021658709 -0.000948860 -0.139021620 -0.000664146 0.990288675
1712644020.974344 -0.018708987 -0.005280815 -0.021014042 -0.000881755 -0.139084145 -0.000933818 0.990279734
1712644021.002484 -0.018631559 -0.005265668 -0.020849800 -0.000859910 -0.139011815 -0.000569881 0.990290165
1712644021.036804 -0.018727861 -0.005320773 -0.021088723 -0.000943421 -0.139025673 -0.000986917 0.990287840
1712644021.071090 -0.018680569 -0.005478495 -0.021398569 -0.000901794 -0.139134094 -0.000270127 0.990273118
1712644021.098830 -0.018857429 -0.005045315 -0.020484654 -0.000794687 -0.138990089 -0.000746372 0.990293145
1712644021.133342 -0.018719975 -0.005546381 -0.021393444 -0.000969204 -0.139069334 -0.000689637 0.990281940
1712644021.166910 -0.018852983 -0.005671524 -0.021795535 -0.000989985 -0.139022872 -0.000410846 0.990288556
1712644021.199117 -0.018781278 -0.005763617 -0.022069052 -0.001033999 -0.139055789 -0.000224842 0.990283966
1712644021.231918 -0.018775251 -0.005775216 -0.021903254 -0.001032369 -0.139042079 -0.000464389 0.990285814
1712644021.273871 -0.018737277 -0.005903040 -0.022240488 -0.001069469 -0.139030680 -0.000445270 0.990287364
1712644021.299686 -0.018715434 -0.005770678 -0.022050409 -0.001056402 -0.139076084 -0.000467385 0.990280986
1712644021.341002 -0.018623697 -0.006112478 -0.023129234 -0.001095061 -0.139102548 -0.000217981 0.990277350
1712644021.373662 -0.018891118 -0.005630613 -0.021660555 -0.000977322 -0.139002919 -0.000319932 0.990291417
1712644021.402363 -0.018733665 -0.005907046 -0.022519911 -0.001070592 -0.139074892 -0.000366155 0.990281224
1712644021.444662 -0.018804869 -0.005805186 -0.022023896 -0.001036229 -0.139002115 -0.000505154 0.990291417
1712644021.471464 -0.018660322 -0.005912534 -0.022298010 -0.001104219 -0.139056742 -0.000361743 0.990283728
1712644021.501473 -0.018668061 -0.005722084 -0.021688025 -0.000988361 -0.139111817 -0.000172905 0.990276158
1712644021.536729 -0.018744044 -0.005875465 -0.022215502 -0.001058596 -0.139077395 0.000028134 0.990280926
1712644021.568669 -0.018764619 -0.005781194 -0.021862233 -0.001049237 -0.139063820 -0.000243583 0.990282834
1712644021.599161 -0.018711083 -0.005935588 -0.022279240 -0.001091009 -0.139053404 -0.000399576 0.990284204
1712644021.633350 -0.018722346 -0.005789724 -0.021875592 -0.001061109 -0.139048442 -0.000472751 0.990284860
1712644021.670271 -0.018948548 -0.005970264 -0.022396225 -0.001094891 -0.138971820 -0.000333126 0.990295649
1712644021.702649 -0.019094123 -0.005958875 -0.022479996 -0.001145957 -0.138916746 -0.000484749 0.990303278
1712644021.740505 -0.018748721 -0.005800806 -0.022421455 -0.001074528 -0.139000401 -0.000481895 0.990291595
1712644021.772310 -0.018664386 -0.005860484 -0.022196218 -0.001062605 -0.139072254 -0.000593128 0.990281463
1712644021.802561 -0.018681521 -0.006035417 -0.022744786 -0.001148653 -0.139088899 -0.000279854 0.990279198
1712644021.835590 -0.019233149 -0.005869168 -0.022212762 -0.001083873 -0.138895616 -0.000592837 0.990306258
1712644021.870227 -0.018754724 -0.005688375 -0.021467706 -0.001035800 -0.139033034 -0.000527906 0.990287066
1712644021.900821 -0.018590795 -0.005842919 -0.022244422 -0.001047218 -0.139079094 -0.000482387 0.990280569
1712644021.934787 -0.018809911 -0.005732452 -0.021972032 -0.001052151 -0.138943955 -0.000813252 0.990299344
1712644021.965411 -0.018864358 -0.005663530 -0.021664374 -0.000981868 -0.139033243 -0.000381877 0.990287125
1712644021.998530 -0.018610753 -0.005784877 -0.022167396 -0.000990843 -0.139016166 -0.000310005 0.990289569
1712644022.035117 -0.018844847 -0.005850157 -0.022262912 -0.001031575 -0.139018774 -0.000283403 0.990289152
1712644022.065501 -0.018817434 -0.005821840 -0.022081969 -0.001027300 -0.139056712 -0.000266316 0.990283847
1712644022.103409 -0.018677495 -0.005856310 -0.022081746 -0.000959960 -0.139029220 -0.000317397 0.990287781
1712644022.134662 -0.018569004 -0.005868066 -0.022411002 -0.000986346 -0.139104456 -0.000354252 0.990277171
1712644022.173645 -0.018834362 -0.005784769 -0.021842297 -0.000965991 -0.139036134 -0.000334932 0.990286767
1712644022.202736 -0.018743385 -0.005941087 -0.022419794 -0.001019205 -0.139034048 -0.000360219 0.990287006
1712644022.232317 -0.018784000 -0.005898815 -0.022592466 -0.000995968 -0.139021620 -0.000646525 0.990288615
1712644022.268596 -0.018749556 -0.005833576 -0.022032645 -0.001006008 -0.139015019 -0.000515272 0.990289629
1712644022.302805 -0.018665856 -0.005805233 -0.022171803 -0.000976667 -0.139057085 -0.000545889 0.990283728
1712644022.335145 -0.018704085 -0.005794606 -0.022156483 -0.001007461 -0.139094502 -0.000504851 0.990278423
1712644022.367266 -0.018843642 -0.005824561 -0.022146031 -0.000921131 -0.139001936 -0.000222797 0.990291655
1712644022.398713 -0.018764881 -0.005814799 -0.022150911 -0.000875450 -0.139052421 -0.000587200 0.990284443
1712644022.433681 -0.018779289 -0.005632479 -0.021692093 -0.000746905 -0.138983175 -0.000185053 0.990294456
1712644022.467753 -0.018915949 -0.005717077 -0.021967664 -0.000800590 -0.138929173 -0.000456042 0.990301907
