1341845820.751833 0.000000000 0.000000000 0.000000000 -0.000000000 -0.000000000 -0.000000000 1.000000000
1341845820.787768 0.003039817 -0.004431515 -0.000228114 -0.000267888 -0.001498297 -0.002148201 0.999996543
1341845820.819654 0.005178144 -0.000083392 -0.001749457 0.000932503 -0.001419222 -0.003665725 0.999991834
1341845820.851997 0.005016758 -0.000731059 -0.001945585 0.000718996 -0.001125233 -0.004746102 0.999987841
1341845820.887882 0.005238547 0.001739754 -0.002552799 0.001381468 -0.001155500 -0.005518229 0.999983191
1341845820.920082 0.001236035 0.003306962 -0.003883404 0.000650240 -0.000690641 -0.006117283 0.999980867
1341845820.955790 0.000915195 0.003817124 -0.003800244 -0.000708581 -0.001499340 -0.006495893 0.999977529
1341845820.987817 0.003008877 0.002267211 -0.003285742 -0.001542120 -0.002077529 -0.006562962 0.999975145
1341845821.019783 -0.000434504 0.001311657 -0.003423290 -0.001763391 -0.001718145 -0.006790903 0.999973893
1341845821.055706 -0.000967361 0.000954869 -0.003832514 -0.001274330 -0.002283288 -0.005207931 0.999983072
1341845821.087831 0.001729397 -0.002078691 -0.003317703 -0.000633555 -0.004145576 -0.002485601 0.999988139
1341845821.119871 0.010501358 0.000531301 -0.002439975 0.001756386 -0.004373642 -0.000779306 0.999988616
1341845821.155881 0.008132372 0.004194757 -0.004936952 0.002224827 -0.001127707 0.000090101 0.999996901
1341845821.188556 0.006278483 -0.000719785 -0.001231284 0.001380645 0.000832075 0.002592321 0.999995351
1341845821.223751 0.006809217 -0.003699778 -0.001613767 0.004293994 0.001316255 0.004670941 0.999979019
1341845821.256005 0.012966654 0.005369204 -0.003248173 0.006122028 0.001860574 0.003938632 0.999971807
1341845821.287883 0.010542873 0.001399953 -0.003807540 0.003945719 0.005041771 0.002415593 0.999976635
1341845821.323879 0.010650964 0.000356899 -0.005209258 0.004394211 0.007252784 0.000528471 0.999963880
1341845821.355690 0.009835252 0.001575830 -0.002944756 0.005057325 0.009525541 0.001531787 0.999940693
1341845821.388161 0.008814291 -0.002685620 -0.004335451 0.004474306 0.010203729 0.003327843 0.999932408
1341845821.424470 0.015079419 -0.000911921 -0.001814292 0.006809215 0.010965095 0.003819578 0.999909401
1341845821.455778 0.011851474 0.002575429 -0.002802820 0.007391703 0.013800791 0.002550026 0.999874234
1341845821.488014 0.009658775 -0.005359715 -0.000685301 0.005970272 0.014860314 0.002467949 0.999868751
1341845821.524370 0.011302928 -0.008775369 0.000592450 0.007409802 0.015468607 0.003009794 0.999848425
1341845821.555644 0.006480951 -0.006853634 -0.001217768 0.009226803 0.017498232 0.002138943 0.999802053
1341845821.587677 0.004249878 -0.005454428 -0.002519083 0.009249443 0.017434264 0.001568427 0.999804020
1341845821.623761 0.006553925 -0.004743353 -0.001877382 0.008896955 0.016353598 0.000531903 0.999826610
1341845821.655725 0.006247832 -0.004429086 -0.003750416 0.008839231 0.016357301 -0.000645223 0.999826908
1341845821.691884 0.006930515 -0.004921640 -0.003210431 0.007514518 0.016150625 -0.000927259 0.999840915
1341845821.724228 0.002653097 -0.009568538 -0.003665017 0.006955021 0.016075829 -0.000750634 0.999846339
1341845821.755681 0.000844197 -0.009255053 -0.006288198 0.008007347 0.015171261 -0.000028006 0.999852836
1341845821.791636 0.006999926 -0.008871530 -0.003716122 0.009103661 0.013565751 0.000186601 0.999866545
1341845821.823697 0.004328324 -0.004716810 -0.004270742 0.010375912 0.014733039 -0.001409399 0.999836683
1341845821.855574 0.002804795 -0.006753462 -0.003596642 0.008982892 0.015689045 -0.002958031 0.999832273
1341845821.891741 0.003907457 -0.010713372 -0.004378297 0.009161173 0.015104798 -0.002743796 0.999840260
1341845821.923730 0.003420014 -0.009267633 -0.005580685 0.010924980 0.015313882 -0.002706135 0.999819398
1341845821.955750 0.000599828 -0.008237056 -0.006187982 0.011749714 0.016176630 -0.002368055 0.999797344
1341845821.991786 0.000334865 -0.006484835 -0.005662823 0.011269309 0.016553365 -0.003374557 0.999793828
1341845822.023863 -0.001778790 -0.009655429 -0.004386607 0.010916174 0.017093960 -0.003701556 0.999787450
1341845822.059759 -0.003757911 -0.008100528 -0.005420239 0.010914925 0.017289665 -0.003590139 0.999784529
1341845822.091719 -0.001666398 -0.012908601 -0.003239590 0.010402090 0.017144667 -0.003251285 0.999793649
1341845822.123689 -0.003274836 -0.012148482 -0.004922485 0.012532039 0.018298082 -0.003921184 0.999746442
1341845822.185916 -0.012377283 -0.014841108 -0.005931997 0.010909666 0.019060865 -0.002373131 0.999756038
1341845822.221838 -0.012268589 -0.013285978 -0.004403842 0.013028030 0.017059036 -0.001825209 0.999767959
1341845822.254004 -0.010529569 -0.011564531 -0.004809643 0.012419405 0.015582615 -0.001642314 0.999800146
1341845822.289876 -0.012456888 -0.017042575 -0.001554667 0.010911681 0.014705085 -0.002944521 0.999828041
1341845822.321804 -0.016254744 -0.014293139 -0.001735806 0.012586525 0.014859250 -0.003830217 0.999803066
1341845822.353784 -0.018568404 -0.016336335 -0.002097789 0.012973820 0.014928908 -0.004459671 0.999794424
1341845822.391662 -0.022118621 -0.017178180 -0.000857313 0.013730330 0.015585663 -0.004206593 0.999775410
1341845822.428074 -0.027509108 -0.014787488 -0.001336243 0.014591354 0.015658172 -0.004133034 0.999762475
1341845822.459970 -0.030868271 -0.015647955 -0.001067982 0.013575102 0.015032017 -0.004122093 0.999786437
1341845822.495728 -0.034805562 -0.017360577 0.001277847 0.013640078 0.014571953 -0.004295067 0.999791622
1341845822.527724 -0.040293757 -0.016371466 0.000812502 0.013626922 0.014406647 -0.004011054 0.999795377
1341845822.559648 -0.044779412 -0.016718825 0.001464399 0.012448181 0.013740077 -0.002971394 0.999823749
1341845822.595852 -0.046363417 -0.017058354 0.003051267 0.012482258 0.013432645 -0.003263410 0.999826610
1341845822.627724 -0.053603344 -0.015374257 0.002269707 0.011628204 0.014506668 -0.002688976 0.999823570
1341845822.663716 -0.064251810 -0.020991093 0.004331100 0.011279250 0.014307706 -0.000321593 0.999834061
1341845822.695601 -0.062023278 -0.021816105 0.007112526 0.015498679 0.010709010 0.003304474 0.999817133
1341845822.731816 -0.063471250 -0.015498350 0.007464954 0.018518869 0.010219030 0.004028257 0.999768198
1341845822.789911 -0.068375468 -0.014687630 0.006500961 0.019627109 0.010756504 0.003390445 0.999743760
1341845822.825897 -0.074087247 -0.018220497 0.006585565 0.018225214 0.011960715 0.004090462 0.999754012
1341845822.859721 -0.081699818 -0.023483308 0.008164283 0.018667214 0.011918919 0.006419682 0.999734104
1341845822.889712 -0.089505002 -0.024562517 0.006915548 0.020766897 0.011128775 0.007106975 0.999697208
1341845822.925900 -0.092893071 -0.022333642 0.006101559 0.021866491 0.010570667 0.007268643 0.999678612
1341845822.957708 -0.089773931 -0.021879720 0.008492026 0.022367595 0.010262601 0.005841404 0.999680102
1341845822.989939 -0.094939776 -0.028212136 0.008058503 0.022430237 0.011012195 0.005712397 0.999671459
1341845823.025889 -0.096905380 -0.025574921 0.008883717 0.025143893 0.010793343 0.005830822 0.999608636
1341845823.057775 -0.093507901 -0.023804748 0.009295177 0.027010288 0.011631766 0.005584744 0.999551892
1341845823.093671 -0.099411048 -0.025217000 0.010158512 0.027936274 0.014403817 0.005942240 0.999488294
1341845823.125951 -0.102825880 -0.024464311 0.010980202 0.028695894 0.015364272 0.007091612 0.999444962
1341845823.157773 -0.108056121 -0.028734664 0.009080324 0.028873255 0.017054796 0.006675425 0.999415338
1341845823.193885 -0.115266159 -0.025256313 0.007814133 0.029484663 0.017761597 0.006672116 0.999385178
1341845823.225800 -0.119860560 -0.024721464 0.008854094 0.027627943 0.016481245 0.006100679 0.999463797
1341845823.261842 -0.121413514 -0.026477020 0.009501296 0.027184792 0.015170818 0.005286226 0.999501348
1341845823.293622 -0.122356363 -0.018182604 0.007166432 0.026903534 0.015157237 0.004663095 0.999512255
1341845823.325746 -0.120616376 -0.024048235 0.009783265 0.022559974 0.016922310 0.004159224 0.999593616
1341845823.361852 -0.125355452 -0.027668463 0.012227216 0.022934224 0.020804174 0.004983794 0.999508142
1341845823.394013 -0.133604556 -0.027237251 0.010183705 0.025544748 0.024216689 0.007705411 0.999350607
1341845823.426028 -0.145431265 -0.031384662 0.008605370 0.026075823 0.026679097 0.010848325 0.999245048
1341845823.461869 -0.146581665 -0.032291174 0.008936632 0.026713556 0.025243327 0.012267395 0.999249101
1341845823.493758 -0.145930812 -0.031597920 0.008481232 0.027325880 0.025932195 0.011898606 0.999219418
1341845823.529780 -0.150425255 -0.031976752 0.008775014 0.027435271 0.027583659 0.012716008 0.999162018
1341845823.561916 -0.170868605 -0.034329545 0.007941655 0.027388912 0.028913572 0.012124387 0.999133050
1341845823.593678 -0.169374838 -0.034227192 0.010295042 0.027863657 0.025064671 0.014161358 0.999197125
1341845823.629815 -0.166553527 -0.033394184 0.012820584 0.027707970 0.024680594 0.014143492 0.999211311
1341845823.661750 -0.178217351 -0.038016181 0.013247034 0.026559353 0.026764596 0.013848784 0.999192953
1341845823.695523 -0.187707856 -0.045733519 0.009681693 0.027700039 0.025390258 0.015596527 0.999172091
1341845823.729635 -0.191754848 -0.045295287 0.015007211 0.031836044 0.022491241 0.016694369 0.999100566
1341845823.761810 -0.196629867 -0.044265028 0.013633326 0.034126744 0.020833971 0.017298628 0.999050677
1341845823.797871 -0.208257690 -0.041829225 0.008208270 0.034666419 0.018680966 0.016455168 0.999088824
1341845823.829660 -0.209203675 -0.047681313 0.010964032 0.033290140 0.014735918 0.014471234 0.999232352
1341845823.861808 -0.221215323 -0.052061576 0.010192823 0.033662818 0.012671623 0.011519878 0.999286532
1341845823.929826 -0.228401959 -0.048670150 0.009974245 0.034451637 0.005613698 0.009042850 0.999349713
1341845823.961797 -0.230995521 -0.048648529 0.011095585 0.033025138 0.004675219 0.005826822 0.999426663
1341845823.998070 -0.237522051 -0.056122255 0.012891977 0.031018764 0.004604001 0.003151685 0.999503255
1341845824.029656 -0.237266153 -0.054083031 0.012732345 0.032124169 0.003929460 0.004634942 0.999465466
1341845824.065768 -0.237590849 -0.054614533 0.009302597 0.031989083 0.005387658 0.007044547 0.999448895
1341845824.097956 -0.223828852 -0.051353332 -0.016546983 0.031378467 0.008849770 0.005887062 0.999451101
1341845824.130299 -0.206342489 -0.040934466 -0.026066445 0.028093016 0.020843608 0.006565797 0.999366462
1341845824.165751 -0.244111627 -0.047879592 -0.003900401 0.021389367 0.039629929 0.006176446 0.998966455
1341845824.197930 -0.260241151 -0.058834706 0.017222747 0.017955497 0.044629876 0.006204935 0.998822987
1341845824.229907 -0.271115929 -0.063436978 0.014226329 0.021747308 0.045722157 0.006583644 0.998695791
1341845824.265800 -0.287767351 -0.061889820 0.010164715 0.024715213 0.042903636 0.007119811 0.998748183
1341845824.298080 -0.284741610 -0.063122489 0.011643426 0.025770269 0.033885580 0.008052464 0.999060988
1341845824.333783 -0.281458497 -0.068600908 0.014971723 0.027839348 0.029657766 0.006527823 0.999151111
1341845824.365821 -0.280934125 -0.059792113 0.015477156 0.031212823 0.030085392 0.005832197 0.999042869
1341845824.398039 -0.292266160 -0.060086880 0.012561706 0.030419232 0.029964864 0.005341559 0.999073744
1341845824.433843 -0.300536960 -0.067502096 0.008106454 0.029403249 0.026767064 0.005416391 0.999194503
1341845824.465921 -0.304229349 -0.069383025 0.009681812 0.030494358 0.022844521 0.009472108 0.999228954
1341845824.501802 -0.305460304 -0.063682139 0.006386805 0.031071907 0.020699760 0.014483500 0.999197841
1341845824.533723 -0.314032793 -0.062785931 0.006506315 0.029069981 0.018658215 0.018756589 0.999227226
1341845824.565735 -0.322057515 -0.065455064 0.005192561 0.026853388 0.016298795 0.021754196 0.999269724
1341845824.601758 -0.327280164 -0.068777576 0.003703561 0.026127607 0.014172223 0.024778107 0.999251008
1341845824.633861 -0.332198262 -0.065935038 0.006048130 0.025975317 0.012412368 0.028731667 0.999172568
1341845824.665789 -0.341109544 -0.067289568 0.004261475 0.025487034 0.010914102 0.031570386 0.999117017
1341845824.701769 -0.345573634 -0.069591567 0.003655472 0.025788357 0.008147338 0.034368906 0.999043226
1341845824.733585 -0.347518444 -0.067754999 0.005252307 0.027238499 0.005457593 0.035844646 0.998971224
1341845824.769643 -0.355943739 -0.053383417 0.002608702 0.027325688 0.004685062 0.036947981 0.998932540
1341845824.801632 -0.365347832 -0.064547859 0.007474352 0.022286881 0.001875377 0.036334876 0.999089360
1341845824.833654 -0.364608914 -0.077722482 0.006085951 0.022436637 -0.000914131 0.035674807 0.999111176
1341845824.869926 -0.369165182 -0.070484743 0.007948983 0.026814932 -0.000914970 0.036584560 0.998970330
1341845824.902071 -0.377559096 -0.062844820 0.003199683 0.026938574 -0.001264645 0.036481716 0.998970389
1341845824.933752 -0.378104389 -0.071890600 0.004378988 0.026241820 -0.001708427 0.033159051 0.999104142
1341845824.969855 -0.377718329 -0.066244379 -0.000192657 0.027096799 -0.000708972 0.031694561 0.999130011
1341845825.001907 -0.378501922 -0.069023781 -0.002142958 0.025278730 0.001952645 0.031660359 0.999177098
1341845825.037975 -0.389507681 -0.073114380 0.001181300 0.024401156 0.005734216 0.030468639 0.999221385
1341845825.075793 -0.401009291 -0.084141836 0.005349269 0.025948090 0.005681956 0.032085024 0.999132156
1341845825.107881 -0.397777736 -0.086044386 0.001861193 0.031313319 0.004655099 0.034701735 0.998896182
1341845825.143675 -0.399994791 -0.076092981 0.001392171 0.035651878 0.006480908 0.032796316 0.998804986
1341845825.175707 -0.409221321 -0.077705480 0.001233664 0.036140382 0.008523599 0.029291542 0.998881042
1341845825.211865 -0.412992805 -0.077077672 0.003016297 0.037396114 0.008959706 0.029014932 0.998839021
1341845825.243814 -0.411380947 -0.085907392 -0.000665916 0.038525924 0.010120871 0.030362636 0.998744965
1341845825.275795 -0.420970291 -0.080250196 -0.000558386 0.041664559 0.012066957 0.030763747 0.998585045
1341845825.311665 -0.432391822 -0.081495441 0.000310295 0.042030063 0.011357815 0.031615321 0.998551428
1341845825.343650 -0.431740135 -0.073465280 -0.003978656 0.042877112 0.009149143 0.033143144 0.998488605
1341845825.379771 -0.437925130 -0.077957578 0.003019401 0.040013507 0.009554213 0.033731878 0.998583913
1341845825.411924 -0.443125844 -0.079463445 0.005285343 0.040724203 0.008355706 0.035607263 0.998500884
1341845825.443786 -0.455493689 -0.070222147 -0.010020518 0.038334407 0.006724034 0.035557095 0.998609543
1341845825.480278 -0.458873749 -0.082728028 -0.006935403 0.033100400 0.002510116 0.039004397 0.998687565
1341845825.511636 -0.457844257 -0.075822815 -0.005200335 0.032352027 -0.001645158 0.040412281 0.998657882
1341845825.547911 -0.462316841 -0.074571371 -0.002266159 0.030190999 -0.003705579 0.041507374 0.998675108
1341845825.579744 -0.462223738 -0.082233727 -0.000851543 0.028501090 -0.005414502 0.045319043 0.998551309
1341845825.611784 -0.470530748 -0.082160614 0.003106151 0.030701622 -0.005671588 0.049486563 0.998286724
1341845825.648004 -0.460739046 -0.079963602 -0.002250066 0.031467594 -0.007371345 0.046318136 0.998403788
1341845825.679708 -0.467994243 -0.082934320 -0.001480896 0.032759175 -0.004683184 0.046378925 0.998375714
1341845825.711937 -0.480853021 -0.080370106 -0.000441664 0.033371050 -0.006499113 0.046522662 0.998338580
1341845825.747617 -0.485912204 -0.071721837 0.000144591 0.033244345 -0.008486223 0.043396160 0.998468637
1341845825.779688 -0.497185439 -0.072847456 0.000800355 0.030323949 -0.009806952 0.041090857 0.998646975
1341845825.815954 -0.497176856 -0.071751155 0.003554475 0.027961779 -0.012620528 0.037968334 0.998807967
1341845825.847829 -0.504616320 -0.074754536 0.000940640 0.025810979 -0.013188430 0.035744250 0.998940587
1341845825.879767 -0.509500802 -0.080734529 0.004833135 0.024632858 -0.015899427 0.036968641 0.998886287
1341845825.915646 -0.509379268 -0.075117975 0.003867393 0.025396762 -0.017475491 0.037478071 0.998821855
1341845825.947881 -0.515537739 -0.075499721 0.000390852 0.024620581 -0.016912414 0.038083363 0.998828113
1341845825.979700 -0.518906355 -0.076335542 0.003106585 0.024066865 -0.018341271 0.041531511 0.998678923
1341845826.015845 -0.522140980 -0.073726647 0.001278409 0.024175730 -0.019385116 0.042533107 0.998614430
1341845826.047945 -0.522386074 -0.078727834 0.002475153 0.023313710 -0.019874010 0.042131267 0.998642325
1341845826.079731 -0.528602302 -0.076893076 -0.001154887 0.024716757 -0.020261994 0.044246919 0.998509288
1341845826.115655 -0.524850786 -0.078384079 0.000792816 0.024406234 -0.023052329 0.045215432 0.998412967
1341845826.147949 -0.527203977 -0.072949983 -0.002046712 0.025391754 -0.022145523 0.039618239 0.998646736
1341845826.183767 -0.532587469 -0.072589569 0.000288750 0.024152584 -0.021611812 0.035448998 0.998845875
1341845826.215780 -0.534529030 -0.074495330 -0.003640686 0.022577878 -0.022724055 0.034741957 0.998882830
1341845826.247732 -0.536438942 -0.074029602 -0.003534259 0.022316681 -0.023433523 0.039429165 0.998698294
1341845826.283763 -0.538151085 -0.077550113 -0.006366000 0.021150483 -0.026253307 0.045045700 0.998415947
1341845826.315658 -0.538323343 -0.076597109 -0.003430974 0.021147784 -0.029541217 0.046003629 0.998280406
1341845826.347773 -0.540807545 -0.072580002 -0.005406153 0.020507213 -0.031078542 0.046463281 0.998225808
1341845826.383718 -0.541624725 -0.078633808 -0.005386422 0.018583363 -0.033902273 0.047467988 0.998124361
1341845826.415712 -0.543906450 -0.082754627 -0.003559696 0.018433623 -0.036370225 0.049230564 0.997954786
1341845826.447806 -0.541230023 -0.082250074 -0.008845685 0.019599911 -0.038751885 0.048468854 0.997880220
1341845826.483677 -0.544005573 -0.078382201 -0.006450118 0.019610813 -0.039271943 0.048787665 0.997844219
1341845826.515677 -0.545392156 -0.081825703 -0.010749160 0.018896349 -0.040466923 0.052108485 0.997642338
1341845826.551684 -0.542294919 -0.077447645 -0.012978929 0.018226134 -0.041213091 0.050471459 0.997708380
1341845826.583716 -0.548415542 -0.079518028 -0.008330956 0.016408805 -0.039780553 0.048009440 0.997919559
1341845826.615875 -0.551956713 -0.082678981 -0.009991636 0.014789365 -0.042522829 0.051829383 0.997640729
1341845826.651722 -0.547705710 -0.078073069 -0.009591056 0.015293865 -0.043534756 0.054823529 0.997429371
1341845826.683753 -0.553980410 -0.069240712 -0.012144896 0.013379944 -0.043187592 0.051996943 0.997623324
1341845826.715643 -0.553809404 -0.071161285 -0.010451166 0.009056698 -0.044181813 0.049087603 0.997775733
1341845826.751884 -0.553664148 -0.068193384 -0.009159710 0.005981176 -0.043847367 0.050973747 0.997719049
1341845826.783713 -0.556170046 -0.067090854 -0.003224437 0.002643409 -0.044973731 0.052759413 0.997590542
1341845826.819713 -0.544317007 -0.057580326 -0.010981978 -0.000238395 -0.043983966 0.049252253 0.997817397
1341845826.851701 -0.552370667 -0.064076610 -0.003161815 -0.005761829 -0.040235355 0.049930513 0.997925341
1341845826.884460 -0.552635968 -0.067495622 -0.002763374 -0.007443719 -0.042140894 0.056280959 0.997497499
1341845826.945792 -0.549931765 -0.049834196 -0.003690316 -0.017135631 -0.034745224 0.047160614 0.998135805
1341845826.981873 -0.557806551 -0.060642932 0.003601174 -0.021516386 -0.035552993 0.052093923 0.997777224
1341845827.013745 -0.549181998 -0.050821435 -0.000602759 -0.022033349 -0.037199534 0.059543610 0.997289062
1341845827.045694 -0.546058476 -0.034303155 -0.014327621 -0.026153859 -0.032636318 0.059323166 0.997362316
1341845827.082458 -0.558680415 -0.042169794 0.002307591 -0.035524506 -0.027689306 0.053594090 0.997546494
1341845827.113645 -0.554916322 -0.050723068 0.013813866 -0.037075106 -0.031416833 0.058293600 0.997116029
1341845827.145773 -0.545052409 -0.035927664 0.001479602 -0.036165968 -0.031208504 0.057835907 0.997182608
1341845827.182474 -0.549406350 -0.043571569 0.006224925 -0.041907728 -0.026919747 0.052305859 0.997388184
1341845827.213974 -0.548397005 -0.054312918 0.017128065 -0.042409677 -0.027169794 0.052737545 0.997337520
1341845827.251751 -0.542272151 -0.042431973 0.015749183 -0.037708826 -0.027507866 0.056031078 0.997337461
1341845827.313888 -0.544613004 -0.048947349 0.019386532 -0.048025772 -0.020591429 0.053989049 0.997173429
1341845827.349700 -0.542450488 -0.049160115 0.019004926 -0.043017376 -0.023430811 0.060163740 0.996985912
1341845827.381963 -0.537241101 -0.039537594 0.017412925 -0.041782808 -0.023508770 0.058799360 0.997117937
1341845827.413850 -0.539618909 -0.040959142 0.022713622 -0.043080773 -0.020862835 0.053326540 0.997429311
1341845827.449725 -0.540001929 -0.046894684 0.028676832 -0.042531833 -0.020790195 0.052609611 0.997492433
1341845827.488394 -0.537247539 -0.051266592 0.023530804 -0.039968401 -0.022967495 0.055068702 0.997417927
1341845827.555964 -0.531265795 -0.043810833 0.026191944 -0.037311569 -0.021477887 0.051956978 0.997720957
1341845827.623688 -0.527951181 -0.049421806 0.026660616 -0.034162626 -0.022050560 0.056456171 0.997576773
1341845827.656212 -0.527258337 -0.039258044 0.016216483 -0.033759113 -0.020833826 0.052935176 0.997809768
1341845827.687624 -0.518043101 -0.039529499 0.027605146 -0.037978549 -0.019098511 0.045450162 0.998061717
1341845827.723697 -0.517578006 -0.052213628 0.029152781 -0.038187675 -0.016947484 0.048615452 0.997943461
1341845827.755778 -0.517423868 -0.048083972 0.027328778 -0.035986785 -0.015980786 0.052270673 0.997856438
1341845827.791657 -0.509878933 -0.048242979 0.025318630 -0.036025409 -0.013631551 0.050263140 0.997992933
1341845827.823845 -0.510097682 -0.050786704 0.029668672 -0.036489323 -0.009418517 0.049836513 0.998046160
1341845827.855606 -0.508397877 -0.056723271 0.028915746 -0.035052918 -0.008369902 0.052401863 0.997975588
1341845827.891685 -0.497218430 -0.053411394 0.025665255 -0.031890769 -0.006416828 0.053102333 0.998059094
1341845827.923824 -0.492403090 -0.049464930 0.028488046 -0.030987656 -0.002178858 0.052770741 0.998123407
1341845827.959777 -0.493675739 -0.052533124 0.031621624 -0.030978864 0.001093143 0.053274017 0.998098671
1341845827.991672 -0.484596789 -0.045960497 0.034565751 -0.028897781 0.002759123 0.054810304 0.998074770
1341845828.023726 -0.478711724 -0.044483010 0.030508038 -0.030423893 0.006505979 0.054376367 0.998035789
1341845828.059622 -0.475505501 -0.046505764 0.038617224 -0.031356215 0.009918971 0.053979047 0.998000324
1341845828.091720 -0.471982062 -0.046081517 0.045238759 -0.031307857 0.011888418 0.054627210 0.997945130
1341845828.127612 -0.468285143 -0.042649858 0.039818257 -0.031180819 0.013196973 0.055753887 0.997870326
1341845828.159638 -0.459849954 -0.042948015 0.044027999 -0.032430902 0.014936750 0.055419907 0.997824609
1341845828.191711 -0.458070785 -0.047182474 0.047962531 -0.032602925 0.017438969 0.053025547 0.997908473
1341845828.227644 -0.451233089 -0.043535404 0.042705074 -0.030921673 0.018662790 0.053550888 0.997911751
1341845828.259785 -0.449954629 -0.043768350 0.047135923 -0.030693287 0.021558251 0.056824882 0.997679412
1341845828.291687 -0.442670792 -0.044440355 0.050942559 -0.029333634 0.022598509 0.058691029 0.997589171
1341845828.327803 -0.441386729 -0.039059065 0.042501338 -0.028066544 0.024708180 0.058150496 0.997607350
1341845828.359694 -0.437202156 -0.035956167 0.049660437 -0.028940320 0.026599141 0.058741212 0.997499168
1341845828.395928 -0.432232976 -0.038264446 0.052435987 -0.028968051 0.029034873 0.059708264 0.997372985
1341845828.427803 -0.427654922 -0.036068801 0.051176343 -0.028626272 0.030187266 0.059200067 0.997378945
1341845828.459660 -0.417009145 -0.038585890 0.051253486 -0.028737361 0.030705914 0.059954531 0.997314870
1341845828.495761 -0.415491939 -0.033033539 0.052469470 -0.027391754 0.033265434 0.061547857 0.997173548
1341845828.527686 -0.410454452 -0.027443862 0.049559250 -0.028669488 0.034304537 0.060604136 0.997160196
1341845828.595750 -0.402709544 -0.030929167 0.058442079 -0.029415052 0.036906190 0.060324494 0.997062504
1341845828.654055 -0.391409397 -0.033382222 0.056854296 -0.031970154 0.039990474 0.060877629 0.996831298
1341845828.689681 -0.390382320 -0.029038986 0.056761365 -0.030207764 0.041571200 0.060753904 0.996829093
1341845828.721870 -0.387306392 -0.027905906 0.053590462 -0.030782778 0.041430883 0.061293475 0.996784389
1341845828.757706 -0.378372908 -0.028917549 0.059200253 -0.031256858 0.041686680 0.063122742 0.996644735
1341845828.789650 -0.382393658 -0.028494224 0.053618379 -0.030557305 0.042883515 0.066707194 0.996382177
1341845828.821914 -0.375660479 -0.025523799 0.054256938 -0.029935103 0.041031878 0.067949317 0.996395171
1341845828.857781 -0.369955540 -0.022858480 0.055483453 -0.030591143 0.040470164 0.069382675 0.996299386
1341845828.889770 -0.365112722 -0.023993758 0.053439043 -0.030892847 0.040161137 0.070440404 0.996228337
1341845828.931671 -0.365966678 -0.027091617 0.048322197 -0.031102501 0.039474238 0.070079543 0.996274710
1341845828.989696 -0.353537679 -0.025377087 0.052495252 -0.028935447 0.036130976 0.068886861 0.996550024
1341845829.025626 -0.348037869 -0.020358857 0.047773723 -0.028496813 0.034640007 0.067822896 0.996688604
1341845829.063840 -0.339200526 -0.019111197 0.051350113 -0.029339109 0.034182899 0.065632388 0.996826589
1341845829.089737 -0.332264453 -0.019349826 0.050292656 -0.029429359 0.034508727 0.066553637 0.996751606
1341845829.125754 -0.322865307 -0.020760195 0.050657816 -0.030112211 0.033478905 0.066628762 0.996761322
1341845829.158048 -0.313162118 -0.019124113 0.048822146 -0.029353730 0.034394775 0.065472990 0.996829331
1341845829.193669 -0.311215818 -0.022643827 0.050015319 -0.027858339 0.036331847 0.067586437 0.996662438
1341845829.225742 -0.306665927 -0.023882937 0.046546467 -0.024157632 0.036190063 0.069829017 0.996609569
1341845829.257763 -0.301013112 -0.022917485 0.044204377 -0.021502780 0.035244875 0.069946215 0.996696055
1341845829.293851 -0.292735040 -0.023000278 0.044172160 -0.019406229 0.034266181 0.069074854 0.996833980
1341845829.325861 -0.291115165 -0.025264801 0.043463793 -0.017348424 0.033617783 0.067885458 0.996975720
1341845829.357901 -0.284826040 -0.025079660 0.040586211 -0.013966206 0.030369908 0.067900941 0.997131944
1341845829.393704 -0.276553631 -0.020851256 0.040035263 -0.011821826 0.028842684 0.065921247 0.997337878
1341845829.425831 -0.275635272 -0.017549587 0.035566274 -0.011549027 0.027799042 0.063351944 0.997537196
1341845829.461720 -0.269169092 -0.027891353 0.038531706 -0.012681189 0.025905460 0.064140067 0.997524023
1341845829.493662 -0.262730062 -0.025848374 0.037232988 -0.006430704 0.023468958 0.067371108 0.997431219
1341845829.525846 -0.257965773 -0.014115124 0.032186233 -0.004668517 0.021173555 0.065556884 0.997613251
1341845829.561864 -0.249863327 -0.012307579 0.032285437 -0.007273562 0.021253651 0.062715106 0.997778654
1341845829.593763 -0.243750140 -0.023889096 0.035949636 -0.009641781 0.021839323 0.062613845 0.997752309
1341845829.625785 -0.244347796 -0.026958087 0.033901844 -0.004710115 0.021028608 0.065066144 0.997648299
1341845829.661787 -0.235073835 -0.012281450 0.030001067 -0.000880661 0.018003400 0.064594753 0.997748852
1341845829.693835 -0.221985519 -0.002826818 0.023745816 -0.003037927 0.018581880 0.060857195 0.997968912
1341845829.729747 -0.228247225 -0.016945904 0.026104834 -0.007220192 0.021108482 0.056433294 0.998157144
1341845829.761817 -0.239510313 -0.030567696 0.026299952 -0.004572190 0.018105894 0.056402817 0.998233438
1341845829.793840 -0.218106225 -0.019141423 0.026476422 -0.000350675 0.010716755 0.055721000 0.998388827
1341845829.829803 -0.210273474 -0.013670613 0.026063818 0.000680466 0.011423075 0.051488224 0.998608112
1341845829.861640 -0.224333584 -0.017166967 0.019351985 -0.000804590 0.011104869 0.049456287 0.998714268
1341845829.897840 -0.206917048 -0.028814618 0.024311103 -0.000457929 0.004134311 0.052481275 0.998613298
1341845829.929703 -0.194448352 -0.015634296 0.020463649 0.004351157 0.003833594 0.052712582 0.998592913
1341845829.962023 -0.202184513 -0.013135956 0.018820498 0.002733999 0.006043884 0.053596117 0.998540699
1341845829.997954 -0.196075439 -0.033064675 0.015535006 0.003009156 0.001907164 0.055306744 0.998463035
1341845830.029819 -0.179676086 -0.025019990 0.015907560 0.010439313 0.000366685 0.055034939 0.998429835
1341845830.061836 -0.181289896 -0.007214086 0.018147893 0.012040969 0.002684340 0.056686796 0.998315811
1341845830.097885 -0.175321192 -0.020913346 0.018865708 0.008865057 0.002568915 0.055804525 0.998399079
1341845830.129668 -0.170332521 -0.028241210 0.017834535 0.013871816 0.003238127 0.057259642 0.998257697
1341845830.165590 -0.173652679 -0.013752639 0.016168075 0.018275514 0.001937103 0.060501188 0.997999012
1341845830.197779 -0.166979715 -0.018909823 0.022945782 0.016436527 -0.003685095 0.064802714 0.997756004
1341845830.229883 -0.145123392 -0.012456167 0.020233080 0.019263700 -0.004684878 0.065854870 0.997632325
1341845830.265730 -0.157592803 -0.007361000 0.019465042 0.018117808 -0.002160996 0.065778151 0.997667491
1341845830.297873 -0.150746986 -0.020775661 0.018360462 0.016719237 -0.005607657 0.069570966 0.997421086
1341845830.329863 -0.135956123 -0.011815055 0.024269862 0.020671131 -0.007606034 0.070853181 0.997243583
1341845830.365740 -0.138858706 -0.005413845 0.021144325 0.020771943 -0.007114225 0.070565686 0.997265518
1341845830.397779 -0.128388450 -0.006298408 0.025848018 0.019578211 -0.009977831 0.069448642 0.997343540
1341845830.433725 -0.111836836 -0.011747479 0.017803797 0.019684412 -0.010077628 0.066602513 0.997534573
1341845830.465762 -0.116230525 -0.008054405 0.018026728 0.020737946 -0.008314759 0.066105396 0.997562528
1341845830.507859 -0.108161919 -0.013924021 0.023342010 0.021471944 -0.011081781 0.067201972 0.997446775
1341845830.565943 -0.086435094 -0.001382327 0.017485028 0.024049656 -0.006538513 0.066388853 0.997482538
1341845830.597841 -0.086879611 -0.009647425 0.020588560 0.022428364 -0.007133327 0.068532601 0.997371256
1341845830.633627 -0.064703792 -0.009426558 0.018161468 0.024467397 -0.008980474 0.069327690 0.997253478
1341845830.665700 -0.061912570 -0.000645182 0.015480964 0.025503607 -0.006785793 0.068709090 0.997287631
1341845830.701788 -0.054676238 0.002494808 0.015044816 0.024832487 -0.006296507 0.067223206 0.997409046
1341845830.733901 -0.045387916 0.004697097 0.013340752 0.023454586 -0.004370027 0.063272387 0.997711122
1341845830.765759 -0.040749453 0.004587718 0.012604444 0.021194326 -0.002139641 0.059493944 0.998001337
1341845830.801839 -0.029736787 -0.001668474 0.014161762 0.019832920 -0.000327053 0.057963174 0.998121679
1341845830.833774 -0.028714959 -0.004362724 0.014809253 0.021318968 0.002624658 0.056803919 0.998154283
1341845830.865751 -0.021338735 0.005748314 0.018168071 0.022747194 0.002830930 0.055674214 0.998185873
1341845830.901883 -0.012448978 0.003687127 0.013659309 0.020886842 0.005050445 0.052462138 0.998391688
1341845830.933811 -0.013397004 -0.004696457 0.014783368 0.020829016 0.007164997 0.051334955 0.998438597
1341845830.969705 -0.012013859 0.002664137 0.012941707 0.022728935 0.006660372 0.050920505 0.998421848
1341845831.001855 -0.002005194 0.004907453 0.011736426 0.021410916 0.005903221 0.048142243 0.998593569
1341845831.033886 0.005107124 0.003195625 0.015086764 0.020141562 0.006767720 0.045014542 0.998760402
1341845831.069727 0.006724663 0.000799314 0.015715977 0.020480514 0.008207818 0.044314746 0.998773992
1341845831.101853 0.012155559 0.004267144 0.010893766 0.021301894 0.007958025 0.044527631 0.998749316
1341845831.137817 0.025394013 0.009919201 0.008612759 0.020462578 0.008970001 0.043638468 0.998797536
1341845831.169942 0.024192989 0.003232409 0.009470348 0.018720813 0.011464869 0.042547096 0.998853326
1341845831.201715 0.030478613 -0.003860381 0.010821430 0.019640516 0.010393874 0.044673484 0.998754501
1341845831.237723 0.034989946 0.005092587 0.007934561 0.023118390 0.010115898 0.044840645 0.998675406
1341845831.269903 0.035175137 0.004183475 0.004701845 0.022310482 0.010453858 0.044168863 0.998720288
1341845831.301755 0.033293400 0.001417538 0.002206502 0.021628451 0.008117788 0.043682292 0.998778403
1341845831.337779 0.042544872 -0.001445029 0.000281776 0.022336131 0.003761807 0.043664772 0.998789489
1341845831.369742 0.052250519 0.003903254 0.002843695 0.023770213 -0.000066381 0.043178957 0.998784602
1341845831.405710 0.066581197 0.008933364 0.001015627 0.022903850 -0.001321850 0.041155346 0.998889327
1341845831.437646 0.073013529 0.004180306 0.000787694 0.020859187 0.000573074 0.038981773 0.999022007
1341845831.469752 0.072564147 -0.005283738 -0.000041348 0.020838929 0.001078327 0.039174806 0.999014497
1341845831.505745 0.083003245 0.005102994 -0.001995329 0.022676047 -0.000665741 0.039033163 0.998980463
1341845831.537844 0.096440792 0.014542738 0.000284361 0.020583401 0.001589853 0.034945633 0.999176025
1341845831.569610 0.090464167 0.003114065 -0.002541346 0.016229039 0.005339034 0.033237852 0.999301493
1341845831.605848 0.097480990 -0.001214149 -0.001809358 0.015592359 0.004962900 0.034935027 0.999255717
1341845831.637789 0.104875475 0.012718075 -0.001886226 0.015317873 0.005810305 0.034254529 0.999278903
1341845831.673597 0.117262267 0.015068168 -0.000453931 0.009858790 0.008594759 0.033093575 0.999366701
1341845831.705652 0.121934995 0.006455373 0.004809664 0.006067576 0.013007414 0.034987804 0.999284685
1341845831.737705 0.124305524 0.002553958 -0.001774158 0.005840858 0.015576687 0.039401613 0.999084949
1341845831.773629 0.129030854 0.010292339 0.000966513 0.006100955 0.016896462 0.042446110 0.998937249
1341845831.805810 0.133919820 0.016425002 0.000679975 0.004146429 0.019361908 0.042326659 0.998907626
1341845831.837719 0.135106862 0.012253884 -0.000440113 0.000764627 0.020558506 0.043780040 0.998829424
1341845831.873791 0.145834297 0.013858665 0.002876292 -0.000098285 0.019123105 0.045546345 0.998779237
1341845831.905728 0.154765710 0.022918599 0.005487403 -0.001792570 0.020791411 0.043852307 0.998820126
1341845831.941628 0.159703061 0.015117045 0.007324497 -0.004591870 0.022246957 0.042967293 0.998818278
1341845831.973784 0.171846613 0.017473204 0.007358052 -0.004671312 0.022847850 0.041910008 0.998849273
1341845832.005729 0.181797713 0.020104488 0.006533158 -0.003955703 0.024346594 0.040810321 0.998862386
1341845832.041627 0.183552504 0.024780259 0.002631901 -0.004641199 0.028147265 0.039304789 0.998820007
1341845832.073865 0.184247091 0.021765232 0.004590168 -0.006716362 0.031207362 0.037758045 0.998776913
1341845832.109730 0.184307858 0.015322697 0.004871307 -0.006942039 0.031303734 0.038643468 0.998738527
1341845832.141683 0.198230952 0.021718269 0.003194261 -0.004340314 0.029865667 0.039096165 0.998779655
1341845832.173988 0.199919358 0.028138347 0.002188493 -0.004834255 0.032196350 0.036807097 0.998791933
1341845832.209956 0.198795378 0.020565627 0.001990085 -0.006571771 0.031079605 0.037527233 0.998790562
1341845832.241796 0.211310789 0.025243867 -0.000284736 -0.005199430 0.028008699 0.038524419 0.998851538
1341845832.273776 0.221605211 0.032369882 -0.003748041 -0.005814126 0.028035941 0.036734879 0.998914838
1341845832.309916 0.219997138 0.035014991 -0.001403901 -0.008909589 0.029929504 0.035889458 0.998867810
1341845832.341687 0.224143744 0.032352984 -0.001357270 -0.010860162 0.027975071 0.037646901 0.998840392
1341845832.377708 0.230515510 0.039909396 -0.001358749 -0.011097853 0.026939547 0.038304470 0.998841286
1341845832.409802 0.233223990 0.039897911 -0.000312103 -0.013430404 0.026443683 0.039149486 0.998793185
1341845832.442187 0.237651631 0.040910214 -0.000692797 -0.014450341 0.025703168 0.039761726 0.998774052
1341845832.477743 0.244097352 0.043549962 -0.001779213 -0.015285715 0.025298530 0.039898820 0.998766422
1341845832.509635 0.249458835 0.044079408 -0.002641174 -0.016486119 0.025261685 0.040899914 0.998707831
1341845832.541586 0.257605821 0.046603400 -0.003323111 -0.017305858 0.025608957 0.041832816 0.998646498
1341845832.577871 0.260095388 0.046086617 -0.006112329 -0.017910868 0.026023436 0.043069791 0.998572469
1341845832.609738 0.266570151 0.048479360 -0.009009340 -0.017830668 0.025175786 0.044049677 0.998552918
1341845832.645699 0.270446718 0.054681428 -0.006411556 -0.017815515 0.025906779 0.043689046 0.998550355
1341845832.677817 0.270802557 0.055944439 -0.007021207 -0.020133547 0.026238654 0.042943165 0.998529971
1341845832.710177 0.277844727 0.053219091 -0.002376625 -0.021808626 0.026693210 0.043480296 0.998459518
1341845832.745710 0.282666713 0.056732710 -0.005629202 -0.021739148 0.027851308 0.045323800 0.998347402
1341845832.777849 0.286005199 0.059112195 -0.006690984 -0.022383837 0.029339962 0.047359496 0.998196065
1341845832.810110 0.291779876 0.059859619 -0.007908022 -0.023577178 0.030480087 0.048398335 0.998084545
1341845832.845797 0.297317773 0.065231398 -0.008309457 -0.024708752 0.032360449 0.048291862 0.998003125
1341845832.877696 0.301203012 0.062498577 -0.005009056 -0.025650913 0.033635050 0.050104458 0.997847855
1341845832.913787 0.305821359 0.066175275 -0.007832083 -0.024920797 0.033736214 0.050912868 0.997822046
1341845832.945664 0.312080115 0.069124572 -0.011151090 -0.026101252 0.035119027 0.049237434 0.997828186
1341845832.978015 0.314069092 0.066601120 -0.006175494 -0.027119543 0.035790294 0.049981020 0.997740209
1341845833.045857 0.327647805 0.072480015 -0.011915998 -0.028031969 0.036190096 0.050368402 0.997681081
1341845833.077785 0.334354281 0.073146805 -0.011707755 -0.029563481 0.037451725 0.049725808 0.997622609
1341845833.113636 0.343368083 0.070490882 -0.011886294 -0.029681351 0.038656741 0.049566858 0.997581005
1341845833.145767 0.349052161 0.072983928 -0.023578851 -0.029883338 0.040406287 0.050289795 0.997469425
1341845833.181891 0.357499987 0.074821264 -0.023096342 -0.033630256 0.042468093 0.047612067 0.997395933
1341845833.213878 0.361174375 0.070024900 -0.017940754 -0.035458397 0.043934528 0.048774615 0.997212887
1341845833.245714 0.363804907 0.069966376 -0.018618962 -0.033515535 0.042274889 0.049801592 0.997301042
1341845833.281847 0.376375675 0.071171254 -0.020986211 -0.029954379 0.042149991 0.051022746 0.997357905
1341845833.313771 0.379822791 0.077933565 -0.024255015 -0.027378546 0.045315456 0.051160440 0.997286081
1341845833.349756 0.385562599 0.078616001 -0.026174886 -0.028739223 0.045881242 0.051644508 0.997196972
1341845833.381840 0.397602499 0.077488668 -0.026593281 -0.029288821 0.047742296 0.051540829 0.997098982
1341845833.414644 0.398659110 0.079496674 -0.028278265 -0.029888120 0.051190246 0.051008862 0.996937573
1341845833.449819 0.399885058 0.074625187 -0.026017819 -0.031178894 0.050563760 0.053071301 0.996822357
1341845833.488616 0.409781426 0.075486623 -0.027508840 -0.029933404 0.050079945 0.051991735 0.996941745
1341845833.549835 0.410457194 0.073097393 -0.025275512 -0.033869565 0.051185455 0.052050192 0.996756613
1341845833.581733 0.416905403 0.070476651 -0.026768189 -0.031013310 0.049396608 0.052373648 0.996922851
1341845833.617817 0.417124182 0.075745799 -0.032965913 -0.030408962 0.048915349 0.053766258 0.996891081
1341845833.649899 0.419363618 0.076831222 -0.028627673 -0.032692812 0.047566582 0.052458350 0.996953785
1341845833.681671 0.425215513 0.072328977 -0.023072202 -0.032614727 0.047221009 0.052612089 0.996964633
1341845833.717606 0.421095401 0.075261585 -0.028035654 -0.031177342 0.046277106 0.056250211 0.996856213
1341845833.752940 0.424328446 0.080542959 -0.028240953 -0.032794878 0.043738220 0.054380916 0.997022748
1341845833.817827 0.427642435 0.078264140 -0.021576967 -0.036251131 0.044465069 0.054050997 0.996888816
1341845833.849860 0.432337880 0.075431213 -0.020198882 -0.036333852 0.042409252 0.054181304 0.996968329
1341845833.885667 0.434055090 0.079422824 -0.024164984 -0.035090223 0.044042721 0.052335527 0.997040629
1341845833.917724 0.430136859 0.080451585 -0.025089942 -0.037238188 0.045401651 0.052037418 0.996917367
1341845833.949675 0.433280528 0.073737018 -0.018863993 -0.037642404 0.044198487 0.052632056 0.996924996
1341845833.985662 0.435530573 0.077788256 -0.023844937 -0.035237107 0.045439743 0.052413125 0.996968687
1341845834.018158 0.428815603 0.083860345 -0.024970699 -0.036782477 0.047107551 0.050790664 0.996919453
1341845834.049769 0.428048432 0.075382777 -0.021588830 -0.039179306 0.045531783 0.049808621 0.996950805
1341845834.085753 0.429524451 0.078742735 -0.022893067 -0.038314871 0.045391664 0.047486920 0.997104108
1341845834.153871 0.421261162 0.076049529 -0.024250170 -0.040596388 0.047675982 0.046554033 0.996951163
1341845834.185736 0.418691486 0.075706050 -0.023533795 -0.041445233 0.048392735 0.044577841 0.996972024
1341845834.217802 0.410469681 0.076805443 -0.026635639 -0.042151175 0.049582817 0.043271106 0.996941566
1341845834.253824 0.405019939 0.079934359 -0.031702645 -0.045300830 0.047904152 0.042136226 0.996934175
1341845834.285756 0.400999725 0.072309226 -0.021646857 -0.048777875 0.045980152 0.040153623 0.996942520
1341845834.321783 0.400341839 0.069416881 -0.015094728 -0.046738543 0.045640066 0.040924408 0.997024477
1341845834.355135 0.393663704 0.066751003 -0.017824065 -0.041083418 0.046520088 0.044427741 0.997082829
1341845834.385801 0.387430012 0.072937243 -0.023782369 -0.037738658 0.047326703 0.044244383 0.997185290
1341845834.421748 0.379208714 0.071961254 -0.026620168 -0.038321827 0.048629224 0.043035079 0.997153282
1341845834.453840 0.369462430 0.070001826 -0.024782404 -0.039168708 0.047813583 0.041902333 0.997208118
1341845834.485639 0.365178198 0.067037567 -0.022007195 -0.039486818 0.046090178 0.039401904 0.997378647
1341845834.521785 0.359378219 0.070435517 -0.018360142 -0.038340498 0.046238881 0.038046636 0.997469068
1341845834.553727 0.350735933 0.067459114 -0.022168560 -0.039219338 0.046710446 0.038204689 0.997406840
1341845834.589787 0.339254349 0.061597973 -0.014739815 -0.039969321 0.045265015 0.038766451 0.997422099
1341845834.621791 0.341226697 0.066961937 -0.022070337 -0.037692260 0.041859094 0.038487121 0.997670293
1341845834.653808 0.334235013 0.072283857 -0.025782958 -0.039169665 0.042577323 0.034873273 0.997715771
1341845834.689847 0.322899312 0.067186460 -0.023605924 -0.042994060 0.042645220 0.032263566 0.997643292
1341845834.721856 0.306333184 0.055026215 -0.015644390 -0.044454586 0.040707774 0.032919060 0.997638702
1341845834.753919 0.308788896 0.053580001 -0.020989425 -0.041550796 0.037676025 0.032652959 0.997891724
1341845834.789834 0.301552862 0.059487179 -0.022306904 -0.039831448 0.038560878 0.031560611 0.997963190
1341845834.821826 0.289740562 0.057516821 -0.023114601 -0.041506253 0.038636684 0.031577196 0.997891426
1341845834.857804 0.280234635 0.055022895 -0.019672401 -0.042067084 0.035787694 0.031730942 0.997969389
1341845834.889796 0.273321569 0.052711740 -0.021003606 -0.042303078 0.034523491 0.030099126 0.998054445
1341845834.921771 0.261294633 0.051387917 -0.017333038 -0.041519698 0.033795178 0.029734312 0.998123229
1341845834.957942 0.249633208 0.050735340 -0.019035483 -0.040582161 0.031243820 0.029935304 0.998238862
1341845834.989806 0.239283890 0.047958698 -0.021165377 -0.040098816 0.029118003 0.028750295 0.998357475
1341845835.021804 0.231856897 0.046856765 -0.017527776 -0.038803700 0.026547719 0.029184608 0.998467743
1341845835.058003 0.225979984 0.044693079 -0.018413136 -0.037213415 0.024534127 0.029815949 0.998561084
1341845835.089820 0.211995080 0.045357652 -0.023149755 -0.035709511 0.023181802 0.030727910 0.998620689
1341845835.125663 0.200121373 0.048314862 -0.018517075 -0.035669643 0.020061599 0.031000834 0.998681247
1341845835.157750 0.195142537 0.045896322 -0.018419113 -0.036959745 0.017363751 0.029984599 0.998715878
1341845835.189830 0.183528975 0.035712253 -0.017508484 -0.036092412 0.015790924 0.029654916 0.998783588
1341845835.225912 0.172956437 0.037651755 -0.020631367 -0.031970095 0.013014608 0.031829961 0.998897135
1341845835.258001 0.164504528 0.043904535 -0.016675146 -0.030708704 0.011310006 0.030700408 0.998992801
1341845835.290164 0.151806936 0.041156940 -0.010981106 -0.031965893 0.010030762 0.029302143 0.999009013
1341845835.325788 0.141313195 0.033902138 -0.014068332 -0.030991176 0.007213322 0.029842202 0.999048054
1341845835.363902 0.134229198 0.035574626 -0.014105692 -0.029243458 0.005688661 0.027863996 0.999167740
1341845835.431742 0.111127891 0.035480473 -0.018607933 -0.029013447 0.000934036 0.026825631 0.999218583
1341845835.493790 0.098227978 0.025871882 -0.010511947 -0.026724091 -0.004053477 0.026838232 0.999274313
1341845835.527633 0.082448341 0.030021360 -0.013761855 -0.025188021 -0.005225372 0.026772749 0.999310553
1341845835.561788 0.079106227 0.033095788 -0.014042558 -0.025885671 -0.010516166 0.027220551 0.999238968
1341845835.594173 0.078913949 0.028531075 -0.012384505 -0.027420184 -0.011706106 0.025749845 0.999223769
1341845835.625859 0.067514591 0.018928448 -0.010646391 -0.026143458 -0.010882301 0.026731428 0.999241531
1341845835.661923 0.053943928 0.022419520 -0.008203689 -0.021170132 -0.013527550 0.030185163 0.999228537
1341845835.693994 0.061245780 0.026377544 -0.004910003 -0.018118953 -0.016481578 0.030838363 0.999224246
1341845835.725724 0.051023819 0.025188470 -0.007312832 -0.016354516 -0.013193258 0.030551834 0.999312341
1341845835.761816 0.036022037 0.018506370 -0.013659035 -0.014008084 -0.013764027 0.033230871 0.999254763
1341845835.793927 0.031520937 0.025966411 -0.005654525 -0.011160204 -0.016571987 0.035407897 0.999173224
1341845835.829809 0.029261168 0.027691294 -0.007668323 -0.011652791 -0.016406775 0.034353517 0.999207139
1341845835.868224 0.022698533 0.020358616 -0.018614059 -0.012040340 -0.015782004 0.035498291 0.999172568
1341845835.903857 0.007267339 0.020688536 -0.017057039 -0.009057635 -0.018324643 0.038529050 0.999048471
1341845835.935727 0.013561471 0.025109299 -0.016023567 -0.007953478 -0.020445611 0.038385604 0.999022186
1341845835.967812 0.005129270 0.018300680 -0.017266914 -0.008416124 -0.018024432 0.037712146 0.999090672
1341845836.003789 -0.005749608 0.011157352 -0.022265213 -0.005816482 -0.018120918 0.041229945 0.998968422
1341845836.035920 -0.005158068 0.018470433 -0.021270426 -0.002320924 -0.019580668 0.041985117 0.998923719
1341845836.067671 -0.012984816 0.019150399 -0.020509668 -0.002156599 -0.017394433 0.040114030 0.999041378
1341845836.104034 -0.028685119 0.013121368 -0.021318508 -0.001311223 -0.016965624 0.040071636 0.999051929
1341845836.135769 -0.039473087 0.012518796 -0.026879074 0.000981600 -0.019827282 0.040286206 0.998991013
1341845836.172097 -0.036144126 0.018419730 -0.025524262 0.001090353 -0.023451723 0.039706975 0.998935580
1341845836.203642 -0.037926212 0.012148933 -0.024321491 -0.000859190 -0.022598239 0.038189147 0.999014676
1341845836.235687 -0.055281367 0.005513710 -0.027793780 0.000387286 -0.021425856 0.039668247 0.998983085
1341845836.271774 -0.064584687 0.008579889 -0.022379203 0.003573115 -0.025065595 0.042167701 0.998789668
1341845836.303797 -0.060612116 0.013264368 -0.028069912 0.004910208 -0.027643073 0.043163799 0.998673499
1341845836.335742 -0.060410250 0.014015957 -0.027334549 0.003438609 -0.026189722 0.043947391 0.998684585
1341845836.372549 -0.071327351 0.001241387 -0.027874073 0.004005362 -0.023362016 0.046142161 0.998653650
1341845836.403992 -0.076658070 0.007692802 -0.031894844 0.007908114 -0.022954538 0.049184073 0.998494685
1341845836.435705 -0.072558939 0.012821513 -0.030882621 0.009237900 -0.021554705 0.050999992 0.998423278
1341845836.471817 -0.085250989 0.015304023 -0.033870529 0.009987796 -0.017199377 0.049933191 0.998554528
1341845836.503945 -0.099427029 0.013791827 -0.031826481 0.009944126 -0.016479513 0.051543057 0.998485327
1341845836.539832 -0.100516267 0.015612816 -0.031450603 0.010480233 -0.018604342 0.052458417 0.998394847
1341845836.571973 -0.099466071 0.016812243 -0.035522964 0.009620672 -0.018912403 0.052188594 0.998411834
1341845836.604373 -0.106069840 0.017538127 -0.035879806 0.007895851 -0.018113721 0.050759785 0.998515427
1341845836.639724 -0.108570956 0.008233459 -0.033940803 0.005562220 -0.018726140 0.049404070 0.998587906
1341845836.672049 -0.109619722 -0.000275603 -0.034605894 0.006998889 -0.019099236 0.048073731 0.998636663
1341845836.704020 -0.113207668 -0.004784825 -0.032087654 0.009064010 -0.018628286 0.047841582 0.998640120
1341845836.739779 -0.111293472 -0.020034930 -0.033412512 0.012725042 -0.019596551 0.049759749 0.998487890
1341845836.771652 -0.108043484 -0.018737467 -0.030648828 0.022634434 -0.019363014 0.051458944 0.998230875
1341845836.803601 -0.111998074 -0.021837888 -0.033627361 0.028127251 -0.017594295 0.052710228 0.998058617
1341845836.839643 -0.118058369 -0.027069356 -0.034228530 0.030465249 -0.018662622 0.053816687 0.997911513
1341845836.871771 -0.112831041 -0.034486063 -0.039254952 0.033435829 -0.020313479 0.054978408 0.997720838
1341845836.907663 -0.109419525 -0.031750929 -0.036581811 0.035451382 -0.018773716 0.056363538 0.997604132
1341845836.939824 -0.115795821 -0.047436889 -0.035773717 0.034837626 -0.016594149 0.059306979 0.997493684
1341845836.971802 -0.114175595 -0.047228433 -0.038097907 0.037674088 -0.017966002 0.059728969 0.997341692
1341845837.007714 -0.093981653 -0.033237506 -0.036624849 0.036345255 -0.016810771 0.061223328 0.997320533
1341845837.039752 -0.109774500 -0.058633137 -0.029424904 0.029529879 -0.009481048 0.060408544 0.997691870
1341845837.071715 -0.112099193 -0.077520907 -0.031529300 0.032683942 -0.008643565 0.059828021 0.997636080
1341845837.107691 -0.106703468 -0.072710909 -0.034295931 0.034900751 -0.008007506 0.061308872 0.997476399
1341845837.139763 -0.099397317 -0.092077248 -0.037719440 0.033479217 -0.004944809 0.061121460 0.997556448
1341845837.171636 -0.113388315 -0.101080760 -0.032007348 0.037435569 -0.001191050 0.056262944 0.997713268
1341845837.207675 -0.119801983 -0.098663248 -0.035469022 0.038350210 -0.002793888 0.053605326 0.997821569
1341845837.239749 -0.112146348 -0.114166021 -0.031698257 0.035365690 -0.004419606 0.048119701 0.998205543
1341845837.275755 -0.111391060 -0.129246309 -0.036725279 0.036071129 -0.002488870 0.043335609 0.998406112
1341845837.307686 -0.112709641 -0.152055055 -0.036403708 0.038322121 -0.002932858 0.048102126 0.998102725
1341845837.339628 -0.114334829 -0.156497866 -0.036185998 0.043932386 -0.004734112 0.049113665 0.997815371
1341845837.375710 -0.106530875 -0.159984514 -0.034250990 0.048465274 -0.004114087 0.046788212 0.997720003
1341845837.407709 -0.103640154 -0.149474993 -0.040973883 0.049450710 -0.001443237 0.044453934 0.997785747
1341845837.439656 -0.108434670 -0.157750845 -0.037606236 0.042747598 0.001566713 0.041413564 0.998226047
1341845837.475671 -0.099293903 -0.177139714 -0.032134376 0.038912125 0.002029558 0.039811652 0.998447239
1341845837.507973 -0.096407011 -0.178468123 -0.043396212 0.038977072 0.005580302 0.038382344 0.998487115
1341845837.543708 -0.100156650 -0.184619769 -0.044035718 0.035142299 0.010215092 0.036380392 0.998667657
1341845837.575706 -0.103091344 -0.201677099 -0.043030676 0.033097435 0.012465161 0.032548662 0.998844266
1341845837.607609 -0.098513737 -0.213259771 -0.042002298 0.033371232 0.014568678 0.030769764 0.998863041
1341845837.643704 -0.099282302 -0.219889149 -0.040686704 0.034979101 0.017410813 0.028291814 0.998835802
1341845837.675706 -0.102226704 -0.231262267 -0.043759324 0.037083879 0.019498842 0.025250761 0.998802841
1341845837.711803 -0.095872603 -0.229009584 -0.044129733 0.039129019 0.020794496 0.024897801 0.998707533
1341845837.743935 -0.096578993 -0.234171271 -0.047906339 0.039097663 0.023654597 0.022623317 0.998699188
1341845837.775698 -0.098073043 -0.247025967 -0.044242270 0.040614050 0.026123108 0.021474088 0.998602569
1341845837.811909 -0.090495542 -0.236062869 -0.050691653 0.042414185 0.028340941 0.022191787 0.998451531
1341845837.843915 -0.096858501 -0.247462839 -0.044017442 0.038861476 0.031758972 0.020359559 0.998532236
1341845837.879790 -0.095915616 -0.260946184 -0.042379774 0.039481275 0.033781208 0.018972177 0.998468876
1341845837.911946 -0.093544006 -0.265555859 -0.041591607 0.043389700 0.034574412 0.022344196 0.998209774
1341845837.946188 -0.092133291 -0.262697041 -0.045270357 0.045857374 0.034141704 0.023841294 0.998079717
1341845837.979709 -0.077991344 -0.260173798 -0.050652828 0.045493610 0.035395570 0.023076059 0.998070717
1341845838.041927 -0.096712612 -0.266593099 -0.041773431 0.038950276 0.041681785 0.017324202 0.998221159
1341845838.073905 -0.093919322 -0.285179138 -0.038138166 0.037201375 0.041012596 0.015326898 0.998348176
1341845838.105792 -0.092478909 -0.286322743 -0.035946373 0.039755818 0.041834343 0.016252771 0.998201013
1341845838.141667 -0.094857343 -0.281752944 -0.039777342 0.040260140 0.042378437 0.016108198 0.998160183
1341845838.173678 -0.090401016 -0.284358442 -0.040977042 0.037371349 0.042625729 0.011227665 0.998328865
1341845838.205767 -0.081935048 -0.278924257 -0.042330865 0.032926492 0.044073001 0.007898879 0.998454332
1341845838.241893 -0.087486461 -0.285979450 -0.038251478 0.026546795 0.046893839 0.004839465 0.998535335
1341845838.273791 -0.096900120 -0.303786963 -0.029272385 0.023424787 0.047063816 0.002084790 0.998615026
1341845838.309852 -0.098004594 -0.307564586 -0.026655367 0.023710854 0.044576347 0.001225448 0.998723865
1341845838.341805 -0.098119259 -0.320112407 -0.027306441 0.022472722 0.043311503 0.003350998 0.998803258
1341845838.373872 -0.096579567 -0.331078172 -0.026023718 0.023416592 0.043390580 0.004352232 0.998774290
1341845838.409713 -0.093048066 -0.320118517 -0.027831133 0.025337765 0.042467322 0.007275765 0.998750031
1341845838.441818 -0.093525290 -0.324148178 -0.031682458 0.022726968 0.042098533 0.008519088 0.998818636
1341845838.473754 -0.088946037 -0.331825882 -0.030559553 0.019957202 0.042226117 0.006765395 0.998885870
1341845838.509713 -0.090984419 -0.341266662 -0.028817223 0.018598303 0.043688923 0.003614960 0.998865545
1341845838.541649 -0.094171233 -0.347385764 -0.026453340 0.019112524 0.043890867 0.004296925 0.998844266
1341845838.577804 -0.088108703 -0.358301163 -0.028763009 0.020962618 0.043233905 0.001001659 0.998844564
1341845838.609807 -0.083207913 -0.357225239 -0.031013729 0.023404144 0.044471592 -0.001506558 0.998735368
1341845838.641690 -0.084334187 -0.362005502 -0.033466436 0.024685625 0.046613287 -0.002053167 0.998605847
1341845838.677850 -0.082366265 -0.357143968 -0.031240387 0.026213849 0.046429221 -0.001509973 0.998576462
1341845838.709635 -0.075911291 -0.352836221 -0.033376068 0.026110284 0.046355885 -0.002915322 0.998579502
1341845838.745913 -0.064540341 -0.342605203 -0.038016208 0.021268889 0.049720097 -0.004883650 0.998524785
1341845838.777723 -0.077870436 -0.356952041 -0.028449770 0.013929105 0.053918324 -0.006247015 0.998428762
1341845838.809656 -0.082930550 -0.366615176 -0.026539288 0.011394651 0.052664287 -0.007341397 0.998520315
1341845838.845874 -0.071676999 -0.369568199 -0.026872275 0.011688253 0.051261242 -0.007204119 0.998590946
1341845838.877695 -0.058323309 -0.359093487 -0.037235454 0.008579868 0.053820644 -0.006997785 0.998489261
1341845838.909636 -0.069261789 -0.373422623 -0.028079480 0.003486914 0.057971075 -0.011696940 0.998243690
1341845838.945837 -0.072171837 -0.385465205 -0.031404257 0.002561220 0.058214903 -0.013202004 0.998213470
1341845838.977758 -0.066273890 -0.385657668 -0.027633153 0.004143161 0.057669483 -0.012291158 0.998251498
1341845839.013907 -0.054166064 -0.382973880 -0.030199105 0.005252932 0.058679018 -0.012187536 0.998188734
1341845839.046225 -0.061521664 -0.381157219 -0.037442993 0.004222417 0.061974365 -0.014577840 0.997962415
1341845839.077750 -0.067922637 -0.388115019 -0.033070728 0.000679289 0.060919113 -0.016234295 0.998010516
1341845839.113934 -0.063138224 -0.402741969 -0.023006281 0.000248153 0.058370195 -0.015449225 0.998175442
1341845839.145852 -0.058218025 -0.396853983 -0.029851405 0.003919410 0.057903517 -0.012672951 0.998234093
1341845839.177741 -0.049232353 -0.395367831 -0.030678634 0.003927605 0.057559330 -0.011019743 0.998273551
1341845839.214000 -0.042274710 -0.403079778 -0.028067572 0.003664421 0.058688018 -0.011687590 0.998201251
1341845839.246198 -0.043541636 -0.405259281 -0.029150244 0.006097250 0.061075959 -0.011110752 0.998052716
1341845839.281774 -0.040324852 -0.400824100 -0.032872297 0.006923915 0.062596492 -0.008835384 0.997975767
1341845839.314004 -0.029826360 -0.410699934 -0.037741315 0.006028964 0.064471222 -0.010947951 0.997841358
1341845839.345945 -0.042640422 -0.411801249 -0.030718176 0.006616491 0.067716770 -0.012478919 0.997604609
1341845839.381741 -0.040732142 -0.416422784 -0.032852922 0.008059639 0.067106873 -0.008346349 0.997678399
1341845839.413801 -0.033052113 -0.421358168 -0.037744489 0.010084756 0.067340963 -0.006840141 0.997655690
1341845839.445714 -0.029943077 -0.412654549 -0.036047716 0.012196951 0.069209538 -0.006811566 0.997504354
1341845839.481741 -0.032129094 -0.407638818 -0.037006751 0.011465436 0.070520796 -0.007011720 0.997419834
1341845839.514001 -0.023790630 -0.415975630 -0.035809629 0.009454100 0.071537711 -0.007816525 0.997362435
1341845839.549791 -0.031210599 -0.422912598 -0.035432082 0.010567160 0.073961914 -0.008269489 0.997170806
1341845839.587666 -0.026480662 -0.414437771 -0.034239270 0.011999162 0.073081970 -0.005803824 0.997236848
1341845839.681817 -0.028647222 -0.409961700 -0.031578425 0.011787958 0.076072425 -0.006026845 0.997014403
1341845839.713876 -0.019571016 -0.411189020 -0.032765470 0.010965103 0.074196197 -0.006328279 0.997163296
1341845839.749808 -0.018666044 -0.411008447 -0.032538518 0.010820732 0.075335719 -0.007085017 0.997074366
1341845839.781785 -0.025957962 -0.406597733 -0.035151940 0.009994006 0.076491073 -0.005695342 0.997003913
1341845839.817825 -0.026324015 -0.409161687 -0.036686834 0.008121900 0.074939400 -0.005899918 0.997137606
1341845839.849994 -0.024173783 -0.401977420 -0.033252314 0.007646587 0.074460246 -0.005630341 0.997178793
1341845839.881829 -0.029672010 -0.399492204 -0.031860650 0.005341656 0.074930169 -0.005804759 0.997157633
1341845839.917855 -0.035784483 -0.399261236 -0.032661144 0.003131279 0.073670894 -0.006016500 0.997259617
1341845839.950283 -0.038228966 -0.394149363 -0.026017798 0.001509586 0.071205266 -0.005535163 0.997445226
1341845839.985757 -0.037227090 -0.389178544 -0.027542280 -0.000493243 0.069176592 -0.005130027 0.997591138
1341845840.017660 -0.040663157 -0.379269928 -0.026809946 -0.003693831 0.067903697 -0.007208511 0.997659028
1341845840.049741 -0.046023443 -0.376972854 -0.024652097 -0.008159982 0.067016438 -0.007431235 0.997690916
1341845840.085650 -0.049062226 -0.384273261 -0.021192798 -0.011904847 0.064800717 -0.006095874 0.997808635
1341845840.117698 -0.048722349 -0.372982711 -0.015731901 -0.012464697 0.062949739 -0.004227831 0.997929931
1341845840.149796 -0.052516468 -0.363821805 -0.019962303 -0.015401999 0.062397849 -0.002645682 0.997929037
1341845840.186069 -0.049331367 -0.360593110 -0.022798439 -0.020089515 0.061145604 -0.003440758 0.997920752
1341845840.217657 -0.051925004 -0.352536649 -0.018350545 -0.023595136 0.062094253 -0.003773430 0.997784257
1341845840.253694 -0.063480675 -0.355404854 -0.011729075 -0.027719075 0.062556706 -0.003226320 0.997651219
1341845840.285914 -0.068603605 -0.344984055 -0.010649885 -0.029049858 0.059881222 -0.002529789 0.997779489
1341845840.317753 -0.064565636 -0.340875477 -0.007340429 -0.031803522 0.057607777 -0.000551914 0.997832417
1341845840.353861 -0.058893781 -0.336697340 -0.014213083 -0.033902723 0.056720953 0.001076862 0.997813702
1341845840.385775 -0.065233275 -0.327486336 -0.008697215 -0.036696244 0.057891291 -0.000710244 0.997648001
1341845840.417676 -0.071977928 -0.323714733 -0.006434343 -0.040233430 0.057313908 -0.002425863 0.997542262
1341845840.453598 -0.074934952 -0.322821409 -0.001252151 -0.042493962 0.056497701 -0.002592835 0.997494698
1341845840.485943 -0.073710151 -0.321502477 -0.003172918 -0.043323625 0.056556523 -0.002838475 0.997455001
1341845840.521810 -0.079587914 -0.310447544 -0.002374983 -0.044062875 0.056568105 -0.001887346 0.997424245
1341845840.553677 -0.084256321 -0.304644018 0.001843659 -0.046268493 0.054492433 -0.000442823 0.997441530
1341845840.585765 -0.082740821 -0.306920260 0.002697693 -0.048192184 0.053191587 -0.001711962 0.997419298
1341845840.621850 -0.083823808 -0.294963509 -0.000231205 -0.048328180 0.053142782 -0.002447305 0.997413814
1341845840.653789 -0.091508687 -0.290903091 0.004122021 -0.052562285 0.052492429 -0.004018371 0.997229040
1341845840.685850 -0.089381590 -0.300811887 0.005259259 -0.054862861 0.050982971 -0.007083841 0.997166336
1341845840.721832 -0.097690955 -0.301858485 0.005285896 -0.052872110 0.051456049 -0.007840339 0.997243941
1341845840.753824 -0.108668871 -0.295859396 0.005292019 -0.049123272 0.048684955 -0.004413934 0.997595787
1341845840.789783 -0.095867366 -0.295397103 0.003208510 -0.046726763 0.044825595 -0.003552814 0.997895122
1341845840.821733 -0.094523117 -0.284289449 0.000045758 -0.044429246 0.046016939 -0.005044968 0.997939408
1341845840.853661 -0.104904190 -0.280594587 0.003233447 -0.044479385 0.047743093 -0.004205990 0.997859955
1341845840.889737 -0.107071832 -0.276805907 0.001142216 -0.044488769 0.046160266 -0.002189489 0.997940540
1341845840.921786 -0.094138563 -0.268941402 -0.007497833 -0.044076711 0.045348551 -0.002260432 0.997995853
1341845840.957782 -0.100679979 -0.257286221 0.000835245 -0.045898043 0.048995435 -0.003706311 0.997737050
1341845840.989777 -0.106167637 -0.261030734 0.003946149 -0.049317315 0.050543413 -0.003728812 0.997496545
1341845841.021755 -0.108693220 -0.264041513 0.007255782 -0.048869498 0.051239815 -0.003393243 0.997484207
1341845841.057797 -0.106769703 -0.262592733 0.009332824 -0.045040552 0.052246884 -0.003061647 0.997613311
1341845841.089861 -0.106703363 -0.250598222 0.003045210 -0.040232886 0.054248508 -0.003780615 0.997709513
1341845841.127763 -0.113777347 -0.245816156 0.004074926 -0.039235253 0.055109691 -0.006387685 0.997688711
1341845841.189794 -0.112519875 -0.237845868 0.007362331 -0.036015891 0.053620797 -0.014548928 0.997805595
1341845841.225871 -0.113521025 -0.234227344 0.005454115 -0.032549128 0.053225692 -0.016817618 0.997910261
1341845841.257769 -0.116077289 -0.224166155 0.004117537 -0.028941300 0.053197108 -0.018070962 0.998001039
1341845841.289834 -0.115254194 -0.213183895 0.001891729 -0.027494781 0.051821541 -0.015868377 0.998151660
1341845841.325856 -0.112670869 -0.202045888 0.003577008 -0.028529538 0.051248599 -0.015081967 0.998164475
1341845841.357778 -0.117400706 -0.201852337 0.008278636 -0.030829577 0.050780248 -0.015353673 0.998115838
1341845841.389747 -0.124147289 -0.206969306 0.011071548 -0.029374965 0.048341978 -0.013619610 0.998305917
1341845841.425648 -0.114801221 -0.200866595 0.014579788 -0.023077089 0.044716492 -0.009024412 0.998692393
1341845841.457784 -0.112112433 -0.193085656 0.014840380 -0.014519950 0.043647669 -0.003028959 0.998936892
1341845841.493636 -0.114075489 -0.176975086 0.009654365 -0.009680063 0.042955644 -0.000472343 0.999029994
1341845841.525800 -0.108672462 -0.161659732 0.009864026 -0.011424899 0.042379294 0.000856091 0.999035895
1341845841.557776 -0.111285917 -0.159898043 0.014159326 -0.014772944 0.043146558 0.000857863 0.998959184
1341845841.593697 -0.117322050 -0.161279678 0.017895417 -0.016928773 0.042339068 0.002855014 0.998955846
1341845841.625800 -0.112455085 -0.162274405 0.020957533 -0.015117916 0.040289462 0.004817831 0.999062061
1341845841.657778 -0.111400560 -0.154829308 0.019078031 -0.011923388 0.040464450 0.006083293 0.999091327
1341845841.693890 -0.115170896 -0.146807641 0.019651709 -0.010753740 0.040447339 0.007913102 0.999092460
1341845841.725831 -0.112844028 -0.143024504 0.022120561 -0.011184086 0.039476212 0.008186821 0.999124408
1341845841.761977 -0.113790736 -0.137082681 0.023128452 -0.010316096 0.039205603 0.006710855 0.999155402
1341845841.793705 -0.116814740 -0.128428683 0.021586442 -0.011674112 0.038152695 0.007381805 0.999176502
1341845841.825907 -0.120080985 -0.131050885 0.024386017 -0.014322236 0.036845155 0.006687864 0.999195993
1341845841.862456 -0.119593419 -0.133375809 0.027813785 -0.014021493 0.035152882 0.007098077 0.999258399
1341845841.893840 -0.120677389 -0.134429008 0.030709680 -0.009465166 0.032751296 0.011260424 0.999355316
1341845841.925729 -0.118843421 -0.122161590 0.026561858 -0.005662070 0.030692276 0.013254221 0.999424994
1341845841.961799 -0.115843080 -0.119377919 0.028086685 -0.005772237 0.029773302 0.012784810 0.999458313
1341845841.994063 -0.113437101 -0.111024193 0.026732318 -0.005321107 0.030950788 0.010400292 0.999452651
1341845842.030345 -0.123525083 -0.103195369 0.026100162 -0.007567084 0.031649608 0.010500015 0.999415219
1341845842.061842 -0.115371339 -0.106476314 0.030113826 -0.009029737 0.028602565 0.013358559 0.999460816
1341845842.095648 -0.112122282 -0.097039305 0.029914467 -0.007869505 0.028217589 0.013996477 0.999472797
1341845842.130144 -0.117516063 -0.097001292 0.026111145 -0.008691665 0.029105548 0.014652002 0.999431193
1341845842.168651 -0.117109686 -0.090469271 0.027461005 -0.008921840 0.029082587 0.016809199 0.999395847
1341845842.204415 -0.118071146 -0.089297801 0.028058572 -0.009062345 0.029302943 0.017375542 0.999378502
1341845842.236995 -0.121918440 -0.081026122 0.030972963 -0.007004441 0.028353617 0.020316890 0.999366939
1341845842.298056 -0.112148806 -0.071397781 0.032082215 -0.002924401 0.022569425 0.024973586 0.999429047
1341845842.330531 -0.117390573 -0.062729098 0.029136006 -0.001194131 0.024251446 0.025158091 0.999388576
1341845842.362365 -0.120570585 -0.050204024 0.028271370 -0.002445745 0.022831742 0.026201243 0.999392986
1341845842.399606 -0.114752993 -0.050967362 0.031022780 -0.005939782 0.021604924 0.026444312 0.999399185
1341845842.439754 -0.114205398 -0.052177224 0.032620665 -0.007096847 0.022268131 0.026230663 0.999382675
1341845842.472222 -0.118316159 -0.049022801 0.034190778 -0.007187258 0.022575982 0.027341608 0.999345362
1341845842.506051 -0.120817415 -0.051727358 0.032558709 -0.007463615 0.020560112 0.027926220 0.999370694
1341845842.539739 -0.113063700 -0.047588203 0.032016926 -0.006813803 0.020001361 0.026887923 0.999415100
1341845842.597810 -0.120852217 -0.046928972 0.036409289 -0.005364210 0.020916108 0.025439380 0.999443173
1341845842.671782 -0.118860371 -0.030327024 0.035489272 -0.000986592 0.020472053 0.026183380 0.999447107
1341845842.733828 -0.122018114 -0.028922647 0.039523277 0.000197373 0.019096758 0.032360699 0.999293804
1341845842.772554 -0.120916992 -0.016238801 0.038895898 0.002209282 0.018694554 0.034535281 0.999226213
1341845842.803667 -0.121824779 -0.009935284 0.037480295 0.000069026 0.018562177 0.036483977 0.999161899
1341845842.839779 -0.117919862 -0.011359633 0.037574049 -0.001540652 0.018872745 0.036208611 0.999164879
1341845842.871951 -0.124454439 -0.005866350 0.037152633 -0.001463643 0.020446314 0.035093751 0.999173820
1341845842.903766 -0.125791505 0.002500777 0.037183747 -0.002702733 0.019416373 0.035056181 0.999193072
1341845842.939694 -0.122191496 0.002108619 0.040020239 -0.005278078 0.019669365 0.034500338 0.999197185
1341845842.971703 -0.128952816 0.002203315 0.039590977 -0.004938954 0.020952079 0.033341330 0.999212205
1341845843.003637 -0.133889586 0.011678309 0.038684633 -0.003893876 0.019244507 0.036211990 0.999151289
1341845843.039687 -0.125376895 0.013840475 0.042294111 -0.004096888 0.017621556 0.038212545 0.999105871
1341845843.071786 -0.127496213 0.020205704 0.041690223 -0.003494438 0.019780399 0.038105030 0.999071896
1341845843.103725 -0.135311231 0.017572846 0.039490312 -0.003854781 0.019873733 0.040791281 0.998962641
1341845843.139742 -0.134411469 0.025992576 0.040072508 -0.001587179 0.016707467 0.042600337 0.998951316
1341845843.171825 -0.129959315 0.035063218 0.038457334 -0.002129885 0.016040377 0.040283926 0.999057233
1341845843.207907 -0.135816634 0.041845948 0.039521635 -0.005040517 0.017430214 0.036011703 0.999186695
1341845843.240014 -0.140910119 0.041528240 0.040702388 -0.008951847 0.016798133 0.032685820 0.999284446
1341845843.281910 -0.142288148 0.043249153 0.041934561 -0.009728092 0.014688706 0.032427747 0.999318779
1341845843.307930 -0.140018091 0.048914589 0.043566085 -0.009173558 0.013084814 0.032142267 0.999355555
1341845843.339844 -0.139795944 0.050885107 0.044691216 -0.008718115 0.012473027 0.034233373 0.999298036
1341845843.407961 -0.137528732 0.070700623 0.049327854 -0.003758555 0.015854936 0.036452133 0.999202549
1341845843.469698 -0.130973473 0.084619239 0.048429545 -0.004912805 0.017610904 0.037232284 0.999139428
1341845843.501755 -0.140865609 0.091800027 0.053763729 -0.006650127 0.021455059 0.036084011 0.999096274
1341845843.537749 -0.143706843 0.092357568 0.057339977 -0.007940186 0.019033961 0.039874278 0.998991907
1341845843.601912 -0.143543765 0.113700084 0.060594127 -0.011735454 0.020416111 0.036254361 0.999065161
1341845843.637854 -0.138980940 0.121541239 0.060047187 -0.013629670 0.019522557 0.036009431 0.999067783
1341845843.669935 -0.135351762 0.121817082 0.063213170 -0.014480392 0.021152848 0.037208229 0.998978674
1341845843.705705 -0.137985572 0.134210765 0.060989950 -0.013244154 0.024518900 0.038794603 0.998858571
1341845843.738087 -0.137632623 0.134490877 0.065702841 -0.015766958 0.026488686 0.040391643 0.998708367
1341845843.769868 -0.136882111 0.135459095 0.069351174 -0.014214714 0.027339503 0.043416217 0.998581767
1341845843.805741 -0.134014383 0.146045893 0.069328874 -0.012324098 0.028615305 0.045202158 0.998491943
1341845843.837731 -0.131162420 0.151867643 0.068348624 -0.013122085 0.031063920 0.045179132 0.998409629
1341845843.869723 -0.130463168 0.151427910 0.073723711 -0.014421577 0.033872459 0.044655953 0.998323917
1341845843.905817 -0.131688729 0.151313558 0.071378544 -0.011580671 0.035229001 0.047381904 0.998188257
1341845843.937846 -0.126896426 0.156310707 0.067938633 -0.007928762 0.036564063 0.050459452 0.998025119
1341845843.973843 -0.121249668 0.164973810 0.069105200 -0.005054873 0.041078165 0.051177785 0.997831643
1341845844.005877 -0.129543558 0.162739769 0.073292740 -0.005038804 0.044583164 0.052156527 0.997630596
1341845844.037839 -0.129861072 0.170233145 0.070569657 -0.002504703 0.043572202 0.050758556 0.997756898
1341845844.073843 -0.123752229 0.176033244 0.070551068 -0.003089534 0.044563338 0.046980493 0.997896492
1341845844.105844 -0.126201928 0.174087197 0.071909457 -0.003803300 0.047486667 0.044064708 0.997892261
1341845844.137727 -0.128745824 0.178713009 0.072777510 -0.002925290 0.048249502 0.044013187 0.997860909
1341845844.173729 -0.124976970 0.183018208 0.072600983 -0.001091330 0.047763046 0.043515343 0.997909844
1341845844.205772 -0.127829164 0.195935905 0.071781956 -0.001746808 0.049258765 0.041499678 0.997922063
1341845844.241826 -0.126999259 0.185838506 0.077194087 -0.003253808 0.048588555 0.043066815 0.997884750
1341845844.273743 -0.124508522 0.195599750 0.074501924 0.004563336 0.047311861 0.046397660 0.997791648
1341845844.305737 -0.126947775 0.206420138 0.072317481 0.007001132 0.048329748 0.049148507 0.997596979
1341845844.341702 -0.128454566 0.218907252 0.071111567 0.005058191 0.048072327 0.047923956 0.997680783
1341845844.373700 -0.127956644 0.222201884 0.075602949 0.001253993 0.047563855 0.047012437 0.997760534
1341845844.409780 -0.129402325 0.228488132 0.075383961 0.000062933 0.047083303 0.049669214 0.997655392
1341845844.441868 -0.127768874 0.235166401 0.075818419 -0.001814166 0.046178300 0.051400751 0.997608304
1341845844.473633 -0.127040029 0.242210567 0.075510435 -0.003617934 0.047347538 0.051390942 0.997549057
1341845844.509732 -0.129574701 0.245411783 0.073383972 -0.005332427 0.048948832 0.052697737 0.997395873
1341845844.541734 -0.135784656 0.261142731 0.074908070 -0.006413474 0.048619829 0.053729720 0.997350574
1341845844.573798 -0.132274300 0.266853392 0.076052889 -0.009183825 0.046729624 0.053038884 0.997456193
1341845844.609774 -0.132764310 0.268810511 0.078028463 -0.011066739 0.046930406 0.054110680 0.997370124
1341845844.641742 -0.140634552 0.268003494 0.077080250 -0.011890939 0.045563869 0.056308072 0.997302353
1341845844.677619 -0.139018610 0.275942951 0.078365393 -0.008054450 0.040098138 0.059896160 0.997366488
1341845844.709820 -0.143749461 0.290933847 0.073217005 -0.008312929 0.038450688 0.059825365 0.997433424
1341845844.741764 -0.143577293 0.290168494 0.075122535 -0.011274913 0.033985019 0.061512545 0.997463882
1341845844.778110 -0.148926988 0.299067140 0.075853884 -0.012359517 0.031306095 0.059163250 0.997680783
1341845844.811162 -0.154317245 0.300888777 0.082852885 -0.012771383 0.027490517 0.058832891 0.997807503
1341845844.842336 -0.159302235 0.314807624 0.080936506 -0.015161053 0.023168456 0.054979950 0.998103499
1341845844.883762 -0.152540803 0.306754559 0.090790294 -0.018781958 0.018786468 0.053819083 0.998197317
1341845844.947016 -0.161181033 0.317928135 0.086374745 -0.017473230 0.009954437 0.052374728 0.998425007
1341845844.977793 -0.154857740 0.330176562 0.084580198 -0.016971048 0.006796382 0.047220547 0.998717248
1341845845.009670 -0.158117101 0.324138254 0.085479863 -0.019675139 0.006078931 0.044175409 0.998811543
1341845845.045698 -0.159043208 0.328950912 0.085205577 -0.018326640 0.001139463 0.042075504 0.998945713
1341845845.077748 -0.152251348 0.339920789 0.080372959 -0.018234992 -0.001214609 0.035853505 0.999189973
1341845845.109679 -0.150386184 0.344701499 0.082463741 -0.019866329 -0.000031674 0.032797832 0.999264598
1341845845.145640 -0.150867432 0.343259424 0.082191035 -0.020967573 -0.000511909 0.032798089 0.999241948
1341845845.177719 -0.147623613 0.352553606 0.079370007 -0.019141132 -0.000332376 0.031928673 0.999306798
1341845845.213604 -0.142336279 0.363011003 0.082685299 -0.019585034 0.001658511 0.031339504 0.999315560
1341845845.245741 -0.139779672 0.359574169 0.086199917 -0.022936359 0.002869796 0.032538395 0.999203146
1341845845.277905 -0.140989825 0.360128850 0.086766906 -0.022005361 0.003559030 0.033252370 0.999198377
1341845845.314159 -0.142590046 0.372034490 0.082767755 -0.020474724 0.003470381 0.032411609 0.999258935
1341845845.345748 -0.141432330 0.375206798 0.084675930 -0.022522308 0.003806928 0.031979673 0.999227524
1341845845.381704 -0.140984625 0.380460501 0.086479768 -0.023238812 0.002585701 0.031814598 0.999220252
1341845845.413648 -0.140681580 0.382932544 0.088688366 -0.024487427 0.001111147 0.032001078 0.999187231
1341845845.445777 -0.139301375 0.389388561 0.087907203 -0.024477210 -0.001566938 0.031155603 0.999213576
1341845845.481809 -0.140516147 0.406796575 0.087540306 -0.026327560 -0.001620280 0.025505140 0.999326646
1341845845.514332 -0.140322357 0.400859833 0.091540359 -0.029851854 -0.002699314 0.025532791 0.999224544
1341845845.545717 -0.141990006 0.409734040 0.088153340 -0.029691890 -0.004823797 0.026337136 0.999200463
1341845845.581658 -0.140560016 0.420574069 0.087666377 -0.030654239 -0.006788843 0.024128333 0.999215782
1341845845.613959 -0.141025975 0.434034228 0.084473409 -0.032584857 -0.005138436 0.019844938 0.999258757
1341845845.649696 -0.142075181 0.425784260 0.090453789 -0.038101848 -0.005242097 0.022926560 0.998997092
1341845845.682034 -0.144148067 0.429412007 0.090490483 -0.036323983 -0.008025147 0.024398765 0.999010026
1341845845.714232 -0.141065985 0.454839885 0.085836194 -0.033742882 -0.008679084 0.022722350 0.999134541
1341845845.751971 -0.140315607 0.465156078 0.088552900 -0.037971422 -0.008010198 0.019749690 0.999051630
1341845845.787747 -0.139744937 0.457509726 0.092388377 -0.041619401 -0.007694852 0.018486626 0.998932898
1341845845.820616 -0.141544655 0.460394800 0.088972762 -0.041779608 -0.008102026 0.019682277 0.998900175
1341845845.887653 -0.136516467 0.472080827 0.093120731 -0.043814197 -0.007649028 0.015848180 0.998884678
1341845845.949895 -0.135806724 0.477008164 0.093402788 -0.044212941 -0.005127410 0.017563032 0.998854578
1341845845.981855 -0.140969172 0.486472547 0.091082267 -0.044619773 -0.001846318 0.017561357 0.998848021
1341845846.017822 -0.139602691 0.485744327 0.096716650 -0.046742458 -0.001418615 0.017212898 0.998757720
1341845846.049788 -0.138055906 0.489005804 0.095009550 -0.045455903 -0.000875487 0.017932635 0.998805046
1341845846.081697 -0.145213559 0.498985052 0.091560364 -0.044352002 0.000023493 0.018573895 0.998843372
1341845846.117753 -0.141544729 0.502859950 0.093561672 -0.046267930 -0.001505948 0.017687701 0.998771369
1341845846.149729 -0.142350078 0.507649124 0.094667479 -0.046636857 -0.002258250 0.018652122 0.998735249
1341845846.185551 -0.141602278 0.514883459 0.094392769 -0.047572698 -0.003947006 0.021112649 0.998636842
1341845846.217670 -0.140395150 0.525033355 0.092867590 -0.047878154 -0.003891136 0.021754660 0.998608768
1341845846.249670 -0.140658885 0.529330611 0.090566881 -0.051875249 -0.003683413 0.023960462 0.998359323
1341845846.285621 -0.140679121 0.533220410 0.093685985 -0.053581093 -0.004373660 0.025078036 0.998239040
1341845846.318706 -0.140990987 0.544375241 0.090466365 -0.054799944 -0.002982196 0.024101216 0.998202085
1341845846.349746 -0.142217487 0.541018069 0.090678483 -0.059832260 -0.002007782 0.025608571 0.997877896
1341845846.385823 -0.142863601 0.543824196 0.088734776 -0.061610315 -0.002164849 0.027222825 0.997726679
1341845846.417804 -0.135775223 0.557205677 0.088200651 -0.062632799 -0.002107841 0.027478175 0.997656107
1341845846.453757 -0.141979843 0.553140998 0.083772860 -0.067228697 -0.000318753 0.029424109 0.997303605
1341845846.485915 -0.137758672 0.563170075 0.088462956 -0.067773782 -0.002381771 0.030496357 0.997231722
1341845846.517804 -0.134928539 0.575522780 0.082808927 -0.067678973 0.000095518 0.029264243 0.997277915
1341845846.553866 -0.141966105 0.578277230 0.080355227 -0.072528966 0.002374638 0.030126650 0.996908367
1341845846.585802 -0.136174932 0.576625288 0.084625557 -0.074046969 0.000556468 0.029580442 0.996815860
1341845846.621952 -0.132270515 0.581992447 0.078779452 -0.074786417 0.001348986 0.028491884 0.996791542
1341845846.653735 -0.138354108 0.578062534 0.081164815 -0.078358933 0.002592389 0.028231287 0.996522009
1341845846.687048 -0.132544518 0.573619246 0.081243418 -0.079275429 0.002262215 0.025147116 0.996532977
1341845846.721930 -0.130789533 0.575551391 0.078846142 -0.078818418 0.003692239 0.024610993 0.996578336
1341845846.755684 -0.131596029 0.568913221 0.077864766 -0.079595149 0.003565095 0.025055068 0.996506035
1341845846.785987 -0.127619386 0.560516417 0.078566916 -0.079368845 0.002992335 0.025214199 0.996521950
1341845846.821760 -0.130880475 0.561188281 0.076392539 -0.077524871 0.005388015 0.023018071 0.996710181
1341845846.853756 -0.139226183 0.544665933 0.075585917 -0.078060888 0.007176485 0.023481566 0.996646225
1341845846.889724 -0.131277144 0.531970859 0.082786851 -0.074109390 0.004061135 0.024154801 0.996949255
1341845846.921756 -0.136483312 0.528893769 0.077077925 -0.070195302 0.005553282 0.021768745 0.997280300
1341845846.953776 -0.138897479 0.518859446 0.074764580 -0.068924241 0.006407628 0.022668600 0.997343779
1341845846.989607 -0.135435730 0.499068201 0.076305032 -0.066791087 0.004058888 0.024867024 0.997448802
1341845847.021791 -0.130657151 0.496609539 0.077936068 -0.061613150 0.001961116 0.024167659 0.997805595
1341845847.053671 -0.135803387 0.493967980 0.075278521 -0.059847809 0.002549525 0.022561880 0.997949302
1341845847.089677 -0.144999683 0.462657124 0.077567808 -0.063937798 0.001416028 0.021550218 0.997720182
1341845847.121825 -0.135425642 0.466459811 0.079756230 -0.055043750 -0.002159109 0.018618690 0.998308003
1341845847.157737 -0.130525932 0.462402642 0.079640366 -0.051157366 -0.001987966 0.018942265 0.998509049
1341845847.189613 -0.129615054 0.449522018 0.078521475 -0.048903015 -0.001189502 0.020770228 0.998586833
1341845847.221790 -0.127468333 0.441822529 0.079454623 -0.045638584 0.000658077 0.020954324 0.998738050
1341845847.257718 -0.130238026 0.430053413 0.075087078 -0.043621290 0.003240277 0.021809092 0.998804867
1341845847.289652 -0.124349743 0.416931748 0.073148340 -0.042895179 0.001793126 0.023963403 0.998790562
1341845847.321777 -0.123641111 0.412141800 0.073020123 -0.039783921 0.002853917 0.021520158 0.998972476
1341845847.357899 -0.128573582 0.402824640 0.071920797 -0.038454175 0.005114662 0.020236190 0.999042392
1341845847.390176 -0.122008644 0.413103789 0.068632357 -0.032665648 0.003791206 0.019665154 0.999265671
1341845847.425786 -0.117590353 0.405514747 0.067212425 -0.032256618 0.004684969 0.017085539 0.999322653
1341845847.489945 -0.120262526 0.382565945 0.061894946 -0.031868406 0.005315153 0.018339213 0.999309719
1341845847.525805 -0.118822664 0.373749107 0.056712355 -0.032491494 0.003199456 0.017520204 0.999313295
1341845847.557741 -0.131763384 0.376733840 0.048621241 -0.034319133 0.003812995 0.011425619 0.999338388
1341845847.593782 -0.124234475 0.354490370 0.053811207 -0.039825376 0.000679410 0.009825096 0.999158144
1341845847.625656 -0.121375412 0.341313779 0.048063077 -0.036947798 0.000175843 0.010991426 0.999256730
1341845847.657670 -0.122226462 0.333164603 0.045747250 -0.035220869 0.000259679 0.013192888 0.999292493
1341845847.693751 -0.121429421 0.328314781 0.041160345 -0.034254346 0.000607674 0.013823245 0.999317408
1341845847.725684 -0.121907368 0.317311794 0.037577853 -0.035287417 0.002225704 0.013456156 0.999284148
1341845847.757787 -0.121270269 0.299884081 0.034165926 -0.035401527 0.001962014 0.017293753 0.999221623
1341845847.793826 -0.124311954 0.304158926 0.030065306 -0.032624088 0.000510786 0.019006258 0.999286830
1341845847.825684 -0.126317799 0.294325203 0.032275151 -0.034301374 0.000468306 0.017415075 0.999259710
1341845847.861928 -0.127101004 0.288715780 0.027267361 -0.034103103 -0.000231569 0.018170001 0.999253154
1341845847.893697 -0.128008321 0.276767701 0.027773334 -0.035105493 -0.002734126 0.021759372 0.999143004
1341845847.925644 -0.127182677 0.272806615 0.022981532 -0.032053262 -0.004800713 0.022561893 0.999219954
1341845847.961946 -0.126565024 0.270311177 0.022500988 -0.032477397 -0.003985114 0.022625940 0.999208450
1341845847.993685 -0.129226670 0.258098036 0.020794343 -0.032568589 -0.004770203 0.025228867 0.999139726
1341845848.025620 -0.126259640 0.257182270 0.020992903 -0.031502437 -0.006258975 0.026080223 0.999143779
1341845848.061715 -0.128763944 0.248148724 0.020377740 -0.031147538 -0.005639742 0.026380330 0.999150693
1341845848.093689 -0.128972873 0.244420409 0.014927704 -0.031620547 -0.007229180 0.027640935 0.999091506
1341845848.132119 -0.128937513 0.237249359 0.018242210 -0.031987492 -0.009790489 0.026510863 0.999088645
1341845848.167711 -0.125317663 0.233311996 0.013664206 -0.031571854 -0.010025972 0.023022560 0.999186039
1341845848.200502 -0.120311156 0.219970047 0.010974536 -0.033584382 -0.010716954 0.023805805 0.999094844
1341845848.232265 -0.121349819 0.212828130 0.010665101 -0.034218278 -0.012553601 0.024884300 0.999025702
1341845848.267873 -0.117798992 0.207400054 0.008605910 -0.033084359 -0.013011632 0.024936881 0.999056756
1341845848.301135 -0.119518749 0.207512915 0.002880435 -0.033355415 -0.012017388 0.024637593 0.999067545
1341845848.335735 -0.123135246 0.198588014 0.001235511 -0.038060751 -0.013407854 0.025986049 0.998847544
1341845848.367757 -0.117449783 0.188668936 -0.000010042 -0.039930884 -0.015686410 0.023864260 0.998794258
1341845848.399644 -0.118155599 0.184145734 -0.002920238 -0.040256303 -0.016231794 0.024235284 0.998763561
1341845848.435802 -0.123768479 0.176278546 -0.005862921 -0.041757625 -0.019681750 0.026852779 0.998572946
1341845848.467705 -0.110739216 0.180535033 -0.010660189 -0.040946674 -0.021659268 0.022655310 0.998669624
1341845848.503759 -0.114208378 0.173924640 -0.007326285 -0.042582557 -0.017909907 0.022786653 0.998672485
1341845848.536036 -0.119644746 0.165015176 -0.008538645 -0.043921668 -0.017919024 0.025223162 0.998555839
1341845848.567958 -0.115837850 0.163483769 -0.010692139 -0.043074761 -0.020054644 0.026603686 0.998516262
1341845848.603657 -0.114869840 0.160185516 -0.011873162 -0.043497663 -0.019328460 0.025642706 0.998537362
1341845848.635797 -0.117970966 0.151340157 -0.012588539 -0.044827085 -0.019643003 0.026350698 0.998453975
1341845848.671815 -0.118634701 0.139409617 -0.011600240 -0.044602428 -0.020952718 0.027471399 0.998407185
1341845848.703677 -0.114532515 0.136388943 -0.010932492 -0.039285243 -0.020598926 0.027399080 0.998639941
1341845848.735781 -0.118301108 0.129737243 -0.013463262 -0.036319539 -0.018592898 0.029256174 0.998738825
1341845848.771647 -0.118315369 0.126998216 -0.013377465 -0.034156397 -0.018649502 0.032109994 0.998726487
1341845848.803783 -0.113633215 0.125717863 -0.017932316 -0.031916022 -0.017761964 0.032133702 0.998816013
1341845848.839757 -0.114388101 0.133966848 -0.022627417 -0.032055825 -0.014374116 0.029546499 0.998945892
1341845848.871829 -0.112944663 0.127957076 -0.017589262 -0.037160136 -0.012080885 0.027904212 0.998846591
1341845848.903622 -0.111760117 0.108904541 -0.010171848 -0.036550466 -0.008185577 0.025244236 0.998979390
1341845848.940608 -0.108871028 0.106473647 -0.000567916 -0.027343448 -0.002413496 0.029344942 0.999192417
1341845848.972843 -0.108774580 0.113289118 0.005192829 -0.021758538 0.001193068 0.034358300 0.999172032
1341845849.008613 -0.105705269 0.116288237 0.005528240 -0.019760186 0.002858710 0.032191787 0.999282300
1341845849.072005 -0.112368651 0.116424590 0.020392736 -0.016881011 0.008068593 0.031687230 0.999322772
1341845849.133777 -0.095689476 0.128237829 0.031361073 -0.017182633 0.012113110 0.024250759 0.999484897
1341845849.165908 -0.108921222 0.122329243 0.038384411 -0.017886072 0.017960608 0.024808787 0.999370873
1341845849.201651 -0.110484391 0.117904253 0.044637989 -0.016439067 0.018164460 0.027264051 0.999328077
1341845849.233648 -0.104553819 0.124260962 0.049958494 -0.014956232 0.018309558 0.027219715 0.999349952
1341845849.265690 -0.105193920 0.129629463 0.059297815 -0.016029557 0.020853279 0.025647344 0.999325037
1341845849.301701 -0.114140429 0.126708284 0.066799037 -0.018427225 0.021727441 0.024747021 0.999287724
1341845849.333730 -0.113524817 0.127689898 0.075400800 -0.019029949 0.019801030 0.024529256 0.999321878
1341845849.369727 -0.111236751 0.128856763 0.081859887 -0.020309184 0.018884230 0.024309181 0.999319792
1341845849.401811 -0.115057833 0.123812810 0.093714893 -0.020931665 0.018518340 0.023643125 0.999329746
1341845849.433692 -0.112645388 0.129597574 0.100549035 -0.018872472 0.018543303 0.023316503 0.999378026
1341845849.469648 -0.118379615 0.131312206 0.108976938 -0.019815939 0.019395214 0.023325393 0.999343395
1341845849.501641 -0.113601044 0.129308671 0.121623762 -0.020684768 0.017761191 0.023537181 0.999351203
1341845849.533689 -0.114209905 0.130936608 0.129811496 -0.019928858 0.018979179 0.022901546 0.999358952
1341845849.569780 -0.118945107 0.136081994 0.138454199 -0.020813975 0.019899506 0.021785809 0.999347925
1341845849.601759 -0.114622124 0.129570723 0.149788573 -0.023482947 0.019723229 0.021542028 0.999297559
1341845849.637837 -0.114423826 0.128961369 0.159809247 -0.022447251 0.022115687 0.021860758 0.999264300
1341845849.669719 -0.116859198 0.132827774 0.167024985 -0.021515900 0.024079297 0.021632141 0.999244332
1341845849.701927 -0.114684649 0.133815020 0.178072438 -0.021945683 0.025578933 0.020539690 0.999220848
1341845849.737804 -0.117566794 0.133688331 0.188535690 -0.022021266 0.028985567 0.019413618 0.999148667
1341845849.769688 -0.125578925 0.132879838 0.197928652 -0.022460090 0.030888764 0.020493370 0.999060333
1341845849.805874 -0.126413211 0.131763101 0.209580198 -0.022772759 0.028689658 0.021278635 0.999102354
1341845849.838002 -0.118724413 0.136229098 0.213490516 -0.022547180 0.027368547 0.020051401 0.999169946
1341845849.873756 -0.121229067 0.139438480 0.221635818 -0.024782872 0.029446036 0.017687397 0.999102592
1341845849.905773 -0.128486469 0.133601010 0.236557782 -0.026364701 0.029720305 0.017385745 0.999059260
1341845849.942380 -0.121587239 0.130760521 0.237051770 -0.025220126 0.029559035 0.017042473 0.999099493
1341845849.969808 -0.121115863 0.137481362 0.249607295 -0.024829403 0.032485951 0.015943279 0.999036551
1341845850.006040 -0.128345922 0.137433439 0.261363477 -0.026093496 0.033320162 0.014943931 0.998992324
1341845850.038041 -0.125582427 0.133883178 0.266193032 -0.026832107 0.032316621 0.012510706 0.999039173
1341845850.073843 -0.124599546 0.133339882 0.274807662 -0.025669429 0.032636892 0.012052793 0.999064922
1341845850.137727 -0.136100590 0.140319362 0.292904764 -0.026663922 0.032384429 0.008438038 0.999084115
1341845850.173748 -0.132955834 0.136878282 0.302288771 -0.029058017 0.029166969 0.006908016 0.999128282
1341845850.205888 -0.132097736 0.137976304 0.309271693 -0.029178014 0.027863313 0.006865562 0.999162257
1341845850.242190 -0.134689704 0.140354201 0.316408038 -0.029272230 0.026956560 0.007572367 0.999179244
1341845850.276369 -0.134428397 0.137873128 0.325098276 -0.030299339 0.025167931 0.006852469 0.999200463
1341845850.311979 -0.133977413 0.138611168 0.331729889 -0.030997491 0.023980746 0.005299889 0.999217749
1341845850.343827 -0.134031788 0.143065691 0.339085042 -0.032301672 0.022522975 0.004106021 0.999215961
1341845850.380151 -0.131967470 0.136214852 0.349628121 -0.034627166 0.021975478 0.002916133 0.999154449
1341845850.412359 -0.129486039 0.135250106 0.356723130 -0.033707112 0.022675436 0.003486469 0.999168396
1341845850.447279 -0.129701540 0.136233568 0.363274097 -0.033389464 0.024163511 0.005801470 0.999133408
1341845850.511722 -0.122501202 0.134321824 0.376416326 -0.029651200 0.026145032 0.011076215 0.999156952
1341845850.573894 -0.120580100 0.132599235 0.389624566 -0.028067477 0.027936555 0.012791225 0.999133706
1341845850.609794 -0.122005790 0.135787800 0.394438922 -0.025806323 0.028673703 0.012598649 0.999176264
1341845850.641744 -0.122002423 0.133754328 0.400496542 -0.026344417 0.027868556 0.011717795 0.999195695
1341845850.673755 -0.118243605 0.132636651 0.407204598 -0.024657292 0.027390353 0.009879988 0.999271870
1341845850.709784 -0.118000276 0.135745794 0.413059443 -0.023764884 0.029043805 0.009108000 0.999254167
1341845850.741802 -0.123958111 0.131791160 0.419950068 -0.023629326 0.029026946 0.010336316 0.999245882
1341845850.777740 -0.117094636 0.134924755 0.424763203 -0.022882473 0.026907397 0.010720697 0.999318480
1341845850.841900 -0.120108850 0.139363319 0.436082125 -0.022293992 0.027654208 0.010545064 0.999313295
1341845850.877766 -0.116012551 0.137393743 0.443457633 -0.023745283 0.026379135 0.009946650 0.999320447
1341845850.909781 -0.113535598 0.139765799 0.448916376 -0.023876792 0.027044654 0.009643161 0.999302566
1341845850.941758 -0.117027059 0.139735058 0.456310183 -0.025324924 0.028181523 0.010003443 0.999231994
1341845850.977762 -0.117251314 0.137602910 0.461215764 -0.026050564 0.027592372 0.012858028 0.999197066
1341845851.009834 -0.114837110 0.143741861 0.466966331 -0.025076825 0.026365155 0.014731504 0.999229252
1341845851.045751 -0.113339864 0.144372448 0.476272285 -0.026580917 0.026795352 0.016240234 0.999155581
1341845851.077894 -0.112677716 0.140684351 0.482496977 -0.026362371 0.027300149 0.018621597 0.999106109
1341845851.109747 -0.114103183 0.147645473 0.485379368 -0.024691768 0.027097320 0.019554799 0.999136448
1341845851.145889 -0.114561893 0.153220788 0.490545988 -0.026856817 0.025743054 0.017253622 0.999158800
1341845851.177904 -0.108984888 0.150557876 0.497711360 -0.029099235 0.025789719 0.013882424 0.999147415
1341845851.209882 -0.119164214 0.155933470 0.506821811 -0.029812187 0.027758053 0.012105586 0.999096692
1341845851.251733 -0.118102811 0.150969982 0.514928341 -0.033012446 0.024128180 0.011913442 0.999092698
1341845851.313813 -0.114192478 0.152732238 0.522033930 -0.029770112 0.026311934 0.011487697 0.999144435
1341845851.345834 -0.121963136 0.150595129 0.529187858 -0.029294444 0.025405509 0.014112188 0.999148250
1341845851.377718 -0.115011543 0.154119760 0.532011032 -0.026507812 0.021875681 0.017030101 0.999264121
1341845851.413805 -0.114736326 0.163255006 0.532631338 -0.025894754 0.021462165 0.016063971 0.999305189
1341845851.445896 -0.123512164 0.159693122 0.538555026 -0.029573889 0.020748254 0.014466764 0.999242544
1341845851.478163 -0.118765064 0.159702837 0.543605387 -0.029896781 0.016410038 0.015145581 0.999303579
1341845851.514640 -0.113961101 0.166017473 0.544932246 -0.030662782 0.015770808 0.015586913 0.999283791
1341845851.546201 -0.116924353 0.166141897 0.549514472 -0.033453397 0.017056365 0.016152956 0.999164224
1341845851.581975 -0.113851957 0.161164075 0.556110144 -0.034650143 0.016779780 0.019695319 0.999064505
1341845851.616214 -0.115175739 0.166592196 0.555630863 -0.030946210 0.018147448 0.025159594 0.999039590
1341845851.681977 -0.112643823 0.161051780 0.563588738 -0.033398394 0.015787808 0.026519336 0.998965502
1341845851.714139 -0.115998678 0.167601421 0.567139685 -0.030706367 0.017377812 0.027004249 0.999012530
1341845851.745927 -0.117652364 0.169798300 0.570718288 -0.031144822 0.015313577 0.028299538 0.998996854
1341845851.781911 -0.106877625 0.165187895 0.575371206 -0.032921731 0.011503564 0.026675902 0.999035656
1341845851.813848 -0.104996026 0.167773530 0.576144934 -0.031316463 0.013202814 0.024692010 0.999117255
1341845851.849910 -0.110727698 0.165444568 0.579036474 -0.031978611 0.014246717 0.023202749 0.999117672
1341845851.881832 -0.099723659 0.153955385 0.580797255 -0.030883310 0.011696000 0.022107588 0.999210060
1341845851.913735 -0.099919543 0.170969576 0.575671852 -0.024181424 0.014820936 0.018810993 0.999420762
1341845851.949904 -0.105285011 0.163351431 0.577555776 -0.027437622 0.017003993 0.015041796 0.999365687
1341845851.982005 -0.099388078 0.160231426 0.574160874 -0.025077092 0.017109796 0.012131557 0.999465466
1341845852.017909 -0.098483667 0.163740933 0.571333885 -0.023752544 0.019426908 0.011530889 0.999462605
1341845852.050012 -0.090225145 0.162782490 0.569822073 -0.024564533 0.020180741 0.009976391 0.999444783
1341845852.082035 -0.090243056 0.158395335 0.568733454 -0.025618652 0.023885390 0.008936074 0.999346495
1341845852.121076 -0.086111046 0.162453219 0.566307783 -0.023818625 0.025829490 0.009924213 0.999333382
1341845852.163838 -0.086106487 0.159904167 0.560912251 -0.025304489 0.029707259 0.010338305 0.999184847
1341845852.190660 -0.091928184 0.159788981 0.555093765 -0.024022672 0.033276808 0.011713866 0.999088764
1341845852.223981 -0.091911092 0.156183064 0.552753747 -0.024849845 0.033603743 0.013354992 0.999037027
1341845852.286726 -0.098646417 0.159633696 0.542513371 -0.022951584 0.033996861 0.013724524 0.999064088
1341845852.349834 -0.094985992 0.155502126 0.536349237 -0.025386833 0.030100675 0.016396647 0.999089897
1341845852.385657 -0.102710634 0.154616445 0.532611310 -0.025102304 0.029725665 0.019556345 0.999051511
1341845852.417731 -0.096924223 0.156136885 0.523728311 -0.026347177 0.025564786 0.019121338 0.999143004
1341845852.449741 -0.096180648 0.150092900 0.518772483 -0.028293507 0.025580447 0.017872985 0.999112487
1341845852.485861 -0.103394985 0.154940411 0.510937691 -0.027840406 0.025356973 0.016321627 0.999157488
1341845852.517876 -0.102675401 0.153193310 0.507638276 -0.030547448 0.022714574 0.014357476 0.999172091
1341845852.553887 -0.104716733 0.145723477 0.500627160 -0.030257173 0.021435108 0.017461531 0.999159753
1341845852.617891 -0.109310739 0.149072304 0.485489875 -0.030592293 0.018172776 0.019182850 0.999182642
1341845852.653840 -0.108468361 0.152579755 0.477875471 -0.030097298 0.016775399 0.017945675 0.999245048
1341845852.685926 -0.114131689 0.150278121 0.467576444 -0.031394012 0.017992875 0.017352141 0.999194443
1341845852.717821 -0.118842080 0.148710459 0.461134344 -0.031876866 0.016848855 0.020349376 0.999142587
1341845852.753958 -0.114152901 0.152431279 0.452536613 -0.030706717 0.015994683 0.022149840 0.999154985
1341845852.785766 -0.118475579 0.155264974 0.442681044 -0.031977691 0.019345321 0.022499271 0.999048114
1341845852.822784 -0.122456551 0.148439527 0.435588866 -0.033108272 0.018962560 0.024263097 0.998977244
1341845852.885924 -0.120102935 0.150699332 0.418248475 -0.033296518 0.020666465 0.023138836 0.998963892
1341845852.921581 -0.125442818 0.153393671 0.409571052 -0.032224096 0.021605063 0.023329431 0.998974800
1341845852.953977 -0.121969417 0.147570774 0.402971327 -0.031870630 0.022604242 0.022259161 0.998988450
1341845852.989721 -0.129331633 0.159693271 0.394627720 -0.027746933 0.025223682 0.021255065 0.999070704
1341845853.021716 -0.138924673 0.159936965 0.387354910 -0.031646103 0.023482705 0.018585462 0.999050379
1341845853.053750 -0.134317964 0.154339001 0.379441231 -0.032062039 0.020776598 0.018262628 0.999103069
1341845853.089814 -0.138385653 0.164781854 0.367329240 -0.030857088 0.020852236 0.017570961 0.999151826
1341845853.121864 -0.138497934 0.156161845 0.366519004 -0.034731925 0.019194433 0.016881799 0.999069691
1341845853.159690 -0.138179407 0.152793303 0.359091133 -0.033071950 0.019012919 0.018212270 0.999106169
1341845853.195824 -0.142035380 0.157939255 0.350349873 -0.030348973 0.019190056 0.019233152 0.999170125
1341845853.227731 -0.141127154 0.158716038 0.341197699 -0.031161645 0.017943261 0.018831287 0.999175847
1341845853.263703 -0.140690953 0.151151255 0.334558159 -0.031003399 0.018638862 0.017797191 0.999187052
1341845853.296490 -0.150198877 0.153311104 0.323921144 -0.028378306 0.021017119 0.017844629 0.999216974
1341845853.327753 -0.155307025 0.154718101 0.313711554 -0.027279008 0.019835884 0.018384712 0.999261975
1341845853.363891 -0.148116127 0.149914354 0.307611495 -0.027151600 0.017997963 0.018259233 0.999302506
1341845853.395726 -0.149769083 0.153638199 0.296284527 -0.024564462 0.020295911 0.017694313 0.999335587
1341845853.463774 -0.159254819 0.150131375 0.280325353 -0.025168492 0.019305006 0.016996516 0.999352276
1341845853.525799 -0.167432621 0.155462995 0.262682706 -0.026188469 0.020206267 0.014431571 0.999348640
1341845853.557770 -0.167401507 0.151761964 0.252929389 -0.026001232 0.017942993 0.015162061 0.999385893
1341845853.589705 -0.165734783 0.155732542 0.244183660 -0.024763763 0.017464979 0.015769219 0.999416411
1341845853.625908 -0.172873721 0.155590996 0.233529285 -0.024930488 0.017693494 0.015943475 0.999405503
1341845853.657783 -0.172772184 0.152460247 0.226475954 -0.025697500 0.016484687 0.016769025 0.999393225
1341845853.689930 -0.171894565 0.151609465 0.215357602 -0.023809280 0.017275739 0.017990075 0.999405324
1341845853.725779 -0.177094236 0.156868696 0.204594746 -0.022435376 0.018903650 0.018384991 0.999400496
1341845853.757962 -0.179021925 0.153686002 0.198029354 -0.022718335 0.019319674 0.020249587 0.999350131
1341845853.793750 -0.180243611 0.154492095 0.187172011 -0.020532174 0.019527141 0.022420201 0.999347091
1341845853.825783 -0.184331939 0.157586381 0.178863585 -0.020290539 0.020030869 0.021426849 0.999363840
1341845853.857700 -0.189156592 0.153976753 0.168442145 -0.021003796 0.019499548 0.020928713 0.999370098
1341845853.893805 -0.190238893 0.155308694 0.162183732 -0.019760005 0.017389825 0.019846831 0.999456465
1341845853.925836 -0.187827557 0.165733099 0.153413191 -0.020102840 0.016194705 0.015145118 0.999552071
1341845853.957735 -0.190607458 0.157108679 0.150741115 -0.023357356 0.017697511 0.011422267 0.999505281
1341845853.993852 -0.195308745 0.155334204 0.143327549 -0.021188982 0.018057840 0.014379577 0.999508977
1341845854.025830 -0.196060076 0.162118062 0.136783987 -0.018947547 0.016854461 0.015405721 0.999559700
1341845854.061903 -0.192580536 0.170159519 0.124924667 -0.020888796 0.017570259 0.012041186 0.999554932
1341845854.093760 -0.202459529 0.160333574 0.128661573 -0.023353606 0.019523043 0.009304695 0.999493301
1341845854.125736 -0.208351180 0.163785651 0.118913062 -0.020927068 0.017018793 0.010225271 0.999583900
1341845854.161837 -0.200357795 0.173505723 0.112540945 -0.020470323 0.013499495 0.009412314 0.999655008
1341845854.193844 -0.196586579 0.176749408 0.105878979 -0.023036556 0.015244635 0.007873495 0.999587417
1341845854.229884 -0.206354126 0.173181564 0.103195578 -0.025032969 0.017046554 0.009687155 0.999494433
1341845854.261692 -0.206048742 0.175806254 0.097988710 -0.024940828 0.014689418 0.013912175 0.999484241
1341845854.293781 -0.201292589 0.178023860 0.093326107 -0.025036782 0.014396833 0.016694507 0.999443531
1341845854.330249 -0.205627248 0.185320571 0.083865784 -0.025833815 0.016944045 0.016985286 0.999378324
1341845854.361687 -0.209047660 0.181035638 0.079517171 -0.029428750 0.017144671 0.017242869 0.999271154
1341845854.393726 -0.208244622 0.176045626 0.077657118 -0.029631091 0.016003175 0.019813158 0.999236405
1341845854.429762 -0.202376515 0.183525532 0.069106638 -0.028370287 0.017491734 0.019359650 0.999256909
1341845854.462072 -0.207339689 0.177508086 0.068510190 -0.030871304 0.020920608 0.019785136 0.999108613
1341845854.497796 -0.211496249 0.167706192 0.066119194 -0.028916070 0.021999933 0.023328733 0.999067426
1341845854.529719 -0.208796948 0.178529024 0.060233690 -0.025066024 0.021894507 0.023597715 0.999167442
1341845854.561884 -0.212405518 0.179110289 0.056883018 -0.026953232 0.023667051 0.020204619 0.999152243
1341845854.597860 -0.216695845 0.173851296 0.056765191 -0.028199190 0.022794100 0.016937485 0.999198914
1341845854.629736 -0.212618634 0.174075708 0.054019280 -0.028205004 0.020131655 0.013939327 0.999302208
1341845854.662835 -0.209733739 0.171768323 0.051178921 -0.028982500 0.019550841 0.012352268 0.999312401
1341845854.697815 -0.211096555 0.167733580 0.051146213 -0.028255906 0.019711677 0.013468706 0.999315619
1341845854.729806 -0.213415265 0.165241823 0.045507390 -0.025958231 0.019356826 0.014177535 0.999375045
1341845854.765688 -0.208396912 0.171601459 0.039438061 -0.023749167 0.017722787 0.012591670 0.999481559
1341845854.797997 -0.207817167 0.170016348 0.033701889 -0.024304282 0.018942334 0.009995538 0.999475181
1341845854.829779 -0.215206325 0.165969208 0.029259641 -0.024646528 0.019144608 0.009563248 0.999467134
1341845854.865670 -0.211684301 0.167448804 0.023889519 -0.023821207 0.016616773 0.007386704 0.999550879
1341845854.897712 -0.204326257 0.172060713 0.014460958 -0.024653662 0.016689451 0.004648722 0.999545932
1341845854.930302 -0.207495108 0.163830742 0.013542876 -0.027200831 0.019060120 0.005248338 0.999434531
1341845854.965801 -0.211853862 0.164126530 0.005953797 -0.026314875 0.019112654 0.007785424 0.999440670
1341845854.997629 -0.207904920 0.170793220 0.000200685 -0.026082307 0.018346718 0.007924019 0.999460042
1341845855.033841 -0.208482757 0.168855965 -0.005374104 -0.027375974 0.020755045 0.008409376 0.999374390
1341845855.065777 -0.219700024 0.166053951 -0.013406861 -0.027202047 0.021585040 0.011473618 0.999330997
1341845855.097795 -0.220344365 0.172005355 -0.023273461 -0.027126219 0.017265150 0.014587613 0.999376476
1341845855.133841 -0.215158090 0.171047479 -0.026894640 -0.028965769 0.014933104 0.013268804 0.999380827
1341845855.165831 -0.221581683 0.171453238 -0.030475894 -0.030006049 0.015067015 0.011911168 0.999365211
1341845855.201780 -0.230777293 0.168840513 -0.033911962 -0.031043297 0.012023625 0.012873312 0.999362826
1341845855.233747 -0.220669597 0.171720386 -0.037921909 -0.031528756 0.006718318 0.012535696 0.999401689
1341845855.265823 -0.219770595 0.166460007 -0.039691854 -0.032087084 0.007011222 0.011882437 0.999389887
1341845855.301716 -0.225953355 0.162809119 -0.046616040 -0.030309049 0.007728904 0.014580443 0.999404371
1341845855.333726 -0.228625804 0.162715495 -0.050862230 -0.027704095 0.006447438 0.018536130 0.999423504
1341845855.365773 -0.226840436 0.168136150 -0.055808116 -0.026246024 0.004160541 0.021480333 0.999416053
1341845855.401892 -0.224866420 0.166447386 -0.056862295 -0.026520949 0.004691960 0.022238370 0.999389946
1341845855.433652 -0.229742050 0.162855595 -0.063622996 -0.025106238 0.005153358 0.024162332 0.999379516
1341845855.469817 -0.231777355 0.161889166 -0.069566801 -0.024010280 0.002889432 0.026408082 0.999358714
1341845855.502750 -0.230504140 0.163397029 -0.073429137 -0.023401055 0.001127435 0.026463933 0.999375224
1341845855.533846 -0.230368301 0.164401129 -0.079061471 -0.022601139 0.001929753 0.022779312 0.999483228
1341845855.569986 -0.235325903 0.161214396 -0.081945434 -0.023074288 0.002636706 0.020459773 0.999520898
1341845855.601707 -0.235820681 0.153005421 -0.082492933 -0.022638882 0.000611124 0.020932119 0.999524355
1341845855.633953 -0.234443873 0.158196315 -0.088747688 -0.019312428 -0.000830557 0.019539017 0.999622226
1341845855.669628 -0.238465771 0.166315362 -0.094366372 -0.019219134 -0.000216506 0.015942125 0.999688208
1341845855.701786 -0.243838027 0.155446500 -0.092235714 -0.022236217 -0.001615234 0.014287023 0.999649346
1341845855.737762 -0.241183370 0.152332217 -0.094926864 -0.020460257 -0.003973129 0.014959883 0.999670863
1341845855.769674 -0.244050875 0.156627327 -0.097749665 -0.019193651 -0.005635380 0.016308373 0.999666929
1341845855.802152 -0.242636099 0.159867942 -0.103498571 -0.019655619 -0.007622209 0.014937290 0.999666154
1341845855.837801 -0.244445443 0.154585466 -0.101240322 -0.020673024 -0.007408467 0.013076528 0.999673367
1341845855.869788 -0.243344456 0.153623611 -0.106133342 -0.019324310 -0.007294465 0.013320935 0.999697924
1341845855.901958 -0.241909131 0.155349746 -0.108254015 -0.019037360 -0.007539983 0.014620152 0.999683499
1341845855.937711 -0.237182140 0.149858177 -0.111785449 -0.019509865 -0.008130264 0.015142085 0.999661922
1341845855.969840 -0.237451002 0.152034476 -0.115978837 -0.018428354 -0.006682651 0.014640058 0.999700725
1341845856.038077 -0.235491365 0.152767554 -0.120789967 -0.018152609 -0.005516822 0.018419061 0.999650359
1341845856.069815 -0.236849785 0.157768622 -0.126221493 -0.016636569 -0.004470892 0.020512057 0.999641240
1341845856.105773 -0.242063195 0.167837635 -0.132753611 -0.018213755 -0.003621988 0.021439215 0.999597669
1341845856.137725 -0.239108101 0.161436886 -0.134416416 -0.021599175 -0.004927392 0.022942344 0.999491394
1341845856.169966 -0.236336097 0.168648660 -0.140889183 -0.022560919 -0.004654118 0.022409370 0.999483466
1341845856.205833 -0.238944769 0.169157505 -0.137881428 -0.026350930 -0.002995608 0.022795253 0.999388397
1341845856.237587 -0.239084095 0.164046243 -0.141419247 -0.027848665 -0.003761183 0.025398536 0.999282360
1341845856.273683 -0.237152234 0.167996854 -0.145970002 -0.027947528 -0.004027586 0.025327941 0.999280334
1341845856.305723 -0.234838054 0.168019190 -0.146945998 -0.028936233 -0.002845120 0.026179416 0.999234319
1341845856.337653 -0.240383878 0.167961717 -0.150630772 -0.029377313 -0.001961966 0.027038673 0.999200761
1341845856.373714 -0.241630331 0.162509322 -0.152507320 -0.029100157 -0.003043564 0.029138425 0.999147117
1341845856.405678 -0.241746619 0.170065120 -0.158832088 -0.027227916 -0.003726823 0.028667236 0.999211192
1341845856.441799 -0.242581397 0.172171697 -0.159548208 -0.028229287 -0.003686653 0.026452307 0.999244630
1341845856.473680 -0.243634269 0.165933847 -0.161024988 -0.029665170 -0.004489533 0.025436277 0.999226153
1341845856.505768 -0.243963569 0.170191780 -0.163716525 -0.028677210 -0.005987486 0.024195265 0.999278009
1341845856.541718 -0.239719525 0.175438359 -0.167261288 -0.029615011 -0.005189010 0.022344679 0.999298155
1341845856.573678 -0.242533743 0.163964272 -0.165575624 -0.031939223 -0.003941523 0.024037668 0.999192953
1341845856.605758 -0.243613362 0.164741769 -0.169201776 -0.030735791 -0.005173430 0.026644740 0.999158978
1341845856.641782 -0.240082383 0.165002659 -0.165196165 -0.029758299 -0.005038735 0.026574459 0.999191105
1341845856.673977 -0.238596246 0.173384219 -0.167996719 -0.028167963 -0.002853628 0.026195956 0.999255896
1341845856.709876 -0.245496079 0.167364016 -0.171469018 -0.031106034 -0.002119426 0.027363200 0.999139249
1341845856.741736 -0.241600469 0.156582326 -0.167653337 -0.030107869 -0.004557163 0.030433327 0.999072909
1341845856.773960 -0.238534957 0.175157249 -0.177597791 -0.025925538 -0.003197518 0.027848408 0.999270856
1341845856.809797 -0.245508581 0.175279334 -0.176005527 -0.029691303 -0.001321060 0.026808791 0.999198675
1341845856.841746 -0.244262859 0.168135449 -0.176187515 -0.031459972 -0.003282847 0.026736105 0.999141991
1341845856.873762 -0.243584380 0.175731421 -0.178799227 -0.030945132 -0.003168068 0.025456505 0.999191880
1341845856.915904 -0.244023934 0.178773031 -0.183803439 -0.032917079 -0.002161299 0.025488900 0.999130726
1341845856.977900 -0.242331296 0.172615632 -0.182289958 -0.036443867 -0.001549320 0.027117908 0.998966515
1341845857.009735 -0.240478724 0.171225831 -0.184458196 -0.036164608 -0.001678986 0.029851040 0.998898566
1341845857.041737 -0.237903714 0.172937632 -0.186001062 -0.034766529 -0.001334089 0.032007862 0.998881936
1341845857.077896 -0.240336791 0.175056040 -0.189659089 -0.033846110 0.000051320 0.031790081 0.998921394
1341845857.109633 -0.242670819 0.179771781 -0.196228340 -0.034224026 0.000178850 0.029814979 0.998969376
1341845857.141583 -0.235834554 0.176788419 -0.197330892 -0.036158122 -0.000584555 0.028295284 0.998945236
1341845857.178255 -0.234412953 0.176974952 -0.202999339 -0.035862789 0.001383110 0.024287958 0.999060571
1341845857.209846 -0.238744512 0.176520303 -0.207583413 -0.036652584 0.003469637 0.022024939 0.999079347
1341845857.245767 -0.235108539 0.168303058 -0.208261013 -0.038200982 0.002215757 0.022337403 0.999018013
1341845857.277737 -0.232964456 0.171630844 -0.213490620 -0.036185611 0.002562080 0.020917954 0.999122858
1341845857.309994 -0.235545874 0.167909771 -0.222021952 -0.035692364 0.004015685 0.020530093 0.999143839
1341845857.345862 -0.236443296 0.173439428 -0.223546654 -0.035401978 0.004101765 0.019540759 0.999173701
1341845857.377787 -0.233431712 0.163953066 -0.220794514 -0.036322944 0.003641390 0.019880667 0.999135733
1341845857.413693 -0.237686008 0.169564307 -0.230846956 -0.034521248 0.003753459 0.019377302 0.999209106
1341845857.445790 -0.238019496 0.171210289 -0.229504928 -0.036552839 0.002615281 0.019900013 0.999130130
1341845857.477853 -0.234994844 0.165915564 -0.225522980 -0.037243608 0.001265346 0.020115903 0.999102950
1341845857.513902 -0.233318165 0.174581155 -0.230690941 -0.035290755 0.002068152 0.018283162 0.999207735
1341845857.545992 -0.234151825 0.166934222 -0.230144173 -0.037191186 0.002674914 0.018186737 0.999139130
1341845857.613882 -0.226219252 0.163288653 -0.230419189 -0.034032557 0.004218765 0.019465853 0.999222279
1341845857.646056 -0.225726932 0.163346380 -0.235115364 -0.032264385 0.006669471 0.021228103 0.999231696
1341845857.681834 -0.220443204 0.162279293 -0.237115756 -0.031474438 0.008116228 0.023059262 0.999205589
1341845857.713765 -0.213937894 0.157797500 -0.238938406 -0.029762536 0.011388842 0.021843575 0.999253392
1341845857.745825 -0.218094900 0.155659601 -0.244327068 -0.027514176 0.015356093 0.022738568 0.999244809
1341845857.781799 -0.218255490 0.158265576 -0.247631654 -0.026045881 0.016141554 0.023018897 0.999265373
1341845857.813817 -0.209447220 0.158299237 -0.248737335 -0.026646879 0.016493721 0.022424674 0.999257326
1341845857.846046 -0.211061612 0.155989051 -0.253609955 -0.026752865 0.019001130 0.022087535 0.999217391
1341845857.881939 -0.212037936 0.163510144 -0.259178430 -0.027130326 0.019632190 0.021528021 0.999207258
1341845857.913666 -0.209507868 0.164396763 -0.260865211 -0.031254806 0.018960660 0.019022090 0.999150574
1341845857.949845 -0.211554959 0.159696847 -0.264792204 -0.035062086 0.017581826 0.018303411 0.999062836
1341845857.982166 -0.212673470 0.158278391 -0.270145267 -0.037176780 0.015471890 0.018063100 0.999025643
1341845858.013803 -0.208627090 0.154467106 -0.274282277 -0.039307661 0.012551242 0.019862318 0.998950899
1341845858.050247 -0.204697102 0.158533722 -0.274550796 -0.039386094 0.010664188 0.020594707 0.998954952
1341845858.081715 -0.204799533 0.169746965 -0.279194772 -0.041461933 0.010211810 0.020217380 0.998883307
1341845858.113782 -0.203035653 0.166381732 -0.276988238 -0.046043232 0.008210625 0.020349763 0.998698473
1341845858.149725 -0.206516385 0.168091163 -0.286980301 -0.048412587 0.007778422 0.020304848 0.998590767
1341845858.181831 -0.204960510 0.160975575 -0.283134103 -0.052200507 0.006985723 0.022072202 0.998368204
1341845858.217730 -0.207268879 0.161571458 -0.287583888 -0.052170206 0.004874025 0.023855584 0.998341322
1341845858.281842 -0.202147648 0.162717625 -0.291481256 -0.055435188 0.004885382 0.018762641 0.998274088
1341845858.317768 -0.204829469 0.158326417 -0.291476190 -0.055653967 0.002812386 0.019694781 0.998251915
1341845858.349904 -0.198903590 0.164306864 -0.295516014 -0.054441404 -0.000167437 0.019131243 0.998333693
1341845858.381855 -0.191910550 0.165522948 -0.296834618 -0.054680418 -0.000113206 0.016944461 0.998360157
1341845858.417827 -0.197369948 0.161352634 -0.294429600 -0.054732073 0.002125251 0.016625684 0.998360455
1341845858.449872 -0.201754883 0.160427019 -0.296728134 -0.052673154 0.001384398 0.016920317 0.998467505
1341845858.485842 -0.197833940 0.163766786 -0.297939539 -0.052497402 -0.000120723 0.015733276 0.998497128
1341845858.517682 -0.198468655 0.161046386 -0.300797015 -0.052843630 -0.000514811 0.013946483 0.998505294
1341845858.549803 -0.200629517 0.157293022 -0.300623327 -0.052410629 -0.000974016 0.013045914 0.998539925
1341845858.585823 -0.199048296 0.159646571 -0.301536769 -0.051484413 -0.002353286 0.013077551 0.998585463
1341845858.618138 -0.193818599 0.164043516 -0.308603376 -0.052311212 -0.002259893 0.010563922 0.998572409
1341845858.654134 -0.196466520 0.158967450 -0.309604436 -0.054174580 -0.000877221 0.010454423 0.998476386
1341845858.685756 -0.197505534 0.158236027 -0.308795035 -0.054183654 -0.002220916 0.013183116 0.998441517
1341845858.717690 -0.191167429 0.162262008 -0.310919851 -0.053428765 -0.002584611 0.012140947 0.998494506
1341845858.753674 -0.189176694 0.169975668 -0.317422777 -0.054213367 -0.000171819 0.010566475 0.998473525
1341845858.785618 -0.195046604 0.163614571 -0.313807964 -0.057969864 0.001397814 0.010999514 0.998256803
1341845858.817756 -0.191765815 0.153102890 -0.312889636 -0.058320154 0.000073488 0.013158945 0.998211205
1341845858.853864 -0.190453619 0.162221998 -0.319955111 -0.055597901 0.000898903 0.012418948 0.998375595
1341845858.885702 -0.189923778 0.161674097 -0.324492663 -0.057711996 0.002254527 0.010607489 0.998274446
1341845858.922000 -0.190989166 0.154290363 -0.321004033 -0.059549429 0.002214496 0.009674850 0.998176038
1341845858.954158 -0.187545687 0.152749419 -0.324262142 -0.058181565 0.002038431 0.008527296 0.998267531
1341845858.985944 -0.185209692 0.157548741 -0.328180671 -0.057684150 0.003859805 0.007640138 0.998298168
1341845859.021830 -0.186745122 0.163809448 -0.331802487 -0.060092807 0.005100706 0.006439417 0.998159051
1341845859.053720 -0.186747625 0.155382127 -0.330528766 -0.063467637 0.005322047 0.005636949 0.997953832
1341845859.085862 -0.183934420 0.156305015 -0.333441883 -0.063663527 0.005744001 0.006126809 0.997936130
1341845859.121873 -0.183487475 0.163444802 -0.334909707 -0.064850226 0.006714580 0.004955338 0.997860134
1341845859.153800 -0.184304073 0.154990405 -0.334022194 -0.067874528 0.008044016 0.004178408 0.997652769
1341845859.189853 -0.184301943 0.152437776 -0.337631166 -0.067804538 0.008324875 0.004685718 0.997652948
1341845859.221654 -0.184619173 0.151732609 -0.341761261 -0.068348937 0.009254142 0.002723168 0.997614920
1341845859.253689 -0.179274470 0.156675205 -0.342205912 -0.069168881 0.009808987 -0.001128560 0.997556150
1341845859.289745 -0.180509046 0.154961035 -0.343842655 -0.071425915 0.011516522 -0.004162480 0.997370780
1341845859.321911 -0.179683387 0.148240492 -0.340478957 -0.072675198 0.011570777 -0.005672804 0.997272432
1341845859.353758 -0.174148127 0.149589643 -0.341433406 -0.071875453 0.012384994 -0.006724263 0.997314095
1341845859.389950 -0.174574673 0.145751834 -0.343921989 -0.071945898 0.014609694 -0.006948220 0.997277379
1341845859.421715 -0.169895828 0.144364297 -0.350711972 -0.071761422 0.015721677 -0.008675516 0.997260213
1341845859.457807 -0.170664147 0.143900260 -0.351013064 -0.072007686 0.018350000 -0.010540138 0.997179568
1341845859.489859 -0.172029257 0.143705904 -0.355909765 -0.072218895 0.020039912 -0.011153189 0.997125089
1341845859.521735 -0.174000964 0.137321413 -0.351592302 -0.072922468 0.021563742 -0.011747908 0.997035325
1341845859.557712 -0.170607239 0.137396634 -0.355590343 -0.070689879 0.022638066 -0.011891833 0.997170568
1341845859.589783 -0.167843521 0.139597997 -0.359712869 -0.070715368 0.024228934 -0.012823261 0.997119784
1341845859.625646 -0.165068567 0.133919388 -0.360276103 -0.071129382 0.026046172 -0.013627856 0.997033834
1341845859.657759 -0.162627250 0.136397853 -0.364481360 -0.069728710 0.029499328 -0.013777281 0.997034609
1341845859.689869 -0.170032546 0.137549222 -0.358989120 -0.069653705 0.032779593 -0.011825220 0.996962428
1341845859.725812 -0.170087770 0.128873527 -0.356559306 -0.067987002 0.033087425 -0.009215754 0.997094810
1341845859.757824 -0.165240243 0.133412272 -0.357971311 -0.064774200 0.034670398 -0.009682857 0.997250497
1341845859.789818 -0.167653158 0.130851105 -0.356519520 -0.063524745 0.037339304 -0.008998998 0.997240961
1341845859.825831 -0.169539154 0.126873434 -0.355497837 -0.060763776 0.037073009 -0.007701125 0.997433782
1341845859.857647 -0.164404809 0.130763263 -0.363837600 -0.056855991 0.036362115 -0.006686179 0.997697592
1341845859.893646 -0.164223865 0.134706616 -0.364236623 -0.055950746 0.037742320 -0.006845285 0.997696459
1341845859.925740 -0.167191833 0.136567160 -0.360347241 -0.056365289 0.038273197 -0.008725598 0.997638226
1341845859.957775 -0.167282626 0.129221663 -0.366825342 -0.056513254 0.036998011 -0.010472174 0.997661114
1341845859.993847 -0.166416377 0.127567858 -0.362223208 -0.053545512 0.034737829 -0.011359949 0.997896373
1341845860.025774 -0.166566357 0.135207996 -0.363074124 -0.051265303 0.033502843 -0.012236925 0.998047948
1341845860.057745 -0.174945757 0.131688759 -0.368195951 -0.050405432 0.030541517 -0.013194494 0.998174548
1341845860.093794 -0.167894289 0.131785840 -0.366618216 -0.049672548 0.025742184 -0.014101976 0.998334229
1341845860.125763 -0.166627541 0.127999127 -0.367580980 -0.047977623 0.023531042 -0.015124932 0.998456657
1341845860.161703 -0.170527935 0.135173336 -0.367412478 -0.045903821 0.020912854 -0.015132446 0.998612344
1341845860.193724 -0.171929866 0.127983063 -0.365913957 -0.045465603 0.016042098 -0.016795253 0.998695850
1341845860.225730 -0.167205453 0.127750501 -0.367235690 -0.042377520 0.012102565 -0.019884951 0.998830497
1341845860.261716 -0.169996426 0.129465818 -0.369739860 -0.040489983 0.009840020 -0.022952527 0.998867869
1341845860.294553 -0.175468907 0.123909414 -0.368437618 -0.038482215 0.005643910 -0.023966802 0.998955905
1341845860.325872 -0.172087207 0.127281487 -0.368094623 -0.033998087 0.000314968 -0.025281781 0.999102056
1341845860.361673 -0.165466860 0.126355767 -0.373369217 -0.033004552 -0.002548296 -0.025904449 0.999116242
1341845860.393714 -0.168109953 0.124289557 -0.375788540 -0.030579878 -0.005330948 -0.025806975 0.999184966
1341845860.429768 -0.167892531 0.135120362 -0.376147956 -0.029036421 -0.008909396 -0.026397636 0.999190032
1341845860.461780 -0.174743459 0.129203603 -0.370271653 -0.030078448 -0.011744205 -0.028593220 0.999069452
1341845860.493718 -0.172186077 0.126874879 -0.372130007 -0.030042702 -0.013922654 -0.028014466 0.999059021
1341845860.529831 -0.174162045 0.130223125 -0.373940557 -0.029777782 -0.015529462 -0.026991809 0.999071360
1341845860.567950 -0.172037899 0.133388057 -0.379335821 -0.030761650 -0.017211648 -0.027877001 0.998989701
1341845860.604131 -0.171603650 0.131356552 -0.376296848 -0.032982305 -0.017872088 -0.029738907 0.998853564
1341845860.638227 -0.169307455 0.130150750 -0.378211915 -0.034419354 -0.019076215 -0.029330190 0.998794854
1341845860.668441 -0.172991484 0.126228407 -0.375665039 -0.035015643 -0.020690927 -0.027459804 0.998795211
1341845860.706028 -0.167206079 0.130163223 -0.373727441 -0.033641439 -0.023152748 -0.025339335 0.998844445
1341845860.736338 -0.168503642 0.138607204 -0.377757430 -0.033592403 -0.024446189 -0.023300229 0.998864889
1341845860.772400 -0.173566297 0.133370563 -0.377853245 -0.036105037 -0.027455078 -0.022177778 0.998724639
1341845860.803824 -0.167637885 0.137971163 -0.381149232 -0.036350131 -0.030814327 -0.023335306 0.998591363
1341845860.871717 -0.171967000 0.132452175 -0.378840894 -0.039556149 -0.033999868 -0.022794791 0.998378634
1341845860.929775 -0.169005543 0.138269484 -0.377515048 -0.039163303 -0.036557049 -0.026130319 0.998221934
1341845860.965899 -0.173842207 0.133592084 -0.374644995 -0.039945252 -0.037182711 -0.027086085 0.998142362
1341845860.997827 -0.168936118 0.130909637 -0.374839664 -0.039115090 -0.039285943 -0.026203876 0.998118281
1341845861.029961 -0.167430460 0.132006124 -0.381289154 -0.037475020 -0.040322416 -0.026751947 0.998125315
1341845861.065806 -0.167742282 0.140220821 -0.377778441 -0.037657022 -0.039497685 -0.028496411 0.998103142
1341845861.097631 -0.167966366 0.130076841 -0.377356172 -0.037965689 -0.039203357 -0.029533606 0.998072922
1341845861.133786 -0.163799867 0.134044230 -0.378132105 -0.036943227 -0.038647216 -0.029630238 0.998130083
1341845861.165622 -0.165392548 0.138159707 -0.376775175 -0.037919406 -0.037303768 -0.030258436 0.998125792
1341845861.197704 -0.165146962 0.130068913 -0.374345452 -0.038314316 -0.036593657 -0.029617865 0.998156190
1341845861.233683 -0.162617356 0.133922458 -0.374897391 -0.036966451 -0.035391565 -0.029772004 0.998245776
1341845861.265692 -0.168990001 0.132029489 -0.369039267 -0.037079107 -0.034061924 -0.028720871 0.998318613
1341845861.297700 -0.166445255 0.134834260 -0.371758908 -0.035970699 -0.034954656 -0.027125305 0.998372972
1341845861.333616 -0.160920769 0.134189740 -0.374315619 -0.037324186 -0.033789091 -0.028106214 0.998336256
1341845861.365694 -0.168048248 0.128606305 -0.368220299 -0.037670273 -0.032587763 -0.027817871 0.998371243
1341845861.407792 -0.166548267 0.132261828 -0.370906025 -0.035827804 -0.033974893 -0.026463980 0.998429656
1341845861.440894 -0.161918998 0.130399540 -0.368864357 -0.036317352 -0.034279812 -0.026100619 0.998411119
1341845861.472256 -0.165127710 0.127857536 -0.367082536 -0.035302304 -0.033650607 -0.026826086 0.998449683
1341845861.507634 -0.163982481 0.131886587 -0.369380981 -0.034952581 -0.033997245 -0.027647745 0.998427927
1341845861.539675 -0.164458767 0.125568807 -0.366904706 -0.034995332 -0.034434579 -0.028452484 0.998388767
1341845861.571790 -0.162104532 0.127670884 -0.367212713 -0.034136191 -0.033856329 -0.028741965 0.998430014
1341845861.607759 -0.164799258 0.128596321 -0.363191515 -0.034622297 -0.033711646 -0.028707644 0.998419106
1341845861.639739 -0.161383644 0.123098239 -0.360209584 -0.034133215 -0.034059469 -0.029019497 0.998415172
1341845861.671875 -0.160110876 0.125492722 -0.359941065 -0.032411385 -0.033865992 -0.028225245 0.998501897
1341845861.707829 -0.160466179 0.121344030 -0.360233158 -0.031293951 -0.033873729 -0.028501892 0.998529375
1341845861.739782 -0.156767413 0.126839057 -0.364885986 -0.029192027 -0.033499915 -0.033214808 0.998459995
1341845861.775717 -0.154912055 0.130214602 -0.359373957 -0.030300587 -0.032192010 -0.037375040 0.998322964
1341845861.807676 -0.155703396 0.118954308 -0.355335891 -0.031637575 -0.032265399 -0.037112843 0.998288929
1341845861.839701 -0.157660007 0.122264393 -0.351914197 -0.029389791 -0.033634305 -0.035287049 0.998378634
1341845861.875772 -0.154385269 0.123081081 -0.352331609 -0.029089222 -0.035097536 -0.034304332 0.998371243
1341845861.907742 -0.150592878 0.124926388 -0.350845277 -0.028706459 -0.035640825 -0.033616100 0.998386562
1341845861.939697 -0.152955830 0.120718963 -0.351464391 -0.028814243 -0.035842665 -0.032590505 0.998410225
1341845861.975661 -0.151346475 0.126445606 -0.349938691 -0.027612116 -0.037530635 -0.033054926 0.998366892
1341845862.007930 -0.147326127 0.126106277 -0.350567102 -0.028316543 -0.036905468 -0.035766032 0.998277009
1341845862.039647 -0.147942916 0.115793981 -0.349038601 -0.028333673 -0.035797678 -0.035311457 0.998333037
1341845862.075738 -0.146176726 0.118061297 -0.346782923 -0.025522469 -0.034917600 -0.033419088 0.998505175
1341845862.107644 -0.141198471 0.121636912 -0.350135654 -0.023589117 -0.033436988 -0.034183159 0.998577535
1341845862.143904 -0.138066217 0.128494412 -0.358354002 -0.024468753 -0.030070012 -0.037346359 0.998550117
1341845862.175702 -0.147207543 0.128053129 -0.347286105 -0.027105335 -0.027756881 -0.037588552 0.998539925
1341845862.207672 -0.140252545 0.131864369 -0.353282958 -0.028242156 -0.027592832 -0.039117269 0.998454273
1341845862.243827 -0.139823124 0.137497634 -0.354974359 -0.031558320 -0.025181379 -0.040931746 0.998345912
1341845862.275754 -0.146331131 0.127953604 -0.344929129 -0.036135796 -0.024607550 -0.039347794 0.998268723
1341845862.311739 -0.145164967 0.123398423 -0.339854598 -0.036118124 -0.025596127 -0.035808425 0.998377740
1341845862.343750 -0.141737461 0.122870937 -0.345241755 -0.035158943 -0.024734698 -0.032757513 0.998538494
1341845862.375792 -0.137118980 0.123681962 -0.342225075 -0.034323715 -0.022386184 -0.029925801 0.998711765
1341845862.411748 -0.137291417 0.123068392 -0.340438306 -0.033125628 -0.019305155 -0.028429575 0.998860240
1341845862.443696 -0.136495307 0.121378936 -0.340056509 -0.030917063 -0.016469615 -0.024638768 0.999082506
1341845862.479688 -0.134961858 0.121961735 -0.338288277 -0.028354291 -0.014690602 -0.022061879 0.999246478
1341845862.511723 -0.128977254 0.129545897 -0.345195889 -0.026827399 -0.012058820 -0.023125207 0.999299884
1341845862.543776 -0.135283917 0.127605602 -0.341354907 -0.028265879 -0.009350296 -0.023138529 0.999288917
1341845862.579869 -0.134315982 0.123220392 -0.341208011 -0.027647199 -0.009069545 -0.021931240 0.999336004
1341845862.611759 -0.127558649 0.125781491 -0.345682979 -0.026660897 -0.008341005 -0.020758716 0.999394178
1341845862.647939 -0.125962347 0.130304262 -0.346393913 -0.026550507 -0.006067130 -0.021388642 0.999400198
1341845862.679727 -0.129797995 0.126177683 -0.342428982 -0.027531318 -0.004039256 -0.021514395 0.999381304
1341845862.712299 -0.128788486 0.127754673 -0.346252471 -0.026304539 -0.003208228 -0.021353811 0.999420702
1341845862.747743 -0.124964535 0.127986833 -0.347268254 -0.026336854 -0.001665298 -0.021999799 0.999409616
1341845862.779732 -0.129046619 0.123541877 -0.344632924 -0.025901197 0.000717994 -0.023006765 0.999399483
1341845862.815767 -0.132246986 0.127048522 -0.345839292 -0.023954730 0.000898544 -0.023384426 0.999439120
1341845862.847856 -0.133385271 0.129150867 -0.345410913 -0.023554543 0.000165409 -0.024097757 0.999432087
1341845862.879714 -0.134957090 0.127969667 -0.346156061 -0.023136763 -0.000506285 -0.024371210 0.999435127
1341845862.915725 -0.134266913 0.128625408 -0.345174998 -0.022971043 -0.001864572 -0.024164651 0.999442339
1341845862.947913 -0.131930888 0.124169596 -0.342353851 -0.022339353 -0.002164308 -0.023861654 0.999463320
1341845862.983749 -0.129594043 0.126138225 -0.351963311 -0.020584585 -0.000725428 -0.023974579 0.999500394
1341845863.015854 -0.133287877 0.131237075 -0.353397518 -0.021068163 0.000748125 -0.024142230 0.999486268
1341845863.048281 -0.136891738 0.124478459 -0.348977774 -0.021809617 0.000355155 -0.024723733 0.999456346
1341845863.083795 -0.131878152 0.131094441 -0.349725217 -0.020324489 0.000202429 -0.025685685 0.999463439
1341845863.115808 -0.138077080 0.131111369 -0.352070659 -0.021613110 0.001001626 -0.026226487 0.999421835
1341845863.151916 -0.138746932 0.124980502 -0.350800812 -0.021575918 -0.000357217 -0.025642203 0.999438286
1341845863.183716 -0.136732996 0.129170477 -0.352622092 -0.020600695 -0.000848905 -0.025477743 0.999462783
1341845863.215844 -0.137087002 0.130207628 -0.353879184 -0.020980598 -0.000636803 -0.025420733 0.999456525
1341845863.251883 -0.135964096 0.130385727 -0.352860361 -0.021915711 -0.000435129 -0.025956823 0.999422789
1341845863.283627 -0.138166890 0.127800807 -0.351029277 -0.022641122 0.000120605 -0.025675818 0.999413967
1341845863.315718 -0.137992978 0.129714996 -0.354502112 -0.022297710 0.000090714 -0.024803966 0.999443710
