1341845820.751833 0.000000000 0.000000000 0.000000000 0.000000000 0.000000000 0.000000000 1.000000000
1341845820.787768 0.002355720 -0.004972959 -0.000748081 -0.000450922 -0.001438021 -0.002344159 0.999996126
1341845820.819654 0.003976662 -0.000410824 -0.002033635 0.000803599 -0.001294689 -0.003957797 0.999991000
1341845820.851997 0.003792480 -0.000118612 -0.001501136 0.000731555 -0.001003248 -0.004948643 0.999987006
1341845820.887882 0.005144131 0.002001918 -0.002704119 0.001305765 -0.001147415 -0.005890432 0.999981165
1341845820.920082 0.000972266 0.003602896 -0.004330343 0.000607561 -0.000689946 -0.006438364 0.999978840
1341845820.955790 0.002025952 0.003720667 -0.004746087 -0.000704650 -0.001709597 -0.006457027 0.999977410
1341845820.987817 0.001428056 0.002071329 -0.004749102 -0.001722204 -0.001888066 -0.006980730 0.999972343
1341845821.019783 -0.000203894 0.001513351 -0.003461199 -0.001742059 -0.001844113 -0.007246459 0.999970496
1341845821.055706 -0.000616954 0.000898005 -0.003843370 -0.001320239 -0.002403995 -0.005607448 0.999980509
1341845821.087831 -0.002021971 -0.001916681 -0.004056880 -0.000618927 -0.003582553 -0.003667995 0.999986649
1341845821.119871 0.006375036 -0.000434662 -0.004888081 0.001588751 -0.003786359 -0.001473494 0.999990463
1341845821.155881 0.005780404 0.003485503 -0.006317354 0.002146285 -0.000811440 -0.000426554 0.999997258
1341845821.188556 0.003978692 -0.001567731 -0.003048795 0.001312740 0.001195461 0.001753501 0.999996901
1341845821.223751 0.004180366 -0.005044112 -0.003617717 0.004096462 0.001690422 0.003868743 0.999982715
1341845821.256005 0.010538307 0.003582100 -0.005619857 0.005838536 0.002235631 0.003672675 0.999973714
1341845821.287883 0.009238352 0.000199843 -0.006096718 0.003756937 0.005132654 0.002058536 0.999977648
1341845821.323879 0.009825523 -0.001999566 -0.007055245 0.003838907 0.007318661 0.000491725 0.999965727
1341845821.355690 0.007463024 0.000986466 -0.004576859 0.005028562 0.009990534 0.000571976 0.999937296
1341845821.388161 0.008679601 0.001362078 -0.009176325 0.005367542 0.009976160 0.003848064 0.999928415
1341845821.424470 0.007674935 0.001466745 -0.010650518 0.007533962 0.012003592 0.003602437 0.999893129
1341845821.455778 0.008679518 0.001362027 -0.009176228 0.007510910 0.014126527 0.004119994 0.999863505
1341845821.488014 0.009356306 0.001624374 -0.008198169 0.007930473 0.014650025 0.004525988 0.999850988
1341845821.524370 0.009523237 0.001646679 -0.007089341 0.009908708 0.015436171 0.004459617 0.999821782
1341845821.555644 0.008679551 0.001362134 -0.009176186 0.011161136 0.016926682 0.004514434 0.999784231
1341845821.587677 0.008779042 0.001586969 -0.009565168 0.011059082 0.016407698 0.004213235 0.999795318
1341845821.623761 0.008704357 0.001224503 -0.009625428 0.010456346 0.015629010 0.002797634 0.999819279
1341845821.655725 0.008604683 0.001313292 -0.009480393 0.010355388 0.015798798 0.001872812 0.999819815
1341845821.691884 0.008563955 0.001269213 -0.009419341 0.009043759 0.015747486 0.001241671 0.999834299
1341845821.724228 0.008451495 0.001293299 -0.009262802 0.009401031 0.014940309 0.001674717 0.999842763
1341845821.755681 0.008539910 0.001276472 -0.009346091 0.010305199 0.013589306 0.002824175 0.999850571
1341845821.791636 0.008556513 0.001281697 -0.009516994 0.011424256 0.013101665 0.002630861 0.999845445
1341845821.823697 0.009276696 0.001658933 -0.010453201 0.011933105 0.013603755 0.001510373 0.999835074
1341845821.855574 0.008847563 0.001266463 -0.009457910 0.010726516 0.014422818 0.000160502 0.999838471
1341845821.891741 0.008732594 0.001372666 -0.009654453 0.011841794 0.014048170 -0.000344651 0.999831140
1341845821.923730 0.008896420 0.001655783 -0.009729260 0.013388507 0.014181797 -0.000110048 0.999809802
1341845821.955750 0.009541227 0.001536312 -0.011230504 0.014015025 0.014309251 0.000209333 0.999799371
1341845821.991786 0.009039764 0.001667479 -0.010146666 0.013184018 0.014739745 -0.000116702 0.999804437
1341845822.023863 0.008496824 0.001356080 -0.009086448 0.013240156 0.015118537 -0.000521253 0.999797881
1341845822.059759 0.008702658 0.001602144 -0.009353532 0.013126480 0.014943399 -0.000295569 0.999802113
1341845822.091719 0.008903713 0.001277352 -0.010109091 0.013483857 0.014991258 -0.000290373 0.999796629
1341845822.123689 0.008679732 0.001362204 -0.009176163 0.015249629 0.015886437 -0.000450123 0.999757409
1341845822.159808 0.008606032 0.001291544 -0.009083020 0.014474229 0.016358880 -0.000377877 0.999761343
1341845822.185916 0.008705868 0.001403067 -0.009214564 0.014270947 0.014901012 0.000834253 0.999786794
1341845822.221838 0.008889614 0.001420583 -0.009651454 0.016198352 0.012958198 0.001699495 0.999783397
1341845822.254004 0.008891013 0.001402768 -0.009720594 0.015272323 0.012018112 0.001682273 0.999809742
1341845822.289876 0.008680053 0.001362234 -0.009176169 0.014919959 0.010797271 -0.000363668 0.999830365
1341845822.321804 0.008688085 0.001363072 -0.009182286 0.015974611 0.009910895 -0.001569905 0.999822021
1341845822.353784 0.008683931 0.001362680 -0.009181531 0.016837919 0.009686128 -0.001736004 0.999809802
1341845822.391662 0.008680886 0.001363635 -0.009181311 0.017752264 0.009689863 -0.001505051 0.999794304
1341845822.428074 0.008680253 0.001362202 -0.009176168 0.017913632 0.008990803 -0.001253114 0.999798298
1341845822.459970 0.008682303 0.001358545 -0.009185416 0.016892726 0.007823900 -0.001497977 0.999825597
1341845822.495728 0.008687682 0.001362757 -0.009192007 0.017468778 0.006506052 -0.001681350 0.999824822
1341845822.527724 0.008680460 0.001362239 -0.009176228 0.017373282 0.005626286 -0.000946356 0.999832809
1341845822.559648 0.008655321 0.001345777 -0.009110505 0.016006434 0.004108606 -0.000759928 0.999863148
1341845822.595852 0.008707577 0.001362983 -0.009243320 0.016217647 0.003247413 -0.000469584 0.999863088
1341845822.627724 0.008680631 0.001362199 -0.009176151 0.015001336 0.003341192 0.000476171 0.999881744
1341845822.663716 0.008685589 0.001361857 -0.009203420 0.015528957 0.001070791 0.003211792 0.999873698
1341845822.695601 0.008680887 0.001362458 -0.009176024 0.020067826 -0.002316250 0.006476718 0.999774933
1341845822.731816 0.008681977 0.001356480 -0.009183722 0.021791631 -0.003107195 0.006618244 0.999735773
1341845822.789911 0.008690284 0.001360798 -0.009201559 0.022529474 -0.003476619 0.006746619 0.999717355
1341845822.825897 0.008695105 0.001365073 -0.009207497 0.022041459 -0.003086445 0.006297395 0.999732494
1341845822.859721 0.008681270 0.001362454 -0.009176043 0.023479339 -0.004736759 0.009336736 0.999669492
1341845822.889712 0.008682626 0.001362541 -0.009177408 0.025455546 -0.006964436 0.010973835 0.999591410
1341845822.925900 0.008688562 0.001360633 -0.009187479 0.026227243 -0.008423670 0.009263275 0.999577582
1341845822.957708 0.008688929 0.001362629 -0.009187449 0.026682436 -0.008068510 0.007420348 0.999583840
1341845822.989939 0.008692496 0.001367076 -0.009190854 0.028011000 -0.008137588 0.007433605 0.999546826
1341845823.025889 0.008681460 0.001362498 -0.009176050 0.030538930 -0.008481826 0.008915758 0.999457836
1341845823.057775 0.008680982 0.001362397 -0.009179185 0.031807616 -0.006986615 0.008458126 0.999433815
1341845823.093671 0.008686390 0.001363898 -0.009182879 0.033091225 -0.005262628 0.008433360 0.999402881
1341845823.125951 0.008689085 0.001363457 -0.009184569 0.033739157 -0.004830760 0.009448873 0.999374330
1341845823.157773 0.008692380 0.001368374 -0.009190041 0.034857087 -0.004274894 0.010306944 0.999329984
1341845823.193885 0.008701958 0.001366929 -0.009198471 0.034710869 -0.005070946 0.009471134 0.999339640
1341845823.225800 0.008707862 0.001368237 -0.009204358 0.032896180 -0.007210213 0.008821813 0.999393821
1341845823.261842 0.008706861 0.001370436 -0.009205322 0.032592744 -0.008296289 0.007901157 0.999403059
1341845823.293622 0.008713276 0.001367268 -0.009213944 0.031006977 -0.008862343 0.005549729 0.999464452
1341845823.325746 0.008681918 0.001362363 -0.009176093 0.027398597 -0.006797997 0.006675261 0.999579191
1341845823.361852 0.008682682 0.001370568 -0.009174432 0.028415158 -0.003546106 0.007483857 0.999561906
1341845823.394013 0.008682112 0.001362566 -0.009175976 0.030912934 -0.001980653 0.009524434 0.999474704
1341845823.426028 0.008683828 0.001362589 -0.009176558 0.031969815 -0.001919940 0.011727843 0.999418139
1341845823.461869 0.008684483 0.001362731 -0.009177459 0.032840710 -0.003417075 0.013106802 0.999368787
1341845823.493758 0.008684587 0.001363056 -0.009177691 0.033321731 -0.002625647 0.013386631 0.999351561
1341845823.529780 0.008686228 0.001363599 -0.009178395 0.033770703 -0.002169227 0.013689719 0.999333501
1341845823.561916 0.008682688 0.001362635 -0.009175873 0.034217197 -0.003375433 0.014537158 0.999302983
1341845823.593678 0.008682807 0.001362744 -0.009176134 0.034516927 -0.006630039 0.015871122 0.999256074
1341845823.629815 0.008682533 0.001362518 -0.009175415 0.034237165 -0.006749726 0.016100584 0.999261260
1341845823.661750 0.008683767 0.001363181 -0.009176149 0.034011949 -0.006550535 0.015754182 0.999275744
1341845823.695523 0.008685320 0.001364911 -0.009176752 0.036634494 -0.009898093 0.016483663 0.999143779
1341845823.729635 0.008685758 0.001365058 -0.009177283 0.040620182 -0.013593076 0.018598083 0.998909056
1341845823.761810 0.008686244 0.001364302 -0.009176873 0.042564210 -0.016392954 0.019532833 0.998768270
1341845823.797871 0.008688153 0.001365101 -0.009178927 0.042587776 -0.020323625 0.018806744 0.998708904
1341845823.829660 0.008683451 0.001362871 -0.009175670 0.043003030 -0.024799375 0.016050676 0.998638093
1341845823.861808 0.008684785 0.001363581 -0.009175999 0.044162184 -0.029219773 0.013615671 0.998504162
1341845823.897727 0.008685971 0.001363894 -0.009176685 0.044544436 -0.034699477 0.011538077 0.998337924
1341845823.929826 0.008686029 0.001363975 -0.009176672 0.044788163 -0.037878301 0.009768377 0.998230338
1341845823.961797 0.008686401 0.001363778 -0.009177249 0.043290950 -0.039477170 0.006882015 0.998258531
1341845823.998070 0.008687751 0.001365360 -0.009178063 0.043048605 -0.041152306 0.004143382 0.998216510
1341845824.029656 0.008684098 0.001363071 -0.009175620 0.043867148 -0.041982878 0.004871573 0.998142958
1341845824.065768 0.008684151 0.001363184 -0.009175657 0.043706093 -0.040645581 0.006158724 0.998198271
1341845824.097956 0.008684052 0.001363024 -0.009175613 0.042697929 -0.036571357 0.007772936 0.998388231
1341845824.130299 0.008683520 0.001362843 -0.009175998 0.036272340 -0.019277899 0.007287247 0.999129415
1341845824.165751 0.008686838 0.001363305 -0.009174387 0.030611701 -0.008595701 0.009742612 0.999446929
1341845824.197930 0.008684496 0.001363136 -0.009175420 0.030559462 -0.005452206 0.005887805 0.999500751
1341845824.229907 0.008685297 0.001363569 -0.009175858 0.035274021 -0.006461062 0.005704436 0.999340534
1341845824.265800 0.008685071 0.001363176 -0.009175332 0.038122218 -0.012527546 0.006216232 0.999175191
1341845824.298080 0.008684794 0.001363189 -0.009175578 0.039092831 -0.020097530 0.006269673 0.999013782
1341845824.333783 0.008683679 0.001363261 -0.009174732 0.042210825 -0.022750331 0.006159516 0.998830676
1341845824.365821 0.008687201 0.001363972 -0.009175939 0.044139482 -0.023347043 0.004703322 0.998741448
1341845824.398039 0.008688378 0.001364048 -0.009176273 0.043390580 -0.025793144 0.002944823 0.998720825
1341845824.433843 0.008685935 0.001363800 -0.009176076 0.043895423 -0.029948320 0.002152924 0.998584807
1341845824.465921 0.008687153 0.001363825 -0.009176320 0.044328153 -0.033675287 0.006369689 0.998428941
1341845824.501802 0.008690619 0.001364824 -0.009177206 0.043672066 -0.036358751 0.010510564 0.998328745
1341845824.533723 0.008685470 0.001363194 -0.009175277 0.041930854 -0.040780231 0.014850281 0.998177469
1341845824.565735 0.008685831 0.001363239 -0.009175261 0.039781798 -0.044276044 0.017364165 0.998075902
1341845824.601758 0.008686012 0.001363389 -0.009175269 0.039230507 -0.047171716 0.021115566 0.997892797
1341845824.633861 0.008686484 0.001363407 -0.009175299 0.038657125 -0.050072361 0.024846237 0.997687876
1341845824.665789 0.008686864 0.001363496 -0.009175417 0.038080893 -0.052733511 0.027417388 0.997505546
1341845824.701769 0.008685946 0.001363255 -0.009175147 0.038533993 -0.056658175 0.030374020 0.997187197
1341845824.733585 0.008686150 0.001363372 -0.009175157 0.039706290 -0.059695192 0.031845037 0.996918142
1341845824.769643 0.008686297 0.001362442 -0.009175618 0.036648352 -0.061012376 0.032010745 0.996950209
1341845824.801632 0.008687121 0.001363105 -0.009175149 0.033790726 -0.066464081 0.032337647 0.996692002
1341845824.833654 0.008686793 0.001363891 -0.009175268 0.036339432 -0.068895496 0.032234330 0.996440589
1341845824.869926 0.008686872 0.001363254 -0.009174914 0.039212182 -0.069188200 0.032696865 0.996296287
1341845824.902071 0.008687735 0.001363084 -0.009175760 0.037640262 -0.071602739 0.032553483 0.996191025
1341845824.933752 0.008687519 0.001363642 -0.009175151 0.039039206 -0.071867637 0.029896826 0.996201336
1341845824.969855 0.008687309 0.001363192 -0.009175578 0.038764946 -0.069836497 0.027905935 0.996414304
1341845825.001907 0.008687563 0.001363129 -0.009175397 0.037229940 -0.067773126 0.027516423 0.996626079
1341845825.037975 0.008688200 0.001363519 -0.009175314 0.037472408 -0.066130660 0.026157612 0.996763945
1341845825.075793 0.008686917 0.001363458 -0.009174899 0.041075841 -0.068754181 0.026117243 0.996445417
1341845825.107881 0.008686674 0.001363065 -0.009174676 0.045824081 -0.068945780 0.028585153 0.996157408
1341845825.143675 0.008686808 0.001362843 -0.009175088 0.048457317 -0.067383066 0.026962660 0.996184945
1341845825.175707 0.008689556 0.001363726 -0.009175428 0.049505297 -0.066910788 0.023768350 0.996246576
1341845825.211865 0.008687549 0.001363152 -0.009175071 0.051197965 -0.066979043 0.021973625 0.996197641
1341845825.243814 0.008687340 0.001363449 -0.009174715 0.053614452 -0.065807141 0.024173491 0.996097684
1341845825.275795 0.008687251 0.001363387 -0.009174911 0.055668507 -0.065335728 0.024836378 0.995999694
1341845825.311665 0.008687778 0.001363519 -0.009174995 0.056112722 -0.068019502 0.025508594 0.995778084
1341845825.343650 0.008687892 0.001363225 -0.009175173 0.055526581 -0.070158347 0.026592210 0.995634198
1341845825.379771 0.008688008 0.001363450 -0.009174997 0.053488910 -0.070695594 0.027029067 0.995696008
1341845825.411924 0.008688459 0.001363695 -0.009174909 0.054772679 -0.073000640 0.027932661 0.995434880
1341845825.443786 0.008687917 0.001363173 -0.009174966 0.050204091 -0.076910786 0.027716022 0.995387435
1341845825.480278 0.008688018 0.001363898 -0.009174679 0.047379058 -0.081797615 0.031130306 0.995035291
1341845825.511636 0.008687933 0.001363534 -0.009174732 0.045146409 -0.085558958 0.033215709 0.994755328
1341845825.547911 0.008688373 0.001363566 -0.009174758 0.042522129 -0.088841774 0.033521909 0.994572937
1341845825.579744 0.008688291 0.001363827 -0.009174624 0.041756656 -0.090464458 0.037310280 0.994324148
1341845825.611784 0.008688573 0.001363973 -0.009174670 0.043469951 -0.092362091 0.041378349 0.993915200
1341845825.648004 0.008687939 0.001363394 -0.009174665 0.044621948 -0.091814458 0.039030612 0.994009852
1341845825.679708 0.008688403 0.001363410 -0.009174502 0.046473756 -0.090887718 0.038703602 0.994022965
1341845825.711937 0.008688932 0.001363408 -0.009174361 0.046511836 -0.094813980 0.038791828 0.993650913
1341845825.747617 0.008689015 0.001363163 -0.009174883 0.044587512 -0.097586572 0.036243964 0.993566930
1341845825.779688 0.008689510 0.001363220 -0.009174518 0.042225692 -0.100951977 0.033661205 0.993424714
1341845825.815954 0.008689371 0.001363240 -0.009174577 0.039989147 -0.103483811 0.030748906 0.993351161
1341845825.847829 0.008689757 0.001363377 -0.009174608 0.038720019 -0.105154835 0.027902560 0.993309975
1341845825.879767 0.008688810 0.001363383 -0.009174568 0.037932869 -0.109460324 0.029079573 0.992841303
1341845825.915646 0.008688832 0.001363343 -0.009174663 0.037602115 -0.110885069 0.028805252 0.992703795
1341845825.947881 0.008689128 0.001363212 -0.009174645 0.036672380 -0.111643709 0.029715169 0.992626727
1341845825.979700 0.008689279 0.001363331 -0.009174514 0.036211561 -0.113917127 0.032828204 0.992287219
1341845826.015845 0.008689398 0.001363195 -0.009174558 0.035284668 -0.115421623 0.034285329 0.992097437
1341845826.047945 0.008689295 0.001363361 -0.009174559 0.035321124 -0.115790494 0.034627527 0.992041290
1341845826.079731 0.008689781 0.001363292 -0.009174491 0.036242411 -0.117876083 0.036222871 0.991705418
1341845826.115655 0.008689735 0.001363502 -0.009174677 0.036225174 -0.119913042 0.036743440 0.991442680
1341845826.147949 0.008689700 0.001363231 -0.009174787 0.036749292 -0.119048022 0.031751029 0.991700053
1341845826.183767 0.008689797 0.001363170 -0.009174604 0.035636008 -0.119304910 0.027250385 0.991843641
1341845826.215780 0.008689959 0.001363191 -0.009174653 0.034567736 -0.120843023 0.025487674 0.991742134
1341845826.247732 0.008690215 0.001363065 -0.009174578 0.033704221 -0.122328661 0.029534327 0.991477430
1341845826.283763 0.008690321 0.001363197 -0.009174531 0.032420132 -0.125450090 0.034680385 0.990963399
1341845826.315658 0.008690090 0.001363280 -0.009174481 0.032054145 -0.128414422 0.037734088 0.990483940
1341845826.347773 0.008690498 0.001363190 -0.009174510 0.030906521 -0.131127849 0.037274856 0.990182281
1341845826.383718 0.008690570 0.001363266 -0.009174495 0.029761257 -0.133835360 0.036816407 0.989872217
1341845826.415712 0.008690635 0.001363490 -0.009174508 0.029987127 -0.136796638 0.039102376 0.989372730
1341845826.447806 0.008689576 0.001363411 -0.009174418 0.031361412 -0.139234677 0.038955875 0.988995731
1341845826.483677 0.008689706 0.001363321 -0.009174453 0.030868735 -0.140217587 0.038664240 0.988883853
1341845826.515677 0.008689946 0.001363352 -0.009174345 0.030355677 -0.142188326 0.041197393 0.988515973
1341845826.551684 0.008689767 0.001363209 -0.009174610 0.028744828 -0.142127365 0.040215224 0.988613307
1341845826.583716 0.008690014 0.001363244 -0.009174402 0.027597101 -0.142094284 0.036881521 0.988780737
1341845826.615875 0.008690277 0.001363287 -0.009174456 0.025920872 -0.145661801 0.040228538 0.988176286
1341845826.651722 0.008689972 0.001363165 -0.009174348 0.025659757 -0.145631358 0.043489866 0.988049448
1341845826.683753 0.008689864 0.001363183 -0.009174445 0.021896200 -0.146153450 0.041439597 0.988151073
1341845826.715643 0.008689699 0.001363194 -0.009174288 0.018422293 -0.146973133 0.037817359 0.988245606
1341845826.751884 0.008689826 0.001363133 -0.009174326 0.014467248 -0.146667629 0.039196078 0.988303065
1341845826.783713 0.008689830 0.001363065 -0.009174289 0.011020936 -0.148096606 0.040680822 0.988074422
1341845826.819713 0.008689374 0.001362680 -0.009174343 0.006704450 -0.144870117 0.036653053 0.988748848
1341845826.851701 0.008689845 0.001362916 -0.009174153 0.002350992 -0.142971367 0.036138788 0.989064038
1341845826.884460 0.008690285 0.001362843 -0.009174479 0.000661894 -0.144971207 0.042249955 0.988533199
1341845826.945792 0.008689650 0.001362800 -0.009174354 -0.011288763 -0.136035964 0.033208050 0.990082800
1341845826.981873 0.008689958 0.001363370 -0.009174268 -0.013873745 -0.138424426 0.037011936 0.989583910
1341845827.013745 0.008689779 0.001362237 -0.009174335 -0.016778866 -0.138515264 0.043207165 0.989275038
1341845827.045694 0.008689550 0.001362530 -0.009174583 -0.025282081 -0.132551625 0.044607513 0.989848971
1341845827.082458 0.008689876 0.001362838 -0.009174157 -0.032136466 -0.130351752 0.038460296 0.990200222
1341845827.113645 0.008689555 0.001363117 -0.009174109 -0.031203477 -0.133109495 0.042968150 0.989677668
1341845827.145773 0.008689536 0.001362634 -0.009174395 -0.033776946 -0.131095588 0.042726908 0.989872456
1341845827.182474 0.008689567 0.001362718 -0.009174369 -0.037728503 -0.127507806 0.037609998 0.990405858
1341845827.213974 0.008689542 0.001363238 -0.009174095 -0.035613146 -0.127841651 0.036233220 0.990492463
1341845827.251751 0.008689500 0.001362889 -0.009174130 -0.033426464 -0.127430439 0.039608169 0.990492463
1341845827.282532 0.008689388 0.001362365 -0.009174484 -0.039193533 -0.122867726 0.037585784 0.990936279
1341845827.313888 0.008689195 0.001363084 -0.009173685 -0.042315695 -0.119853377 0.037845246 0.991167128
1341845827.349700 0.008689430 0.001363172 -0.009173931 -0.037411321 -0.122869648 0.043697145 0.990754247
1341845827.381963 0.008689192 0.001362884 -0.009174328 -0.037914906 -0.121699661 0.043534748 0.990886629
1341845827.413850 0.008689282 0.001362956 -0.009174388 -0.038738448 -0.119437702 0.039186172 0.991311431
1341845827.449725 0.008689256 0.001362991 -0.009174207 -0.036850523 -0.119533807 0.036732119 0.991465807
1341845827.488394 0.008689226 0.001362984 -0.009174164 -0.033840995 -0.121392183 0.038365111 0.991285443
1341845827.555964 0.008689068 0.001362968 -0.009174268 -0.031872038 -0.118631504 0.036332879 0.991761386
1341845827.583227 0.008689024 0.001363053 -0.009174184 -0.030608661 -0.119110316 0.036555931 0.991735578
1341845827.623688 0.008688888 0.001362924 -0.009174205 -0.028510289 -0.118605673 0.040045083 0.991723895
1341845827.656212 0.008689160 0.001362705 -0.009174576 -0.029925464 -0.117751122 0.036344174 0.991926551
1341845827.687624 0.008688735 0.001362889 -0.009174499 -0.032717202 -0.113934644 0.030282537 0.992487490
1341845827.723697 0.008689008 0.001362840 -0.009174334 -0.031025968 -0.111497164 0.032218769 0.992757618
1341845827.755778 0.008688939 0.001362660 -0.009174340 -0.030076122 -0.110311262 0.036090918 0.992786109
1341845827.791657 0.008688554 0.001362639 -0.009174338 -0.029933695 -0.106144898 0.035527255 0.993264854
1341845827.823845 0.008688509 0.001362723 -0.009174350 -0.029787645 -0.101976611 0.034958456 0.993726015
1341845827.855606 0.008688485 0.001362946 -0.009174275 -0.027082946 -0.100552298 0.036641777 0.993887901
1341845827.891685 0.008688090 0.001362889 -0.009174248 -0.024533534 -0.096892297 0.039565008 0.994205534
1341845827.923824 0.008687941 0.001362767 -0.009174257 -0.024116505 -0.091925815 0.039594345 0.994686067
1341845827.959777 0.008687940 0.001362872 -0.009174297 -0.023680648 -0.088726185 0.039596193 0.994986951
1341845827.991672 0.008687367 0.001362816 -0.009174277 -0.022961002 -0.085506074 0.039281741 0.995298147
1341845828.023726 0.008688243 0.001362796 -0.009174519 -0.024151508 -0.080503091 0.040232096 0.995649219
1341845828.059622 0.008688185 0.001363007 -0.009174597 -0.024528356 -0.076772384 0.040914107 0.995906830
1341845828.091720 0.008688003 0.001362924 -0.009174484 -0.024395185 -0.073917940 0.041584920 0.996098220
1341845828.127612 0.008687854 0.001362840 -0.009174543 -0.024916967 -0.071710609 0.042322036 0.996215641
1341845828.159638 0.008687695 0.001362810 -0.009174579 -0.026107600 -0.068756513 0.042169496 0.996399820
1341845828.191711 0.008687569 0.001362937 -0.009174553 -0.025333721 -0.065679215 0.040564980 0.996694028
1341845828.227644 0.008687435 0.001362871 -0.009174616 -0.024258658 -0.063379690 0.040442187 0.996874571
1341845828.259785 0.008687626 0.001362822 -0.009174607 -0.024150979 -0.059784085 0.043183818 0.996984363
1341845828.291687 0.008687434 0.001362888 -0.009174622 -0.022595415 -0.057286091 0.045674369 0.997056484
1341845828.327803 0.008687321 0.001362688 -0.009174762 -0.022561522 -0.054703820 0.045342047 0.997217417
1341845828.359694 0.008687094 0.001362647 -0.009174754 -0.023755444 -0.051809978 0.045286011 0.997346759
1341845828.395928 0.008686976 0.001362791 -0.009174818 -0.022974012 -0.048499435 0.046776369 0.997462809
1341845828.427803 0.008686919 0.001362780 -0.009174811 -0.022869876 -0.046605635 0.047168445 0.997536957
1341845828.459660 0.008686741 0.001362736 -0.009174765 -0.022764361 -0.044705223 0.047559932 0.997607768
1341845828.495761 0.008686575 0.001362747 -0.009174924 -0.021896858 -0.041612960 0.049301665 0.997676432
1341845828.527686 0.008686951 0.001362671 -0.009174837 -0.024500297 -0.039655723 0.048922244 0.997714281
1341845828.595750 0.008686624 0.001362850 -0.009174836 -0.023891743 -0.035366978 0.048216198 0.997924626
1341845828.654055 0.008686179 0.001362788 -0.009174749 -0.026002754 -0.029666115 0.048078369 0.998064280
1341845828.689681 0.008686079 0.001362697 -0.009174800 -0.025273554 -0.027743336 0.049292691 0.998079062
1341845828.721870 0.008686044 0.001362558 -0.009174900 -0.026401395 -0.027178779 0.049878836 0.998036265
1341845828.757706 0.008685851 0.001362590 -0.009174861 -0.026814377 -0.025499288 0.051502660 0.997987092
1341845828.789650 0.008685876 0.001362696 -0.009174935 -0.025920466 -0.025167421 0.055028651 0.997830927
1341845828.821914 0.008685811 0.001362527 -0.009175014 -0.026641697 -0.025982415 0.057994984 0.997623026
1341845828.857781 0.008686125 0.001362584 -0.009175042 -0.027750835 -0.025752619 0.059672005 0.997499824
1341845828.889770 0.008686011 0.001362615 -0.009175014 -0.027648117 -0.025104437 0.060447257 0.997472525
1341845828.931671 0.008686006 0.001362557 -0.009175065 -0.027756006 -0.025811691 0.060228769 0.997464716
1341845828.989696 0.008685702 0.001362571 -0.009175048 -0.025515154 -0.026840620 0.058908947 0.997576237
1341845829.025626 0.008685529 0.001362436 -0.009175224 -0.026075715 -0.026872091 0.057946224 0.997617245
1341845829.063840 0.008685345 0.001362384 -0.009175192 -0.026947668 -0.025900690 0.055818729 0.997741044
1341845829.089737 0.008685289 0.001362302 -0.009175270 -0.027366979 -0.024634816 0.055792540 0.997763216
1341845829.125754 0.008685118 0.001362435 -0.009175300 -0.027350398 -0.024165891 0.056622099 0.997728348
1341845829.158048 0.008684851 0.001362402 -0.009175196 -0.026703626 -0.022041328 0.057503767 0.997744679
1341845829.193669 0.008684704 0.001362559 -0.009175240 -0.024255337 -0.019356826 0.059537150 0.997743607
1341845829.225742 0.008684569 0.001362526 -0.009175302 -0.020827690 -0.018485559 0.061746936 0.997703254
1341845829.257763 0.008684461 0.001362517 -0.009175275 -0.018206669 -0.018735120 0.063085034 0.997666180
1341845829.293851 0.008684318 0.001362424 -0.009175439 -0.016514128 -0.018731866 0.064038835 0.997634888
1341845829.325861 0.008684086 0.001362319 -0.009175280 -0.014814925 -0.018739674 0.064987354 0.997600138
1341845829.357901 0.008684044 0.001362460 -0.009175315 -0.010902802 -0.021137463 0.064541489 0.997631550
1341845829.393704 0.008684663 0.001362512 -0.009175486 -0.009485593 -0.022252908 0.062859505 0.997729182
1341845829.425831 0.008684598 0.001362392 -0.009175480 -0.009891908 -0.022822760 0.060455631 0.997860909
1341845829.461720 0.008684467 0.001362620 -0.009175465 -0.008937226 -0.023661492 0.059806369 0.997889519
1341845829.493662 0.008684381 0.001362674 -0.009175532 -0.003274993 -0.025378084 0.062408559 0.997722626
1341845829.525846 0.008684246 0.001362410 -0.009175602 -0.003244467 -0.026509322 0.063104726 0.997649491
1341845829.561864 0.008683961 0.001362307 -0.009175586 -0.006043496 -0.025008151 0.061182998 0.997794926
1341845829.593763 0.008683838 0.001362458 -0.009175580 -0.006882681 -0.023034265 0.059743445 0.997924209
1341845829.625785 0.008684020 0.001362625 -0.009175611 -0.000814149 -0.024018817 0.061976507 0.997788250
1341845829.661787 0.008683683 0.001362421 -0.009175658 0.001234814 -0.024494020 0.063448869 0.997683704
1341845829.693835 0.008683287 0.001362114 -0.009175749 -0.002677293 -0.021646505 0.061888289 0.997844696
1341845829.729747 0.008683475 0.001362292 -0.009175600 -0.004959579 -0.020534309 0.056907654 0.998155951
1341845829.761817 0.008683676 0.001362444 -0.009175541 -0.000464578 -0.025005568 0.054086491 0.998223007
1341845829.793840 0.008683210 0.001362399 -0.009175653 0.002647750 -0.028507465 0.053747281 0.998144031
1341845829.829803 0.008682880 0.001362285 -0.009175692 0.002707548 -0.027207479 0.052099992 0.998267531
1341845829.861640 0.008683358 0.001362407 -0.009175844 0.001677597 -0.028728580 0.049794540 0.998344839
1341845829.897840 0.008682999 0.001362611 -0.009175689 0.004212422 -0.032371875 0.050671995 0.998181701
1341845829.929703 0.008682730 0.001362345 -0.009175791 0.006901017 -0.031045228 0.053177454 0.998078525
1341845829.962023 0.008682948 0.001362326 -0.009176014 0.004568956 -0.030269947 0.053675629 0.998089075
1341845829.997954 0.008682895 0.001362425 -0.009175687 0.006858940 -0.033992399 0.055583246 0.997851670
1341845830.029819 0.008682375 0.001362411 -0.009175674 0.013721114 -0.033049721 0.056762557 0.997746229
1341845830.061836 0.008683054 0.001362304 -0.009176102 0.013250409 -0.031281203 0.056567933 0.997820616
1341845830.097885 0.008682452 0.001362282 -0.009175795 0.011879329 -0.029927751 0.057034254 0.997852862
1341845830.129668 0.008682607 0.001362572 -0.009175813 0.017954141 -0.028756846 0.058766089 0.997695923
1341845830.165590 0.008682854 0.001362179 -0.009176053 0.019744923 -0.030928535 0.061394900 0.997438848
1341845830.197779 0.008682267 0.001362248 -0.009175821 0.019019043 -0.034850605 0.065151230 0.997085273
1341845830.229883 0.008681682 0.001362029 -0.009175813 0.020470947 -0.031394619 0.067529403 0.997013092
1341845830.265730 0.008681872 0.001361954 -0.009175873 0.018727858 -0.030944880 0.067825429 0.997041345
1341845830.297873 0.008682508 0.001362390 -0.009176187 0.019157855 -0.033946641 0.070182085 0.996772349
1341845830.329863 0.008682230 0.001362257 -0.009176192 0.021660266 -0.033661347 0.072733931 0.996547818
1341845830.365740 0.008682193 0.001362225 -0.009176235 0.021300441 -0.033203110 0.073381528 0.996523440
1341845830.397779 0.008681959 0.001362220 -0.009176150 0.020351600 -0.034241080 0.072987519 0.996537089
1341845830.433725 0.008681660 0.001362109 -0.009176174 0.020452863 -0.032055225 0.071225338 0.996735215
1341845830.465762 0.008681604 0.001362028 -0.009176297 0.020561364 -0.029876614 0.069462605 0.996925056
1341845830.507859 0.008681538 0.001362236 -0.009176286 0.022895431 -0.031748153 0.070076585 0.996773362
1341845830.565943 0.008680971 0.001361918 -0.009176023 0.023957836 -0.023325745 0.070084684 0.996980488
1341845830.597841 0.008681041 0.001362130 -0.009176131 0.023905214 -0.024185983 0.072252773 0.996806443
1341845830.633627 0.008680607 0.001362006 -0.009176129 0.025564851 -0.022525972 0.073941961 0.996680319
1341845830.665700 0.008680427 0.001361886 -0.009176161 0.025368188 -0.019075623 0.074040443 0.996749997
1341845830.701788 0.008680345 0.001361799 -0.009176163 0.023969296 -0.017680753 0.073018052 0.996885777
1341845830.733901 0.008680327 0.001361931 -0.009176207 0.022266962 -0.013643473 0.069554858 0.997236252
1341845830.765759 0.008680242 0.001361939 -0.009176212 0.020392668 -0.010800473 0.065756731 0.997568846
1341845830.801839 0.008680111 0.001362045 -0.009176205 0.019872155 -0.007363575 0.062829919 0.997799218
1341845830.833774 0.008680068 0.001362090 -0.009176090 0.022114705 -0.004172414 0.061357703 0.997862101
1341845830.865751 0.008679884 0.001361930 -0.009176135 0.022080593 -0.002560546 0.061268818 0.997873724
1341845830.901883 0.008679794 0.001361995 -0.009176214 0.020605482 0.001310914 0.059053916 0.998041272
1341845830.933811 0.008679863 0.001362086 -0.009176202 0.021869080 0.003081630 0.057623379 0.998094082
1341845830.969705 0.008679771 0.001361966 -0.009176175 0.022504678 0.003313582 0.056763202 0.998128533
1341845831.001855 0.008679539 0.001361879 -0.009176204 0.020850915 0.004256449 0.054445989 0.998289943
1341845831.033886 0.008679459 0.001361915 -0.009176097 0.019897826 0.005923767 0.051529832 0.998455644
1341845831.069727 0.008679469 0.001361979 -0.009176085 0.020676836 0.007359737 0.049714893 0.998522282
1341845831.101853 0.008679385 0.001361905 -0.009176070 0.021238063 0.008082886 0.049415763 0.998519778
1341845831.137817 0.008678990 0.001361769 -0.009176054 0.019525202 0.011515196 0.049879022 0.998498023
1341845831.169942 0.008678758 0.001361687 -0.009176055 0.017819429 0.014934509 0.050336253 0.998461664
1341845831.201715 0.008678767 0.001361874 -0.009176050 0.020480517 0.014457081 0.050790101 0.998394668
1341845831.237723 0.008678969 0.001361924 -0.009176160 0.023092182 0.014718688 0.051509932 0.998296976
1341845831.269903 0.008678873 0.001361915 -0.009176274 0.022317247 0.015615205 0.051623724 0.998295069
1341845831.301755 0.008678837 0.001362016 -0.009176269 0.022138827 0.013049927 0.051251143 0.998355091
1341845831.337779 0.008678625 0.001361984 -0.009176249 0.023059003 0.010312464 0.051429506 0.998357117
1341845831.369742 0.008678332 0.001361892 -0.009176105 0.023965344 0.008884224 0.051261634 0.998358130
1341845831.405710 0.008677929 0.001361724 -0.009176144 0.022057602 0.010336662 0.050334685 0.998435318
1341845831.437646 0.008677797 0.001361819 -0.009176101 0.020807566 0.013374373 0.048216913 0.998530567
1341845831.469752 0.008677833 0.001361952 -0.009176170 0.022010490 0.013602225 0.047785528 0.998522460
1341845831.505745 0.008677622 0.001361919 -0.009176135 0.023205567 0.013823055 0.047359720 0.998512626
1341845831.537844 0.008677712 0.001361936 -0.009176199 0.020509927 0.017645782 0.046592437 0.998547494
1341845831.569610 0.008677877 0.001362070 -0.009176111 0.018366190 0.019894099 0.044647530 0.998635828
1341845831.605848 0.008677888 0.001362031 -0.009175966 0.017549597 0.020416442 0.043946162 0.998671055
1341845831.637789 0.008677654 0.001361823 -0.009176088 0.014990835 0.022636630 0.044440370 0.998643041
1341845831.673597 0.008677488 0.001361931 -0.009176187 0.010131993 0.026804311 0.043691423 0.998634040
1341845831.705652 0.008677522 0.001362120 -0.009176034 0.008260134 0.031487957 0.043996189 0.998501182
1341845831.737705 0.008677536 0.001361976 -0.009176061 0.007596368 0.034144644 0.048087317 0.998230457
1341845831.773629 0.008677311 0.001361880 -0.009176053 0.006932425 0.036801413 0.052178089 0.997935414
1341845831.805810 0.008677035 0.001361800 -0.009176049 0.004268522 0.040510178 0.054567788 0.997678816
1341845831.837719 0.008677089 0.001361882 -0.009176099 0.001681800 0.041993499 0.056435585 0.997521281
1341845831.873791 0.008676893 0.001361810 -0.009176106 0.000396955 0.042611320 0.057324294 0.997445762
1341845831.905728 0.008676540 0.001361744 -0.009176110 -0.002179334 0.046047416 0.057662867 0.997271240
1341845831.941628 0.008676282 0.001361646 -0.009175966 -0.004749132 0.049477749 0.057992622 0.997078836
1341845831.973784 0.008676143 0.001361692 -0.009175959 -0.004830263 0.052267052 0.056954492 0.996995986
1341845832.005729 0.008675965 0.001361642 -0.009175876 -0.004753905 0.055840883 0.055601440 0.996878982
1341845832.041627 0.008675830 0.001361758 -0.009175790 -0.004678668 0.059413813 0.054248154 0.996747315
1341845832.073865 0.008675994 0.001361971 -0.009175893 -0.004785745 0.063238092 0.052985050 0.996579468
1341845832.109730 0.008676018 0.001362045 -0.009175798 -0.004103672 0.063407369 0.053052809 0.996568143
1341845832.141683 0.008675629 0.001361927 -0.009175854 -0.002998873 0.064764924 0.054551229 0.996403873
1341845832.173988 0.008675419 0.001361734 -0.009175839 -0.004792784 0.068150118 0.053955987 0.996203423
1341845832.209956 0.008675413 0.001361848 -0.009175817 -0.005261707 0.067319520 0.053245485 0.996295810
1341845832.241796 0.008675035 0.001361764 -0.009175793 -0.004353662 0.067456909 0.053992413 0.996250689
1341845832.273776 0.008674618 0.001361672 -0.009175777 -0.006019680 0.070133850 0.054155093 0.996048272
1341845832.309916 0.008674906 0.001361639 -0.009175861 -0.009969992 0.071663909 0.053144630 0.995962083
1341845832.341687 0.008674863 0.001361602 -0.009175782 -0.011831448 0.070867941 0.053148024 0.995998502
1341845832.377708 0.008674646 0.001361458 -0.009175738 -0.013170363 0.071221292 0.054956757 0.995858312
1341845832.409802 0.008674510 0.001361573 -0.009175703 -0.014521736 0.071583278 0.056765214 0.995712101
1341845832.442187 0.008674189 0.001361414 -0.009175634 -0.016419237 0.072625741 0.058166787 0.995526254
1341845832.477743 0.008673988 0.001361252 -0.009175661 -0.018316047 0.073669344 0.059564658 0.995333791
1341845832.509635 0.008673830 0.001361143 -0.009175683 -0.020210763 0.074715644 0.060957924 0.995134771
1341845832.541586 0.008674000 0.001361158 -0.009175797 -0.021792274 0.075842224 0.062028795 0.994949996
1341845832.577871 0.008673955 0.001361113 -0.009175724 -0.022462206 0.076772414 0.062702745 0.994821489
1341845832.609738 0.008673722 0.001361023 -0.009175812 -0.023125893 0.077691704 0.063379914 0.994691968
1341845832.645699 0.008673673 0.001360940 -0.009175742 -0.023792611 0.078621693 0.064052828 0.994560063
1341845832.677817 0.008673466 0.001360843 -0.009175756 -0.026711321 0.079971775 0.064113900 0.994374394
1341845832.710177 0.008673421 0.001360614 -0.009175685 -0.029619418 0.081326909 0.064175151 0.994178116
1341845832.745710 0.008673269 0.001360655 -0.009175598 -0.028944032 0.083689623 0.065668784 0.993904352
1341845832.777849 0.008673148 0.001360872 -0.009175614 -0.028274857 0.086059093 0.067163020 0.993621409
1341845832.810110 0.008672778 0.001360756 -0.009175650 -0.030023711 0.089385316 0.069735855 0.993099093
1341845832.845797 0.008672874 0.001360754 -0.009175654 -0.032305703 0.092488855 0.072147883 0.992570817
1341845832.877696 0.008672893 0.001360787 -0.009175539 -0.032922752 0.094401687 0.072076023 0.992375672
1341845832.913787 0.008672811 0.001360623 -0.009175533 -0.033154480 0.095427267 0.073383890 0.992173970
1341845832.945664 0.008672433 0.001360528 -0.009175538 -0.035074268 0.098655753 0.073209412 0.991805017
1341845832.978015 0.008672455 0.001360618 -0.009175498 -0.035550117 0.099725381 0.073135778 0.991686523
1341845833.045857 0.008672005 0.001360371 -0.009175448 -0.037802417 0.103060924 0.073946044 0.991201997
1341845833.077785 0.008671924 0.001360428 -0.009175439 -0.039492443 0.106591888 0.075004011 0.990683079
1341845833.113636 0.008671623 0.001360500 -0.009175392 -0.038864948 0.110065803 0.074797548 0.990343571
1341845833.145767 0.008671489 0.001360196 -0.009175353 -0.040347017 0.112853155 0.075291477 0.989933074
1341845833.181891 0.008671352 0.001360217 -0.009175314 -0.044716403 0.117048964 0.074204005 0.989340067
1341845833.213878 0.008671511 0.001360352 -0.009175189 -0.045329988 0.118674017 0.073854186 0.989144683
1341845833.245714 0.008671277 0.001360440 -0.009175116 -0.043013163 0.118201032 0.075144194 0.989207625
1341845833.281847 0.008670660 0.001360411 -0.009175097 -0.039323427 0.121874891 0.077852719 0.988705754
1341845833.313771 0.008670510 0.001359999 -0.009174976 -0.039417934 0.125830367 0.079779871 0.988052666
1341845833.349756 0.008670264 0.001359976 -0.009174937 -0.040430743 0.128307834 0.081239492 0.987574100
1341845833.381840 0.008669897 0.001360100 -0.009174877 -0.040329374 0.132815257 0.080814898 0.987017035
1341845833.414644 0.008670122 0.001360168 -0.009175014 -0.040637329 0.136913940 0.080050364 0.986506522
1341845833.449819 0.008670227 0.001360285 -0.009174942 -0.040584277 0.136425704 0.081148311 0.986486614
1341845833.488616 0.008669886 0.001360224 -0.009174903 -0.039831508 0.138150975 0.080528006 0.986328065
1341845833.549835 0.008669942 0.001360265 -0.009174763 -0.043181587 0.139204010 0.079744123 0.986102641
1341845833.581733 0.008669738 0.001360287 -0.009174675 -0.040141173 0.139143571 0.080218747 0.986201167
1341845833.617817 0.008669770 0.001360003 -0.009174771 -0.040724874 0.138476938 0.081851915 0.986136854
1341845833.649899 0.008669549 0.001360055 -0.009174691 -0.043010216 0.138355866 0.081850395 0.986056983
1341845833.681671 0.008669387 0.001360245 -0.009174599 -0.041618019 0.139593124 0.080883056 0.986022115
1341845833.717606 0.008669426 0.001360069 -0.009174632 -0.040818356 0.138283849 0.082532436 0.986103356
1341845833.752940 0.008669083 0.001360086 -0.009174522 -0.042608418 0.137485027 0.083736904 0.986037791
1341845833.817827 0.008669115 0.001360128 -0.009174540 -0.045657892 0.138146237 0.082946584 0.985875666
1341845833.849860 0.008669171 0.001360200 -0.009174775 -0.045183495 0.136943385 0.082760885 0.986080945
1341845833.885667 0.008669031 0.001360040 -0.009174840 -0.045300368 0.139300361 0.081497580 0.985850632
1341845833.917724 0.008669206 0.001360054 -0.009174748 -0.047667146 0.139405996 0.080843516 0.985777974
1341845833.949675 0.008669249 0.001360324 -0.009174662 -0.045963287 0.138799697 0.080322184 0.985987008
1341845833.985662 0.008668954 0.001360100 -0.009174709 -0.044909466 0.141319290 0.079819895 0.985718429
1341845834.018158 0.008669250 0.001359933 -0.009174637 -0.048184182 0.141184747 0.079751290 0.985588610
1341845834.049769 0.008669307 0.001360138 -0.009174625 -0.048546813 0.139152929 0.078599349 0.985952258
1341845834.085753 0.008669234 0.001360085 -0.009174725 -0.048672698 0.139422834 0.076548204 0.986069262
1341845834.117837 0.008669487 0.001360115 -0.009174705 -0.050222896 0.139415503 0.074967906 0.986114025
1341845834.153871 0.008669664 0.001360135 -0.009174705 -0.050945424 0.138939694 0.074990511 0.986142397
1341845834.185736 0.008669656 0.001360160 -0.009174758 -0.051674355 0.139228746 0.073850341 0.986149728
1341845834.217802 0.008669896 0.001360088 -0.009174858 -0.052942328 0.138380900 0.072936483 0.986269772
1341845834.253824 0.008670103 0.001359989 -0.009175017 -0.056949794 0.134921715 0.072457418 0.986561060
1341845834.285756 0.008670339 0.001360390 -0.009174890 -0.058054917 0.131797776 0.069806971 0.987109900
1341845834.321783 0.008670312 0.001360461 -0.009174934 -0.055222366 0.130057335 0.068276726 0.987610161
1341845834.355135 0.008670475 0.001360528 -0.009175059 -0.049326770 0.129465908 0.070053913 0.987875462
1341845834.385801 0.008670670 0.001360232 -0.009175114 -0.047726747 0.128768966 0.071649671 0.987930715
1341845834.421748 0.008670977 0.001360322 -0.009175211 -0.048710871 0.128488526 0.070708103 0.987986982
1341845834.453840 0.008671565 0.001360402 -0.009175324 -0.049054049 0.125225171 0.068733118 0.988528252
1341845834.485639 0.008671483 0.001360440 -0.009175246 -0.049474817 0.122420847 0.065927960 0.989049494
1341845834.521785 0.008671645 0.001360311 -0.009175322 -0.048977993 0.120623074 0.064063132 0.989417613
1341845834.553727 0.008671992 0.001360548 -0.009175422 -0.048755575 0.118893996 0.062024914 0.989767671
1341845834.589787 0.008672175 0.001360644 -0.009175263 -0.048635021 0.114357159 0.062276300 0.990292251
1341845834.621791 0.008672167 0.001360495 -0.009175410 -0.047963206 0.111273997 0.063105367 0.990623713
1341845834.653808 0.008672108 0.001360342 -0.009175524 -0.050815970 0.111288458 0.061871480 0.990557671
1341845834.689847 0.008672510 0.001360410 -0.009175591 -0.053937238 0.108276382 0.059183788 0.990890622
1341845834.721856 0.008672797 0.001360660 -0.009175528 -0.053015370 0.102833502 0.056782175 0.991660416
1341845834.753919 0.008672934 0.001360947 -0.009175577 -0.048738126 0.099647246 0.056029487 0.992247820
1341845834.789834 0.008673089 0.001360821 -0.009175709 -0.048140980 0.099087164 0.055469267 0.992364526
1341845834.821826 0.008673337 0.001360803 -0.009175672 -0.049390856 0.095750846 0.054155491 0.992703140
1341845834.857804 0.008673701 0.001360864 -0.009175755 -0.049711142 0.090672687 0.053463902 0.993201315
1341845834.889796 0.008673918 0.001360931 -0.009175794 -0.049505431 0.087492935 0.052146800 0.993566751
1341845834.921771 0.008674269 0.001360921 -0.009175923 -0.049287450 0.084306382 0.050831124 0.993921220
1341845834.957942 0.008674687 0.001361051 -0.009175899 -0.047270335 0.078993104 0.050185695 0.994488299
1341845834.989806 0.008674664 0.001361227 -0.009175936 -0.044819739 0.073877379 0.049653184 0.995021522
1341845835.021804 0.008674941 0.001361215 -0.009175963 -0.043950591 0.069862083 0.048680849 0.995398283
1341845835.058003 0.008674888 0.001361154 -0.009176064 -0.041856922 0.066370845 0.048427559 0.995739758
1341845835.089820 0.008675276 0.001361228 -0.009176083 -0.039876562 0.061943676 0.048291929 0.996112823
1341845835.125663 0.008675623 0.001361284 -0.009176113 -0.039857317 0.056557074 0.048541263 0.996421814
1341845835.157750 0.008675923 0.001361321 -0.009176182 -0.041132733 0.051791143 0.047779609 0.996665895
1341845835.189830 0.008675992 0.001361543 -0.009176044 -0.038536176 0.047290996 0.046447605 0.997056246
1341845835.225912 0.008676349 0.001361552 -0.009176064 -0.034740023 0.042150021 0.047351275 0.997383773
1341845835.258001 0.008676662 0.001361511 -0.009176220 -0.034290716 0.038393315 0.046575475 0.997587502
1341845835.290164 0.008677023 0.001361510 -0.009176130 -0.035058811 0.034164064 0.044629615 0.997803569
1341845835.325788 0.008677373 0.001361649 -0.009176167 -0.033139922 0.028984351 0.043827176 0.998068571
1341845835.363902 0.008677451 0.001361737 -0.009176291 -0.031086467 0.026254551 0.042503446 0.998267412
1341845835.431742 0.008677701 0.001361745 -0.009176206 -0.030473253 0.016699258 0.039451398 0.998617113
1341845835.460771 0.008677971 0.001361869 -0.009176233 -0.030298034 0.011257766 0.037365030 0.998778820
1341845835.493790 0.008678301 0.001361897 -0.009176255 -0.027367637 0.007985479 0.036976319 0.998909414
1341845835.527633 0.008678785 0.001362061 -0.009176224 -0.024901362 0.002819363 0.038112059 0.998959184
1341845835.561788 0.008678937 0.001362180 -0.009176282 -0.025157461 -0.003346968 0.039281681 0.998905838
1341845835.594173 0.008678816 0.001362218 -0.009176367 -0.026477970 -0.004408340 0.038962960 0.998880088
1341845835.625859 0.008678904 0.001362311 -0.009176568 -0.023524337 -0.006447636 0.037721887 0.998990536
1341845835.661923 0.008679369 0.001362145 -0.009176552 -0.020251570 -0.011764343 0.038491152 0.998984396
1341845835.693994 0.008679545 0.001362101 -0.009176530 -0.017786544 -0.015046814 0.039742708 0.998938322
1341845835.725724 0.008679757 0.001362238 -0.009176522 -0.015241711 -0.014034227 0.039970465 0.998986006
1341845835.761816 0.008679909 0.001362137 -0.009176400 -0.012572251 -0.016048269 0.041355550 0.998936474
1341845835.793927 0.008679850 0.001362246 -0.009176577 -0.009904103 -0.018065730 0.042741057 0.998873711
1341845835.829809 0.008679891 0.001362399 -0.009176654 -0.009633004 -0.018502871 0.043033130 0.998855829
1341845835.868224 0.008679774 0.001362349 -0.009176568 -0.009527491 -0.018874554 0.043394890 0.998834252
1341845835.903857 0.008680061 0.001362156 -0.009176371 -0.007765835 -0.023660341 0.045190774 0.998667955
1341845835.935727 0.008679978 0.001362199 -0.009176573 -0.007031994 -0.025123004 0.046107117 0.998595774
1341845835.967812 0.008680104 0.001362253 -0.009176491 -0.006652385 -0.024256563 0.045642525 0.998641133
1341845836.003789 0.008680086 0.001361911 -0.009176624 -0.006274166 -0.023392096 0.045182332 0.998685122
1341845836.035920 0.008679738 0.001361746 -0.009176591 -0.004617433 -0.023151716 0.046331517 0.998647094
1341845836.067671 0.008679709 0.001361737 -0.009176674 -0.004745098 -0.021436458 0.046624787 0.998671174
1341845836.104034 0.008679958 0.001361770 -0.009176498 -0.003179080 -0.023359761 0.046243947 0.998651922
1341845836.135769 0.008680380 0.001361726 -0.009176710 -0.001486685 -0.028368037 0.045806319 0.998546362
1341845836.172097 0.008680381 0.001361760 -0.009176634 -0.001855377 -0.032086439 0.044418868 0.998495877
1341845836.203642 0.008680374 0.001361898 -0.009176419 -0.002372172 -0.031750090 0.043191310 0.998559356
1341845836.235687 0.008680650 0.001361986 -0.009176368 -0.000478196 -0.032862265 0.043486744 0.998513281
1341845836.271774 0.008680951 0.001361951 -0.009176396 0.002383729 -0.038335998 0.044922169 0.998251796
1341845836.303797 0.008680962 0.001361778 -0.009176435 0.002254997 -0.040847570 0.046517082 0.998079419
1341845836.335742 0.008680980 0.001361703 -0.009176441 0.000466069 -0.039648373 0.046443805 0.998133659
1341845836.372549 0.008681286 0.001361944 -0.009176364 0.002679035 -0.038911365 0.047679506 0.998100877
1341845836.403992 0.008681472 0.001361811 -0.009176438 0.005453194 -0.039622899 0.051049683 0.997894883
1341845836.435705 0.008681437 0.001361708 -0.009176384 0.005991891 -0.038017031 0.053878766 0.997805536
1341845836.471817 0.008681587 0.001361647 -0.009176468 0.005874871 -0.035580412 0.054222591 0.997877479
1341845836.503945 0.008681955 0.001361694 -0.009176457 0.006103226 -0.037538510 0.055021126 0.997760653
1341845836.539832 0.008681944 0.001361634 -0.009176475 0.006331944 -0.039498556 0.055818979 0.997639239
1341845836.571973 0.008681984 0.001361597 -0.009176517 0.005147282 -0.040072709 0.055723656 0.997628450
1341845836.604373 0.008682134 0.001361536 -0.009176599 0.003066924 -0.040382266 0.054438166 0.997695506
1341845836.639724 0.008682247 0.001361741 -0.009176460 0.002374872 -0.041609958 0.052352455 0.997758567
1341845836.672049 0.008682235 0.001361960 -0.009176427 0.005342197 -0.042077307 0.050646737 0.997815549
1341845836.704020 0.008682426 0.001362044 -0.009176338 0.008316083 -0.042541504 0.048944611 0.997860432
1341845836.739779 0.008681946 0.001362285 -0.009176301 0.014740051 -0.043156020 0.050162412 0.997699380
1341845836.771652 0.008681844 0.001362376 -0.009176193 0.024203502 -0.042168938 0.051816370 0.997472346
1341845836.803601 0.008681909 0.001362345 -0.009176157 0.030521069 -0.040812723 0.053622816 0.997259915
1341845836.839643 0.008682039 0.001362529 -0.009176297 0.034480035 -0.042980008 0.055283997 0.996949077
1341845836.871771 0.008681959 0.001362740 -0.009176162 0.039425593 -0.044198740 0.056510560 0.996643722
1341845836.907663 0.008681862 0.001362661 -0.009176170 0.040833060 -0.042337123 0.058455877 0.996555626
1341845836.939824 0.008681887 0.001362872 -0.009176264 0.042633109 -0.041526865 0.061288882 0.996344149
1341845836.971802 0.008681674 0.001362886 -0.009176259 0.045600552 -0.041790918 0.062726162 0.996112227
1341845837.007714 0.008681626 0.001362860 -0.009176011 0.044452086 -0.037691809 0.063606270 0.996271849
1341845837.039752 0.008681771 0.001363234 -0.009176003 0.040893231 -0.032411557 0.063576922 0.996611893
1341845837.071715 0.008681750 0.001363442 -0.009175939 0.045853578 -0.032020949 0.063910112 0.996387303
1341845837.107691 0.008681667 0.001363410 -0.009175967 0.047985625 -0.030357199 0.064278938 0.996315241
1341845837.139763 0.008681219 0.001363783 -0.009175817 0.050259613 -0.027095474 0.064301156 0.996295750
1341845837.171636 0.008681622 0.001363650 -0.009175786 0.054554980 -0.024335701 0.062322095 0.996266782
1341845837.207675 0.008681809 0.001363611 -0.009175901 0.054994687 -0.027105507 0.059293497 0.996355951
1341845837.239749 0.008681591 0.001364029 -0.009175775 0.055577166 -0.027294099 0.053972874 0.996620893
1341845837.275755 0.008681567 0.001364271 -0.009175620 0.058549788 -0.025362037 0.048711020 0.996772766
1341845837.307686 0.008681967 0.001364717 -0.009175461 0.064883932 -0.026746631 0.046361655 0.996456385
1341845837.339628 0.008681903 0.001364521 -0.009175469 0.071274810 -0.028908404 0.048918467 0.995836914
1341845837.375710 0.008681539 0.001364634 -0.009175519 0.076707609 -0.026274230 0.049432948 0.995480776
1341845837.407709 0.008681504 0.001364524 -0.009175573 0.076187626 -0.023370018 0.049331278 0.995598137
1341845837.439656 0.008681600 0.001364583 -0.009175711 0.070721216 -0.021184184 0.046892643 0.996168077
1341845837.475671 0.008681430 0.001364985 -0.009175441 0.070449211 -0.019206837 0.044399612 0.996341646
1341845837.507973 0.008681387 0.001364922 -0.009175301 0.071028620 -0.014886592 0.042919837 0.996439278
1341845837.543708 0.008681544 0.001365015 -0.009175339 0.068362176 -0.011151658 0.041760314 0.996723771
1341845837.575706 0.008681478 0.001365326 -0.009175191 0.068796299 -0.009348869 0.040207829 0.996776283
1341845837.607609 0.008681264 0.001365459 -0.009175008 0.070695169 -0.005983197 0.038561489 0.996734381
1341845837.643704 0.008681280 0.001365349 -0.009175072 0.072778642 -0.002943466 0.036710486 0.996667922
1341845837.675706 0.008681281 0.001365603 -0.009174949 0.076975167 -0.001240868 0.034910202 0.996420860
1341845837.711803 0.008681187 0.001365662 -0.009175061 0.078807242 0.001234295 0.033362504 0.996330678
1341845837.743935 0.008681272 0.001365803 -0.009175021 0.080633990 0.003718274 0.031813469 0.996228993
1341845837.775698 0.008681254 0.001366065 -0.009174849 0.084437735 0.006275302 0.030827586 0.995931983
1341845837.811909 0.008681086 0.001365893 -0.009174877 0.084591582 0.009831761 0.030816279 0.995890558
1341845837.843915 0.008681237 0.001365859 -0.009174877 0.082492121 0.011970901 0.029859833 0.996072352
1341845837.879790 0.008681290 0.001366064 -0.009174666 0.085211962 0.013964066 0.027638758 0.995881498
1341845837.911946 0.008681469 0.001366231 -0.009174645 0.090030894 0.014309105 0.027927218 0.995444477
1341845837.946188 0.008681415 0.001366259 -0.009174585 0.092518620 0.014035537 0.030151267 0.995155334
1341845837.979709 0.008680998 0.001366198 -0.009174646 0.091794312 0.018303296 0.030752247 0.995134711
1341845838.041927 0.008681277 0.001366281 -0.009174551 0.086335406 0.021663995 0.027007079 0.995664358
1341845838.073905 0.008681285 0.001366818 -0.009174284 0.089084417 0.021179536 0.023925627 0.995511413
1341845838.105792 0.008681372 0.001366949 -0.009174271 0.092059813 0.022063639 0.023338633 0.995235384
1341845838.141667 0.008681374 0.001366806 -0.009174231 0.091545343 0.022323655 0.023468373 0.995274007
1341845838.173678 0.008681138 0.001366715 -0.009174222 0.088651769 0.024045136 0.020439539 0.995562613
1341845838.205767 0.008681042 0.001366430 -0.009174578 0.083497070 0.027087253 0.016369676 0.996005297
1341845838.241893 0.008681150 0.001366606 -0.009174353 0.078795344 0.029022055 0.013742865 0.996373475
1341845838.273791 0.008681388 0.001367148 -0.009174084 0.079566814 0.027524009 0.011522263 0.996382833
1341845838.309852 0.008681339 0.001367111 -0.009173942 0.080537781 0.025066776 0.010491304 0.996381044
1341845838.341805 0.008681229 0.001367262 -0.009173999 0.081247017 0.024188224 0.012638696 0.996320248
1341845838.373872 0.008681128 0.001367425 -0.009173841 0.084382169 0.024261553 0.014995383 0.996025205
1341845838.409713 0.008681215 0.001367373 -0.009173972 0.084624745 0.023708737 0.016913276 0.995987177
1341845838.441818 0.008681159 0.001367391 -0.009173929 0.082724839 0.023323048 0.018356662 0.996130347
1341845838.473754 0.008681049 0.001367382 -0.009174212 0.081182592 0.024115127 0.017155763 0.996259749
1341845838.509713 0.008681051 0.001367552 -0.009174170 0.081389345 0.025515687 0.014918530 0.996244013
1341845838.541649 0.008681249 0.001367700 -0.009174098 0.083297797 0.024814237 0.014367367 0.996112108
1341845838.577804 0.008681022 0.001367814 -0.009173801 0.086616956 0.025381375 0.012402738 0.995841086
1341845838.609807 0.008680969 0.001367909 -0.009173905 0.089533351 0.027826976 0.009037014 0.995554030
1341845838.641690 0.008681069 0.001368021 -0.009173795 0.091958329 0.029427851 0.007845623 0.995297015
1341845838.677850 0.008681134 0.001367946 -0.009173783 0.092639342 0.029601812 0.007653876 0.995230198
1341845838.709635 0.008680935 0.001367728 -0.009173776 0.091305263 0.031048754 0.006731486 0.995316029
1341845838.745913 0.008680861 0.001367496 -0.009174020 0.084830821 0.035830505 0.004415309 0.995741129
1341845838.777723 0.008681229 0.001367823 -0.009174014 0.080361046 0.037626915 0.002936035 0.996051073
1341845838.809656 0.008681249 0.001368158 -0.009173881 0.080069564 0.035710942 0.003182465 0.996144295
1341845838.845874 0.008680969 0.001368214 -0.009173769 0.081127800 0.036348354 0.003289810 0.996035278
1341845838.877695 0.008680832 0.001367861 -0.009173810 0.075276911 0.040890418 0.001105029 0.996323287
1341845838.909636 0.008680849 0.001368081 -0.009173765 0.072820626 0.043861713 -0.000860677 0.996379733
1341845838.945837 0.008680974 0.001368249 -0.009173698 0.074119329 0.043374654 -0.002411231 0.996302724
1341845838.977758 0.008680882 0.001368269 -0.009173616 0.075700574 0.044001710 -0.002046167 0.996157169
1341845839.013907 0.008680686 0.001368329 -0.009173622 0.076507464 0.046964996 -0.001202952 0.995961547
1341845839.046225 0.008680626 0.001368200 -0.009173674 0.074379139 0.049540360 -0.002044320 0.995996654
1341845839.077750 0.008680806 0.001368240 -0.009173512 0.072523125 0.047225051 -0.004336117 0.996238589
1341845839.113934 0.008680707 0.001368611 -0.009173429 0.075397797 0.045968853 -0.005100994 0.996080339
1341845839.145852 0.008680689 0.001368597 -0.009173409 0.078136414 0.046210807 -0.003812794 0.995863795
1341845839.177741 0.008680582 0.001368508 -0.009173363 0.077767663 0.047039125 -0.001669697 0.995859802
1341845839.214000 0.008680325 0.001368614 -0.009173501 0.078692973 0.050069232 -0.000602736 0.995640576
1341845839.246198 0.008680309 0.001368607 -0.009173453 0.081453770 0.052182376 0.000548399 0.995310009
1341845839.281774 0.008680290 0.001368592 -0.009173519 0.081727229 0.053711116 0.002545125 0.995203137
1341845839.314004 0.008680009 0.001368514 -0.009173382 0.081288151 0.057710376 0.002910657 0.995014191
1341845839.345945 0.008680254 0.001368555 -0.009173396 0.082188636 0.058826324 0.002210419 0.994876683
1341845839.381741 0.008680292 0.001368746 -0.009173245 0.085233860 0.058237672 0.004299261 0.994648218
1341845839.413801 0.008680122 0.001368886 -0.009173185 0.087994874 0.059805814 0.006418180 0.994303286
1341845839.445714 0.008680106 0.001368568 -0.009173450 0.087871082 0.062152978 0.007196597 0.994164944
1341845839.481741 0.008680079 0.001368407 -0.009173419 0.085658818 0.063231952 0.006993137 0.994291425
1341845839.514001 0.008679977 0.001368624 -0.009173428 0.085045949 0.065593861 0.006257763 0.994195879
1341845839.549791 0.008680089 0.001368690 -0.009173381 0.087739334 0.066656642 0.006357246 0.993890464
1341845839.587666 0.008680067 0.001368531 -0.009173282 0.087819509 0.066455364 0.007557581 0.993888497
1341845839.681817 0.008680071 0.001368434 -0.009173352 0.086680859 0.069366924 0.007798615 0.993787646
1341845839.713876 0.008679938 0.001368529 -0.009173309 0.086238429 0.068948627 0.007113845 0.993860364
1341845839.749808 0.008679851 0.001368521 -0.009173298 0.085969605 0.070608661 0.006518247 0.993771195
1341845839.781785 0.008680089 0.001368424 -0.009173372 0.084367789 0.070102639 0.006890691 0.993941724
1341845839.817825 0.008680091 0.001368431 -0.009173341 0.082753822 0.068362892 0.007339740 0.994195402
1341845839.849994 0.008680019 0.001368374 -0.009173362 0.081212990 0.068427220 0.007537022 0.994316518
1341845839.881829 0.008680135 0.001368304 -0.009173426 0.078683063 0.067846902 0.006964664 0.994563878
1341845839.917855 0.008680179 0.001368270 -0.009173437 0.076102667 0.065652758 0.007078233 0.994911075
1341845839.950283 0.008680244 0.001368287 -0.009173460 0.074104853 0.062662430 0.007236748 0.995253503
1341845839.985757 0.008680270 0.001368097 -0.009173497 0.070928626 0.060619187 0.006796134 0.995614529
1341845840.017660 0.008680287 0.001367986 -0.009173615 0.066070661 0.059144985 0.005141032 0.996047258
1341845840.049741 0.008680386 0.001367967 -0.009173557 0.061302863 0.057505071 0.003558715 0.996454954
1341845840.085650 0.008680462 0.001368246 -0.009173574 0.059367333 0.054499749 0.003755218 0.996740282
1341845840.117698 0.008680518 0.001368129 -0.009173469 0.057736944 0.052454848 0.005016675 0.996940196
1341845840.149796 0.008680611 0.001367913 -0.009173632 0.052932601 0.050819404 0.006321543 0.997284114
1341845840.186069 0.008680449 0.001367828 -0.009173723 0.047364831 0.050755363 0.006171854 0.997568190
1341845840.217657 0.008680431 0.001367751 -0.009173729 0.042482167 0.051177103 0.005660952 0.997769594
1341845840.253694 0.008680617 0.001367806 -0.009173696 0.038588181 0.049962487 0.005650099 0.997989357
1341845840.285914 0.008680763 0.001367645 -0.009173842 0.035563119 0.046283733 0.006749031 0.998272300
1341845840.317753 0.008680659 0.001367666 -0.009173932 0.032033086 0.044342574 0.006915047 0.998478711
1341845840.353861 0.008680701 0.001367634 -0.009173887 0.029405816 0.043947291 0.007609438 0.998571992
1341845840.385775 0.008680750 0.001367375 -0.009173918 0.025057292 0.044052552 0.007129281 0.998689473
1341845840.417676 0.008680915 0.001367189 -0.009173959 0.019832812 0.041932296 0.005735204 0.998907089
1341845840.453598 0.008680950 0.001367192 -0.009174015 0.017062176 0.040497441 0.005324761 0.999019742
1341845840.485943 0.008680890 0.001367138 -0.009174174 0.015536130 0.040752873 0.005332591 0.999034226
1341845840.521810 0.008681070 0.001366906 -0.009174130 0.013111133 0.039399814 0.006483207 0.999116480
1341845840.553677 0.008681145 0.001366847 -0.009174123 0.009990084 0.036737077 0.007918076 0.999243617
1341845840.585765 0.008681044 0.001366910 -0.009174060 0.008153837 0.035785783 0.007459085 0.999298394
1341845840.621850 0.008681107 0.001366707 -0.009174138 0.006415147 0.035508145 0.005964692 0.999330997
1341845840.653789 0.008681189 0.001366664 -0.009174244 0.001642552 0.034101684 0.004007044 0.999408960
1341845840.685850 0.008681130 0.001366724 -0.009174267 0.000593065 0.033104230 0.002401707 0.999448836
1341845840.721832 0.008681229 0.001366654 -0.009174262 0.002355858 0.032160252 0.001180816 0.999479234
1341845840.753824 0.008681501 0.001366725 -0.009174393 0.005748962 0.027035408 0.002065776 0.999615848
1341845840.789783 0.008681341 0.001366564 -0.009174369 0.007031486 0.025251197 0.003537669 0.999650121
1341845840.821733 0.008681219 0.001366433 -0.009174429 0.006999200 0.027039243 0.003745175 0.999602854
1341845840.853661 0.008681367 0.001366410 -0.009174516 0.006536600 0.027036959 0.003938243 0.999605298
1341845840.889737 0.008681407 0.001366280 -0.009174442 0.005489550 0.024888553 0.005891686 0.999657750
1341845840.921786 0.008681206 0.001366076 -0.009174553 0.003791658 0.026322437 0.007012005 0.999621689
1341845840.957782 0.008681227 0.001365850 -0.009174674 0.000205982 0.028974691 0.006198963 0.999560893
1341845840.989777 0.008681410 0.001365943 -0.009174640 -0.002139357 0.029444760 0.005383277 0.999549627
1341845841.021755 0.008681418 0.001366104 -0.009174636 -0.000994301 0.030118529 0.004588158 0.999535263
1341845841.057797 0.008681469 0.001366155 -0.009174476 0.003053696 0.031109694 0.004591474 0.999500751
1341845841.089861 0.008681505 0.001365925 -0.009174620 0.005426434 0.032996051 0.003592406 0.999434292
1341845841.127763 0.008681604 0.001365577 -0.009174697 0.005045272 0.032776233 0.002328376 0.999447286
1341845841.189794 0.008681398 0.001365409 -0.009174664 0.006076970 0.032771286 -0.004267126 0.999435306
1341845841.225871 0.008681538 0.001365464 -0.009174790 0.009038394 0.032155097 -0.009097930 0.999400616
1341845841.257769 0.008681720 0.001365521 -0.009174759 0.011999671 0.031541120 -0.013923877 0.999333441
1341845841.289834 0.008681880 0.001365602 -0.009174792 0.013154771 0.029770028 -0.015192695 0.999354720
1341845841.325856 0.008681965 0.001365384 -0.009174971 0.010119261 0.028701015 -0.014441372 0.999432445
1341845841.357778 0.008682015 0.001365245 -0.009174884 0.007085831 0.027637362 -0.013686506 0.999499202
1341845841.389747 0.008681842 0.001365276 -0.009174753 0.008659982 0.025209131 -0.010681812 0.999587595
1341845841.425648 0.008681729 0.001365359 -0.009174880 0.014058036 0.022833673 -0.006134657 0.999621630
1341845841.457784 0.008681671 0.001365214 -0.009175012 0.020949818 0.021896871 -0.000024981 0.999540687
1341845841.493636 0.008681408 0.001364785 -0.009175092 0.022771772 0.021643037 0.006680853 0.999484062
1341845841.525800 0.008681267 0.001364441 -0.009175173 0.018150825 0.021929625 0.009556446 0.999549031
1341845841.557776 0.008681188 0.001364313 -0.009175197 0.013534955 0.022219218 0.012420082 0.999584377
1341845841.593697 0.008681306 0.001364335 -0.009175201 0.011470309 0.020652046 0.013137386 0.999634624
1341845841.625800 0.008681416 0.001364434 -0.009175112 0.013123759 0.018964520 0.012421224 0.999656856
1341845841.657778 0.008681413 0.001364251 -0.009175068 0.014883535 0.019433377 0.012390831 0.999623597
1341845841.693890 0.008681530 0.001364167 -0.009175095 0.015374574 0.018864291 0.013147981 0.999617398
1341845841.725831 0.008681545 0.001364158 -0.009175115 0.014516219 0.017637985 0.014380606 0.999635637
1341845841.761977 0.008681493 0.001364127 -0.009175191 0.014346072 0.017495638 0.013802152 0.999648750
1341845841.793705 0.008681641 0.001364038 -0.009175371 0.011463547 0.015610602 0.013302970 0.999723911
1341845841.825907 0.008681669 0.001363957 -0.009175332 0.008587404 0.013727397 0.012804323 0.999786913
1341845841.862456 0.008681659 0.001363989 -0.009175382 0.008870060 0.012123350 0.012878248 0.999804258
1341845841.893840 0.008681698 0.001363952 -0.009175251 0.013552305 0.009924562 0.014713235 0.999750614
1341845841.925729 0.008681749 0.001364132 -0.009175294 0.018226983 0.007721360 0.016552331 0.999667048
1341845841.961799 0.008681697 0.001364102 -0.009175347 0.017768191 0.007099358 0.017820619 0.999658108
1341845841.994063 0.008681715 0.001364007 -0.009175290 0.016992891 0.007047583 0.018884577 0.999652386
1341845842.030345 0.008681732 0.001363868 -0.009175435 0.013201882 0.007621912 0.016792841 0.999742806
1341845842.061842 0.008681593 0.001363761 -0.009175416 0.010801740 0.006805415 0.016013706 0.999790251
1341845842.095648 0.008681511 0.001363534 -0.009175467 0.009743012 0.007225435 0.016530713 0.999789774
1341845842.130144 0.008681575 0.001363517 -0.009175512 0.008684102 0.007643194 0.017050102 0.999787688
1341845842.168651 0.008681590 0.001363379 -0.009175544 0.007472715 0.007239477 0.019722914 0.999751329
1341845842.204415 0.008681580 0.001363309 -0.009175513 0.006265556 0.006842060 0.022394419 0.999706149
1341845842.236995 0.008681598 0.001363245 -0.009175505 0.007214868 0.005824954 0.024056403 0.999667585
1341845842.298056 0.008681451 0.001363264 -0.009175509 0.010308862 0.001198635 0.027629847 0.999564350
1341845842.330531 0.008681510 0.001363168 -0.009175575 0.011095924 0.001702221 0.029192431 0.999510765
1341845842.362365 0.008681688 0.001363004 -0.009175739 0.008811518 -0.000121758 0.029404467 0.999528766
1341845842.399606 0.008681630 0.001362979 -0.009175762 0.004317356 -0.000345980 0.029414315 0.999557912
1341845842.439754 0.008681609 0.001362807 -0.009175764 0.002058838 0.000217571 0.029478520 0.999563277
1341845842.472222 0.008681605 0.001362565 -0.009175830 -0.000193791 0.000777639 0.029545221 0.999563098
1341845842.506051 0.008681640 0.001362641 -0.009175837 0.000231129 -0.001806797 0.030978732 0.999518394
1341845842.539739 0.008681547 0.001362683 -0.009175777 0.001123047 -0.001690154 0.030942833 0.999519110
1341845842.572817 0.008681630 0.001362758 -0.009175819 0.002016195 -0.001566837 0.030896172 0.999519348
1341845842.597810 0.008681558 0.001362739 -0.009175703 0.002910438 -0.001445714 0.030844186 0.999518931
1341845842.671782 0.008681501 0.001362386 -0.009175872 0.003808856 -0.001328045 0.030790392 0.999517739
1341845842.697738 0.008681790 0.001362539 -0.009175840 0.003884959 -0.002584457 0.030813724 0.999514222
1341845842.733828 0.008681889 0.001362442 -0.009175823 0.005078643 -0.004489271 0.033112131 0.999428689
1341845842.772554 0.008681853 0.001362319 -0.009175892 0.005538332 -0.004763773 0.036350470 0.999312401
1341845842.803667 0.008681858 0.001362246 -0.009175956 0.002634433 -0.005142055 0.039038770 0.999220967
1341845842.839779 0.008681750 0.001362145 -0.009175982 0.000247629 -0.004314357 0.040260974 0.999179840
1341845842.871951 0.008681748 0.001362028 -0.009176030 -0.000920094 -0.003179165 0.039648660 0.999208212
1341845842.903766 0.008681781 0.001361908 -0.009176013 -0.003153922 -0.003941657 0.038133871 0.999259889
1341845842.939694 0.008681789 0.001361967 -0.009176052 -0.005590717 -0.003582261 0.036761891 0.999301970
1341845842.971703 0.008681872 0.001361844 -0.009176039 -0.006157224 -0.003338945 0.035887469 0.999331295
1341845843.003637 0.008681908 0.001361906 -0.009176075 -0.005807957 -0.005046733 0.036701132 0.999296665
1341845843.039687 0.008681802 0.001361891 -0.009176072 -0.006216291 -0.005431648 0.038621061 0.999219835
1341845843.071786 0.008681742 0.001361748 -0.009176168 -0.007264604 -0.003368423 0.039585967 0.999184072
1341845843.103725 0.008681895 0.001361673 -0.009176086 -0.007785979 -0.004613179 0.041439537 0.999100029
1341845843.139742 0.008681890 0.001361532 -0.009176133 -0.007077223 -0.007539059 0.043917418 0.998981655
1341845843.171825 0.008681764 0.001361464 -0.009176211 -0.008442860 -0.007588000 0.044187784 0.998958766
1341845843.207907 0.008681810 0.001361288 -0.009176207 -0.012535842 -0.007359838 0.041480083 0.999033570
1341845843.240014 0.008681886 0.001361179 -0.009176305 -0.017341048 -0.008505541 0.037154447 0.999122858
1341845843.281910 0.008682011 0.001361170 -0.009176226 -0.018668259 -0.010957434 0.034132563 0.999182880
1341845843.307930 0.008682045 0.001361181 -0.009176334 -0.018627569 -0.012219702 0.032400049 0.999226689
1341845843.339844 0.008682223 0.001361166 -0.009176289 -0.018492851 -0.013267808 0.030915786 0.999262810
1341845843.407961 0.008682249 0.001360747 -0.009176398 -0.017371913 -0.009532115 0.031962719 0.999292612
1341845843.469698 0.008681960 0.001360541 -0.009176417 -0.020390239 -0.005642110 0.034138273 0.999193132
1341845843.501755 0.008682025 0.001360411 -0.009176425 -0.023840573 -0.003634237 0.035936236 0.999063075
1341845843.537749 0.008682080 0.001360390 -0.009176458 -0.025782106 -0.005737948 0.038757246 0.998899519
1341845843.601912 0.008681925 0.001359981 -0.009176498 -0.033558127 -0.004423894 0.039255902 0.998655736
1341845843.637854 0.008681930 0.001359909 -0.009176539 -0.037062041 -0.005126346 0.038865067 0.998543739
1341845843.669935 0.008681917 0.001359918 -0.009176589 -0.037921019 -0.002903522 0.038502865 0.998534501
1341845843.705705 0.008681943 0.001359732 -0.009176639 -0.037900779 0.000110265 0.038347494 0.998545468
1341845843.738087 0.008681999 0.001359749 -0.009176454 -0.040737875 0.002174827 0.039064210 0.998403549
1341845843.769868 0.008682072 0.001359736 -0.009176593 -0.039936062 0.002808768 0.041755885 0.998325408
1341845843.805741 0.008681966 0.001359534 -0.009176578 -0.039472874 0.005033236 0.045107227 0.998189330
1341845843.837731 0.008681841 0.001359460 -0.009176591 -0.040753260 0.007876921 0.047009218 0.998031676
1341845843.869723 0.008681747 0.001359443 -0.009176586 -0.042033721 0.010721992 0.048907209 0.997860849
1341845843.905817 0.008681795 0.001359293 -0.009176540 -0.040196743 0.011811687 0.050593879 0.997840166
1341845843.937846 0.008681742 0.001359253 -0.009176568 -0.037441656 0.014242034 0.052907456 0.997795582
1341845843.973843 0.008681602 0.001359153 -0.009176459 -0.035985198 0.019538714 0.054058887 0.997697830
1341845844.005877 0.008681774 0.001359264 -0.009176563 -0.035497673 0.021669561 0.055143185 0.997611940
1341845844.037839 0.008681763 0.001359107 -0.009176510 -0.034551188 0.020425243 0.055362742 0.997659266
1341845844.073843 0.008681576 0.001358836 -0.009176599 -0.035982538 0.022752307 0.053520869 0.997658849
1341845844.105844 0.008681692 0.001358894 -0.009176686 -0.036528815 0.024530921 0.050725661 0.997742832
1341845844.137727 0.008681714 0.001358642 -0.009176654 -0.037454106 0.025122609 0.049175344 0.997771442
1341845844.173729 0.008681660 0.001358633 -0.009176663 -0.036602188 0.025706373 0.047527440 0.997868001
1341845844.205772 0.008681597 0.001358485 -0.009176760 -0.039228268 0.027638199 0.044400707 0.997860610
1341845844.241826 0.008681696 0.001358640 -0.009176640 -0.038895592 0.027047817 0.042578969 0.997969210
1341845844.273743 0.008681629 0.001358474 -0.009176616 -0.034154013 0.026888754 0.043744911 0.998096645
1341845844.305737 0.008681697 0.001358085 -0.009176869 -0.033769079 0.027638379 0.047498379 0.997917652
1341845844.341702 0.008681567 0.001358010 -0.009176739 -0.036779307 0.027332228 0.050583728 0.997668028
1341845844.373700 0.008681522 0.001357949 -0.009177011 -0.042410962 0.026741562 0.050937608 0.997442544
1341845844.409780 0.008681548 0.001357637 -0.009176776 -0.044866841 0.026336294 0.052430376 0.997268498
1341845844.441868 0.008681589 0.001357429 -0.009176856 -0.049082767 0.025783723 0.053192113 0.997043967
1341845844.473633 0.008681576 0.001357171 -0.009176822 -0.054094192 0.026919529 0.053172246 0.996755660
1341845844.509732 0.008681730 0.001356938 -0.009176944 -0.056968976 0.028038526 0.052764207 0.996586323
1341845844.541734 0.008681798 0.001356752 -0.009176858 -0.060667735 0.026810860 0.054169673 0.996326387
1341845844.573798 0.008681762 0.001356878 -0.009177131 -0.064365014 0.025585525 0.055573676 0.996049225
1341845844.609774 0.008681761 0.001356565 -0.009176910 -0.067502446 0.025742812 0.056005731 0.995813310
1341845844.641742 0.008681826 0.001356511 -0.009176904 -0.069630757 0.023171602 0.057002537 0.995673299
1341845844.677619 0.008681864 0.001356285 -0.009177024 -0.068270922 0.018338723 0.061068852 0.995627105
1341845844.709820 0.008681779 0.001355919 -0.009176961 -0.070878014 0.015970262 0.063255869 0.995349169
1341845844.741764 0.008681964 0.001356177 -0.009177198 -0.074014820 0.011642992 0.063666470 0.995154679
1341845844.778110 0.008682013 0.001356066 -0.009177274 -0.077138774 0.007184392 0.064085409 0.994932711
1341845844.811162 0.008682326 0.001355971 -0.009177493 -0.078113817 0.001410772 0.062961712 0.994953275
1341845844.842336 0.008682243 0.001355397 -0.009177556 -0.084379300 -0.003792927 0.061630350 0.994518697
1341845844.883762 0.008682080 0.001355780 -0.009177609 -0.084996499 -0.006455265 0.059763070 0.994566381
1341845844.947016 0.008682410 0.001355930 -0.009178117 -0.086200230 -0.017156301 0.059029289 0.994379580
1341845844.977793 0.008682156 0.001355579 -0.009177927 -0.088919654 -0.019169239 0.054683242 0.994351804
1341845845.009670 0.008682301 0.001355534 -0.009177774 -0.090710796 -0.021264929 0.050687328 0.994359136
1341845845.045698 0.008682596 0.001355358 -0.009178055 -0.091077067 -0.027525574 0.048447948 0.994283736
1341845845.077748 0.008682241 0.001355034 -0.009177824 -0.093267091 -0.027887696 0.044215783 0.994267821
1341845845.109679 0.008682250 0.001355049 -0.009177917 -0.095337696 -0.026490441 0.041179243 0.994240046
1341845845.145640 0.008682330 0.001355175 -0.009178326 -0.096324876 -0.027231053 0.041099317 0.994128168
1341845845.177719 0.008682135 0.001355063 -0.009178597 -0.096294299 -0.026108384 0.040838979 0.994171977
1341845845.213604 0.008682141 0.001354758 -0.009178649 -0.099313602 -0.023039006 0.040200923 0.993976772
1341845845.245741 0.008682190 0.001354805 -0.009179065 -0.102077648 -0.021391891 0.040271714 0.993730724
1341845845.277905 0.008682196 0.001354921 -0.009178934 -0.101591058 -0.021147953 0.041005913 0.993755817
1341845845.314159 0.008682213 0.001354434 -0.009179019 -0.103491902 -0.021359898 0.040516939 0.993575096
1341845845.345748 0.008682379 0.001354474 -0.009179687 -0.105875500 -0.020933982 0.039745886 0.993364215
1341845845.381704 0.008682339 0.001354354 -0.009179160 -0.108181238 -0.022335870 0.039229669 0.993105710
1341845845.413648 0.008682368 0.001354063 -0.009179275 -0.110453196 -0.023582377 0.038833398 0.992842376
1341845845.445777 0.008682355 0.001353896 -0.009179480 -0.112177141 -0.025828011 0.039263587 0.992576241
1341845845.481809 0.008682514 0.001353588 -0.009179775 -0.117992923 -0.026788877 0.034278255 0.992061019
1341845845.514332 0.008682568 0.001353681 -0.009179438 -0.119931787 -0.027994832 0.033541344 0.991820335
1341845845.545717 0.008682479 0.001353613 -0.009179446 -0.122354358 -0.030225970 0.034441527 0.991428018
1341845845.581658 0.008682469 0.001353529 -0.009179819 -0.125854731 -0.031960063 0.033670265 0.990961909
1341845845.613959 0.008682481 0.001353487 -0.009179917 -0.131052285 -0.030998103 0.030740932 0.990413725
1341845845.649696 0.008682425 0.001353503 -0.009179723 -0.135461494 -0.030720210 0.028234774 0.989903688
1341845845.682034 0.008682184 0.001352483 -0.009179405 -0.136896133 -0.033134926 0.027118713 0.989659548
1341845845.714232 0.008682090 0.001352329 -0.009179314 -0.139140666 -0.033690717 0.025736736 0.989364684
1341845845.751971 0.008682149 0.001352486 -0.009179335 -0.143970862 -0.033079371 0.024437796 0.988726914
1341845845.787747 0.008682184 0.001352491 -0.009179406 -0.147324085 -0.033294264 0.023356728 0.988251746
1341845845.820616 0.008682419 0.001352721 -0.009179689 -0.148040339 -0.033523839 0.024565805 0.988107622
1341845845.887653 0.008682382 0.001352274 -0.009180129 -0.152883321 -0.032760166 0.022853287 0.987436652
1341845845.949895 0.008682451 0.001352106 -0.009180083 -0.155019283 -0.030404136 0.022175979 0.987194419
1341845845.981855 0.008682525 0.001351991 -0.009180644 -0.157459900 -0.028028473 0.023395035 0.986850262
1341845846.017822 0.008682439 0.001352508 -0.009179835 -0.158485711 -0.027275454 0.024486767 0.986680627
1341845846.049788 0.008682383 0.001352542 -0.009179788 -0.158107936 -0.026185350 0.025156433 0.986753941
1341845846.081697 0.008682463 0.001352517 -0.009179926 -0.158938617 -0.026819732 0.025760688 0.986587822
1341845846.117753 0.008682425 0.001352662 -0.009179876 -0.159774914 -0.027456263 0.026363909 0.986419320
1341845846.149729 0.008682461 0.001352790 -0.009179961 -0.161876440 -0.028635703 0.027022984 0.986025214
1341845846.185551 0.008682471 0.001352783 -0.009179992 -0.163832173 -0.029790718 0.027844263 0.985645056
1341845846.217670 0.008682643 0.001353074 -0.009179981 -0.165631086 -0.030503163 0.028910873 0.985291839
1341845846.249670 0.008682647 0.001353129 -0.009180000 -0.169244900 -0.030287221 0.030378981 0.984640002
1341845846.285621 0.008682609 0.001353090 -0.009179970 -0.172856465 -0.030070838 0.031846728 0.983972669
1341845846.318706 0.008682742 0.001353222 -0.009180003 -0.176521331 -0.029915871 0.032784879 0.983295679
1341845846.349746 0.008682712 0.001353229 -0.009179979 -0.180394024 -0.028898835 0.034071293 0.982579231
1341845846.385823 0.008682664 0.001353169 -0.009179991 -0.184263125 -0.027882114 0.035356943 0.981844962
1341845846.417804 0.008682682 0.001353112 -0.009180042 -0.188017145 -0.026937546 0.036468625 0.981118739
1341845846.453757 0.008682666 0.001353097 -0.009180059 -0.191879153 -0.025919287 0.037752386 0.980349600
1341845846.485915 0.008682447 0.001352953 -0.009180029 -0.195697993 -0.025544604 0.039461762 0.979536891
1341845846.517804 0.008682483 0.001352933 -0.009180081 -0.199102268 -0.023498109 0.040134460 0.978874505
1341845846.553866 0.008682457 0.001352987 -0.009180094 -0.202503443 -0.021451611 0.040806469 0.978195786
1341845846.585802 0.008682075 0.001352835 -0.009179991 -0.206005588 -0.019242585 0.041281056 0.977490306
1341845846.621952 0.008682068 0.001352774 -0.009180014 -0.209398732 -0.017196655 0.041951723 0.976778626
1341845846.653735 0.008681767 0.001352468 -0.009180088 -0.212624744 -0.015403748 0.042364217 0.976093590
1341845846.687048 0.008681701 0.001352365 -0.009180020 -0.216010079 -0.013358122 0.043032549 0.975350916
1341845846.721930 0.008681524 0.001351421 -0.009179814 -0.219260737 -0.011226995 0.043484755 0.974632144
1341845846.755684 0.008681492 0.001351382 -0.009179913 -0.219135314 -0.011225795 0.043479998 0.974660516
1341845846.785987 0.008681503 0.001351405 -0.009179697 -0.217223689 -0.010663432 0.043589108 0.975089848
1341845846.821760 0.008681612 0.001351260 -0.009179935 -0.215261564 -0.009987315 0.043465324 0.975537539
1341845846.853756 0.008681605 0.001351298 -0.009179939 -0.211746424 -0.009967059 0.042730503 0.976339161
1341845846.889724 0.008681431 0.001350954 -0.009179862 -0.207945764 -0.010234762 0.042221468 0.977175057
1341845846.921756 0.008681441 0.001350973 -0.009179896 -0.203094542 -0.010054223 0.040800143 0.978257060
1341845846.953776 0.008681415 0.001351053 -0.009179937 -0.198237911 -0.009873320 0.039377771 0.979312837
1341845846.989607 0.008681069 0.001350783 -0.009179991 -0.193466768 -0.009847415 0.038113981 0.980316758
1341845847.021791 0.008680858 0.001350570 -0.009180097 -0.188537896 -0.009683304 0.036688957 0.981332600
1341845847.053671 0.008680856 0.001350688 -0.009180182 -0.184471577 -0.010436254 0.035502084 0.982141018
1341845847.089677 0.008680486 0.001350761 -0.009180211 -0.180525929 -0.011324550 0.034383398 0.982903838
1341845847.121825 0.008680461 0.001350590 -0.009180086 -0.176452890 -0.012082192 0.033196166 0.983674943
1341845847.157737 0.008680674 0.001350145 -0.009180163 -0.172308266 -0.012760382 0.031918477 0.984443128
1341845847.189613 0.008680822 0.001349971 -0.009180211 -0.168227971 -0.013516708 0.030730706 0.985176265
1341845847.221790 0.008681133 0.001349812 -0.009180114 -0.164143801 -0.014269099 0.029546084 0.985890567
1341845847.257718 0.008681609 0.001349700 -0.009180315 -0.159876838 -0.014748359 0.028825238 0.986605763
1341845847.289652 0.008681629 0.001349687 -0.009180281 -0.155971617 -0.015068909 0.029723061 0.987199247
1341845847.321777 0.008681679 0.001349665 -0.009180344 -0.151464462 -0.014347678 0.029179288 0.987927735
1341845847.357899 0.008681741 0.001349755 -0.009180504 -0.146953061 -0.013618778 0.028635278 0.988635063
1341845847.390176 0.008681686 0.001349736 -0.009180845 -0.142477691 -0.012904785 0.027935999 0.989319563
1341845847.425786 0.008681734 0.001349876 -0.009180887 -0.139555156 -0.011656845 0.026149223 0.989800334
1341845847.460315 0.008681714 0.001349644 -0.009180954 -0.136630177 -0.010411102 0.024362439 0.990267754
1341845847.489945 0.008681589 0.001349790 -0.009181210 -0.133906290 -0.011185550 0.023616327 0.990649402
1341845847.525805 0.008681585 0.001349797 -0.009181221 -0.132193848 -0.012748910 0.022654435 0.990882933
1341845847.557741 0.008681621 0.001350068 -0.009181985 -0.131558791 -0.014954439 0.021458643 0.990963221
1341845847.593782 0.008681710 0.001350092 -0.009182097 -0.130893379 -0.016950695 0.020315932 0.991043329
1341845847.625656 0.008681634 0.001350027 -0.009182005 -0.126988843 -0.016751941 0.019184597 0.991577089
1341845847.657670 0.008681532 0.001349941 -0.009182253 -0.123169243 -0.016338179 0.018098986 0.992086112
1341845847.693751 0.008681567 0.001349864 -0.009182406 -0.121404991 -0.015504743 0.017713170 0.992323875
1341845847.725684 0.008681651 0.001349881 -0.009182547 -0.119639091 -0.014666853 0.017327107 0.992557883
1341845847.757787 0.008681356 0.001349808 -0.009181960 -0.117860422 -0.013927081 0.016944524 0.992787898
1341845847.793826 0.008681341 0.001349816 -0.009181968 -0.115972847 -0.015278039 0.017619802 0.992978573
1341845847.825684 0.008681371 0.001349842 -0.009181992 -0.114084683 -0.016628521 0.018294960 0.993163407
1341845847.861928 0.008681412 0.001349927 -0.009182064 -0.112227418 -0.017782325 0.018979957 0.993342102
1341845847.893697 0.008681385 0.001349844 -0.009182039 -0.110877946 -0.020176500 0.020418668 0.993419349
1341845847.925644 0.008681461 0.001349744 -0.009182096 -0.109529234 -0.022150906 0.021939512 0.993494511
1341845847.961946 0.008681466 0.001349761 -0.009182129 -0.108177178 -0.021568833 0.023041140 0.993630528
1341845847.993685 0.008681335 0.001349793 -0.009182067 -0.106825314 -0.021153107 0.024086541 0.993760884
1341845848.025620 0.008681203 0.001349791 -0.009182016 -0.105392836 -0.020867268 0.025221145 0.993891776
1341845848.061715 0.008681217 0.001349775 -0.009182004 -0.104039855 -0.020286746 0.026323305 0.994017720
1341845848.093689 0.008680955 0.001349847 -0.009181984 -0.102745548 -0.019657901 0.027543886 0.994131923
1341845848.132119 0.008680623 0.001349872 -0.009181914 -0.101390526 -0.019043505 0.028708406 0.994250000
1341845848.167711 0.008680617 0.001349913 -0.009182075 -0.100010544 -0.018360719 0.029428795 0.994381547
1341845848.200502 0.008680535 0.001349932 -0.009182244 -0.098656006 -0.017780775 0.030529983 0.994494259
1341845848.232265 0.008680324 0.001350034 -0.009182045 -0.097337060 -0.017235378 0.031828202 0.994593084
1341845848.267873 0.008680264 0.001349993 -0.009182005 -0.095740728 -0.016539156 0.032785203 0.994728744
1341845848.301135 0.008680230 0.001350092 -0.009182170 -0.094626121 -0.016075347 0.034029480 0.994801223
1341845848.335735 0.008680023 0.001350472 -0.009182122 -0.093463272 -0.015468748 0.035232812 0.994878829
1341845848.367757 0.008679841 0.001350610 -0.009182101 -0.092014663 -0.015122471 0.036191106 0.994984806
1341845848.399644 0.008679829 0.001350640 -0.009182109 -0.090658747 -0.014543400 0.037291393 0.995077312
1341845848.435802 0.008679214 0.001350827 -0.009181929 -0.089215450 -0.013894665 0.038563684 0.995168507
1341845848.467705 0.008679031 0.001351004 -0.009181901 -0.087859109 -0.013315489 0.039663561 0.995253861
1341845848.503759 0.008679106 0.001351053 -0.009181941 -0.086502463 -0.012736224 0.040763091 0.995335877
1341845848.536036 0.008679526 0.001350965 -0.009182088 -0.085236773 -0.012307303 0.041746136 0.995409727
1341845848.567958 0.008679109 0.001351099 -0.009181874 -0.083788298 -0.011577803 0.042960990 0.995489717
1341845848.603657 0.008679036 0.001351459 -0.009181870 -0.082455210 -0.010939034 0.043899558 0.995567322
1341845848.635797 0.008678962 0.001351529 -0.009181843 -0.081097342 -0.010360671 0.044997275 0.995636046
1341845848.671815 0.008678691 0.001351514 -0.009181663 -0.079673722 -0.009903326 0.046094891 0.995705426
1341845848.703677 0.008678727 0.001351347 -0.009181613 -0.078312770 -0.009324730 0.047191381 0.995767593
1341845848.735781 0.008678788 0.001351176 -0.009181628 -0.076951094 -0.008746072 0.048287641 0.995826483
1341845848.771647 0.008678853 0.001350678 -0.009181839 -0.075490758 -0.008060870 0.049390536 0.995889902
1341845848.803783 0.008678854 0.001350573 -0.009181822 -0.073359728 -0.006636340 0.049856838 0.996036470
1341845848.839757 0.008678952 0.001351007 -0.009181802 -0.071304426 -0.005135735 0.050256699 0.996174455
1341845848.871829 0.008678981 0.001351374 -0.009181796 -0.069172837 -0.003708542 0.050720640 0.996307611
1341845848.903622 0.008679219 0.001351602 -0.009181911 -0.067072287 -0.002306570 0.051236361 0.996429026
1341845848.940608 0.008679753 0.001350826 -0.009181646 -0.064896144 -0.000891383 0.051742066 0.996549249
1341845848.972843 0.008679770 0.001350873 -0.009181807 -0.061851524 0.001665993 0.052537873 0.996700227
1341845849.008613 0.008679696 0.001351019 -0.009181673 -0.058805790 0.004223351 0.053332850 0.996834815
1341845849.072005 0.008679958 0.001350872 -0.009181500 -0.055758506 0.006780625 0.054126572 0.996953011
1341845849.133777 0.008680296 0.001351534 -0.009181205 -0.052767526 0.009327871 0.054652583 0.997066557
1341845849.165908 0.008680372 0.001351831 -0.009181039 -0.049792044 0.011946250 0.055546243 0.997142255
1341845849.201651 0.008680398 0.001351818 -0.009180937 -0.047623158 0.011429537 0.057477728 0.997144759
1341845849.233648 0.008680479 0.001351902 -0.009180968 -0.046282634 0.012293975 0.058723807 0.997125030
1341845849.265690 0.008680546 0.001352101 -0.009180911 -0.044980701 0.013137489 0.060066160 0.997093856
1341845849.301701 0.008680443 0.001352621 -0.009180767 -0.043695547 0.013884392 0.061446831 0.997056782
1341845849.333730 0.008680381 0.001352748 -0.009180666 -0.042995803 0.012542374 0.062654242 0.997029841
1341845849.369727 0.008680405 0.001352903 -0.009180581 -0.042296279 0.011200049 0.063860960 0.996999204
1341845849.401811 0.008680403 0.001353068 -0.009180321 -0.041547365 0.009916719 0.064974643 0.996972322
1341845849.433692 0.008680436 0.001353064 -0.009180315 -0.040674869 0.009830410 0.064873360 0.997015715
1341845849.469648 0.008680457 0.001353181 -0.009180265 -0.039802589 0.009743712 0.064771697 0.997058392
1341845849.501641 0.008680398 0.001353268 -0.009180170 -0.038930662 0.009656948 0.064669773 0.997100294
1341845849.533689 0.008680479 0.001353413 -0.009179951 -0.038074214 0.009475016 0.064594038 0.997139990
1341845849.569780 0.008680490 0.001353573 -0.009179899 -0.037202999 0.009387552 0.064491808 0.997180343
1341845849.601759 0.008680508 0.001353753 -0.009179709 -0.036332242 0.009300078 0.064389333 0.997219861
1341845849.637837 0.008680697 0.001353788 -0.009179738 -0.035462163 0.009212627 0.064286895 0.997258604
1341845849.669719 0.008680918 0.001353975 -0.009179481 -0.034621768 0.009175075 0.064213440 0.997293234
1341845849.701927 0.008681043 0.001354084 -0.009179438 -0.033755172 0.009090811 0.064110853 0.997330308
1341845849.737804 0.008681248 0.001354267 -0.009179454 -0.032888804 0.009006851 0.064007699 0.997366667
1341845849.769688 0.008681363 0.001354363 -0.009179076 -0.032006677 0.008972557 0.063966945 0.997398257
1341845849.805874 0.008681195 0.001354394 -0.009178937 -0.031141030 0.008888834 0.063864164 0.997433007
1341845849.838002 0.008681209 0.001354509 -0.009179048 -0.030275552 0.008804942 0.063761033 0.997466981
1341845849.873756 0.008681282 0.001354808 -0.009178925 -0.029410129 0.008720957 0.063657306 0.997500241
1341845849.905773 0.008681177 0.001355031 -0.009178444 -0.028552365 0.008615618 0.063556269 0.997532487
1341845849.942380 0.008681255 0.001355005 -0.009178514 -0.027686425 0.008531957 0.063451260 0.997564316
1341845849.969808 0.008681522 0.001355137 -0.009178516 -0.026820593 0.008452492 0.063345149 0.997595429
1341845850.006040 0.008681477 0.001355291 -0.009178268 -0.025954891 0.008372944 0.063238710 0.997625709
1341845850.038041 0.008681401 0.001355386 -0.009178146 -0.025089091 0.008293155 0.063131653 0.997655332
1341845850.073843 0.008681454 0.001355352 -0.009178101 -0.024223221 0.008213450 0.063023932 0.997684181
1341845850.137727 0.008681200 0.001355729 -0.009177587 -0.023306664 0.008148758 0.062787928 0.997721434
1341845850.173748 0.008680978 0.001355879 -0.009177389 -0.022441037 0.008067107 0.062678330 0.997748852
1341845850.205888 0.008680874 0.001355916 -0.009177197 -0.021575509 0.007985326 0.062568270 0.997775495
1341845850.242190 0.008680751 0.001355996 -0.009177104 -0.020710085 0.007903275 0.062457923 0.997801423
1341845850.276369 0.008680542 0.001356175 -0.009176999 -0.019850533 0.007800106 0.062332861 0.997827530
1341845850.311979 0.008680460 0.001356284 -0.009176899 -0.018985758 0.007710950 0.062222671 0.997851908
1341845850.343827 0.008680300 0.001356548 -0.009176789 -0.018130412 0.007560140 0.062067952 0.997878611
1341845850.380151 0.008680281 0.001356698 -0.009176614 -0.017266130 0.007469669 0.061956730 0.997901499
1341845850.412359 0.008680367 0.001356673 -0.009176553 -0.016402101 0.007379004 0.061845131 0.997923672
1341845850.447279 0.008680532 0.001356731 -0.009176589 -0.015539194 0.007288290 0.061734378 0.997945011
1341845850.511722 0.008680823 0.001356453 -0.009176451 -0.014677147 0.007199313 0.061624803 0.997965455
1341845850.573894 0.008681055 0.001356336 -0.009176011 -0.013858784 0.007219358 0.061644480 0.997975826
1341845850.609794 0.008681102 0.001356256 -0.009175953 -0.012996227 0.007131604 0.061534747 0.997994840
1341845850.641744 0.008681030 0.001356338 -0.009175862 -0.012132158 0.007039870 0.061425325 0.998013139
1341845850.673755 0.008681044 0.001356274 -0.009175842 -0.011267569 0.006947822 0.061315596 0.998030663
1341845850.709784 0.008681202 0.001356351 -0.009175772 -0.010402574 0.006856150 0.061205413 0.998047411
1341845850.741802 0.008681126 0.001356307 -0.009175642 -0.009537497 0.006764522 0.061095335 0.998063445
1341845850.777740 0.008681065 0.001356330 -0.009175516 -0.008604040 0.006592179 0.060908128 0.998084545
1341845850.841900 0.008681077 0.001356394 -0.009175365 -0.007739139 0.006498561 0.060798410 0.998098910
1341845850.877766 0.008681044 0.001356494 -0.009175253 -0.006874982 0.006404946 0.060688663 0.998112500
1341845850.909781 0.008681122 0.001356598 -0.009175171 -0.006011365 0.006311591 0.060578950 0.998125374
1341845850.941758 0.008681154 0.001356850 -0.009174906 -0.005168197 0.006208707 0.060448308 0.998138607
1341845850.977762 0.008681108 0.001356892 -0.009174814 -0.004306129 0.006110510 0.060340893 0.998149812
1341845851.009834 0.008681078 0.001356933 -0.009174758 -0.003444317 0.006012123 0.060234115 0.998160243
1341845851.045751 0.008681117 0.001357149 -0.009174677 -0.002603356 0.005959160 0.060314395 0.998158216
1341845851.077894 0.008681187 0.001357134 -0.009174502 -0.001741266 0.005860623 0.060209092 0.998167038
1341845851.109747 0.008681157 0.001357157 -0.009174514 -0.000879141 0.005762050 0.060104642 0.998175085
1341845851.145889 0.008681011 0.001357480 -0.009174393 0.000006148 0.005649371 0.060057335 0.998178959
1341845851.177904 0.008681067 0.001357686 -0.009174249 0.000867578 0.005551154 0.059953317 0.998185396
1341845851.209882 0.008681066 0.001357914 -0.009174176 0.001728482 0.005452971 0.059849322 0.998191059
1341845851.251733 0.008680770 0.001358123 -0.009173983 0.002552335 0.005313481 0.059574056 0.998206496
1341845851.313813 0.008680990 0.001358001 -0.009173864 0.003412843 0.005215935 0.059469912 0.998210609
1341845851.345834 0.008680860 0.001357968 -0.009173832 0.004273155 0.005118264 0.059366170 0.998214006
1341845851.377718 0.008680727 0.001357764 -0.009173791 0.005174220 0.005028800 0.059356350 0.998210788
1341845851.413805 0.008680712 0.001357898 -0.009173795 0.006034085 0.004931034 0.059253324 0.998212516
1341845851.445896 0.008680450 0.001358218 -0.009173607 0.006874428 0.004827943 0.059115607 0.998215795
1341845851.478163 0.008680334 0.001358247 -0.009173580 0.007331680 0.003154920 0.059333310 0.998206317
1341845851.514640 0.008680467 0.001358429 -0.009173525 0.007788590 0.001481682 0.059550803 0.998193800
1341845851.546201 0.008680622 0.001358674 -0.009173354 0.008245679 -0.000198147 0.059777047 0.998177707
1341845851.581975 0.008680758 0.001358714 -0.009173269 0.008702010 -0.001870935 0.059995219 0.998158991
1341845851.616214 0.008681061 0.001358492 -0.009173255 0.009131490 -0.003504305 0.060261946 0.998134673
1341845851.681977 0.008681025 0.001358603 -0.009173173 0.009587216 -0.005176627 0.060482714 0.998109758
1341845851.714139 0.008681218 0.001358511 -0.009173106 0.010042280 -0.006846392 0.060704835 0.998081744
1341845851.745927 0.008681150 0.001358637 -0.009172970 0.010463272 -0.008494359 0.060940780 0.998050392
1341845851.781911 0.008681175 0.001358655 -0.009172945 0.010916447 -0.010163423 0.061166134 0.998016119
1341845851.813848 0.008681409 0.001358682 -0.009172927 0.011401064 -0.011852522 0.061381985 0.997978806
1341845851.849910 0.008681555 0.001358805 -0.009172860 0.011857927 -0.013490220 0.061583664 0.997940302
1341845851.881832 0.008681636 0.001358641 -0.009172812 0.012310784 -0.015157552 0.061808307 0.997896969
1341845851.913735 0.008681985 0.001358526 -0.009172929 0.012763775 -0.016824547 0.062032491 0.997850657
1341845851.949904 0.008682115 0.001358712 -0.009172773 0.013216693 -0.018491225 0.062255725 0.997801363
1341845851.982005 0.008682247 0.001358508 -0.009172845 0.013688547 -0.020214938 0.062448885 0.997749507
1341845852.017909 0.008682767 0.001358625 -0.009172865 0.014158634 -0.021853322 0.062613234 0.997698128
1341845852.050012 0.008683058 0.001358746 -0.009172896 0.014611238 -0.023519475 0.062833466 0.997639835
1341845852.082035 0.008683501 0.001358797 -0.009172734 0.015041762 -0.025183689 0.062951870 0.997585356
1341845852.121076 0.008683854 0.001358801 -0.009172754 0.015493794 -0.026849292 0.063170642 0.997521162
1341845852.163838 0.008684299 0.001358955 -0.009172709 0.015923215 -0.028467571 0.063438594 0.997452557
1341845852.190660 0.008684389 0.001358897 -0.009172746 0.015995704 -0.027249398 0.063397534 0.997488022
1341845852.223981 0.008684299 0.001358908 -0.009172774 0.016067894 -0.026031407 0.063356765 0.997521996
1341845852.286726 0.008684183 0.001358802 -0.009172990 0.016143044 -0.024926605 0.063447148 0.997543216
1341845852.349834 0.008683867 0.001358877 -0.009173086 0.016214736 -0.023709234 0.063407108 0.997574329
1341845852.385657 0.008683621 0.001358802 -0.009173283 0.016295223 -0.022387575 0.063379273 0.997605324
1341845852.417731 0.008683459 0.001358840 -0.009173509 0.015465398 -0.022823887 0.064161725 0.997558594
1341845852.449741 0.008683497 0.001358838 -0.009173509 0.014635365 -0.023259580 0.064943790 0.997510493
1341845852.485861 0.008683409 0.001358851 -0.009173652 0.013805360 -0.023695009 0.065725416 0.997460842
1341845852.517876 0.008683213 0.001358993 -0.009173739 0.012975217 -0.024130130 0.066506512 0.997409761
1341845852.553887 0.008683116 0.001358739 -0.009173851 0.012145217 -0.024565376 0.067287214 0.997357249
1341845852.617891 0.008682821 0.001358798 -0.009174125 0.011323905 -0.025053049 0.068027548 0.997304559
1341845852.653840 0.008682792 0.001358754 -0.009174272 0.010493225 -0.025486730 0.068805858 0.997249246
1341845852.685926 0.008682812 0.001358777 -0.009174406 0.009646241 -0.025819045 0.069448091 0.997204721
1341845852.717821 0.008682717 0.001358728 -0.009174489 0.008815072 -0.026251538 0.070224352 0.997146785
1341845852.753958 0.008682736 0.001358653 -0.009174667 0.007984033 -0.026684076 0.071000636 0.997087300
1341845852.785766 0.008682989 0.001358776 -0.009174797 0.007154675 -0.027190594 0.071939468 0.997012615
1341845852.822784 0.008682947 0.001358685 -0.009174916 0.006323722 -0.027623443 0.072715521 0.996950030
1341845852.853750 0.008682976 0.001358671 -0.009175063 0.005492748 -0.028056089 0.073491253 0.996886015
1341845852.885924 0.008683185 0.001358670 -0.009175164 0.004661830 -0.028488522 0.074266411 0.996820509
1341845852.921581 0.008683236 0.001358604 -0.009175228 0.003825708 -0.028927589 0.075017549 0.996755183
1341845852.953977 0.008683383 0.001358493 -0.009175341 0.002995291 -0.029359244 0.075791925 0.996686816
1341845852.989721 0.008683584 0.001358256 -0.009175517 0.002176635 -0.029676048 0.076492712 0.996626019
1341845853.021716 0.008683339 0.001358457 -0.009175687 0.001345242 -0.030110158 0.077264532 0.996554971
1341845853.053750 0.008683184 0.001358338 -0.009175842 0.000487213 -0.030652212 0.077970043 0.996484220
1341845853.089814 0.008683230 0.001358396 -0.009176091 -0.000344708 -0.031086540 0.078739144 0.996410370
1341845853.121864 0.008683070 0.001358516 -0.009176060 -0.001177749 -0.031520374 0.079507127 0.996335089
1341845853.159690 0.008683127 0.001358226 -0.009176180 -0.002011673 -0.031955119 0.080273643 0.996258497
1341845853.195824 0.008683177 0.001358064 -0.009176404 -0.002842573 -0.032389928 0.081039101 0.996180475
1341845853.227731 0.008683093 0.001358105 -0.009176519 -0.003673359 -0.032824446 0.081803747 0.996101022
1341845853.263703 0.008683220 0.001357914 -0.009176609 -0.004460797 -0.033262316 0.082565382 0.996020436
1341845853.296490 0.008683309 0.001357803 -0.009176743 -0.003799042 -0.032924462 0.082423806 0.996046126
1341845853.327753 0.008683160 0.001357771 -0.009176994 -0.003136986 -0.032588303 0.082282335 0.996071160
1341845853.363891 0.008683077 0.001357768 -0.009177156 -0.002475172 -0.032252327 0.082140386 0.996095717
1341845853.395726 0.008683226 0.001357674 -0.009177301 -0.001823355 -0.031934567 0.082030170 0.996116400
1341845853.463774 0.008682940 0.001357749 -0.009177518 -0.001151449 -0.031582199 0.081858367 0.996142805
1341845853.525799 0.008682903 0.001357936 -0.009177749 -0.000490654 -0.031246947 0.081715286 0.996165633
1341845853.557770 0.008682708 0.001357921 -0.009177908 0.000169543 -0.030911861 0.081571870 0.996187985
1341845853.589705 0.008682576 0.001357938 -0.009178126 0.000792637 -0.030581241 0.081441335 0.996208549
1341845853.625908 0.008682652 0.001358003 -0.009178308 0.000021868 -0.031827826 0.081678353 0.996150434
1341845853.657783 0.008682631 0.001357954 -0.009178423 -0.000748923 -0.033074684 0.081915148 0.996090055
1341845853.689930 0.008682791 0.001357660 -0.009178613 -0.001519125 -0.034320991 0.082152046 0.996027470
1341845853.725779 0.008683100 0.001357554 -0.009178917 -0.002299087 -0.035577990 0.082391314 0.995962143
1341845853.757962 0.008683202 0.001357505 -0.009178985 -0.003068265 -0.036822382 0.082627960 0.995895207
1341845853.793750 0.008683364 0.001357265 -0.009179258 -0.003832904 -0.038027167 0.082961194 0.995819628
1341845853.825783 0.008683591 0.001357461 -0.009179347 -0.004601848 -0.039270546 0.083197773 0.995748341
1341845853.857700 0.008683595 0.001357456 -0.009179549 -0.005370609 -0.040513363 0.083434194 0.995674968
1341845853.893805 0.008683428 0.001357056 -0.009179622 -0.006129732 -0.041735861 0.083577119 0.995608032
1341845853.925836 0.008683410 0.001357088 -0.009179785 -0.007497638 -0.042034909 0.082275324 0.995694518
1341845853.957735 0.008683522 0.001357135 -0.009180039 -0.008865528 -0.042333405 0.080972500 0.995777428
1341845853.993852 0.008683485 0.001356832 -0.009179941 -0.010231916 -0.042631786 0.079669915 0.995856702
1341845854.025830 0.008683514 0.001356525 -0.009180170 -0.011598876 -0.042932022 0.078370340 0.995931923
1341845854.061903 0.008683650 0.001356683 -0.009180300 -0.012964225 -0.043226954 0.077065662 0.996004105
1341845854.093760 0.008683695 0.001356584 -0.009180223 -0.014329212 -0.043521810 0.075760014 0.996072769
1341845854.125736 0.008683472 0.001356354 -0.009180496 -0.015693374 -0.043816965 0.074454479 0.996137679
1341845854.161837 0.008683276 0.001356301 -0.009180563 -0.016988236 -0.044153452 0.073093638 0.996202350
1341845854.193844 0.008683286 0.001356395 -0.009180730 -0.019527374 -0.042138301 0.070486754 0.996430933
1341845854.229884 0.008683154 0.001356215 -0.009180672 -0.022119960 -0.040126558 0.068053290 0.996629000
1341845854.261692 0.008683089 0.001356025 -0.009180846 -0.024639679 -0.041682411 0.068380594 0.996483564
1341845854.293781 0.008683121 0.001356018 -0.009180920 -0.025892885 -0.041428804 0.070238516 0.996333182
1341845854.330249 0.008683282 0.001356089 -0.009181092 -0.027142042 -0.041118596 0.072074674 0.996181607
1341845854.361687 0.008683160 0.001356204 -0.009181097 -0.028402770 -0.040916879 0.073949166 0.996017396
1341845854.393726 0.008683239 0.001356065 -0.009181264 -0.029650606 -0.040613860 0.075790338 0.995854974
1341845854.429762 0.008683355 0.001356052 -0.009181504 -0.030471522 -0.039640214 0.077096283 0.995769203
1341845854.462072 0.008683425 0.001356116 -0.009181504 -0.031292114 -0.038665734 0.078401566 0.995680153
1341845854.497796 0.008683362 0.001355733 -0.009181230 -0.032093968 -0.037708752 0.079659939 0.995591462
1341845854.529719 0.008683369 0.001355511 -0.009181459 -0.032909781 -0.036734935 0.080962747 0.995496094
1341845854.561884 0.008683382 0.001355574 -0.009181508 -0.033725064 -0.035762116 0.082263306 0.995397627
1341845854.597860 0.008683124 0.001355512 -0.009181441 -0.034523446 -0.034876186 0.083411574 0.995306134
1341845854.629736 0.008682831 0.001355447 -0.009181668 -0.035343517 -0.033890136 0.084675722 0.995204628
1341845854.662835 0.008682783 0.001355466 -0.009181677 -0.035132971 -0.034070026 0.083831638 0.995277405
1341845854.697815 0.008682864 0.001355423 -0.009181698 -0.034933474 -0.034200147 0.082926601 0.995355785
1341845854.729806 0.008682841 0.001355186 -0.009181672 -0.034720033 -0.034353852 0.082050331 0.995430589
1341845854.765688 0.008682818 0.001355041 -0.009181905 -0.034504291 -0.034507826 0.081172213 0.995504737
1341845854.797997 0.008682936 0.001355089 -0.009181895 -0.034253985 -0.034640234 0.080264397 0.995582402
1341845854.829779 0.008682891 0.001355098 -0.009181902 -0.034034442 -0.034798171 0.079385422 0.995654881
1341845854.865670 0.008682774 0.001355033 -0.009182079 -0.033814091 -0.034958225 0.078504942 0.995726585
1341845854.897712 0.008682802 0.001355351 -0.009182433 -0.033638727 -0.035090242 0.077632956 0.995796263
1341845854.930302 0.008682923 0.001355371 -0.009182297 -0.034349177 -0.034238096 0.076086797 0.995921016
1341845854.965801 0.008682841 0.001355235 -0.009182420 -0.035059936 -0.033385694 0.074541010 0.996042073
1341845854.997629 0.008682766 0.001355114 -0.009182457 -0.035775341 -0.032588705 0.073039196 0.996154308
1341845855.033841 0.008682881 0.001355166 -0.009182514 -0.036485963 -0.031734888 0.071494624 0.996268153
1341845855.065777 0.008682750 0.001354977 -0.009182532 -0.037203837 -0.030870454 0.070053153 0.996371150
1341845855.097795 0.008682737 0.001354895 -0.009182653 -0.038893130 -0.034442164 0.070547789 0.996154666
1341845855.133841 0.008682885 0.001354873 -0.009182768 -0.040581737 -0.038013082 0.071041830 0.995922267
1341845855.165831 0.008683156 0.001354827 -0.009182777 -0.042270064 -0.041515462 0.071509011 0.995678723
1341845855.201780 0.008683103 0.001354707 -0.009182583 -0.043955747 -0.045084227 0.072001718 0.995414972
1341845855.233747 0.008683106 0.001354616 -0.009182944 -0.045551419 -0.048704423 0.072377518 0.995145440
1341845855.265823 0.008683097 0.001354618 -0.009182918 -0.045443337 -0.048552990 0.071603261 0.995213807
1341845855.301716 0.008683115 0.001354459 -0.009182907 -0.045331750 -0.048400577 0.070832238 0.995281458
1341845855.333726 0.008682868 0.001354085 -0.009183099 -0.045328841 -0.048184626 0.070280649 0.995331168
1341845855.365773 0.008682849 0.001354027 -0.009183114 -0.045726657 -0.049448378 0.071778648 0.995144069
1341845855.401892 0.008682891 0.001354008 -0.009183156 -0.046095517 -0.048957735 0.073434368 0.995030522
1341845855.433652 0.008682836 0.001353766 -0.009183289 -0.046350114 -0.048485849 0.075047873 0.994921386
1341845855.469817 0.008682764 0.001353775 -0.009183312 -0.045497928 -0.049836531 0.077145264 0.994733572
1341845855.502750 0.008682780 0.001353823 -0.009183354 -0.044644613 -0.051187191 0.079241395 0.994538844
1341845855.533846 0.008683040 0.001353857 -0.009183535 -0.043828987 -0.052569147 0.081235364 0.994342148
1341845855.569986 0.008683081 0.001353976 -0.009183560 -0.042812113 -0.052792165 0.081778795 0.994330108
1341845855.601707 0.008682904 0.001353828 -0.009183483 -0.041794565 -0.053015955 0.082321472 0.994316697
1341845855.633953 0.008682791 0.001353752 -0.009183645 -0.040773079 -0.053242072 0.082859844 0.994302332
1341845855.669628 0.008682771 0.001353954 -0.009183801 -0.039750673 -0.053467534 0.083393879 0.994286954
1341845855.701786 0.008682587 0.001354085 -0.009183815 -0.038736518 -0.053685468 0.083843172 0.994277477
1341845855.737762 0.008682549 0.001354099 -0.009183784 -0.036318537 -0.055332568 0.083115578 0.994339526
1341845855.769674 0.008682530 0.001354292 -0.009183927 -0.033902679 -0.056982324 0.082386889 0.994392276
1341845855.802152 0.008682491 0.001354556 -0.009183820 -0.031487677 -0.058632068 0.081656776 0.994436026
1341845855.837801 0.008682609 0.001354864 -0.009183913 -0.029101525 -0.060277656 0.080943286 0.994468629
1341845855.869788 0.008682678 0.001354811 -0.009183961 -0.027999081 -0.060550928 0.079864137 0.994570911
1341845855.901958 0.008682655 0.001354885 -0.009184068 -0.026900955 -0.060822450 0.078786038 0.994670630
1341845855.937711 0.008682731 0.001354958 -0.009184112 -0.025804946 -0.061093386 0.077708580 0.994767845
1341845855.969840 0.008682933 0.001354973 -0.009184214 -0.024716653 -0.061339661 0.076678552 0.994860291
1341845856.038077 0.008683049 0.001355063 -0.009184263 -0.023622522 -0.061609261 0.075603023 0.994952500
1341845856.069815 0.008683207 0.001355103 -0.009184555 -0.022526998 -0.061889313 0.074652582 0.995032251
1341845856.105773 0.008683186 0.001355218 -0.009184643 -0.024564499 -0.061704125 0.075178750 0.994955957
1341845856.137725 0.008683107 0.001355222 -0.009184606 -0.026603481 -0.061521031 0.075706683 0.994874835
1341845856.169966 0.008683142 0.001355234 -0.009184768 -0.028643435 -0.061337445 0.076234937 0.994789183
1341845856.205833 0.008683194 0.001355377 -0.009184835 -0.030683765 -0.061153471 0.076763481 0.994699001
1341845856.237587 0.008683120 0.001355315 -0.009184717 -0.032754373 -0.060975429 0.077315815 0.994601130
1341845856.273683 0.008683117 0.001355230 -0.009184802 -0.034794632 -0.060791068 0.077844724 0.994501889
1341845856.305723 0.008683201 0.001355160 -0.009184770 -0.036834303 -0.060605489 0.078373857 0.994398177
1341845856.337653 0.008683222 0.001355067 -0.009184852 -0.038873427 -0.060419645 0.078903340 0.994289994
1341845856.373714 0.008683122 0.001354762 -0.009184902 -0.040911417 -0.060233690 0.079433776 0.994177282
1341845856.405678 0.008683066 0.001354432 -0.009184920 -0.042948987 -0.060047943 0.079965115 0.994059980
1341845856.441799 0.008683068 0.001354422 -0.009184984 -0.044986080 -0.059862170 0.080496795 0.993938148
1341845856.473680 0.008682992 0.001354095 -0.009185196 -0.046994306 -0.059678033 0.081004746 0.993815005
1341845856.505768 0.008682949 0.001353958 -0.009185206 -0.047576230 -0.061013341 0.081650898 0.993653357
1341845856.541718 0.008683219 0.001354112 -0.009185308 -0.048158359 -0.062345382 0.082294069 0.993489563
1341845856.573678 0.008683390 0.001354161 -0.009185185 -0.048740014 -0.063676357 0.082936108 0.993323386
1341845856.605758 0.008683387 0.001353986 -0.009185142 -0.049321394 -0.065006822 0.083577678 0.993154705
1341845856.641782 0.008683604 0.001353878 -0.009185121 -0.049902625 -0.066336922 0.084218554 0.992983580
1341845856.673977 0.008683978 0.001353840 -0.009185254 -0.050483614 -0.067666627 0.084858567 0.992810011
1341845856.709876 0.008684121 0.001354038 -0.009185160 -0.051061034 -0.068955593 0.085503668 0.992636383
1341845856.741736 0.008684127 0.001353932 -0.009184993 -0.049407948 -0.070755742 0.087034434 0.992460310
1341845856.773960 0.008684553 0.001354027 -0.009185335 -0.047735829 -0.072591156 0.088463947 0.992283225
1341845856.809797 0.008684769 0.001354550 -0.009185401 -0.046083506 -0.074384607 0.089988418 0.992091417
1341845856.841746 0.008684714 0.001354694 -0.009185404 -0.044431135 -0.076177284 0.091509223 0.991891623
1341845856.873762 0.008684876 0.001355096 -0.009185267 -0.042773739 -0.077956840 0.092935137 0.991693616
1341845856.915904 0.008685072 0.001355574 -0.009185274 -0.041120745 -0.079748191 0.094449669 0.991477966
1341845856.977900 0.008685251 0.001355986 -0.009185227 -0.039492980 -0.081523485 0.095998444 0.991250992
1341845857.009735 0.008685315 0.001355924 -0.009185313 -0.039301999 -0.081538513 0.097333997 0.991127074
1341845857.041737 0.008685363 0.001355841 -0.009185283 -0.039110970 -0.081551872 0.098668486 0.991001606
1341845857.077896 0.008685494 0.001355876 -0.009185357 -0.038919903 -0.081564330 0.100001849 0.990874410
1341845857.109633 0.008685465 0.001356048 -0.009185482 -0.038729332 -0.081575342 0.101331837 0.990745842
1341845857.141583 0.008685446 0.001356281 -0.009185468 -0.038523771 -0.081608482 0.102566049 0.990624130
1341845857.178255 0.008685487 0.001356394 -0.009185513 -0.037915077 -0.079162054 0.100814760 0.991025805
1341845857.209846 0.008685413 0.001356476 -0.009185587 -0.037302095 -0.076741166 0.099059999 0.991416395
1341845857.245767 0.008685341 0.001356437 -0.009185644 -0.037730299 -0.076944813 0.097292446 0.991559446
1341845857.277737 0.008685442 0.001356313 -0.009185618 -0.038158093 -0.077148341 0.095524110 0.991699159
1341845857.309994 0.008685569 0.001356191 -0.009185733 -0.038584381 -0.077349842 0.093755178 0.991835773
1341845857.345862 0.008685572 0.001356127 -0.009185799 -0.039003670 -0.077572249 0.091976807 0.991968513
1341845857.377787 0.008685573 0.001355980 -0.009185709 -0.039437640 -0.077737987 0.090238705 0.992097974
1341845857.413693 0.008685591 0.001355866 -0.009185872 -0.039862037 -0.077938057 0.088469438 0.992224693
1341845857.445790 0.008685588 0.001355903 -0.009185923 -0.040973559 -0.079112887 0.087952167 0.992132425
1341845857.477853 0.008685566 0.001355823 -0.009185707 -0.042084478 -0.080287710 0.087435029 0.992037237
1341845857.513902 0.008685686 0.001355784 -0.009185834 -0.042062126 -0.079748832 0.086758032 0.992141068
1341845857.545992 0.008685607 0.001355807 -0.009185854 -0.042039324 -0.079209231 0.086081572 0.992244184
1341845857.577776 0.008685642 0.001355709 -0.009185773 -0.042015966 -0.078668825 0.085405849 0.992346525
1341845857.613882 0.008685887 0.001355403 -0.009185749 -0.042011593 -0.078117624 0.084791474 0.992442966
1341845857.646056 0.008686108 0.001355235 -0.009185756 -0.041988302 -0.077575080 0.084116951 0.992543936
1341845857.681834 0.008686327 0.001355188 -0.009185834 -0.041965209 -0.077031448 0.083443828 0.992644072
1341845857.713765 0.008686744 0.001354967 -0.009185762 -0.041950122 -0.076484032 0.082812823 0.992739856
1341845857.745825 0.008687115 0.001354705 -0.009185653 -0.041926406 -0.075934693 0.082139462 0.992838979
1341845857.781799 0.008687189 0.001354609 -0.009185796 -0.041902546 -0.075383380 0.081466109 0.992937446
1341845857.813817 0.008687258 0.001354688 -0.009185833 -0.041879043 -0.074831411 0.080792896 0.993035197
1341845857.846046 0.008687447 0.001354708 -0.009185934 -0.041855767 -0.074278906 0.080120020 0.993132174
1341845857.881939 0.008687454 0.001354839 -0.009185931 -0.041847371 -0.073691770 0.079490572 0.993226826
1341845857.913666 0.008687377 0.001354968 -0.009186127 -0.045100473 -0.073621713 0.079311512 0.993103981
1341845857.949845 0.008687297 0.001354982 -0.009186216 -0.048000101 -0.074654974 0.078461617 0.992958426
1341845857.982166 0.008687170 0.001354818 -0.009186018 -0.050896563 -0.075692616 0.077610470 0.992802501
1341845858.013803 0.008687046 0.001354670 -0.009186076 -0.053792227 -0.076730236 0.076758958 0.992636323
1341845858.050247 0.008687070 0.001354436 -0.009186269 -0.056670457 -0.077808104 0.075914979 0.992457211
1341845858.081715 0.008687134 0.001354462 -0.009186295 -0.059565622 -0.078843318 0.075063445 0.992270708
1341845858.113782 0.008687052 0.001354564 -0.009186299 -0.062461965 -0.079880245 0.074213274 0.992073596
1341845858.149725 0.008687070 0.001354541 -0.009186423 -0.065360129 -0.080917872 0.073364601 0.991865933
1341845858.181831 0.008687072 0.001354532 -0.009186410 -0.068281256 -0.081955120 0.072580084 0.991641641
1341845858.217730 0.008687072 0.001354349 -0.009186352 -0.070003860 -0.084427595 0.073199265 0.991268516
1341845858.281842 0.008687068 0.001354568 -0.009186519 -0.071324028 -0.083920628 0.072570294 0.991263688
1341845858.317768 0.008687008 0.001354484 -0.009186473 -0.071697257 -0.085533544 0.072220869 0.991124451
1341845858.349904 0.008686958 0.001354383 -0.009186577 -0.072069824 -0.087146848 0.071871653 0.990982294
1341845858.381855 0.008687153 0.001354453 -0.009186571 -0.072441898 -0.088757090 0.071521580 0.990837514
1341845858.417827 0.008687490 0.001354386 -0.009186531 -0.072813489 -0.090366393 0.071171120 0.990690053
1341845858.449872 0.008687627 0.001354083 -0.009186547 -0.073168866 -0.091946051 0.070809610 0.990544379
1341845858.485842 0.008687684 0.001354064 -0.009186598 -0.073538467 -0.093549125 0.070456401 0.990392089
1341845858.517682 0.008687815 0.001353988 -0.009186557 -0.073907502 -0.095150985 0.070102297 0.990237176
1341845858.549803 0.008687876 0.001353907 -0.009186559 -0.074275993 -0.096752085 0.069747753 0.990079463
1341845858.585823 0.008687988 0.001353799 -0.009186595 -0.074622825 -0.098344229 0.069296464 0.989928186
1341845858.618138 0.008688255 0.001353900 -0.009186633 -0.074990965 -0.099939808 0.068938725 0.989765525
1341845858.654134 0.008688482 0.001354020 -0.009186538 -0.075362533 -0.101522245 0.068526492 0.989604890
1341845858.685756 0.008688499 0.001353983 -0.009186557 -0.075730644 -0.103116110 0.068168469 0.989436686
1341845858.717690 0.008688710 0.001353945 -0.009186561 -0.076098546 -0.104708940 0.067810193 0.989265800
1341845858.753674 0.008689122 0.001354118 -0.009186584 -0.076466039 -0.106300846 0.067451343 0.989092231
1341845858.785618 0.008689338 0.001354317 -0.009186476 -0.076833442 -0.107891403 0.067093149 0.988915861
1341845858.817756 0.008689437 0.001354263 -0.009186345 -0.077198654 -0.109445691 0.066846453 0.988733292
1341845858.853864 0.008689410 0.001354176 -0.009186459 -0.076877654 -0.108056568 0.066358075 0.988943994
1341845858.885702 0.008689378 0.001354364 -0.009186410 -0.076558694 -0.106664166 0.065868765 0.989152610
1341845858.922000 0.008689210 0.001354439 -0.009186466 -0.076241150 -0.105273157 0.065379545 0.989358544
1341845858.954158 0.008689101 0.001354343 -0.009186448 -0.075923733 -0.103882670 0.064889707 0.989562213
1341845858.985944 0.008689187 0.001354377 -0.009186610 -0.075607844 -0.102492332 0.064398006 0.989763439
1341845859.021830 0.008689159 0.001354755 -0.009186842 -0.075316347 -0.101133235 0.063838378 0.989961684
1341845859.053720 0.008689098 0.001354832 -0.009186722 -0.076477572 -0.100741193 0.063036457 0.989964008
1341845859.085862 0.008689160 0.001354731 -0.009186789 -0.077639438 -0.100344032 0.062233362 0.989964783
1341845859.121873 0.008689235 0.001354844 -0.009186890 -0.078802742 -0.099944629 0.061429989 0.989963412
1341845859.153800 0.008689290 0.001354950 -0.009186827 -0.079986319 -0.099522687 0.060638089 0.989959836
1341845859.189853 0.008689306 0.001354789 -0.009186856 -0.081148997 -0.099122323 0.059833810 0.989954293
1341845859.221654 0.008689363 0.001354696 -0.009186815 -0.082311071 -0.098721281 0.059028599 0.989946783
1341845859.253689 0.008689487 0.001354777 -0.009186915 -0.083440997 -0.098335482 0.058160122 0.989941955
1341845859.289745 0.008689555 0.001354879 -0.009186863 -0.084601186 -0.097929537 0.057346623 0.989931226
1341845859.321911 0.008689550 0.001354734 -0.009186866 -0.085744008 -0.097511597 0.056504775 0.989922583
1341845859.353758 0.008689674 0.001354586 -0.009186883 -0.086899310 -0.097099632 0.055683970 0.989908814
1341845859.389950 0.008689854 0.001354428 -0.009186871 -0.088053793 -0.096686982 0.054861471 0.989893138
1341845859.421715 0.008690016 0.001354304 -0.009186863 -0.089207046 -0.096274167 0.054036576 0.989875436
1341845859.457807 0.008690264 0.001354278 -0.009186751 -0.090359561 -0.095860861 0.053209946 0.989855826
1341845859.489859 0.008690436 0.001354193 -0.009186732 -0.091511749 -0.095447138 0.052382357 0.989834070
1341845859.521735 0.008690503 0.001353961 -0.009186759 -0.092673831 -0.095040008 0.051572122 0.989807665
1341845859.557712 0.008690666 0.001353695 -0.009186703 -0.093821809 -0.094622530 0.050741773 0.989782453
1341845859.589783 0.008690857 0.001353623 -0.009186752 -0.094969295 -0.094204642 0.049910687 0.989755154
1341845859.625646 0.008691080 0.001353471 -0.009186692 -0.096116349 -0.093786173 0.049078908 0.989725769
1341845859.657759 0.008691459 0.001353279 -0.009186712 -0.097256698 -0.093367830 0.048252374 0.989694536
1341845859.689869 0.008691567 0.001353134 -0.009186634 -0.098402530 -0.092947617 0.047420025 0.989661038
1341845859.725812 0.008691614 0.001352581 -0.009186646 -0.099547893 -0.092526607 0.046588439 0.989625454
1341845859.757824 0.008691864 0.001352276 -0.009186586 -0.100692965 -0.092105076 0.045757003 0.989587724
1341845859.789818 0.008692008 0.001352052 -0.009186311 -0.101837918 -0.091682948 0.044926029 0.989547849
1341845859.825831 0.008691907 0.001351529 -0.009186176 -0.102993429 -0.091246791 0.044135783 0.989504158
1341845859.857647 0.008691922 0.001350990 -0.009186101 -0.104137532 -0.090822957 0.043307282 0.989459991
1341845859.893646 0.008692051 0.001350839 -0.009186167 -0.105281353 -0.090398774 0.042479374 0.989413679
1341845859.925740 0.008692021 0.001350775 -0.009186144 -0.106424816 -0.089974336 0.041652013 0.989365220
1341845859.957775 0.008691808 0.001350599 -0.009186141 -0.107559212 -0.089554295 0.040820632 0.989315271
1341845859.993847 0.008691596 0.001350094 -0.009186173 -0.108701058 -0.089129359 0.039993208 0.989262640
1341845860.025774 0.008691457 0.001349868 -0.009186246 -0.109842114 -0.088704169 0.039165549 0.989207923
1341845860.057745 0.008691023 0.001349515 -0.009186345 -0.110977456 -0.088281125 0.038336039 0.989151537
1341845860.093794 0.008690529 0.001349244 -0.009186324 -0.112116970 -0.087856568 0.037507862 0.989092588
1341845860.125763 0.008690273 0.001348906 -0.009186283 -0.113255769 -0.087432124 0.036678959 0.989031553
1341845860.161703 0.008690008 0.001348592 -0.009186422 -0.114393897 -0.087007582 0.035849247 0.988968432
1341845860.193724 0.008689423 0.001348307 -0.009186490 -0.115528904 -0.086589895 0.034997199 0.988903701
1341845860.225730 0.008689050 0.001347814 -0.009186476 -0.116658807 -0.086174741 0.034153599 0.988836765
1341845860.261716 0.008688965 0.001347785 -0.009186536 -0.114775397 -0.088107131 0.032115538 0.988955140
1341845860.294553 0.008688888 0.001347797 -0.009186438 -0.112013377 -0.092504077 0.030204114 0.988930583
1341845860.325872 0.008688894 0.001347545 -0.009186681 -0.109249078 -0.096899740 0.028305490 0.988875031
1341845860.361673 0.008688961 0.001347616 -0.009186648 -0.107202537 -0.099381842 0.025958339 0.988917112
1341845860.393714 0.008688906 0.001347444 -0.009186643 -0.105149209 -0.101867937 0.023625253 0.988943040
1341845860.429768 0.008688855 0.001347508 -0.009186881 -0.103096172 -0.104351200 0.021286961 0.988953412
1341845860.461780 0.008688687 0.001347730 -0.009186937 -0.101048097 -0.106834151 0.018967705 0.988946915
1341845860.493718 0.008688730 0.001347758 -0.009186910 -0.098995529 -0.109312765 0.016632486 0.988925636
1341845860.529831 0.008688779 0.001347903 -0.009186988 -0.096941933 -0.111789577 0.014298138 0.988888741
1341845860.567950 0.008688916 0.001348236 -0.009187113 -0.094888665 -0.114244886 0.011987392 0.988837957
1341845860.604131 0.008688959 0.001348337 -0.009187132 -0.095181227 -0.115512125 0.010818045 0.988676131
1341845860.638227 0.008689043 0.001348381 -0.009187156 -0.095476769 -0.116776235 0.009650135 0.988511205
1341845860.668441 0.008688969 0.001348370 -0.009187217 -0.095776476 -0.118037216 0.008486552 0.988343120
1341845860.706028 0.008688982 0.001348190 -0.009187080 -0.096078530 -0.119300306 0.007331431 0.988171339
1341845860.736338 0.008689085 0.001348123 -0.009187262 -0.096398473 -0.120565802 0.006200082 0.987994313
1341845860.772400 0.008689132 0.001348204 -0.009187315 -0.097980835 -0.124302574 0.007658123 0.987365186
1341845860.803824 0.008688972 0.001348204 -0.009187156 -0.099003866 -0.126508430 0.008990224 0.986971617
1341845860.871717 0.008688989 0.001348404 -0.009187347 -0.100448877 -0.129806817 0.010729250 0.986379802
1341845860.899176 0.008688924 0.001348232 -0.009187136 -0.101888619 -0.133100286 0.012468249 0.985772610
1341845860.929775 0.008688977 0.001348304 -0.009187145 -0.102436051 -0.133688778 0.013780514 0.985618711
1341845860.965899 0.008688904 0.001348341 -0.009187148 -0.102985561 -0.134268060 0.015084649 0.985463619
1341845860.997827 0.008688812 0.001348205 -0.009187055 -0.103524096 -0.134858474 0.016395966 0.985305607
1341845861.029961 0.008688806 0.001347943 -0.009187124 -0.104060300 -0.135449097 0.017706042 0.985145390
1341845861.065806 0.008688889 0.001348040 -0.009187085 -0.104594432 -0.136036679 0.019013274 0.984983504
1341845861.097631 0.008688990 0.001348034 -0.009186840 -0.105122730 -0.136632249 0.020308202 0.984818995
1341845861.133786 0.008689131 0.001347959 -0.009186728 -0.105656147 -0.137210920 0.021612518 0.984653652
1341845861.165622 0.008689323 0.001348041 -0.009186870 -0.106189385 -0.137788981 0.022916472 0.984486103
1341845861.197704 0.008689435 0.001348023 -0.009186565 -0.106722213 -0.138366193 0.024219489 0.984316289
1341845861.233683 0.008689689 0.001347882 -0.009186656 -0.107254378 -0.138942018 0.025521033 0.984144449
1341845861.265692 0.008689838 0.001347892 -0.009186517 -0.107785963 -0.139517173 0.026821624 0.983970404
1341845861.297700 0.008689867 0.001347721 -0.009186631 -0.108316846 -0.140091553 0.028121866 0.983794153
1341845861.333616 0.008690071 0.001347832 -0.009186506 -0.108847141 -0.140665442 0.029421007 0.983615756
1341845861.365694 0.008690177 0.001347758 -0.009186419 -0.109377034 -0.141238675 0.030718815 0.983435154
1341845861.407792 0.008690193 0.001347577 -0.009186546 -0.109899521 -0.141803414 0.032000791 0.983254731
1341845861.440894 0.008690208 0.001347621 -0.009186450 -0.110224873 -0.141605198 0.032517731 0.983229935
1341845861.472256 0.008690232 0.001347566 -0.009186439 -0.109137081 -0.141541228 0.031831212 0.983382940
1341845861.507634 0.008690165 0.001347628 -0.009186519 -0.108049825 -0.141478896 0.031143462 0.983533978
1341845861.539675 0.008690084 0.001347733 -0.009186349 -0.106962167 -0.141419768 0.030453814 0.983682930
1341845861.571790 0.008690165 0.001347750 -0.009186382 -0.105876409 -0.141360462 0.029761147 0.983830094
1341845861.607759 0.008690148 0.001347919 -0.009186371 -0.104791343 -0.141301066 0.029067151 0.983975589
1341845861.639739 0.008690118 0.001347916 -0.009186227 -0.103706636 -0.141241789 0.028372325 0.984119236
1341845861.671875 0.008690140 0.001347877 -0.009186291 -0.102622129 -0.141181797 0.027677029 0.984261334
1341845861.707829 0.008690113 0.001347784 -0.009186195 -0.101537630 -0.141121551 0.026981745 0.984401762
1341845861.739782 0.008690214 0.001347765 -0.009186408 -0.100453138 -0.141060576 0.026284177 0.984540582
1341845861.775717 0.008690440 0.001348078 -0.009186408 -0.099369638 -0.140997931 0.025568539 0.984678388
1341845861.807676 0.008690385 0.001348156 -0.009186230 -0.098285325 -0.140936941 0.024865357 0.984813929
1341845861.839701 0.008690211 0.001348072 -0.009186243 -0.097202480 -0.140882358 0.024161046 0.984946787
1341845861.875772 0.008690115 0.001348111 -0.009186342 -0.096120805 -0.140828848 0.023456104 0.985077560
1341845861.907742 0.008690105 0.001348243 -0.009186137 -0.095039360 -0.140775740 0.022750363 0.985206664
1341845861.939697 0.008689996 0.001348312 -0.009186138 -0.093957990 -0.140723020 0.022044605 0.985333920
1341845861.975661 0.008689807 0.001348243 -0.009186286 -0.092875630 -0.140667424 0.021341339 0.985459983
1341845862.007930 0.008689906 0.001348471 -0.009186288 -0.091794074 -0.140614927 0.020633971 0.985583842
1341845862.039647 0.008689946 0.001348492 -0.009185943 -0.090712555 -0.140562311 0.019926213 0.985706031
1341845862.075738 0.008690083 0.001348337 -0.009185985 -0.089631028 -0.140509576 0.019218789 0.985826552
1341845862.107644 0.008690321 0.001348282 -0.009186096 -0.088549435 -0.140456781 0.018511528 0.985945344
1341845862.143904 0.008690709 0.001348640 -0.009186158 -0.087470114 -0.140402153 0.017800385 0.986062527
1341845862.175702 0.008690706 0.001348789 -0.009185985 -0.088792957 -0.139522359 0.017852021 0.986068249
1341845862.207672 0.008690782 0.001348833 -0.009186263 -0.090118743 -0.138636872 0.017900677 0.986072004
1341845862.243827 0.008690869 0.001349139 -0.009186236 -0.091445133 -0.137750998 0.017946655 0.986073196
1341845862.275754 0.008690715 0.001349366 -0.009186013 -0.092771389 -0.136864677 0.017991722 0.986071885
1341845862.311739 0.008690500 0.001349152 -0.009185775 -0.094097637 -0.135978043 0.018036939 0.986068130
1341845862.343750 0.008690544 0.001348852 -0.009185845 -0.095424056 -0.135091305 0.018082233 0.986061692
1341845862.375792 0.008690756 0.001348685 -0.009185659 -0.096750423 -0.134202912 0.018128395 0.986052930
1341845862.411748 0.008690982 0.001348428 -0.009185554 -0.098076254 -0.133313373 0.018174874 0.986041725
1341845862.443696 0.008691186 0.001347983 -0.009185343 -0.099400967 -0.132423446 0.018223848 0.986028075
1341845862.479688 0.008691366 0.001347520 -0.009185320 -0.100726239 -0.131532863 0.018271580 0.986011922
1341845862.511723 0.008691732 0.001347384 -0.009185699 -0.102049515 -0.130635947 0.018325431 0.985994101
1341845862.543776 0.008691818 0.001347372 -0.009185619 -0.103370644 -0.129738986 0.018372957 0.985974014
1341845862.579869 0.008691723 0.001347339 -0.009185618 -0.102688104 -0.128460705 0.018539270 0.986209571
1341845862.611759 0.008691770 0.001347331 -0.009185625 -0.102004796 -0.127176106 0.018706053 0.986443818
1341845862.647939 0.008691740 0.001347415 -0.009185757 -0.101984791 -0.123796947 0.018945945 0.986871064
1341845862.679727 0.008691632 0.001347502 -0.009185533 -0.101782329 -0.121833116 0.019955698 0.987116396
1341845862.712299 0.008691575 0.001347465 -0.009185698 -0.101578042 -0.119875140 0.020967871 0.987356186
1341845862.747743 0.008691614 0.001347622 -0.009185584 -0.101371266 -0.117917560 0.021978889 0.987591147
1341845862.779732 0.008691547 0.001347566 -0.009185528 -0.101162277 -0.115960084 0.022989782 0.987821281
1341845862.815767 0.008691380 0.001347423 -0.009185818 -0.100951158 -0.114003792 0.023995735 0.988046646
1341845862.847856 0.008691095 0.001347432 -0.009185857 -0.100740694 -0.112045109 0.025006415 0.988267124
1341845862.879714 0.008690814 0.001347413 -0.009185949 -0.100529432 -0.110086039 0.026016638 0.988482714
1341845862.915725 0.008690473 0.001347439 -0.009186150 -0.100311965 -0.108125143 0.027022054 0.988694251
1341845862.947913 0.008690401 0.001347449 -0.009186109 -0.099161327 -0.107964121 0.027394177 0.988817632
1341845862.983749 0.008690452 0.001347413 -0.009186310 -0.098261207 -0.106182307 0.027299056 0.989103019
1341845863.015854 0.008690394 0.001347591 -0.009186205 -0.097367197 -0.104404025 0.027207354 0.989383221
1341845863.048281 0.008690389 0.001347556 -0.009186205 -0.097790837 -0.105350353 0.027571000 0.989231050
1341845863.083795 0.008690537 0.001347478 -0.009186229 -0.097986475 -0.105515547 0.027019180 0.989209294
1341845863.115808 0.008690473 0.001347574 -0.009186050 -0.098182783 -0.105680458 0.026467349 0.989187181
1341845863.151916 0.008690458 0.001347491 -0.009186059 -0.098071471 -0.107134484 0.025915893 0.989056408
1341845863.183716 0.008690628 0.001347399 -0.009186246 -0.097962983 -0.108580247 0.025363343 0.988923788
1341845863.215844 0.008690771 0.001347425 -0.009186253 -0.097854741 -0.110023782 0.024811110 0.988788962
1341845863.251883 0.008690956 0.001347573 -0.009186277 -0.097746670 -0.111466326 0.024258958 0.988651752
1341845863.283627 0.008691109 0.001347639 -0.009186159 -0.097638421 -0.112908266 0.023706894 0.988512218
1341845863.315718 0.008691248 0.001347617 -0.009186101 -0.097530060 -0.114349499 0.023155522 0.988370299
