1341845822.559648 -0.006962596 -0.001934092 0.000415984 0.012928679 0.015228285 -0.004073962 0.999792159
1341845822.595852 -0.007386870 -0.002476518 0.000715563 0.012265266 0.014983051 -0.003685619 0.999805748
1341845822.627724 -0.008922990 -0.001732180 0.000999298 0.012125225 0.016234379 -0.003892246 0.999787092
1341845822.663716 -0.014481040 -0.004142394 0.002827669 0.010384864 0.018210985 -0.000682107 0.999779999
1341845822.695601 -0.009414632 -0.003597992 0.001590542 0.014147813 0.012817490 0.001966505 0.999815822
1341845822.731816 -0.016766872 -0.004263960 0.002840951 0.016686540 0.016291743 0.004433742 0.999718189
1341845822.763760 -0.017973101 -0.004327563 0.003365738 0.017356837 0.017100232 0.005391779 0.999688566
1341845822.789911 -0.016296195 -0.003729561 0.002383759 0.018094843 0.016136345 0.004665810 0.999695182
1341845822.825897 -0.017652145 -0.003800477 0.002615412 0.017176131 0.017798519 0.004702349 0.999682963
1341845822.859721 -0.021249164 -0.005014194 0.004016072 0.017242108 0.019696740 0.006094467 0.999638736
1341845822.889712 -0.022515517 -0.005314753 0.004016092 0.019309469 0.018703856 0.007727666 0.999608696
1341845822.925900 -0.020776436 -0.004860457 0.002580700 0.020626990 0.016083358 0.008108558 0.999624968
1341845822.957708 -0.020749731 -0.004973891 0.002694894 0.020792533 0.016424993 0.006678767 0.999626577
1341845822.989939 -0.023878196 -0.005885411 0.003630501 0.021264523 0.018953515 0.005326946 0.999580026
1341845823.025889 -0.024143182 -0.005986521 0.003996871 0.023283936 0.018700140 0.005514070 0.999538779
1341845823.057775 -0.024332847 -0.005634403 0.004723975 0.025079999 0.020129880 0.004939604 0.999470532
1341845823.093671 -0.024863834 -0.005595737 0.004719574 0.026445119 0.022651080 0.005292381 0.999379575
1341845823.125951 -0.026661675 -0.005177076 0.004627355 0.027533133 0.024824930 0.005957634 0.999294817
1341845823.157773 -0.027267847 -0.005601964 0.004899904 0.027986845 0.026154129 0.006427958 0.999245405
1341845823.193885 -0.028577473 -0.004728192 0.004809641 0.029046584 0.027066417 0.006273210 0.999191880
1341845823.225800 -0.029963018 -0.004627718 0.005030062 0.027259698 0.026374321 0.006141081 0.999261498
1341845823.261842 -0.029911548 -0.005599384 0.004397551 0.025949730 0.024948725 0.005664397 0.999335825
1341845823.293622 -0.030103980 -0.004151257 0.004049634 0.025966106 0.024761077 0.004867777 0.999344289
1341845823.325746 -0.030114198 -0.004393281 0.004790840 0.022350080 0.026785843 0.004016284 0.999383211
1341845823.361852 -0.031549811 -0.005990890 0.005548087 0.021115195 0.031014856 0.004477198 0.999285877
1341845823.394013 -0.029467804 -0.006092765 0.003712924 0.023293462 0.031833224 0.006219110 0.999202371
1341845823.426028 -0.031250913 -0.006125236 0.004142979 0.024716889 0.034310643 0.009898477 0.999056518
1341845823.461869 -0.030174095 -0.006076977 0.003422778 0.025845200 0.032651473 0.011108575 0.999070823
1341845823.493758 -0.030159350 -0.006153542 0.003430038 0.026112320 0.033233419 0.011290433 0.999042630
1341845823.529780 -0.032174960 -0.005606762 0.004369839 0.026480017 0.036623504 0.011890318 0.998907447
1341845823.561916 -0.034150403 -0.005656484 0.004839653 0.026676733 0.036726870 0.012844438 0.998886585
1341845823.593678 -0.036367636 -0.005591393 0.006256613 0.027178856 0.035039369 0.014298964 0.998913944
1341845823.629815 -0.034064669 -0.005951764 0.004116748 0.026594844 0.033008222 0.014966703 0.998989046
1341845823.661750 -0.035982396 -0.006284021 0.005075989 0.025825743 0.035278853 0.014596597 0.998937130
1341845823.695523 -0.038630616 -0.008495456 0.005684792 0.025885900 0.034862310 0.015576376 0.998935401
1341845823.729635 -0.040446136 -0.008613360 0.007277578 0.029968731 0.033008024 0.017028898 0.998860538
1341845823.761810 -0.040434103 -0.007726318 0.006350903 0.033089817 0.030540062 0.018211965 0.998819649
1341845823.797871 -0.042141017 -0.007395398 0.005951187 0.033535339 0.028668709 0.018332470 0.998858035
1341845823.829660 -0.043079291 -0.008017001 0.007091946 0.032690302 0.025320439 0.016342949 0.999011040
1341845823.861808 -0.041766193 -0.008561159 0.005342582 0.032926265 0.021211384 0.013640433 0.999139547
1341845823.897727 -0.043345373 -0.008395322 0.005364005 0.033237077 0.017694358 0.012388129 0.999214053
1341845823.929826 -0.043349251 -0.008588552 0.005374194 0.033090476 0.014428223 0.010876955 0.999289036
1341845823.961797 -0.047496002 -0.008248792 0.007166874 0.032371324 0.015831180 0.008003270 0.999318480
1341845823.998070 -0.044329856 -0.009178098 0.005103838 0.030163944 0.012981136 0.004560409 0.999450266
1341845824.029656 -0.045239743 -0.009245673 0.005471158 0.030853987 0.013263952 0.004741004 0.999424636
1341845824.065768 -0.045354892 -0.009023728 0.005211566 0.031009054 0.014493062 0.007230104 0.999387860
1341845824.097956 -0.042131849 -0.008012481 0.004003269 0.030428803 0.017082965 0.007928149 0.999359548
1341845824.130299 -0.035421088 -0.007726915 -0.002326170 0.025390273 0.026919510 0.006720799 0.999292493
1341845824.165751 -0.039255492 -0.006110389 0.005376732 0.021141961 0.045194592 0.007586857 0.998725653
1341845824.197930 -0.051939745 -0.010144123 0.008414664 0.016374964 0.056206729 0.008616573 0.998247683
1341845824.229907 -0.054062009 -0.011733367 0.008976055 0.019528661 0.057742745 0.007912939 0.998109102
1341845824.265800 -0.058753878 -0.010313774 0.010715399 0.023593681 0.057096668 0.010077341 0.998038948
1341845824.298080 -0.060388662 -0.011523078 0.009748097 0.024071265 0.049671009 0.010642531 0.998418808
1341845824.333783 -0.052528512 -0.012123528 0.005191711 0.025849437 0.039131857 0.008292369 0.998865187
1341845824.365821 -0.052122600 -0.011123843 0.004050306 0.029052820 0.039406046 0.007461405 0.998772919
1341845824.398039 -0.054442950 -0.010250869 0.004814036 0.028983084 0.040149089 0.006581645 0.998751581
1341845824.433843 -0.056384999 -0.011409972 0.004540454 0.027812416 0.037503254 0.006492441 0.998888254
1341845824.465921 -0.057150062 -0.012329726 0.004940104 0.028578598 0.033569101 0.010098257 0.998976648
1341845824.501802 -0.057390966 -0.011194846 0.004615332 0.029563246 0.031375922 0.015230869 0.998954237
1341845824.533723 -0.059005283 -0.010801487 0.004631789 0.027753115 0.029754803 0.019666608 0.998978317
1341845824.565735 -0.059806533 -0.011041395 0.004901942 0.025682660 0.027175525 0.023132659 0.999032915
1341845824.601758 -0.060152464 -0.011916839 0.004796439 0.024615893 0.025071528 0.026390566 0.999034047
1341845824.633861 -0.042716756 -0.008435823 0.001780288 0.025582500 0.014032202 0.028534630 0.999166846
1341845824.665789 -0.044004951 -0.009024380 0.002440521 0.024902780 0.012630560 0.031838745 0.999102890
1341845824.701769 -0.045744333 -0.009651758 0.002692266 0.025091177 0.010612652 0.034334756 0.999038994
1341845824.733585 -0.046670076 -0.009601822 0.002629036 0.026471069 0.008344567 0.036132224 0.998961508
1341845824.769643 -0.047790449 -0.007858897 0.002163560 0.026782362 0.007449046 0.037491024 0.998910248
1341845824.801632 -0.046804950 -0.008569052 0.000940293 0.021684244 0.003620355 0.036629282 0.999087095
1341845824.833654 -0.046792820 -0.010869352 0.000892221 0.021267999 0.000436411 0.035615843 0.999139130
1341845824.869926 -0.047282930 -0.010058215 0.001151192 0.025741305 0.000406605 0.037030648 0.998982489
1341845824.902071 -0.049370784 -0.008557347 0.000906974 0.026066387 0.000751787 0.037099794 0.998971283
1341845824.933752 -0.049158525 -0.010340158 0.001304237 0.024870254 0.000078339 0.034404572 0.999098480
1341845824.969855 -0.049571924 -0.009328785 0.000715809 0.026154200 0.001372141 0.032439638 0.999130487
1341845825.001907 -0.050136909 -0.009404306 0.000449104 0.024428988 0.004330704 0.032337278 0.999169052
1341845825.037975 -0.051653896 -0.010176969 0.001671240 0.023560526 0.008347666 0.030746518 0.999214590
1341845825.075793 -0.054470133 -0.012474945 0.001982529 0.024279796 0.009333210 0.031579986 0.999162674
1341845825.107881 -0.052319657 -0.012141723 0.002008290 0.030227995 0.007175100 0.034265324 0.998929799
1341845825.143675 -0.053103201 -0.010250032 0.001412903 0.034894027 0.009393428 0.032973688 0.998802722
1341845825.175707 -0.054923531 -0.010695729 0.001549726 0.035187017 0.011842005 0.029737853 0.998868048
1341845825.211865 -0.055821486 -0.010988339 0.001438062 0.036278199 0.012585774 0.028723359 0.998849571
1341845825.243814 -0.055575825 -0.012907648 0.001241802 0.036736537 0.013679876 0.029807486 0.998786688
1341845825.275795 -0.057074841 -0.011574686 0.001650698 0.040550776 0.015874363 0.031060096 0.998568416
1341845825.311665 -0.060877718 -0.012486832 0.001946170 0.040230732 0.016577922 0.031381998 0.998559892
1341845825.343650 -0.059329692 -0.010175613 0.002705314 0.042143896 0.013522619 0.033199739 0.998468220
1341845825.379771 -0.060900543 -0.010839562 0.002131290 0.039177030 0.014254256 0.033839237 0.998557389
1341845825.411924 -0.061785970 -0.011450141 0.002859842 0.039830483 0.013363929 0.035687424 0.998479545
1341845825.443786 -0.063550130 -0.009217899 0.000298590 0.038151726 0.011623365 0.035761811 0.998564184
1341845825.480278 -0.064630240 -0.010548320 0.001006225 0.033148907 0.008235875 0.038147546 0.998688161
1341845825.511636 -0.065019779 -0.010113378 0.000822570 0.032114800 0.004490581 0.040084843 0.998669982
1341845825.547911 -0.065794244 -0.009639801 0.001282216 0.030172009 0.002372643 0.041265987 0.998689711
1341845825.579744 -0.065762520 -0.010922959 0.001568569 0.028449513 0.000633885 0.045013752 0.998580992
1341845825.611784 -0.068676554 -0.011596321 0.003781306 0.029808268 0.001379666 0.048743617 0.998365462
1341845825.648004 -0.059021708 -0.010285165 0.001599620 0.031372312 -0.004783347 0.047072407 0.998387218
1341845825.679708 -0.060049072 -0.011074183 0.002373923 0.032431673 -0.002008598 0.046636291 0.998383284
1341845825.711937 -0.063459828 -0.010749258 0.001489340 0.033134919 -0.002240120 0.046612103 0.998360872
1341845825.747617 -0.062989011 -0.009471782 0.001773021 0.032744132 -0.005591829 0.044467647 0.998458385
1341845825.779688 -0.065191895 -0.009224613 0.001679508 0.030113460 -0.006219451 0.042437822 0.998625815
1341845825.815954 -0.065386385 -0.009504015 0.002213098 0.027394615 -0.009376896 0.040011644 0.998779595
1341845825.847829 -0.066165403 -0.009584306 0.001744109 0.025485715 -0.010032414 0.036666002 0.998952210
1341845825.879767 -0.067310527 -0.010804061 0.001982411 0.024073821 -0.012431540 0.037755515 0.998919666
1341845825.915646 -0.066840127 -0.010046915 0.002379207 0.024885124 -0.014325830 0.038696639 0.998838365
1341845825.947881 -0.068239458 -0.009693521 0.002370814 0.024286561 -0.013352648 0.039120067 0.998850107
1341845825.979700 -0.068536907 -0.010113759 0.002596549 0.023545725 -0.014890719 0.042595930 0.998703897
1341845826.015845 -0.069101021 -0.009770472 0.002090038 0.023623684 -0.015790576 0.044209465 0.998618126
1341845826.047945 -0.069706351 -0.010152219 0.002720169 0.022994764 -0.016021404 0.042986482 0.998682499
1341845826.079731 -0.071105964 -0.010361362 0.001798543 0.024219798 -0.015916141 0.045220077 0.998556554
1341845826.115655 -0.070469543 -0.010497188 0.002525746 0.023865106 -0.018681774 0.046820547 0.998443425
1341845826.147949 -0.070306450 -0.009787965 0.002205990 0.024898849 -0.018314335 0.041959770 0.998641074
1341845826.183767 -0.070975870 -0.009596065 0.002275436 0.023720749 -0.017718213 0.037224110 0.998868227
1341845826.215780 -0.071735740 -0.009654325 0.001863808 0.022259569 -0.018593691 0.035787661 0.998938441
1341845826.247732 -0.072340272 -0.009460716 0.001653863 0.022243027 -0.019039908 0.039935961 0.998773158
1341845826.283763 -0.073749840 -0.009770497 0.001554069 0.021140099 -0.020708298 0.045137279 0.998542368
1341845826.315658 -0.073478445 -0.009601808 0.002534906 0.021178847 -0.024292914 0.046834905 0.998382568
1341845826.347773 -0.074145578 -0.009497631 0.001221031 0.020207049 -0.025697684 0.047171868 0.998351693
1341845826.383718 -0.074995555 -0.010029233 0.001761666 0.018607721 -0.027872955 0.047750361 0.998296916
1341845826.415712 -0.075185098 -0.011156925 0.001740019 0.017890215 -0.030431369 0.050135970 0.998118341
1341845826.447806 -0.074202985 -0.010905463 0.001195926 0.019006075 -0.033277452 0.049581185 0.998034596
1341845826.483677 -0.074188948 -0.010187955 0.001136756 0.019288490 -0.033941373 0.049161002 0.998027623
1341845826.515677 -0.075041197 -0.010728500 0.000504659 0.018529389 -0.034631003 0.052427802 0.997852027
1341845826.551684 -0.073310554 -0.009992093 0.000475220 0.017834047 -0.036422670 0.051910039 0.997827947
1341845826.583716 -0.074634425 -0.010245632 0.000978660 0.016083969 -0.034742411 0.049110178 0.998059332
1341845826.615875 -0.070623629 -0.010463743 0.000571126 0.014459468 -0.039763335 0.051299263 0.997786641
1341845826.651722 -0.069363624 -0.010006377 0.000264515 0.014846452 -0.041415419 0.055453319 0.997491479
1341845826.683753 -0.070316866 -0.008871237 -0.000255835 0.012929317 -0.041115642 0.053844195 0.997618735
1341845826.715643 -0.069783911 -0.008699958 0.000024509 0.008842136 -0.042582937 0.049816441 0.997811019
1341845826.751884 -0.070303805 -0.008334591 0.000058501 0.005701621 -0.041714944 0.051493879 0.997785449
1341845826.783713 -0.070399106 -0.008063058 0.000612590 0.002686127 -0.042987987 0.053701453 0.997627676
1341845826.819713 -0.068518542 -0.006522888 -0.000247591 -0.000361656 -0.042352010 0.050950304 0.997802675
1341845826.851701 -0.070122540 -0.006777409 0.001915894 -0.005312100 -0.038019799 0.049843162 0.998019040
1341845826.884460 -0.070743561 -0.007669962 0.001785964 -0.007158160 -0.039359376 0.055897519 0.997634709
1341845826.919662 -0.068244591 -0.005656029 0.000737075 -0.008183072 -0.040378649 0.057008777 0.997523248
1341845826.945792 -0.068760894 -0.004512917 0.001112771 -0.016357593 -0.033711880 0.048789289 0.998106003
1341845826.981873 -0.071504921 -0.005530510 0.003625000 -0.020622466 -0.032750592 0.051049046 0.997945964
1341845827.013745 -0.075104676 -0.004532990 0.002417184 -0.020820813 -0.032179184 0.059379775 0.997499347
1341845827.045694 -0.067856461 -0.002663483 0.001125067 -0.025899999 -0.031834386 0.060751934 0.997308850
1341845827.082458 -0.070625000 -0.005205718 0.002334354 -0.035657618 -0.026031058 0.053265173 0.997604012
1341845827.113645 -0.076430216 -0.005063363 0.004306921 -0.036399886 -0.025639998 0.057444066 0.997355402
1341845827.145773 -0.068299830 -0.002259757 0.002706346 -0.035285145 -0.029992951 0.059356604 0.997162044
1341845827.182474 -0.068858147 -0.002587776 0.004424725 -0.040644139 -0.025585389 0.052863203 0.997446179
1341845827.213974 -0.075562775 -0.005256623 0.005170371 -0.041700788 -0.021702541 0.052224010 0.997528315
1341845827.251751 -0.069051072 -0.006098786 0.003820595 -0.038617838 -0.025141288 0.056348920 0.997347176
1341845827.282532 -0.067180306 -0.002534617 0.001924605 -0.039406784 -0.024094485 0.057426512 0.997280717
1341845827.313888 -0.068905398 -0.006281532 0.004253973 -0.048393652 -0.018536218 0.053369444 0.997229278
1341845827.349700 -0.069082774 -0.007133466 0.004415927 -0.043856770 -0.020973457 0.060173057 0.997003496
1341845827.381963 -0.067944042 -0.005301911 0.003795241 -0.042321444 -0.021480935 0.059675332 0.997088909
1341845827.413850 -0.068239719 -0.005416703 0.004756466 -0.043864727 -0.018805891 0.054887883 0.997351289
1341845827.449725 -0.068715930 -0.006300507 0.005520845 -0.043006625 -0.018288622 0.052553110 0.997523963
1341845827.488394 -0.068319738 -0.006774955 0.005674030 -0.040413279 -0.020554792 0.054859288 0.997464180
1341845827.555964 -0.067689188 -0.005766146 0.005273609 -0.037472859 -0.018953104 0.052224930 0.997752011
1341845827.583227 -0.067189030 -0.006714181 0.006030309 -0.037381336 -0.019782102 0.053016908 0.997697592
1341845827.623688 -0.065628201 -0.006899202 0.005570680 -0.034846336 -0.020764310 0.056527447 0.997576714
1341845827.656212 -0.065871775 -0.004642079 0.003621707 -0.033895172 -0.019562021 0.054484859 0.997747421
1341845827.687624 -0.064530842 -0.005271428 0.005629001 -0.038538031 -0.017662488 0.046640806 0.998011768
1341845827.723697 -0.064281084 -0.007071660 0.006263761 -0.038774554 -0.015583511 0.048049632 0.997970402
1341845827.755778 -0.064005703 -0.006339049 0.005569417 -0.036313109 -0.014818522 0.051855508 0.997884154
1341845827.791657 -0.062200028 -0.006532399 0.004424504 -0.036601022 -0.013131302 0.051396132 0.997920990
1341845827.823845 -0.061850559 -0.006727574 0.005013863 -0.037003655 -0.009302486 0.050108157 0.998014688
1341845827.855606 -0.061708465 -0.007719874 0.005627571 -0.035859350 -0.007977888 0.051826864 0.997980177
1341845827.891685 -0.059595227 -0.007391487 0.004077565 -0.032879837 -0.006296564 0.053581644 0.998002172
1341845827.923824 -0.059015177 -0.006664800 0.005014468 -0.031546030 -0.002230980 0.052927904 0.998097420
1341845827.959777 -0.058996581 -0.007070315 0.005114507 -0.031827834 0.000930810 0.052743886 0.998100281
1341845827.991672 -0.057850312 -0.006579284 0.005712876 -0.029769085 0.002689762 0.054574385 0.998062193
1341845828.023726 -0.056226935 -0.005841125 0.005599107 -0.030763235 0.005855103 0.054311264 0.998032868
1341845828.059622 -0.055823360 -0.006367961 0.006447162 -0.032067943 0.009386295 0.053698733 0.997997999
1341845828.091720 -0.060100470 -0.006297474 0.006538400 -0.031760957 0.013839265 0.055581532 0.997852862
1341845828.127612 -0.059627481 -0.005615682 0.006380513 -0.031507410 0.015315539 0.056000780 0.997815907
1341845828.159638 -0.058051236 -0.005216707 0.006708812 -0.032437008 0.016708357 0.056273051 0.997748435
1341845828.191711 -0.057489526 -0.005980794 0.007220082 -0.032872628 0.018977568 0.053766180 0.997831881
1341845828.227644 -0.056588128 -0.005599589 0.006975765 -0.031328611 0.020166725 0.053973131 0.997847021
1341845828.259785 -0.055653695 -0.005215133 0.007331444 -0.030751873 0.022453800 0.056856893 0.997655988
1341845828.291687 -0.054819949 -0.005461583 0.007338427 -0.029643875 0.023714963 0.059169024 0.997525871
1341845828.327803 -0.054132517 -0.004448574 0.006803487 -0.028116213 0.025264807 0.058921505 0.997546673
1341845828.359694 -0.052528460 -0.004763748 0.007681624 -0.029451696 0.026470702 0.058901291 0.997478068
1341845828.395928 -0.051477131 -0.005073404 0.008162905 -0.029447664 0.028606480 0.060125213 0.997346222
1341845828.427803 -0.050927263 -0.004740872 0.007839787 -0.029125031 0.030006103 0.060269635 0.997305810
1341845828.459660 -0.049439874 -0.005150601 0.007989237 -0.029213255 0.030641844 0.060100008 0.997294188
1341845828.495761 -0.048144542 -0.004754953 0.007958517 -0.028005376 0.032308836 0.061567098 0.997186661
1341845828.527686 -0.048030384 -0.003377840 0.007519289 -0.028996136 0.034155294 0.060997374 0.997131824
1341845828.595750 -0.051063616 -0.004808390 0.008160971 -0.030287294 0.038489942 0.060755473 0.996950328
1341845828.621731 -0.050002147 -0.003922228 0.007602875 -0.030656056 0.039438345 0.061313156 0.996867836
1341845828.654055 -0.049038168 -0.004626754 0.007753029 -0.032406930 0.041025609 0.061098598 0.996761560
1341845828.689681 -0.048768885 -0.004192389 0.008408588 -0.030815430 0.042481966 0.061369136 0.996734440
1341845828.721870 -0.047888551 -0.003642012 0.008303877 -0.031029383 0.042477131 0.062071849 0.996684492
1341845828.757706 -0.046590056 -0.003783077 0.008328461 -0.031707019 0.042628739 0.063491568 0.996567249
1341845828.789650 -0.048524093 -0.004120386 0.008675789 -0.031184768 0.044451140 0.066702917 0.996294320
1341845828.821914 -0.047404792 -0.003260918 0.008276598 -0.030417260 0.042711224 0.068603799 0.996265054
1341845828.857781 -0.046563033 -0.002914151 0.009207679 -0.030963421 0.041995876 0.069187418 0.996238291
1341845828.889770 -0.045644160 -0.003477617 0.008629162 -0.031469829 0.041573413 0.070324264 0.996160507
1341845828.931671 -0.045602292 -0.002965230 0.008215308 -0.031149482 0.040787756 0.069877267 0.996234536
1341845828.957606 -0.044307396 -0.003440152 0.008351216 -0.031058293 0.038348518 0.069418907 0.996366262
1341845828.989696 -0.043198626 -0.002973851 0.009044657 -0.029203217 0.037009392 0.068978980 0.996503592
1341845829.025626 -0.042593136 -0.002164836 0.007485006 -0.028578559 0.035472024 0.067614831 0.996671081
1341845829.063840 -0.040845823 -0.002492566 0.007727605 -0.029829314 0.034632061 0.065507181 0.996804714
1341845829.089737 -0.040117308 -0.002233700 0.007303908 -0.029626861 0.035149317 0.065777756 0.996774852
1341845829.125754 -0.038833156 -0.002617534 0.006596711 -0.030419583 0.034270544 0.066122331 0.996758759
1341845829.158048 -0.036807172 -0.002533610 0.007240657 -0.029838966 0.034681983 0.065195911 0.996823072
1341845829.193669 -0.036545277 -0.003274912 0.007091323 -0.028445147 0.036551256 0.066788897 0.996691585
1341845829.225742 -0.035804119 -0.003309233 0.006502710 -0.025014909 0.036283325 0.069050014 0.996639311
1341845829.257763 -0.034395847 -0.003158271 0.006245804 -0.022249678 0.035024170 0.069664091 0.996707141
1341845829.293851 -0.033075172 -0.003022087 0.006118031 -0.019837098 0.033999331 0.068560757 0.996870100
1341845829.325861 -0.032665063 -0.003642228 0.005584159 -0.018029416 0.033082001 0.067402869 0.997014225
1341845829.357901 -0.037156619 -0.003701783 0.006573339 -0.014535574 0.032743737 0.068061538 0.997037709
1341845829.393704 -0.035428181 -0.003215478 0.006034547 -0.012411460 0.030741774 0.066589206 0.997229576
1341845829.425831 -0.034756973 -0.002730516 0.005248858 -0.012201712 0.029439386 0.064133823 0.997432351
1341845829.461720 -0.033696458 -0.004219676 0.005221013 -0.013288626 0.027224492 0.064026520 0.997488260
1341845829.493662 -0.033032458 -0.004646590 0.005997481 -0.008019176 0.025187982 0.066759162 0.997418880
1341845829.525846 -0.031827189 -0.002335450 0.004491646 -0.005312515 0.022147598 0.066328585 0.997537851
1341845829.561864 -0.040108792 -0.002024486 0.006536582 -0.007477090 0.025305917 0.064135060 0.997592270
1341845829.593763 -0.039267350 -0.004236291 0.006396794 -0.010270039 0.025956733 0.063599624 0.997584999
1341845829.625785 -0.039991640 -0.005202075 0.006606101 -0.005804330 0.025723990 0.064960085 0.997539341
1341845829.661787 -0.037557766 -0.002621893 0.005098434 -0.001589682 0.021791670 0.066181503 0.997568309
1341845829.693835 -0.034943599 0.000163863 0.005832874 -0.002872262 0.021905940 0.062586419 0.997794986
1341845829.729747 -0.035919059 -0.002858788 0.005464333 -0.007631191 0.024463911 0.058009245 0.997987092
1341845829.761817 -0.037659109 -0.004789929 0.006009426 -0.005075139 0.021864632 0.056856427 0.998130023
1341845829.793840 -0.038652942 -0.002612386 0.007463834 -0.000154860 0.017044049 0.057806142 0.998182297
1341845829.829803 -0.036862783 -0.001736830 0.007256637 0.000949030 0.017121119 0.054110300 0.998387694
1341845829.861640 -0.039263271 -0.002033398 0.006742517 -0.000409766 0.017088357 0.051794473 0.998511434
1341845829.897840 -0.036962062 -0.003856846 0.007963216 -0.000228477 0.010270869 0.053489894 0.998515546
1341845829.929703 -0.034217559 -0.002040234 0.006748864 0.004597493 0.008979197 0.055190749 0.998424888
1341845829.962023 -0.035581000 -0.001019442 0.006093921 0.003220514 0.011253740 0.056073997 0.998358011
1341845829.997954 -0.036147170 -0.005143264 0.007507775 0.002723192 0.008373497 0.056617919 0.998357058
1341845830.029819 -0.031849120 -0.003520904 0.007084602 0.010098559 0.005338198 0.057008184 0.998308361
1341845830.061836 -0.031341065 -0.000615325 0.005270539 0.012499116 0.006934416 0.057866488 0.998221993
1341845830.097885 -0.030324014 -0.002565507 0.005172732 0.008973461 0.007041242 0.057781987 0.998264074
1341845830.129668 -0.030017538 -0.006091563 0.006017781 0.011858040 0.007944781 0.057869229 0.998222113
1341845830.165590 -0.030739456 -0.001326154 0.004991905 0.018582968 0.006961673 0.060542595 0.997968316
1341845830.197779 -0.029218528 -0.002431165 0.004564314 0.016531741 0.000667658 0.065239556 0.997732401
1341845830.229883 -0.025342610 -0.001698831 0.005768634 0.019403435 -0.000836597 0.066653982 0.997587144
1341845830.265730 -0.026393870 -0.000467293 0.005237759 0.018722406 0.001222032 0.066487402 0.997610807
1341845830.297873 -0.025385736 -0.002563906 0.005356319 0.016972378 -0.002162033 0.069720306 0.997419834
1341845830.329863 -0.022351790 -0.001539869 0.005757731 0.020578250 -0.004957685 0.071937636 0.997184515
1341845830.365740 -0.022488147 -0.000092561 0.004670347 0.020995669 -0.004553864 0.071749106 0.997191310
1341845830.397779 -0.020969827 -0.000415515 0.004884452 0.019647917 -0.007530344 0.071093909 0.997247696
1341845830.433725 -0.017612375 -0.000780547 0.004672902 0.019874159 -0.008414561 0.068016924 0.997450709
1341845830.465762 -0.018337971 -0.000354351 0.004465957 0.021061959 -0.006221154 0.066205628 0.997564316
1341845830.507859 -0.017107150 -0.001253437 0.004691764 0.021634996 -0.009174393 0.068080850 0.997403026
1341845830.534080 -0.012426719 -0.000853304 0.003966763 0.024248622 -0.010896897 0.067560725 0.997360945
1341845830.565943 -0.012540326 0.000833255 0.003403793 0.024407174 -0.005821482 0.066479690 0.997472227
1341845830.597841 -0.013197997 -0.000325879 0.004116769 0.022900458 -0.005913428 0.068274289 0.997386217
1341845830.633627 -0.009237453 -0.000156325 0.004943347 0.024789605 -0.008524807 0.069148280 0.997261882
1341845830.665700 -0.008224853 0.001212567 0.004039772 0.026054796 -0.006576104 0.068417065 0.997294843
1341845830.701788 -0.007482896 0.001092583 0.004092490 0.024983237 -0.005987556 0.067638800 0.997379065
1341845830.733901 -0.005397883 0.001322608 0.003845517 0.023746310 -0.004764709 0.063706316 0.997674763
1341845830.765759 -0.003801403 0.001251730 0.003949569 0.021387396 -0.002946881 0.059800111 0.997976840
1341845830.801839 -0.001588070 -0.000353138 0.003591171 0.019493194 -0.001471437 0.057431810 0.998157978
1341845830.833774 -0.001264900 -0.000542455 0.003668493 0.020981172 0.001308721 0.056275461 0.998193920
1341845830.865751 -0.000083158 0.000663916 0.003425031 0.022461228 0.001522027 0.055733927 0.998191774
1341845830.901883 0.001523816 0.000624569 0.003373841 0.020590162 0.003418816 0.052295439 0.998413503
1341845830.933811 0.001114882 0.000239098 0.002719749 0.020892173 0.005844380 0.050360467 0.998495460
1341845830.969705 0.001455813 0.001400070 0.003198670 0.023042440 0.005255044 0.050261129 0.998456419
1341845831.001855 0.003368913 0.002120732 0.002196675 0.021852670 0.004159528 0.047787499 0.998609781
1341845831.033886 0.004943112 0.001062303 0.002470978 0.020125479 0.004613034 0.044461392 0.998797715
1341845831.069727 0.004855319 0.000354867 0.002111895 0.020205988 0.006125012 0.043489464 0.998830736
1341845831.101853 0.006161941 0.001103594 0.001850071 0.021292206 0.005667342 0.043783106 0.998798072
1341845831.137817 0.007907889 0.002407025 0.002570942 0.021006012 0.006306706 0.042289890 0.998864591
1341845831.169942 0.006848662 0.001020417 0.002826282 0.019036975 0.009538112 0.041214522 0.998923421
1341845831.201715 0.007332890 0.000047666 0.003708216 0.020240802 0.008791066 0.042826202 0.998838782
1341845831.237723 0.008776412 0.001072858 0.003847085 0.023426615 0.007896703 0.043732479 0.998737335
1341845831.269903 0.009088589 0.001338243 0.003182181 0.022864409 0.008140491 0.043423939 0.998761892
1341845831.301755 0.009001407 0.000717921 0.002879865 0.021824460 0.005672719 0.043195512 0.998812139
1341845831.337779 0.011952725 0.000797355 0.001656519 0.022656182 0.000250975 0.042454787 0.998841405
1341845831.369742 0.012915260 0.001273515 0.001683566 0.023941694 -0.003284433 0.041676551 0.998838902
1341845831.405710 0.014954705 0.002759932 0.003181475 0.023896161 -0.004894850 0.039478317 0.998922706
1341845831.437646 0.017293496 0.001455813 0.001330550 0.021204874 -0.003598211 0.037049226 0.999081969
1341845831.469752 0.017246975 0.000390615 0.001453890 0.021243496 -0.003112069 0.037412386 0.999069214
1341845831.505745 0.019419303 0.001562548 0.001463761 0.022928389 -0.005442415 0.037437033 0.999021113
1341845831.537844 0.022324603 0.002607781 0.001563318 0.020710450 -0.003862890 0.034089755 0.999196708
1341845831.569610 0.021949859 0.001660726 0.001434503 0.016561475 -0.000369294 0.031901840 0.999353707
1341845831.605848 0.021111637 0.000352916 0.001066821 0.015758868 0.000461062 0.033031758 0.999329925
1341845831.637789 0.022806708 0.001846827 0.001449506 0.015482953 0.000822587 0.032851268 0.999339998
1341845831.673597 0.027138190 0.002853598 0.000399107 0.010358328 0.001576881 0.031501479 0.999448776
1341845831.705652 0.027505247 0.000944230 0.000897711 0.005895507 0.006278137 0.031207778 0.999475777
1341845831.737705 0.026859310 0.001121732 0.001831856 0.006492020 0.009572868 0.035545606 0.999301136
1341845831.773629 0.027801165 0.002508835 0.002291549 0.007019315 0.010307063 0.038841344 0.999167562
1341845831.805810 0.029870734 0.003081869 0.001236799 0.004701210 0.011846999 0.039533798 0.999136925
1341845831.837719 0.029763641 0.003175041 0.001947917 0.001727165 0.013507927 0.040221971 0.999097943
1341845831.873791 0.029301081 0.002764597 0.001189568 0.000520168 0.013262081 0.042724308 0.998998702
1341845831.905728 0.031649351 0.004125159 0.001033810 -0.001275209 0.014126426 0.041798200 0.999025345
1341845831.941628 0.032013625 0.003291369 0.001600540 -0.003861704 0.015799729 0.040275343 0.999056220
1341845831.973784 0.033754241 0.003720359 0.002357019 -0.004044556 0.016932122 0.039858546 0.999053657
1341845832.005729 0.034997962 0.004236791 0.002498979 -0.003327965 0.018528547 0.038822051 0.999068797
1341845832.041627 0.036773115 0.004582348 0.002382199 -0.004058782 0.020789910 0.037368417 0.999077022
1341845832.073865 0.038531419 0.004846008 0.003543711 -0.005513137 0.022602607 0.034814242 0.999122977
1341845832.109730 0.037471157 0.003629676 0.002265404 -0.005903296 0.023856092 0.035439674 0.999069571
1341845832.141683 0.040106263 0.004453427 0.002269617 -0.003702607 0.021699121 0.036816079 0.999079585
1341845832.173988 0.040927373 0.005983018 0.002087891 -0.003691723 0.023660293 0.034870453 0.999104917
1341845832.209956 0.040383793 0.004745360 0.002621309 -0.005311805 0.022830699 0.034624934 0.999125421
1341845832.241796 0.042345088 0.005770500 0.002726642 -0.003894137 0.019525742 0.036113158 0.999149323
1341845832.273776 0.044274054 0.006785265 0.001758786 -0.004515208 0.019172730 0.034721185 0.999202907
1341845832.309916 0.044020906 0.006802049 0.001827955 -0.007698949 0.021119935 0.033148769 0.999197602
1341845832.341687 0.041146930 0.005825497 0.002397093 -0.010055944 0.021892101 0.034962021 0.999098182
1341845832.377708 0.042309631 0.006983520 0.002532054 -0.010279099 0.020378949 0.036228810 0.999082804
1341845832.409802 0.042886846 0.007094363 0.002862758 -0.012405779 0.019820336 0.036862478 0.999046743
1341845832.442187 0.043686993 0.007368020 0.003249087 -0.013474019 0.018771246 0.037255928 0.999038577
1341845832.477743 0.044633061 0.007491204 0.003455506 -0.014224819 0.018348211 0.037455954 0.999028504
1341845832.509635 0.045992974 0.007871236 0.002668321 -0.015338844 0.017947195 0.038356446 0.998985171
1341845832.541586 0.047241278 0.007937385 0.001008988 -0.016412169 0.018008312 0.039072916 0.998939276
1341845832.577871 0.047739349 0.007897755 0.000388475 -0.017032146 0.018318271 0.040446419 0.998868585
1341845832.609738 0.048887085 0.008309137 0.000411631 -0.016912933 0.017291762 0.041564770 0.998842955
1341845832.645699 0.049706638 0.009175657 0.000504438 -0.016960459 0.017776925 0.041322842 0.998843729
1341845832.677817 0.050114393 0.009935324 0.000900348 -0.018863672 0.017910229 0.040606931 0.998836577
1341845832.710177 0.051132899 0.009178248 0.001548161 -0.020836862 0.018228235 0.040976349 0.998776495
1341845832.745710 0.051831435 0.009649211 0.001986974 -0.020440549 0.019222090 0.042206667 0.998714864
1341845832.777849 0.052583024 0.009929564 0.001616250 -0.021178627 0.020643326 0.044173241 0.998585999
1341845832.810110 0.054087337 0.010904607 0.002943131 -0.021725930 0.021252483 0.045792695 0.998488486
1341845832.845797 0.037297063 0.007699687 -0.000355562 -0.024892144 0.031267457 0.048191123 0.998038232
1341845832.877696 0.037366860 0.007303107 0.000355902 -0.025949676 0.032925449 0.049152154 0.997911096
1341845832.913787 0.038236361 0.007861270 0.000096074 -0.025175821 0.032856632 0.050610065 0.997860312
1341845832.945664 0.039780714 0.008808302 0.000025923 -0.026077382 0.033527654 0.049584240 0.997866333
1341845832.978015 0.039442122 0.007827134 0.000154378 -0.027458891 0.034985393 0.048892330 0.997813404
1341845833.013959 0.040956799 0.008695635 0.000031598 -0.026553731 0.033684619 0.050405953 0.997807324
1341845833.045857 0.042720564 0.009203859 -0.000331495 -0.027891066 0.034084518 0.049802601 0.997787595
1341845833.077785 0.044045456 0.008776602 -0.000910251 -0.029797137 0.035275236 0.049313966 0.997715354
1341845833.113636 0.045047145 0.008365532 -0.000508828 -0.030024255 0.036694109 0.048814386 0.997681916
1341845833.145767 0.045916662 0.009668422 -0.000741843 -0.029404867 0.038059834 0.050009221 0.997590065
1341845833.181891 0.047640651 0.010134494 -0.000796152 -0.032905690 0.039710399 0.047768679 0.997526169
1341845833.213878 0.047799323 0.009691659 0.000105118 -0.034557633 0.041947890 0.046943370 0.997417927
1341845833.245714 0.048116136 0.008905248 0.000949807 -0.033541009 0.039971735 0.048388768 0.997464657
1341845833.281847 0.051779147 0.007932325 -0.002171247 -0.030896081 0.038703404 0.049872249 0.997527063
1341845833.313771 0.073716611 0.013322992 -0.000165684 -0.026299344 0.031326007 0.047980469 0.998010457
1341845833.349756 0.074879445 0.013835486 -0.000360292 -0.027258670 0.032061487 0.048361372 0.997942984
1341845833.381840 0.076631337 0.013503295 -0.000211775 -0.028048053 0.033701625 0.047989368 0.997885048
1341845833.414644 0.077205859 0.014241073 -0.000213204 -0.028198991 0.036800172 0.047274631 0.997805417
1341845833.449819 0.076665208 0.013194550 0.000321214 -0.029899979 0.036976621 0.048151299 0.997707427
1341845833.488616 0.078963682 0.013522546 -0.000199705 -0.028386477 0.035518561 0.048763338 0.997774899
1341845833.513810 0.079530932 0.014565441 -0.001019098 -0.029007286 0.037322726 0.047280531 0.997762561
1341845833.549835 0.051427137 0.008756829 -0.001948526 -0.034035768 0.049939986 0.050886340 0.996874213
1341845833.581733 0.052994769 0.008021184 -0.002488142 -0.031606637 0.047406279 0.051855531 0.997027934
1341845833.617817 0.053297512 0.010029402 -0.002744595 -0.029783839 0.046784133 0.052990649 0.997053742
1341845833.649899 0.053616811 0.009895380 -0.002514141 -0.032557275 0.045580115 0.052315436 0.997058451
1341845833.681671 0.054253370 0.008397128 -0.001601010 -0.033156674 0.045500483 0.051280782 0.997096121
1341845833.717606 0.053397339 0.009228401 -0.001688244 -0.030956643 0.044776481 0.053549547 0.997080326
1341845833.752940 0.054939952 0.010295799 -0.002174816 -0.032652613 0.041148830 0.053860631 0.997165799
1341845833.783771 0.055870846 0.010149673 -0.001699659 -0.035003167 0.041875217 0.052374557 0.997134984
1341845833.817827 0.054351822 0.010129170 -0.000857437 -0.035908263 0.042773344 0.051781368 0.997095644
1341845833.849860 0.054298189 0.009422699 -0.001389573 -0.036134023 0.040772118 0.052885342 0.997113407
1341845833.885667 0.055109601 0.009509960 -0.002362794 -0.035356652 0.041908693 0.051945347 0.997143567
1341845833.917724 0.054557674 0.010486618 -0.001635367 -0.036876902 0.043381486 0.051122006 0.997068048
1341845833.949675 0.054504987 0.008791666 -0.001185764 -0.037908923 0.042557400 0.051735684 0.997033179
1341845833.985662 0.055230975 0.009569349 -0.002845410 -0.035170089 0.043472778 0.050803374 0.997142017
1341845834.018158 0.054343577 0.010865488 -0.002409562 -0.036385950 0.045176588 0.050133713 0.997056544
1341845834.049769 0.053776648 0.009398046 -0.001392245 -0.038998529 0.044092234 0.048461288 0.997089028
1341845834.085753 0.054760750 0.009625947 -0.002321894 -0.038483661 0.043150868 0.046942957 0.997222841
1341845834.117837 0.053756800 0.009568963 -0.001778675 -0.039863817 0.045182649 0.045216523 0.997158408
1341845834.153871 0.052786324 0.009738410 -0.001536737 -0.040366467 0.046131402 0.045482673 0.997082651
1341845834.185736 0.052811209 0.009613995 -0.001468616 -0.041211106 0.046543572 0.044168640 0.997088015
1341845834.217802 0.051089358 0.010013335 -0.002064102 -0.041795351 0.048213489 0.042484596 0.997057498
1341845834.253824 0.049786184 0.011286285 -0.002364019 -0.044035628 0.047090393 0.041275986 0.997065544
1341845834.285756 0.049042530 0.009079957 -0.001067789 -0.048688315 0.045326035 0.038616952 0.997037470
1341845834.321783 0.048557173 0.008230102 0.000225478 -0.046939254 0.045156926 0.038778909 0.997122765
1341845834.355135 0.047403913 0.007844862 -0.000354709 -0.041250091 0.046072036 0.042346526 0.997187316
1341845834.385801 0.046611477 0.008895478 -0.001291540 -0.037793845 0.046723899 0.043407127 0.997248352
1341845834.421748 0.045373738 0.009266073 -0.001357380 -0.037983250 0.048222505 0.042143859 0.997224033
1341845834.453840 0.046401497 0.008893469 -0.001688922 -0.038907830 0.046547890 0.040243849 0.997346401
1341845834.485639 0.045802377 0.008426379 -0.001147980 -0.039397001 0.044686776 0.037970074 0.997501493
1341845834.521785 0.045149244 0.008384364 -0.001806859 -0.038644440 0.044700362 0.036747847 0.997576118
1341845834.553727 0.043351274 0.008607973 -0.001177029 -0.038973719 0.045721795 0.036635641 0.997521102
1341845834.589787 0.040590730 0.007480762 -0.000219534 -0.039604049 0.044967420 0.036815755 0.997523963
1341845834.621791 0.040713269 0.007768085 -0.001997350 -0.037788719 0.041794971 0.037371319 0.997711658
1341845834.653808 0.040568735 0.009231475 -0.002566330 -0.038772553 0.041856732 0.035296585 0.997746885
1341845834.689847 0.037591442 0.008069418 -0.001479264 -0.042872138 0.042980131 0.031585671 0.997655749
1341845834.721856 0.035055969 0.006056841 -0.000434979 -0.044299971 0.041152593 0.031036133 0.997687697
1341845834.753919 0.035067905 0.005462470 -0.000944540 -0.041845527 0.038404264 0.031907983 0.997875690
1341845834.789834 0.037950318 0.007378716 -0.001740426 -0.039623868 0.037446328 0.031093460 0.998028517
1341845834.821826 0.035077583 0.007193018 -0.001003455 -0.041145645 0.038437832 0.030794073 0.997938514
1341845834.857804 0.033375051 0.006472091 -0.001251979 -0.042007491 0.036086831 0.030643541 0.997995019
1341845834.889796 0.032426104 0.006054306 -0.001235346 -0.042342231 0.034743048 0.029134329 0.998073757
1341845834.921771 0.032153968 0.006296261 -0.000415146 -0.041292194 0.033310715 0.028604144 0.998181939
1341845834.957942 0.030233599 0.006159767 -0.000349794 -0.040288720 0.031018574 0.028602850 0.998296857
1341845834.989806 0.028940851 0.005778252 -0.000289699 -0.039783522 0.028639654 0.027909620 0.998407781
1341845835.021804 0.027050685 0.005740152 -0.000462842 -0.038628642 0.026795391 0.028361892 0.998491585
1341845835.058003 0.025693979 0.004988734 -0.000935404 -0.037217401 0.025212236 0.028472777 0.998583257
1341845835.089820 0.039174587 0.008349862 -0.001137111 -0.034320861 0.016570190 0.027839819 0.998885572
1341845835.125663 0.021966154 0.005785587 -0.001726348 -0.035543934 0.020781530 0.030541183 0.998685122
1341845835.157750 0.024327388 0.005437769 -0.001552482 -0.037133433 0.017038066 0.029090980 0.998741448
1341845835.189830 0.022305744 0.003702509 -0.001317277 -0.036428422 0.015827017 0.028826445 0.998795033
1341845835.225912 0.020566572 0.003943765 -0.001616191 -0.032497309 0.013154379 0.030886240 0.998907864
1341845835.258001 0.019004442 0.005122743 -0.001990286 -0.030839780 0.011427482 0.030433534 0.998995543
1341845835.290164 0.016683521 0.004418401 -0.001290525 -0.032308888 0.010744032 0.028681219 0.999008536
1341845835.325788 0.029149117 0.006056993 -0.000838114 -0.030329373 0.001431719 0.026729865 0.999181449
1341845835.363902 0.028447559 0.006590099 -0.001018819 -0.028291354 -0.000654848 0.026072659 0.999259412
1341845835.431742 0.022526482 0.006363031 -0.000863692 -0.027986921 -0.003197894 0.023852181 0.999318540
1341845835.460771 0.021106767 0.005071221 -0.000090080 -0.028858837 -0.006882296 0.023822185 0.999275863
1341845835.493790 0.020337678 0.004473406 -0.000408626 -0.026162082 -0.008177206 0.024737900 0.999318123
1341845835.527633 0.014949354 0.005424289 -0.000426583 -0.024448965 -0.007458381 0.026457623 0.999323070
1341845835.561788 0.013002249 0.005403464 -0.000365904 -0.025366465 -0.011627379 0.026195001 0.999267340
1341845835.594173 0.018215772 0.006014183 -0.001399561 -0.026405223 -0.016311994 0.024723031 0.999212384
1341845835.625859 0.015928011 0.004002528 -0.000450976 -0.025444422 -0.014978149 0.024857849 0.999254882
1341845835.661923 0.008559671 0.003230116 0.000010074 -0.021198615 -0.014202863 0.028985700 0.999254107
1341845835.693994 0.010000697 0.003987140 -0.000160712 -0.018147428 -0.017281072 0.030762315 0.999212563
1341845835.725724 0.008719958 0.003328337 -0.000466202 -0.016721096 -0.014423603 0.030296333 0.999297023
1341845835.761816 0.005225260 0.002800688 0.000000949 -0.013961134 -0.014000048 0.032420166 0.999278724
1341845835.793927 0.005105130 0.004124399 -0.000879301 -0.010832468 -0.017099360 0.035029501 0.999181271
1341845835.829809 0.009379301 0.005921313 -0.001589819 -0.010699161 -0.019620448 0.033886816 0.999175787
1341845835.868224 0.007449669 0.004504202 -0.001543694 -0.011040390 -0.018158153 0.033808555 0.999202371
1341845835.903857 0.005442170 0.004314155 -0.000904331 -0.008386541 -0.020927779 0.037358712 0.999047518
1341845835.935727 0.005896315 0.005011507 -0.001411603 -0.007354253 -0.022774696 0.038330685 0.998978496
1341845835.967812 -0.000194890 0.002853955 -0.001270713 -0.008249141 -0.017442212 0.037514202 0.999109805
1341845836.003789 0.002603435 0.002331552 -0.002432436 -0.005688833 -0.019801933 0.039619513 0.999002397
1341845836.035920 -0.002849859 0.002820728 -0.001323511 -0.002159644 -0.018081507 0.041887097 0.998956382
1341845836.067671 0.001097103 0.004102736 -0.002521664 -0.001541132 -0.018823696 0.039653670 0.999034941
1341845836.104034 -0.001648313 0.002573475 -0.002591382 -0.001195556 -0.017994694 0.039599340 0.999052882
1341845836.135769 -0.003186719 0.003021070 -0.002765272 0.001405487 -0.020867070 0.040162325 0.998974264
1341845836.172097 -0.003195918 0.004328198 -0.001755910 0.001931028 -0.024132838 0.039491322 0.998926580
1341845836.203642 -0.003838571 0.003351617 -0.000950103 -0.000045896 -0.023101104 0.037860274 0.999015987
1341845836.235687 -0.006083420 0.002349071 -0.000808697 0.001168436 -0.022002604 0.039035525 0.998994887
1341845836.271774 -0.007839492 0.002553810 -0.001221479 0.004386257 -0.025011351 0.041173078 0.998829305
1341845836.303797 -0.007767692 0.003333242 -0.001740439 0.005573757 -0.027489068 0.042621464 0.998697519
1341845836.335742 -0.008300625 0.002998117 -0.003160478 0.004016072 -0.026079606 0.042584602 0.998744369
1341845836.372549 -0.009880909 0.000444176 -0.002621949 0.003852525 -0.022899851 0.044817749 0.998725235
1341845836.403992 -0.010807601 0.002085776 -0.003210935 0.008318728 -0.022612531 0.048746433 0.998520553
1341845836.435705 -0.010175989 0.002465163 -0.003439612 0.009434594 -0.021266352 0.050569020 0.998449564
1341845836.471817 -0.012240273 0.002981260 -0.003775432 0.010243512 -0.016741496 0.049714588 0.998570621
1341845836.503945 -0.014924824 0.002629240 -0.003925130 0.010152326 -0.015530857 0.051197510 0.998516202
1341845836.539832 -0.014922823 0.003218912 -0.004198016 0.010974684 -0.017648548 0.052341979 0.998412907
1341845836.571973 -0.014900794 0.003285992 -0.004016827 0.010024301 -0.017982529 0.052136023 0.998427749
1341845836.604373 -0.015772410 0.003551479 -0.004986865 0.008529851 -0.017200772 0.051102988 0.998508811
1341845836.639724 -0.016595723 0.002085783 -0.004661476 0.005887818 -0.017440466 0.049895592 0.998584807
1341845836.672049 -0.016443595 0.000054738 -0.004662348 0.006771121 -0.018111218 0.048851207 0.998618901
1341845836.704020 -0.016989369 -0.000364311 -0.004967742 0.008888753 -0.017575447 0.048542924 0.998626888
1341845836.739779 -0.016377097 -0.003987336 -0.002473119 0.011591251 -0.018487062 0.049422696 0.998539567
1341845836.771652 -0.016171003 -0.003616897 -0.002216120 0.021646580 -0.018043704 0.051327635 0.998284221
1341845836.803601 -0.016345372 -0.002509633 -0.003312162 0.027891416 -0.016291887 0.052690774 0.998088360
1341845836.839643 -0.018601252 -0.004468795 -0.004580205 0.029535361 -0.016453493 0.054023422 0.997967124
1341845836.871771 -0.017785056 -0.004792260 -0.003307205 0.032993585 -0.018389549 0.054902811 0.997776985
1341845836.907663 -0.017038688 -0.004649195 -0.001805734 0.034928292 -0.016987473 0.056150738 0.997666538
1341845836.939824 -0.018329190 -0.007575203 -0.003595616 0.033859052 -0.014345412 0.058951806 0.997583330
1341845836.971802 -0.017968703 -0.007622282 -0.002635343 0.036571305 -0.015779935 0.059783503 0.997416377
1341845837.007714 -0.016389018 -0.006279747 -0.001749157 0.035658821 -0.014447217 0.059798736 0.997468710
1341845837.039752 -0.016620256 -0.009785539 -0.001790262 0.028156569 -0.007748572 0.060363829 0.997749150
1341845837.071715 -0.017766021 -0.013641610 -0.002519063 0.030194659 -0.006308500 0.059295949 0.997763753
1341845837.107691 -0.016332461 -0.012526214 -0.003556622 0.032946642 -0.006307969 0.061214354 0.997560740
1341845837.139763 -0.015644671 -0.015324463 -0.001855454 0.031452611 -0.003189591 0.061131537 0.997628927
1341845837.171636 -0.017482776 -0.017529486 -0.002904966 0.034878828 0.000578199 0.055516675 0.997848213
1341845837.207675 -0.018236844 -0.016232744 -0.003068195 0.036097452 -0.000999694 0.054026201 0.997886300
1341845837.239749 -0.016173538 -0.019391358 -0.003003001 0.032439001 -0.003413099 0.049596339 0.998236597
1341845837.275755 -0.016899267 -0.021985250 -0.001959452 0.032974135 -0.001109137 0.043429215 0.998511553
1341845837.307686 -0.018603669 -0.026830632 -0.003079688 0.034434937 -0.000337806 0.047057059 0.998298407
1341845837.339628 -0.015297900 -0.019581791 -0.002465479 0.043571506 -0.003833380 0.048689820 0.997855783
1341845837.375710 -0.013523758 -0.020276558 -0.002396434 0.047810432 -0.003931526 0.046659540 0.997758269
1341845837.407709 -0.013195444 -0.018827567 -0.005650997 0.048926134 -0.001016825 0.044601336 0.997805536
1341845837.439656 -0.014272766 -0.019016400 -0.004304514 0.043310419 0.002172552 0.041510463 0.998196542
1341845837.475671 -0.013468467 -0.023127683 -0.004672990 0.037849810 0.003207758 0.039009284 0.998516560
1341845837.507973 -0.011455422 -0.023879256 -0.004887297 0.037605327 0.005659818 0.037919305 0.998556912
1341845837.543708 -0.014036444 -0.032561675 -0.005362074 0.029898079 0.011232756 0.037324682 0.998792648
1341845837.575706 -0.015138566 -0.033415709 -0.004488047 0.029050333 0.013669924 0.033395216 0.998926401
1341845837.607609 -0.014654404 -0.035050526 -0.004861279 0.029407728 0.015925286 0.031042609 0.998958409
1341845837.643704 -0.014912333 -0.036034450 -0.003143503 0.030829120 0.018657941 0.028744331 0.998937070
1341845837.675706 -0.015048685 -0.038347803 -0.003562643 0.032262035 0.020607615 0.026340757 0.998919725
1341845837.711803 -0.013573636 -0.038038108 -0.004657711 0.034366608 0.021560322 0.025455434 0.998852372
1341845837.743935 -0.013839541 -0.039019663 -0.004769105 0.034124635 0.024404882 0.023428207 0.998844862
1341845837.775698 -0.014425484 -0.041337024 -0.004295593 0.035330728 0.027266806 0.022295503 0.998754799
1341845837.811909 -0.012596505 -0.039791077 -0.006026448 0.037228908 0.029043470 0.022864057 0.998622894
1341845837.843915 -0.012817651 -0.041032732 -0.005889913 0.033670247 0.031903721 0.022106254 0.998678982
1341845837.879790 -0.014092964 -0.044037107 -0.004961267 0.033448983 0.034811962 0.019561248 0.998642385
1341845837.911946 -0.012971587 -0.033800974 -0.002807737 0.042072009 0.035602998 0.021172408 0.998255491
1341845837.946188 -0.012124497 -0.033313796 -0.004436566 0.044651814 0.034570582 0.023929344 0.998117447
1341845837.979709 -0.009480660 -0.032871705 -0.004252478 0.044387132 0.035464391 0.022788253 0.998124599
1341845838.012063 -0.010928761 -0.032546654 -0.003671463 0.042544581 0.040485211 0.019849272 0.998076618
1341845838.041927 -0.012105598 -0.032806464 -0.002768399 0.038386315 0.041823100 0.018365936 0.998218417
1341845838.073905 -0.011746288 -0.036529303 -0.002502060 0.035614721 0.040964194 0.015621173 0.998403490
1341845838.105792 -0.011871519 -0.037341610 -0.002007146 0.037951551 0.042036716 0.016135745 0.998264611
1341845838.141667 -0.012165557 -0.036344737 -0.003173424 0.038477082 0.042539902 0.016559465 0.998216271
1341845838.173678 -0.010672791 -0.036156740 -0.003536310 0.035948697 0.042300366 0.012984307 0.998373568
1341845838.205767 -0.010174357 -0.036454935 -0.003744374 0.031432245 0.044253670 0.007994103 0.998493731
1341845838.241893 -0.012023491 -0.037956562 -0.001967461 0.024490861 0.047826745 0.004600870 0.998544753
1341845838.273791 -0.013257347 -0.040730607 -0.000371986 0.020804651 0.047861118 0.001842236 0.998635590
1341845838.309852 -0.013699455 -0.041620258 -0.000502114 0.021192802 0.045458037 0.000880348 0.998741031
1341845838.341805 -0.013188009 -0.042843923 -0.000126930 0.020243751 0.043500096 0.003591476 0.998841822
1341845838.373872 -0.012473030 -0.044132929 -0.000750395 0.021340262 0.043331437 0.004752788 0.998821497
1341845838.409713 -0.012761007 -0.043760769 -0.001046476 0.022318095 0.043341707 0.006351197 0.998790801
1341845838.441818 -0.012255851 -0.043300550 -0.001335585 0.020724904 0.042360634 0.008531204 0.998850942
1341845838.473754 -0.011101834 -0.044514056 -0.001047509 0.017743960 0.042119745 0.007470313 0.998927057
1341845838.509713 -0.011426560 -0.045983192 -0.000306650 0.016227484 0.043529212 0.004636931 0.998909593
1341845838.541649 -0.012525457 -0.047053523 -0.000093958 0.016446821 0.044161163 0.004244243 0.998880029
1341845838.577804 -0.011200456 -0.048968650 -0.001155025 0.017850747 0.042974766 0.001951291 0.998914778
1341845838.609807 -0.010387171 -0.049769763 -0.001824548 0.019840484 0.044203818 -0.000947669 0.998825073
1341845838.641690 -0.011126602 -0.060811087 -0.002318450 0.016877357 0.046159204 -0.001604746 0.998790205
1341845838.677850 -0.011705809 -0.061125584 -0.002599305 0.017676713 0.047071770 -0.002016145 0.998733044
1341845838.709635 -0.010025988 -0.060620703 -0.003645539 0.017653413 0.046348967 -0.003027986 0.998764694
1341845838.745913 -0.007298263 -0.059477754 -0.004672906 0.013361031 0.049034771 -0.004859564 0.998695850
1341845838.777723 -0.010447621 -0.061053392 -0.003214660 0.005822915 0.054202285 -0.006473741 0.998492002
1341845838.809656 -0.010870901 -0.062782042 -0.002603623 0.002761357 0.052779719 -0.007638053 0.998573184
1341845838.845874 -0.009587534 -0.063919008 -0.003076428 0.002456350 0.051413883 -0.007753772 0.998644352
1341845838.877695 -0.007753222 -0.062785260 -0.004554704 -0.000580654 0.054009650 -0.007996214 0.998508215
1341845838.909636 -0.008666267 -0.064102173 -0.002962252 -0.005721928 0.057442274 -0.011330484 0.998268127
1341845838.945837 -0.010289972 -0.049228821 -0.001845982 0.000324039 0.058943219 -0.013550436 0.998169303
1341845838.977758 -0.009113287 -0.049293216 -0.002015561 0.001912498 0.058209844 -0.011789543 0.998232901
1341845839.013907 -0.007562601 -0.049195960 -0.002867580 0.002742425 0.059125368 -0.011833803 0.998176634
1341845839.046225 -0.007920466 -0.048367418 -0.002740682 0.002301874 0.062155418 -0.014007608 0.997965515
1341845839.077750 -0.009241141 -0.048684008 -0.001548950 -0.000800260 0.061474510 -0.015655000 0.997985542
1341845839.113934 -0.008797771 -0.051664628 -0.000975187 -0.002285655 0.058937557 -0.015506769 0.998138607
1341845839.145852 -0.007757381 -0.051481109 -0.001727467 0.001318358 0.058373358 -0.012988396 0.998209417
1341845839.177741 -0.006964862 -0.050835188 -0.002082716 0.001463191 0.058241293 -0.011163031 0.998239040
1341845839.214000 -0.005701851 -0.052887559 -0.002449573 0.000608029 0.059113193 -0.012250190 0.998175919
1341845839.246198 -0.005510106 -0.053401653 -0.002694392 0.002930504 0.061326127 -0.011885040 0.998042703
1341845839.281774 -0.005057429 -0.052239645 -0.002580771 0.004314831 0.062799715 -0.009528702 0.997971296
1341845839.314004 -0.003383692 -0.053029291 -0.001924753 0.003747959 0.064419411 -0.011841033 0.997845590
1341845839.345945 -0.004894718 -0.053772625 -0.002082909 0.004048616 0.067718461 -0.013231784 0.997608483
1341845839.381741 -0.004908727 -0.054867759 -0.001801565 0.004968951 0.067278057 -0.009450284 0.997677147
1341845839.413801 -0.003183495 -0.055360314 -0.001975857 0.007155607 0.066972248 -0.007048968 0.997704268
1341845839.445714 -0.003115904 -0.053959958 -0.002384908 0.009528174 0.069120146 -0.007006320 0.997538269
1341845839.481741 -0.002385532 -0.069819830 -0.003950741 0.001086017 0.069143109 -0.007163119 0.997580409
1341845839.514001 -0.001021531 -0.071418993 -0.003922971 -0.001424785 0.069993757 -0.008083241 0.997513592
1341845839.549791 -0.002159943 -0.072404288 -0.002671684 -0.000236099 0.072549336 -0.008606500 0.997327626
1341845839.587666 -0.001784938 -0.070668675 -0.003465895 0.001916869 0.071993411 -0.006465023 0.997382283
1341845839.614403 0.000149476 -0.071217366 -0.003970977 0.000990496 0.072000705 -0.007377756 0.997376800
1341845839.649739 -0.000099867 -0.071216911 -0.004277973 0.001491356 0.074524187 -0.008083815 0.997185290
1341845839.681817 -0.001703991 -0.070208363 -0.003841375 0.001665804 0.074881390 -0.006740559 0.997168243
1341845839.713876 -0.001143152 -0.070435345 -0.002970892 0.000647924 0.073244959 -0.007209403 0.997287691
1341845839.749808 -0.000267776 -0.070459448 -0.003594062 0.000515698 0.073949456 -0.007720511 0.997231960
1341845839.781785 -0.001875713 -0.068968177 -0.002928818 0.000332504 0.075524919 -0.006467274 0.997122884
1341845839.817825 -0.001770554 -0.069373071 -0.003301871 -0.001693089 0.073918059 -0.006419244 0.997242212
1341845839.849994 -0.001124804 -0.068600684 -0.003599580 -0.002296108 0.073267266 -0.006264054 0.997290015
1341845839.881829 -0.004389321 -0.051044531 -0.003276047 0.003151679 0.075292841 -0.005994063 0.997138441
1341845839.917855 -0.005416175 -0.050926797 -0.003287061 0.000996575 0.074150831 -0.006247629 0.997226954
1341845839.950283 -0.006277613 -0.050115865 -0.002222457 -0.000495368 0.072220773 -0.005939096 0.997370839
1341845839.985757 -0.006155466 -0.049423482 -0.002362467 -0.002408408 0.070231505 -0.005738451 0.997511327
1341845840.017660 -0.006741063 -0.048007347 -0.002158182 -0.005599666 0.068987548 -0.007121741 0.997576356
1341845840.049741 -0.007418410 -0.047926348 -0.002442336 -0.010213721 0.068257079 -0.007838586 0.997584701
1341845840.085650 -0.005774048 -0.065274835 -0.001359721 -0.021121532 0.064509563 -0.007241824 0.997667253
1341845840.117698 -0.005475987 -0.064256102 -0.001713153 -0.021972813 0.062600270 -0.005623815 0.997780919
1341845840.149796 -0.006537638 -0.045653332 -0.001360448 -0.016469099 0.062614076 -0.003460985 0.997895896
1341845840.186069 -0.007185811 -0.046201553 -0.001810893 -0.021829240 0.062097713 -0.003827957 0.997824013
1341845840.217657 -0.007335335 -0.044968307 -0.001120485 -0.025458222 0.062825561 -0.004555854 0.997689366
1341845840.253694 -0.008861211 -0.044902276 -0.000115703 -0.029288193 0.063342378 -0.003644793 0.997555375
1341845840.285914 -0.009423595 -0.044100381 -0.000547630 -0.031084944 0.060517229 -0.002566175 0.997679710
1341845840.317753 -0.009010890 -0.042781513 -0.000291247 -0.033087566 0.058427148 -0.001332224 0.997742295
1341845840.353861 -0.007651319 -0.040910475 0.000887203 -0.034729220 0.057326484 0.000532516 0.997751117
1341845840.385775 -0.007964008 -0.039376467 0.000290603 -0.037038229 0.058010001 -0.000740168 0.997628391
1341845840.417676 -0.009119158 -0.038695171 0.000607509 -0.040491626 0.057557359 -0.002253031 0.997518182
1341845840.453598 -0.009442341 -0.038401276 0.001039982 -0.042820118 0.056605324 -0.002130417 0.997475684
1341845840.485943 -0.009695506 -0.037772667 0.001019220 -0.043345883 0.056871302 -0.002578094 0.997436762
1341845840.521810 -0.010816159 -0.036377322 0.001560456 -0.044026833 0.057088394 -0.002053572 0.997395754
1341845840.553677 -0.011194459 -0.035677403 0.001602442 -0.046156306 0.055142961 -0.000130768 0.997411072
1341845840.585765 -0.010943916 -0.035644811 0.001817575 -0.047915958 0.053772580 -0.001249059 0.997402132
1341845840.621850 -0.011178785 -0.034311775 0.001497518 -0.048271753 0.053694524 -0.002431188 0.997386992
1341845840.653789 -0.011891411 -0.033202264 0.001546820 -0.051817741 0.053027369 -0.003863810 0.997240245
1341845840.685850 -0.011627020 -0.038576197 0.001333675 -0.056566238 0.051633697 -0.007225332 0.997036576
1341845840.721832 -0.012502212 -0.038721602 0.001500860 -0.054548193 0.051839184 -0.009025875 0.997123718
1341845840.753824 -0.014017194 -0.037858602 0.002786539 -0.050747015 0.049218662 -0.005703213 0.997481704
1341845840.789783 -0.013054730 -0.037259374 0.002200127 -0.048086613 0.045659766 -0.003786568 0.997791827
1341845840.821733 -0.012575204 -0.036000464 0.001527639 -0.045906436 0.046701282 -0.005439943 0.997838676
1341845840.853661 -0.013882710 -0.035101451 0.001708954 -0.045578148 0.048406929 -0.005190224 0.997773767
1341845840.889737 -0.014351689 -0.034812931 0.001729347 -0.045752611 0.046889119 -0.002897557 0.997847497
1341845840.921786 -0.013262333 -0.033405639 0.001215940 -0.045380365 0.046586771 -0.002973527 0.997878432
1341845840.957782 -0.013936964 -0.032197494 0.001085380 -0.047077980 0.049855713 -0.004193161 0.997637451
1341845840.989777 -0.013858300 -0.032953814 0.000787774 -0.050197128 0.051078215 -0.004163344 0.997423649
1341845841.021755 -0.014163620 -0.033143349 0.001852081 -0.049712755 0.051857200 -0.003869785 0.997408867
1341845841.057797 -0.014209895 -0.033261728 0.001565800 -0.046218686 0.053054139 -0.003805084 0.997514248
1341845841.089861 -0.013952129 -0.031223603 0.001733758 -0.041304693 0.054841466 -0.004386307 0.997630715
1341845841.127763 -0.014788387 -0.030175202 0.001296724 -0.039884452 0.055737648 -0.006496726 0.997627378
1341845841.157767 -0.014594748 -0.029244471 0.001439906 -0.038327776 0.054442249 -0.010536063 0.997725427
1341845841.189794 -0.014925890 -0.028688731 0.002088198 -0.036528062 0.054543421 -0.014512578 0.997737467
1341845841.225871 -0.016063284 -0.026638135 0.002918361 -0.032324016 0.054443475 -0.016370276 0.997859240
1341845841.257769 -0.015410395 -0.026775492 0.001269200 -0.029534386 0.053826917 -0.018103419 0.997949243
1341845841.289834 -0.016635641 -0.019506112 0.003048448 -0.025006797 0.053298306 -0.016030720 0.998136759
1341845841.325856 -0.015945591 -0.017500060 0.002683115 -0.025677523 0.052448981 -0.014283643 0.998191237
1341845841.357778 -0.015639419 -0.022699507 0.001673752 -0.030609390 0.051754259 -0.015592550 0.998068869
1341845841.389747 -0.016630949 -0.023169085 0.001646381 -0.028974729 0.049208723 -0.013837913 0.998272240
1341845841.425648 -0.014900985 -0.025593562 0.002159918 -0.024566054 0.045670319 -0.009328260 0.998610914
1341845841.457784 -0.014318149 -0.024199400 0.001766194 -0.015506255 0.044336945 -0.002979707 0.998891830
1341845841.493636 -0.014461063 -0.021484677 0.001965967 -0.010010361 0.043619506 -0.000252183 0.998998046
1341845841.525800 -0.013483299 -0.019213108 0.001539067 -0.011504510 0.043001492 0.001227723 0.999008000
1341845841.557776 -0.013848194 -0.018545987 0.001894194 -0.014732189 0.043781426 0.001346272 0.998931587
1341845841.593697 -0.016255761 -0.026851861 0.004127003 -0.019973105 0.043090135 0.003224646 0.998866320
1341845841.625800 -0.015867265 -0.026837965 0.004367726 -0.018293260 0.041141924 0.005203637 0.998972297
1341845841.657778 -0.015433081 -0.025713202 0.003916255 -0.015090461 0.041180197 0.006379110 0.999017417
1341845841.693890 -0.016311977 -0.024186077 0.004524929 -0.013301936 0.041318391 0.008723532 0.999019384
1341845841.725831 -0.016316159 -0.024095170 0.004213644 -0.013942902 0.040410545 0.009359015 0.999042034
1341845841.761977 -0.016429806 -0.023337517 0.003862768 -0.013082434 0.040143158 0.007470810 0.999080360
1341845841.793705 -0.016637849 -0.021412613 0.004116042 -0.013993184 0.039109465 0.008037170 0.999104619
1341845841.825907 -0.017141320 -0.021643193 0.005746065 -0.016483737 0.037635360 0.007881318 0.999124467
1341845841.862456 -0.017009268 -0.021937421 0.005745773 -0.016342236 0.035948701 0.007815138 0.999189436
1341845841.893840 -0.017845698 -0.022329463 0.006447674 -0.012235100 0.034156393 0.010868983 0.999282539
1341845841.925729 -0.017037718 -0.020204555 0.005767136 -0.007573124 0.031561509 0.014383901 0.999369621
1341845841.961799 -0.016418781 -0.019411843 0.005419001 -0.007617743 0.030584041 0.014622819 0.999396205
1341845841.994063 -0.016122939 -0.018230576 0.005364603 -0.007037663 0.031658988 0.012167655 0.999399900
1341845842.030345 -0.017428102 -0.016565464 0.005898913 -0.008854968 0.032362904 0.011520709 0.999370575
1341845842.061842 -0.017046176 -0.017517641 0.005976678 -0.010795116 0.029922400 0.012744707 0.999412656
1341845842.095648 -0.016403686 -0.016265947 0.005369165 -0.009713172 0.029363904 0.013514740 0.999430239
1341845842.130144 -0.016724190 -0.015525570 0.005179687 -0.010076635 0.029956345 0.015404322 0.999381721
1341845842.168651 -0.016672930 -0.014343043 0.005357297 -0.010079899 0.029926725 0.017603038 0.999346256
1341845842.204415 -0.017067371 -0.014204824 0.005650822 -0.010410671 0.030362895 0.018071899 0.999321342
1341845842.236995 -0.017916609 -0.013453538 0.006111360 -0.008532759 0.029666515 0.019679239 0.999329627
1341845842.272903 -0.018699287 -0.013109968 0.005706576 -0.006628370 0.026281860 0.022280712 0.999384224
1341845842.298056 -0.016842555 -0.012141420 0.004788670 -0.004599113 0.023980666 0.024437314 0.999403119
1341845842.330531 -0.017369458 -0.010162660 0.005612203 -0.002198675 0.025533825 0.024700036 0.999366343
1341845842.362365 -0.017922845 -0.008174501 0.005349190 -0.003236662 0.024236308 0.025486838 0.999376059
1341845842.399606 -0.016978849 -0.008231346 0.005694009 -0.006881358 0.023000296 0.026110414 0.999370754
1341845842.439754 -0.016888695 -0.007980814 0.006188998 -0.007792831 0.023536567 0.026023651 0.999353826
1341845842.472222 -0.017830964 -0.007818552 0.005263193 -0.008061084 0.024180962 0.026621912 0.999320567
1341845842.506051 -0.018050971 -0.007810939 0.005699254 -0.008077136 0.021964319 0.027807595 0.999339283
1341845842.539739 -0.017082227 -0.007418616 0.005667569 -0.007548224 0.021354685 0.026693558 0.999387026
1341845842.572817 -0.017731946 -0.007139857 0.005776063 -0.006965477 0.022806145 0.024446899 0.999416709
1341845842.597810 -0.018643739 -0.007330533 0.006999087 -0.006054263 0.022761503 0.024696384 0.999417543
1341845842.671782 -0.017699821 -0.004980800 0.005799752 -0.001521600 0.021705797 0.025583627 0.999435842
1341845842.697738 -0.018659074 -0.004797319 0.006680366 -0.002322600 0.022377215 0.028001290 0.999354661
1341845842.733828 -0.018573632 -0.004596389 0.006523615 -0.000320444 0.020824978 0.031531006 0.999285758
1341845842.772554 -0.018058768 -0.002367961 0.005922284 0.002081671 0.020098513 0.033881765 0.999221563
1341845842.803667 -0.018467853 -0.001252032 0.006056818 0.000163510 0.020125454 0.036164623 0.999143183
1341845842.839779 -0.017667005 -0.001420756 0.006148560 -0.001496527 0.020356312 0.035829265 0.999149442
1341845842.871951 -0.018775746 -0.000314467 0.006584099 -0.001193525 0.022050241 0.034734081 0.999152601
1341845842.903766 -0.019085415 0.001176612 0.006782899 -0.002078239 0.020997373 0.035123557 0.999160171
1341845842.939694 -0.018382117 0.000927613 0.006600043 -0.004865214 0.020991610 0.034154695 0.999184251
1341845842.971703 -0.019422047 0.001082730 0.006903893 -0.004381601 0.022469711 0.033153530 0.999188066
1341845843.003637 -0.020173943 0.002414573 0.007296779 -0.003275078 0.020984892 0.035105247 0.999157906
1341845843.039687 -0.018746812 0.002526772 0.006697771 -0.003721525 0.018971801 0.037961449 0.999092162
1341845843.071786 -0.018543877 0.003640210 0.006709126 -0.003005879 0.020698404 0.038026728 0.999057829
1341845843.103725 -0.020153198 0.003917667 0.007311334 -0.002906517 0.021481747 0.039630748 0.998979211
1341845843.139742 -0.020302609 0.005082208 0.007546314 -0.000446206 0.018201528 0.042484082 0.998931229
1341845843.171825 -0.018953785 0.006524578 0.006404663 -0.000958301 0.017069420 0.041089881 0.999009192
1341845843.207907 -0.019790919 0.007805538 0.006210293 -0.003535390 0.018413326 0.036600299 0.999154031
1341845843.240014 -0.020804811 0.008422238 0.007076697 -0.007024686 0.018184425 0.032862745 0.999269724
1341845843.281910 -0.021049144 0.008796947 0.007929817 -0.007832080 0.016182465 0.032688346 0.999303877
1341845843.307930 -0.020697799 0.009512660 0.007471319 -0.007329679 0.014678298 0.032293640 0.999343753
1341845843.339844 -0.020434691 0.008639272 0.007384576 -0.007463256 0.014328573 0.033623446 0.999303997
1341845843.407961 -0.020630814 0.011540850 0.007599776 -0.002236719 0.018029787 0.035426483 0.999207139
1341845843.437885 -0.021230616 0.013975235 0.008747055 -0.002395973 0.018018652 0.037306976 0.999138534
1341845843.469698 -0.024423236 0.014461539 0.009704472 -0.002912303 0.021995004 0.037587691 0.999046981
1341845843.501755 -0.021469342 0.016734414 0.008612963 -0.003897122 0.023191471 0.035556085 0.999090910
1341845843.537749 -0.021705484 0.017458873 0.010089547 -0.004588597 0.021186734 0.038737129 0.999014258
1341845843.570240 -0.018941896 0.016235268 0.008195762 -0.006149339 0.019933935 0.039275426 0.999010623
1341845843.601912 -0.020132354 0.016743435 0.007970892 -0.010227015 0.021979880 0.036267195 0.999048054
1341845843.637854 -0.020700788 0.021467235 0.010511118 -0.010402884 0.020893352 0.036535762 0.999059737
1341845843.669935 -0.020366816 0.021256106 0.010009412 -0.011544624 0.022626232 0.036976513 0.998993218
1341845843.705705 -0.020259582 0.023637876 0.010905926 -0.009785232 0.025232574 0.039179202 0.998865604
1341845843.738087 -0.020844307 0.023756903 0.010093362 -0.012124745 0.028074155 0.040398926 0.998715520
1341845843.769868 -0.020584174 0.023949400 0.011014163 -0.010675136 0.028577732 0.042668510 0.998623431
1341845843.805741 -0.020274911 0.026069919 0.011847986 -0.008080095 0.030026540 0.045384102 0.998485565
1341845843.837731 -0.019637138 0.026902864 0.011888045 -0.008674857 0.032221187 0.045571126 0.998403609
1341845843.869723 -0.018759524 0.022714091 0.010605289 -0.011867536 0.035357792 0.044452786 0.998315036
1341845843.905817 -0.018667983 0.021995375 0.010298809 -0.009911021 0.036530972 0.046525769 0.998199701
1341845843.937846 -0.017514823 0.022926237 0.010772951 -0.006003059 0.037480224 0.050511301 0.998001933
1341845843.973843 -0.018191505 0.028973622 0.011885994 -0.000644691 0.042022754 0.050829712 0.997822642
1341845844.005877 -0.019657867 0.029460175 0.011682209 -0.000239195 0.045963969 0.051048201 0.997637868
1341845844.037839 -0.019615667 0.030069055 0.011917189 0.002120287 0.044964507 0.050458908 0.997711182
1341845844.073843 -0.018249843 0.031510405 0.011411537 0.001845568 0.045196291 0.047848970 0.997829795
1341845844.105844 -0.019045640 0.031475615 0.011416013 0.001374642 0.048564482 0.044451199 0.997829437
1341845844.137727 -0.018333301 0.027073534 0.010984471 0.000053366 0.049336210 0.044187553 0.997804284
1341845844.173729 -0.017921975 0.027354071 0.010516929 0.001483890 0.048946798 0.043606382 0.997847915
1341845844.205772 -0.018116685 0.029568594 0.010974908 0.001400609 0.050151736 0.041529909 0.997876823
1341845844.241826 -0.018290818 0.028316103 0.011642449 -0.000135798 0.050135601 0.041253496 0.997890055
1341845844.273743 -0.017019415 0.030031467 0.011964298 0.007864107 0.047868397 0.046108853 0.997757852
1341845844.305737 -0.018168293 0.031690001 0.011379337 0.010534898 0.049550224 0.048514228 0.997537017
1341845844.341702 -0.018035345 0.033689201 0.011323391 0.009057173 0.048904140 0.048025761 0.997607052
1341845844.373700 -0.018429162 0.034353066 0.011868288 0.005085588 0.048978016 0.046287484 0.997713745
1341845844.409780 -0.017322857 0.029830575 0.010267517 0.001925234 0.048206639 0.047960531 0.997683406
1341845844.441868 -0.017152265 0.030889938 0.010485033 0.000111031 0.047291048 0.050311215 0.997613311
1341845844.473633 -0.016346324 0.031622361 0.010531244 -0.002236271 0.047726713 0.051075719 0.997551203
1341845844.509732 -0.017248562 0.032522473 0.010167067 -0.003127833 0.049903791 0.051828675 0.997403443
1341845844.541734 -0.019283449 0.040500097 0.012274404 -0.002130000 0.049812745 0.053564638 0.997318864
1341845844.573798 -0.017485946 0.034923133 0.010033554 -0.007787498 0.047600955 0.053641815 0.997394621
1341845844.609774 -0.017606007 0.035903823 0.010584360 -0.009156447 0.048045348 0.053641900 0.997361660
1341845844.641742 -0.018493818 0.036646239 0.011433302 -0.009367664 0.046511233 0.055309214 0.997341335
1341845844.677619 -0.018433874 0.037254304 0.011575347 -0.005998679 0.041110206 0.060209114 0.997320831
1341845844.709820 -0.017754886 0.037102789 0.011004287 -0.006475328 0.038382720 0.060301702 0.997420967
1341845844.741764 -0.018604763 0.037691228 0.011577601 -0.009177326 0.035231918 0.059899490 0.997540236
1341845844.778110 -0.019068843 0.038767345 0.011721603 -0.010822004 0.031762011 0.058943085 0.997697234
1341845844.811162 -0.020054370 0.039175730 0.011908391 -0.010882082 0.027979603 0.058231708 0.997851610
1341845844.842336 -0.020544246 0.040851098 0.010738245 -0.013618993 0.023325199 0.053753827 0.998188853
1341845844.883762 -0.019971609 0.039863650 0.012457072 -0.016756067 0.019684507 0.053949647 0.998209000
1341845844.911668 -0.022863390 0.050615635 0.013901877 -0.011664055 0.017611759 0.051724460 0.998438001
1341845844.947016 -0.022648882 0.047519527 0.012875149 -0.012905714 0.011596342 0.051968511 0.998498023
1341845844.977793 -0.021585329 0.049471159 0.014437404 -0.012545474 0.007641718 0.050654773 0.998608172
1341845845.009670 -0.022136712 0.049360402 0.013954313 -0.014521725 0.007067587 0.045338448 0.998841107
1341845845.045698 -0.022679573 0.050329600 0.013991502 -0.013096749 0.002406376 0.043228783 0.998976469
1341845845.077748 -0.020929003 0.051992506 0.013472502 -0.013175492 -0.001131734 0.040531054 0.999090791
1341845845.109679 -0.020949438 0.052234184 0.013759479 -0.015133821 0.000402726 0.036065158 0.999234796
1341845845.145640 -0.021201979 0.052206229 0.013699681 -0.015824696 0.000373330 0.034690980 0.999272704
1341845845.177719 -0.023014460 0.054460049 0.012426442 -0.013802045 0.001442867 0.033305287 0.999348879
1341845845.213604 -0.021332333 0.056615166 0.014042597 -0.013797356 0.002927532 0.032528639 0.999371290
1341845845.245741 -0.022535361 0.055835031 0.013404594 -0.016893202 0.005742074 0.032628510 0.999308288
1341845845.277905 -0.022262698 0.056098498 0.014498778 -0.015699036 0.006050937 0.032686044 0.999324024
1341845845.314159 -0.022493435 0.058355920 0.013373137 -0.013846911 0.005772782 0.032911189 0.999345660
1341845845.345748 -0.022356084 0.059095606 0.014159272 -0.015538260 0.006288605 0.031684421 0.999357343
1341845845.381704 -0.023001546 0.060071085 0.013400850 -0.016083168 0.006348480 0.030862974 0.999374032
1341845845.413648 -0.022603361 0.061147213 0.012265945 -0.017279651 0.004471206 0.031637307 0.999340057
1341845845.445777 -0.018601023 0.050156198 0.011420176 -0.021288762 0.000380485 0.031459779 0.999278188
1341845845.481809 -0.017762205 0.053152751 0.010413580 -0.022652376 -0.000749076 0.027436022 0.999366581
1341845845.514332 -0.019198760 0.051599693 0.012313436 -0.027097700 -0.000352435 0.024238382 0.999338865
1341845845.545717 -0.018505923 0.053097490 0.011400437 -0.026619434 -0.003136233 0.025635554 0.999311984
1341845845.581658 -0.017752454 0.054173402 0.010515815 -0.028864261 -0.005885627 0.026147833 0.999223948
1341845845.613959 -0.017758721 0.055766884 0.009941147 -0.031486318 -0.004653875 0.022098491 0.999249041
1341845845.649696 -0.018037640 0.056008108 0.011986640 -0.034712259 -0.004772166 0.022695735 0.999128222
1341845845.682034 -0.018796053 0.055003889 0.011908398 -0.034475338 -0.007012904 0.025217252 0.999062717
1341845845.714232 -0.017682504 0.057583004 0.011037220 -0.032152291 -0.008808529 0.026105531 0.999103189
1341845845.751971 -0.017069031 0.059226602 0.011929975 -0.036736410 -0.008760784 0.022819987 0.999026000
1341845845.787747 -0.019554058 0.058883581 0.012239266 -0.039400067 -0.004811577 0.018415360 0.999042213
1341845845.820616 -0.021252101 0.060112040 0.011378651 -0.038195569 -0.002973243 0.018201292 0.999100089
1341845845.887653 -0.017679112 0.061193913 0.011820931 -0.039666850 -0.007202896 0.018108139 0.999022901
1341845845.917680 -0.019030141 0.061754465 0.012625581 -0.040390790 -0.004367914 0.018409085 0.999004841
1341845845.949895 -0.018975170 0.061602246 0.011736795 -0.040581204 -0.002810011 0.018820124 0.998995066
1341845845.981855 -0.019781936 0.063184910 0.011122652 -0.040998686 0.000514952 0.019638306 0.998966038
1341845846.017822 -0.019083031 0.063601814 0.012159308 -0.042146392 0.000347217 0.018698202 0.998936415
1341845846.049788 -0.018854950 0.063942187 0.012263834 -0.040991906 0.000810971 0.018570926 0.998986542
1341845846.081697 -0.021480225 0.064620674 0.011189111 -0.041183162 0.003905906 0.019937815 0.998945057
1341845846.117753 -0.018140024 0.065441124 0.012036504 -0.041326519 -0.001277816 0.018493664 0.998973727
1341845846.149729 -0.018789377 0.066885583 0.012286955 -0.040220156 -0.001256816 0.019073177 0.999008000
1341845846.185551 -0.018614380 0.067189917 0.011841199 -0.042466637 -0.003194474 0.022066629 0.998849034
1341845846.217670 -0.018035011 0.068012394 0.011328392 -0.043748651 -0.003657208 0.022483233 0.998782814
1341845846.249670 -0.018579250 0.069287077 0.011145430 -0.046551585 -0.002275011 0.025239404 0.998594403
1341845846.285621 -0.018128593 0.068216093 0.011630850 -0.051382165 -0.003899451 0.026536368 0.998318851
1341845846.318706 -0.017649410 0.070027918 0.011294410 -0.050960906 -0.003581964 0.025224900 0.998375595
1341845846.349746 -0.019425765 0.069644369 0.011406405 -0.055205878 -0.000087787 0.025709897 0.998143911
1341845846.385823 -0.018321674 0.070406489 0.011387498 -0.056906797 -0.002026410 0.027725991 0.997992396
1341845846.417804 -0.018288041 0.071129084 0.010636004 -0.059781510 -0.000393437 0.027933475 0.997820497
1341845846.453757 -0.019645765 0.072304092 0.011073771 -0.061573405 0.002042549 0.029787300 0.997655869
1341845846.485915 -0.017506264 0.071586251 0.011426993 -0.065964714 -0.002234774 0.032090761 0.997303307
1341845846.517804 -0.016525228 0.073187836 0.011007306 -0.065683037 -0.001123542 0.029781071 0.997395396
1341845846.553866 -0.017549461 0.073361404 0.011275648 -0.070784844 0.001715854 0.030307271 0.997029603
1341845846.585802 -0.016736314 0.072354488 0.011556542 -0.073362291 -0.000473576 0.029627925 0.996865094
1341845846.621952 -0.016617049 0.074815817 0.010384602 -0.071869366 0.001010440 0.027570095 0.997032404
1341845846.653735 -0.015775481 0.074417323 0.010852008 -0.075730667 0.000094402 0.029297121 0.996697843
1341845846.687048 -0.016100867 0.073386818 0.011010475 -0.076308884 0.000648903 0.026483795 0.996732235
1341845846.721930 -0.016990658 0.072859950 0.010234152 -0.077015541 0.003812842 0.025193961 0.996704221
1341845846.755684 -0.017130764 0.072647028 0.010242315 -0.076884195 0.003600396 0.026182277 0.996689677
1341845846.785987 -0.016855361 0.071408175 0.010694401 -0.076783247 0.003674017 0.026386414 0.996691823
1341845846.821760 -0.015999656 0.071864732 0.010617383 -0.074528620 0.004011173 0.024272604 0.996915340
1341845846.853756 -0.016421886 0.068118840 0.010456786 -0.077596113 0.004758501 0.025821786 0.996639073
1341845846.889724 -0.015880320 0.067248262 0.011259580 -0.072177902 0.002698628 0.026429936 0.997037888
1341845846.921756 -0.016219420 0.067917868 0.010668049 -0.066659391 0.003796148 0.023510804 0.997491539
1341845846.953776 -0.017555945 0.066942528 0.010172304 -0.065907829 0.006464418 0.023048101 0.997538567
1341845846.989607 -0.017712856 0.066056781 0.010439388 -0.061607428 0.004860428 0.023885613 0.997802794
1341845847.021791 -0.017818382 0.065090857 0.010522988 -0.056854233 0.003961757 0.021947578 0.998133361
1341845847.053671 -0.018304458 0.063980795 0.010054694 -0.055942755 0.004090023 0.021318147 0.998197973
1341845847.089677 -0.019298777 0.061727490 0.010191653 -0.056655597 0.002798363 0.021378446 0.998160958
1341845847.121825 -0.017528845 0.061647747 0.010483679 -0.048251636 -0.001733405 0.018520338 0.998661995
1341845847.157737 -0.016906148 0.061498437 0.010635239 -0.043976899 -0.001516680 0.019294402 0.998845041
1341845847.189613 -0.017253743 0.059843387 0.010522461 -0.042757742 -0.000131391 0.021133721 0.998861909
1341845847.221790 -0.017330334 0.058794711 0.010423075 -0.039042249 0.002346662 0.021591885 0.999001503
1341845847.257718 -0.017108848 0.056071293 0.009671496 -0.038946416 0.003988394 0.023159435 0.998964906
1341845847.289652 -0.017470684 0.054849785 0.009778946 -0.036862068 0.004341088 0.023873052 0.999025762
1341845847.321777 -0.016388617 0.053997777 0.009723804 -0.033806581 0.003808134 0.022973418 0.999157071
1341845847.357899 -0.015914300 0.051563598 0.009049733 -0.034171086 0.004432322 0.022100270 0.999161780
1341845847.390176 -0.016385103 0.052607901 0.009274522 -0.030603001 0.005118343 0.020659694 0.999304950
1341845847.425786 -0.015990259 0.051387679 0.008970217 -0.030180868 0.006275887 0.017948765 0.999363542
1341845847.460315 -0.016161850 0.049471486 0.009144821 -0.030113425 0.007760548 0.018425545 0.999346495
1341845847.489945 -0.016439319 0.048556942 0.008368192 -0.029472860 0.006978697 0.019492444 0.999351144
1341845847.525805 -0.016527740 0.046838257 0.007708717 -0.030489204 0.005421658 0.018471461 0.999349654
1341845847.557741 -0.016222022 0.046909597 0.006608905 -0.033122145 0.003121939 0.014468205 0.999341726
1341845847.593782 -0.016557192 0.043858711 0.007314810 -0.038414173 0.001888323 0.010865482 0.999201059
1341845847.625656 -0.015836449 0.043151595 0.006915859 -0.035929754 0.000821205 0.010976637 0.999293685
1341845847.657670 -0.015788600 0.042326730 0.006048592 -0.033543181 0.000721484 0.013499054 0.999345839
1341845847.693751 -0.015372341 0.041052107 0.005241473 -0.033217926 0.000668518 0.014879289 0.999337137
1341845847.725684 -0.015348598 0.039904457 0.005142365 -0.033532970 0.002014646 0.013561486 0.999343574
1341845847.757787 -0.015624565 0.037713569 0.004657409 -0.033378027 0.002293591 0.016746705 0.999299884
1341845847.793826 -0.015745630 0.036958449 0.003852232 -0.032020170 0.000512902 0.019176630 0.999303102
1341845847.825684 -0.015517928 0.035704069 0.004228762 -0.033547133 -0.000150033 0.018747525 0.999261260
1341845847.861928 -0.016177949 0.034742150 0.003580129 -0.033633985 -0.000428155 0.018689508 0.999259353
1341845847.893697 -0.016531438 0.033234239 0.003566886 -0.034709711 -0.002694898 0.021581357 0.999160767
1341845847.925644 -0.015811734 0.032012463 0.002882642 -0.032237645 -0.005258033 0.024075167 0.999176383
1341845847.961946 -0.015650617 0.031636603 0.002965707 -0.032736041 -0.004430856 0.024206014 0.999161065
1341845847.993685 -0.016560925 0.030161053 0.002997698 -0.032481804 -0.004522083 0.025570335 0.999134958
1341845848.025620 -0.015853962 0.029663611 0.002993989 -0.032032870 -0.006709336 0.027515074 0.999085486
1341845848.061715 -0.016020073 0.028567828 0.002718705 -0.031478491 -0.006176842 0.027802469 0.999098599
1341845848.093689 -0.016600458 0.027870962 0.002678170 -0.031600378 -0.006898368 0.027573137 0.999096394
1341845848.132119 -0.016557107 0.029443804 0.003009705 -0.031818956 -0.009414493 0.026523758 0.999097288
1341845848.167711 -0.015566360 0.028627951 0.002875597 -0.031518348 -0.010356096 0.024076464 0.999159515
1341845848.200502 -0.016143801 0.027379427 0.002761503 -0.032411102 -0.009291896 0.023313118 0.999159515
1341845848.232265 -0.016222218 0.026155837 0.002260232 -0.033438139 -0.011090584 0.024035757 0.999090195
1341845848.267873 -0.015214126 0.024635673 0.001550002 -0.032990217 -0.012163321 0.024527635 0.999080598
1341845848.301135 -0.015872844 0.025450872 0.001144010 -0.032407187 -0.010929178 0.024133813 0.999123573
1341845848.335735 -0.016366201 0.023991875 0.001463956 -0.037138160 -0.012092636 0.025102824 0.998921573
1341845848.367757 -0.015456698 0.022058245 0.000968375 -0.039756186 -0.014480519 0.024097234 0.998813808
1341845848.399644 -0.015463234 0.022472400 0.000612315 -0.039414383 -0.015196466 0.023896597 0.998821557
1341845848.435802 -0.017111598 0.023013147 0.000313969 -0.039887059 -0.017408138 0.024870459 0.998742938
1341845848.467705 -0.014613515 0.022677895 -0.000273968 -0.040626604 -0.020850368 0.023951182 0.998669624
1341845848.503759 -0.014924022 0.021780580 -0.000407656 -0.042034190 -0.017138636 0.022181641 0.998722851
1341845848.536036 -0.016179971 0.021020878 -0.000001474 -0.042679496 -0.016450942 0.023656894 0.998673201
1341845848.567958 -0.015220959 0.020256333 -0.000530949 -0.042454161 -0.018873246 0.025897173 0.998584390
1341845848.603657 -0.015000576 0.019866236 -0.000981830 -0.042947207 -0.018464556 0.025577560 0.998579204
1341845848.635797 -0.015760446 0.018928064 -0.000929422 -0.043918788 -0.018242702 0.024923187 0.998557568
1341845848.671815 -0.015295055 0.017198836 -0.000311343 -0.044027139 -0.020019373 0.026222423 0.998485446
1341845848.703677 -0.014828211 0.016028909 -0.001211275 -0.039712820 -0.019796342 0.027563496 0.998634696
1341845848.735781 -0.015050246 0.015412075 -0.001827756 -0.036156099 -0.018165164 0.028942745 0.998761773
1341845848.771647 -0.015285820 0.014795713 -0.000972458 -0.034206737 -0.017909823 0.031463411 0.998758793
1341845848.803783 -0.014563715 0.014540207 -0.001843872 -0.031999022 -0.017102296 0.032778282 0.998803854
1341845848.839757 -0.014612931 0.015391313 -0.001788738 -0.032291807 -0.014069633 0.031150512 0.998893857
1341845848.871829 -0.014384264 0.014433019 -0.000933537 -0.037514634 -0.011585189 0.028288182 0.998828411
1341845848.903622 -0.013631055 0.014598126 -0.000784675 -0.037332557 -0.009084761 0.029102590 0.998837709
1341845848.940608 -0.013702572 0.013395229 -0.000868307 -0.028141877 -0.002584613 0.032260843 0.999079883
1341845848.972843 -0.015389679 0.015428362 0.000124294 -0.020577610 0.002562304 0.033726253 0.999215961
1341845849.008613 -0.016973352 0.016940622 0.001584396 -0.018466797 0.005066760 0.032648366 0.999283433
1341845849.044290 -0.016543265 0.017011181 0.002431147 -0.016773567 0.008085191 0.029820671 0.999381840
1341845849.072005 -0.016311899 0.017713159 0.003528247 -0.015061213 0.009554165 0.030733649 0.999368429
1341845849.101927 -0.015541336 0.018702777 0.003992904 -0.014278009 0.009101470 0.030645534 0.999386907
1341845849.133777 -0.014096028 0.018302977 0.004422571 -0.016450031 0.013334758 0.026885541 0.999414206
1341845849.165908 -0.015579765 0.017926173 0.006057867 -0.016797146 0.019049043 0.025599845 0.999349594
1341845849.201651 -0.015743989 0.017156176 0.006566044 -0.015339129 0.019383678 0.027620818 0.999312818
1341845849.233648 -0.014840264 0.017755426 0.006692240 -0.014005105 0.019504707 0.027748281 0.999326527
1341845849.265690 -0.015025411 0.018689476 0.007374385 -0.014761009 0.022164444 0.025647407 0.999316335
1341845849.301701 -0.016121348 0.018622182 0.008992525 -0.017007912 0.023104411 0.024575165 0.999286234
1341845849.333730 -0.015791439 0.018377379 0.009293694 -0.017991554 0.021006057 0.024769640 0.999310493
1341845849.369727 -0.015834654 0.019071711 0.010891019 -0.018609526 0.020303661 0.024339352 0.999324322
1341845849.401811 -0.016130487 0.018329585 0.012521939 -0.019540220 0.019863961 0.023946034 0.999324858
1341845849.433692 -0.015894432 0.019002894 0.013190026 -0.017426580 0.019746371 0.023421714 0.999378681
1341845849.469648 -0.016572269 0.019453207 0.014548987 -0.018165855 0.020728527 0.023167213 0.999351621
1341845849.501641 -0.016173121 0.019119035 0.016100902 -0.018986480 0.019294832 0.023956934 0.999346435
1341845849.533689 -0.015942214 0.017836116 0.017103298 -0.019109527 0.020325366 0.023426721 0.999336243
1341845849.569780 -0.016409872 0.018552164 0.018330116 -0.019699078 0.021173408 0.022096217 0.999337494
1341845849.601759 -0.016200241 0.018093633 0.019685835 -0.022207042 0.021278072 0.021904171 0.999286890
1341845849.637837 -0.015964761 0.017864984 0.021349957 -0.021262513 0.023480520 0.021451818 0.999267936
1341845849.669719 -0.016533254 0.018112907 0.022500262 -0.020464862 0.025704976 0.021622974 0.999226153
1341845849.701927 -0.016035842 0.018469233 0.024132336 -0.020699518 0.026985670 0.020945469 0.999201953
1341845849.737804 -0.016186850 0.018389566 0.025441211 -0.021008752 0.030245833 0.019916845 0.999123156
1341845849.769688 -0.017298056 0.018790124 0.027168684 -0.020681182 0.032090589 0.020165198 0.999067485
1341845849.805874 -0.017574117 0.018446835 0.028318102 -0.021124750 0.030279994 0.021673340 0.999083161
1341845849.838002 -0.016665371 0.018809678 0.028847929 -0.020968147 0.028927455 0.020376433 0.999153793
1341845849.873756 -0.016661363 0.019246597 0.029793618 -0.023176778 0.030586911 0.017552754 0.999109149
1341845849.905773 -0.017391874 0.018551538 0.031484567 -0.024980569 0.030738525 0.017525878 0.999061525
1341845849.942380 -0.016536979 0.018363982 0.032483391 -0.023707617 0.030349240 0.017844174 0.999098837
1341845849.969808 -0.016775269 0.019213382 0.033473168 -0.023194211 0.033831846 0.016310468 0.999025226
1341845850.006040 -0.017890271 0.018777333 0.034968987 -0.024742035 0.034935832 0.014755812 0.998974264
1341845850.038041 -0.017526200 0.018738681 0.035946101 -0.025175538 0.033652991 0.013083779 0.999030769
1341845850.073843 -0.017518146 0.018508391 0.036856383 -0.024120541 0.034178477 0.012650107 0.999044538
1341845850.106258 -0.017631849 0.019131478 0.038091999 -0.023245489 0.034741789 0.011792480 0.999056339
1341845850.137727 -0.018253846 0.018884026 0.038138840 -0.025322109 0.033648390 0.009215550 0.999070406
1341845850.173748 -0.017883254 0.018515963 0.039021842 -0.027397392 0.030488314 0.007356353 0.999132514
1341845850.205888 -0.017810784 0.018519919 0.040158428 -0.027611129 0.029143171 0.007441480 0.999166131
1341845850.242190 -0.018257078 0.018642096 0.041397888 -0.027842715 0.028262677 0.008073580 0.999180079
1341845850.276369 -0.018382348 0.018475192 0.042269409 -0.028920254 0.026449984 0.007271730 0.999205232
1341845850.311979 -0.018448412 0.018751426 0.043762643 -0.029192671 0.025562033 0.005721438 0.999230504
1341845850.343827 -0.018336793 0.019250626 0.044291757 -0.031015227 0.024021693 0.004773727 0.999218822
1341845850.380151 -0.018207461 0.018649923 0.045365360 -0.033130184 0.023550060 0.003558529 0.999167204
1341845850.412359 -0.017628530 0.018013213 0.046385840 -0.032477424 0.024169015 0.003231707 0.999175012
1341845850.447279 -0.017084844 0.018387871 0.047155760 -0.031744443 0.024752891 0.005905156 0.999172032
1341845850.511722 -0.016669186 0.018061260 0.049425311 -0.027949641 0.027407026 0.010795739 0.999175251
1341845850.541836 -0.016767135 0.018321846 0.050221145 -0.026772495 0.029366277 0.012294444 0.999134481
1341845850.573894 -0.016910557 0.017903704 0.050872613 -0.026496418 0.029805267 0.012598771 0.999125063
1341845850.609794 -0.016850421 0.018017147 0.052125424 -0.024511052 0.030250847 0.012523522 0.999163270
1341845850.641744 -0.016865194 0.018132346 0.052980334 -0.024552485 0.029443135 0.011578616 0.999197781
1341845850.673755 -0.016443137 0.017708395 0.053002380 -0.023212930 0.028861022 0.010108885 0.999262750
1341845850.709784 -0.015613767 0.018211776 0.054350872 -0.022165142 0.029864378 0.009110108 0.999266624
1341845850.741802 -0.016734175 0.017727407 0.055598881 -0.021970145 0.030210385 0.009855893 0.999253452
1341845850.777740 -0.015958145 0.018254267 0.056023810 -0.021227432 0.028243421 0.010840292 0.999316871
1341845850.809756 -0.016056970 0.018061006 0.056739669 -0.020720547 0.029282574 0.010405560 0.999302208
1341845850.841900 -0.016195895 0.019006789 0.057612065 -0.020417845 0.028688204 0.010559360 0.999324083
1341845850.877766 -0.016032981 0.018797398 0.058646243 -0.021952583 0.027907075 0.009957273 0.999319851
1341845850.909781 -0.015601275 0.018777281 0.059349701 -0.022334555 0.028411862 0.009766584 0.999299049
1341845850.941758 -0.015616299 0.019207524 0.060115017 -0.023245545 0.029086171 0.010114361 0.999255359
1341845850.977762 -0.015817285 0.018962169 0.061227594 -0.023744209 0.028638706 0.012112731 0.999234378
1341845851.009834 -0.015568604 0.019537156 0.061936826 -0.023173125 0.027474154 0.014626802 0.999246836
1341845851.045751 -0.014857069 0.018439537 0.060450427 -0.025265148 0.027666599 0.016101433 0.999168098
1341845851.077894 -0.014981773 0.017822916 0.061468337 -0.025200849 0.028281793 0.018349405 0.999113798
1341845851.109747 -0.015334138 0.018735861 0.062095247 -0.023451675 0.028405864 0.019389156 0.999133229
1341845851.145889 -0.015362123 0.019419823 0.062608846 -0.025627481 0.027030226 0.017641766 0.999150336
1341845851.177904 -0.014443434 0.019061623 0.063567102 -0.027962415 0.026820635 0.014559688 0.999143004
1341845851.209882 -0.015288167 0.019834250 0.064612806 -0.028552728 0.028253779 0.012673807 0.999112546
1341845851.251733 -0.015969828 0.019372622 0.065883443 -0.031622052 0.025691357 0.011655834 0.999101639
1341845851.277783 -0.014305279 0.019070297 0.065454639 -0.030662522 0.023681445 0.010927362 0.999189436
1341845851.313813 -0.014772836 0.019529173 0.066595972 -0.028728731 0.026933027 0.011075969 0.999162912
1341845851.345834 -0.015719682 0.019480942 0.067397907 -0.027793255 0.026054602 0.013734275 0.999179661
1341845851.377718 -0.015322600 0.019489508 0.066526920 -0.025543578 0.023110198 0.016447064 0.999271214
1341845851.413805 -0.014960250 0.020557463 0.066583291 -0.024992563 0.022127854 0.016890232 0.999300003
1341845851.445896 -0.016137505 0.020352911 0.067648463 -0.028354993 0.021563778 0.014128646 0.999265432
1341845851.478163 -0.015520975 0.020395478 0.068014689 -0.028644174 0.017267760 0.014993677 0.999328017
1341845851.514640 -0.014888217 0.021331264 0.068359472 -0.029264789 0.016527019 0.015457842 0.999315500
1341845851.546201 -0.015143285 0.021418981 0.068978332 -0.031858761 0.017749690 0.016074978 0.999205470
1341845851.581975 -0.014383255 0.020827863 0.069863081 -0.033268739 0.016754670 0.019734332 0.999111116
1341845851.616214 -0.014564225 0.020890841 0.069939792 -0.030439114 0.018272351 0.024962375 0.999057829
1341845851.645895 -0.015056063 0.022007173 0.070164800 -0.030677475 0.018197667 0.028348701 0.998961508
1341845851.681977 -0.014788976 0.020911276 0.070748664 -0.031795319 0.016709847 0.027031103 0.998989046
1341845851.714139 -0.014647843 0.021272674 0.071130939 -0.029808199 0.017600756 0.026695646 0.999044061
1341845851.745927 -0.015586031 0.021524578 0.071524762 -0.029983370 0.016517026 0.028080605 0.999019325
1341845851.781911 -0.014467493 0.021218726 0.071753107 -0.031259909 0.013223872 0.027377220 0.999048769
1341845851.813848 -0.014086293 0.021155240 0.072136387 -0.030346666 0.014474092 0.024689853 0.999129593
1341845851.849910 -0.014435127 0.021312017 0.072389781 -0.030231124 0.014987403 0.023204975 0.999161124
1341845851.881832 -0.013759410 0.019805692 0.072651610 -0.029457446 0.013588590 0.021982741 0.999231875
1341845851.913735 -0.013108513 0.021061506 0.072215624 -0.024116820 0.015473855 0.019371286 0.999401689
1341845851.949904 -0.013543842 0.020744404 0.072504357 -0.026454516 0.017241199 0.015272489 0.999384642
1341845851.982005 -0.012614978 0.019868352 0.072051257 -0.025037481 0.016892370 0.013391741 0.999454021
1341845852.017909 -0.012444229 0.020744624 0.072195828 -0.023023779 0.019411827 0.012306183 0.999470651
1341845852.050012 -0.011968325 0.020587035 0.071470119 -0.023907067 0.021149252 0.010402515 0.999436319
1341845852.082035 -0.011890212 0.020193441 0.071343511 -0.024625307 0.024863591 0.008966778 0.999347270
1341845852.121076 -0.011882679 0.020419743 0.070893317 -0.023200281 0.027688857 0.009833775 0.999298930
1341845852.163838 -0.011614240 0.020169958 0.070113912 -0.024520950 0.030519210 0.010498283 0.999178171
1341845852.190660 -0.012200361 0.020237036 0.069834672 -0.023069322 0.034192570 0.012017252 0.999076664
1341845852.223981 -0.012320338 0.020077826 0.069473304 -0.023557138 0.034546677 0.013095768 0.999039590
1341845852.257664 -0.012328126 0.019512735 0.068978138 -0.022276716 0.034159057 0.013633827 0.999075055
1341845852.286726 -0.012824657 0.020244278 0.067988992 -0.021873621 0.034334075 0.014126979 0.999071121
1341845852.317924 -0.013063987 0.019808844 0.067767829 -0.023927532 0.032059193 0.015099583 0.999085426
1341845852.349834 -0.012431314 0.019688768 0.067367204 -0.024477001 0.030665478 0.016362509 0.999095976
1341845852.385657 -0.013394899 0.019434594 0.066672072 -0.024211815 0.030167982 0.019177966 0.999067485
1341845852.417731 -0.013372777 0.019962119 0.065567933 -0.024918543 0.026875537 0.019599937 0.999135911
1341845852.449741 -0.013064096 0.019063067 0.064994715 -0.027167924 0.026727861 0.018269315 0.999106467
1341845852.485861 -0.013943175 0.019534942 0.064124122 -0.026892200 0.026396379 0.016296679 0.999156892
1341845852.517876 -0.013340981 0.019607764 0.064265124 -0.029273177 0.023329625 0.014797321 0.999189615
1341845852.553887 -0.013599691 0.018490234 0.062745795 -0.029158354 0.021947298 0.016763045 0.999193251
1341845852.585754 -0.014247230 0.019366680 0.061439961 -0.027781865 0.021155167 0.018662948 0.999215901
1341845852.617891 -0.014515053 0.018986473 0.060544349 -0.029473023 0.019175487 0.018392567 0.999212384
1341845852.653840 -0.014287150 0.018957743 0.059501283 -0.029466173 0.017673144 0.018201403 0.999243796
1341845852.685926 -0.014675596 0.019218575 0.059337392 -0.030102277 0.018578757 0.017566994 0.999219716
1341845852.717821 -0.015313976 0.019159351 0.058537025 -0.030397538 0.017505843 0.019893121 0.999186516
1341845852.753958 -0.014878882 0.019320739 0.057139214 -0.029717414 0.016618745 0.023290796 0.999148726
1341845852.785766 -0.015080399 0.019686002 0.055908572 -0.030921005 0.019440357 0.022844173 0.999071598
1341845852.822784 -0.016011029 0.019068127 0.055121724 -0.031671513 0.019830260 0.024093647 0.999011099
1341845852.853750 -0.015516099 0.019580742 0.053790949 -0.031355575 0.018809523 0.024478758 0.999031425
1341845852.885924 -0.015888287 0.019144939 0.052825097 -0.032410655 0.021650556 0.023737021 0.998958111
1341845852.921581 -0.017073393 0.020529680 0.053182121 -0.030695550 0.022968786 0.023311611 0.998992920
1341845852.953977 -0.016216502 0.018783402 0.050607134 -0.030924628 0.023516504 0.023103496 0.998977900
1341845852.989721 -0.017305698 0.019767892 0.049613789 -0.027244657 0.026502477 0.021774916 0.999040127
1341845853.021716 -0.018137246 0.020285862 0.048786446 -0.030562751 0.024396155 0.018777035 0.999058664
1341845853.053750 -0.017793730 0.019394867 0.047822539 -0.031289052 0.021704687 0.018362921 0.999105990
1341845853.089814 -0.018027438 0.020647094 0.046661381 -0.030110253 0.021417091 0.018104902 0.999153078
1341845853.121864 -0.018606076 0.020052183 0.045805532 -0.033526450 0.020553648 0.016784186 0.999085486
1341845853.159690 -0.018397003 0.019297615 0.044869732 -0.032254905 0.020043990 0.017749578 0.999121010
1341845853.195824 -0.019049888 0.019800758 0.043756410 -0.029846331 0.020623002 0.018934453 0.999162316
1341845853.227731 -0.019052498 0.020077083 0.042382795 -0.030406876 0.019483892 0.018821392 0.999170423
1341845853.263703 -0.019183651 0.019048937 0.041399878 -0.030369723 0.020407567 0.017899569 0.999170065
1341845853.296490 -0.020221399 0.020540634 0.042313296 -0.026922749 0.022243423 0.017733319 0.999232650
1341845853.327753 -0.020855030 0.020746218 0.040693238 -0.025734052 0.021160049 0.018084945 0.999281228
1341845853.363891 -0.019918578 0.019028440 0.037772972 -0.026341029 0.019325411 0.018937225 0.999286771
1341845853.395726 -0.020089872 0.019334501 0.036427509 -0.024011414 0.021557556 0.018281147 0.999311984
1341845853.463774 -0.022219367 0.020343980 0.036475670 -0.023895226 0.021255925 0.017058898 0.999342859
1341845853.489803 -0.020988094 0.019416735 0.033199713 -0.023692712 0.020798104 0.016191911 0.999371707
1341845853.525799 -0.022085082 0.019494411 0.032289077 -0.025632937 0.021230502 0.014703035 0.999337792
1341845853.557770 -0.022683898 0.020002559 0.032422706 -0.024994584 0.019312164 0.015203801 0.999385417
1341845853.589705 -0.021979026 0.018976942 0.029396504 -0.024854355 0.018527422 0.016366769 0.999385357
1341845853.625908 -0.022818116 0.019336587 0.028041612 -0.024681445 0.018766256 0.016770642 0.999378502
1341845853.657783 -0.022906620 0.019218201 0.027358012 -0.025128787 0.017611485 0.017129671 0.999382257
1341845853.689930 -0.023479547 0.020722874 0.028448163 -0.022526808 0.018651279 0.018246703 0.999405682
1341845853.725779 -0.023879521 0.021336621 0.026929568 -0.021120423 0.020122217 0.018598752 0.999401391
1341845853.757962 -0.024263963 0.021007380 0.026058063 -0.021360595 0.020706538 0.020082135 0.999355614
1341845853.793750 -0.024704630 0.020988265 0.024850311 -0.019141825 0.021224659 0.022097379 0.999347210
1341845853.825783 -0.024776489 0.021702107 0.023406507 -0.018601447 0.021227488 0.022171076 0.999355674
1341845853.857700 -0.025919305 0.021334391 0.022900382 -0.019465229 0.021518968 0.020342328 0.999371946
1341845853.893805 -0.026261669 0.021158995 0.021895217 -0.018465616 0.019374687 0.019913422 0.999443352
1341845853.925836 -0.025544660 0.022366561 0.020265177 -0.018813338 0.017701894 0.016331676 0.999532878
1341845853.957735 -0.026049444 0.021543050 0.019770745 -0.021962876 0.019485511 0.011952064 0.999497414
1341845853.993852 -0.026624462 0.020982793 0.019280786 -0.020425588 0.019747211 0.014331325 0.999493599
1341845854.025830 -0.026671356 0.022004370 0.018290922 -0.017666535 0.018283132 0.016748216 0.999536455
1341845854.061903 -0.024976742 0.021164907 0.016274985 -0.020517725 0.018624738 0.012781663 0.999534249
1341845854.093760 -0.026511753 0.019998079 0.016972296 -0.022924261 0.020800561 0.009449187 0.999476135
1341845854.125736 -0.027473282 0.020411229 0.015508234 -0.020535098 0.018584717 0.010285052 0.999563456
1341845854.161837 -0.026341267 0.021529907 0.014929788 -0.020209000 0.014751812 0.010534770 0.999631405
1341845854.193844 -0.025643978 0.022036303 0.013942675 -0.022704246 0.016277332 0.008265646 0.999575555
1341845854.229884 -0.027179874 0.021624858 0.013500562 -0.024598651 0.018433204 0.008784859 0.999488890
1341845854.261692 -0.027175229 0.022091249 0.012615997 -0.024207603 0.016078850 0.013314932 0.999488950
1341845854.293781 -0.026446551 0.022266189 0.011909578 -0.024560643 0.015726879 0.017002953 0.999430001
1341845854.330249 -0.026974265 0.023008736 0.010828102 -0.025523894 0.018158453 0.017315023 0.999359310
1341845854.361687 -0.027628548 0.022741592 0.010414736 -0.028977735 0.018987248 0.016751632 0.999259293
1341845854.393726 -0.027500626 0.021945558 0.010140960 -0.029423485 0.017685462 0.019712038 0.999216139
1341845854.429762 -0.026753094 0.022773605 0.008732738 -0.027972121 0.018995637 0.019510267 0.999237776
1341845854.462072 -0.027303357 0.022259261 0.008899939 -0.030326089 0.022372963 0.018679572 0.999115050
1341845854.497796 -0.027647868 0.021330988 0.009127993 -0.028052002 0.023188101 0.022174327 0.999091446
1341845854.529719 -0.027398687 0.022193503 0.007709507 -0.024730468 0.023278482 0.023450863 0.999147892
1341845854.561884 -0.027461784 0.022554873 0.007407054 -0.026295729 0.024680424 0.020634361 0.999136448
1341845854.597860 -0.028478052 0.021880087 0.007735672 -0.027574090 0.024330867 0.016853265 0.999181509
1341845854.629736 -0.027995870 0.021941500 0.006652425 -0.027503122 0.021664226 0.013629388 0.999293983
1341845854.662835 -0.027834693 0.021611970 0.006671736 -0.028320266 0.021365121 0.011378253 0.999305785
1341845854.697815 -0.028145367 0.021077998 0.006644727 -0.027739070 0.021486800 0.012203587 0.999309719
1341845854.729806 -0.027976207 0.020961519 0.006063747 -0.025201632 0.020718690 0.013104269 0.999381721
1341845854.765688 -0.027584316 0.021466045 0.004760669 -0.023236198 0.019481469 0.012308350 0.999464393
1341845854.797997 -0.027391791 0.021509755 0.004634095 -0.023532610 0.020438785 0.009684139 0.999467194
1341845854.829779 -0.028286837 0.021084862 0.003945113 -0.023813387 0.020807082 0.008703885 0.999461949
1341845854.865670 -0.027988492 0.020881694 0.002809470 -0.023448791 0.018359300 0.007508701 0.999528229
1341845854.897712 -0.026976075 0.021665679 0.001963904 -0.024020031 0.018135689 0.004834471 0.999535263
1341845854.930302 -0.027551016 0.020694638 0.001409115 -0.026552469 0.020995811 0.004128017 0.999418378
1341845854.965801 -0.028117275 0.020658575 0.000534061 -0.025742751 0.021002674 0.006450061 0.999427140
1341845854.997629 -0.027508296 0.021341674 -0.000697283 -0.025715303 0.020030638 0.007578213 0.999439836
1341845855.033841 -0.027376438 0.021001576 -0.001194228 -0.027088761 0.022109149 0.007815243 0.999357939
1341845855.065777 -0.029244855 0.020764994 -0.002073653 -0.026735131 0.023480808 0.010373060 0.999312878
1341845855.097795 -0.029351003 0.021768719 -0.003362346 -0.026423512 0.019434400 0.013054719 0.999376655
1341845855.133841 -0.028336879 0.021600682 -0.003863585 -0.028372623 0.016624782 0.012893563 0.999375999
1341845855.165831 -0.029317558 0.021400305 -0.004199364 -0.029568961 0.016764978 0.011469136 0.999356329
1341845855.201780 -0.030564081 0.021440115 -0.003028264 -0.030198675 0.013843476 0.011881966 0.999377429
1341845855.233747 -0.029482080 0.021649651 -0.004048426 -0.030944882 0.008859327 0.012337418 0.999405682
1341845855.265823 -0.028961377 0.020965079 -0.003890718 -0.031462651 0.008792462 0.011710641 0.999397635
1341845855.301716 -0.029945187 0.020640360 -0.004483276 -0.029566729 0.009658214 0.012518065 0.999437749
1341845855.333726 -0.030292405 0.020621330 -0.005298504 -0.027053973 0.008260776 0.017077219 0.999453962
1341845855.365773 -0.030045545 0.021245578 -0.006278953 -0.025596613 0.006258276 0.020341698 0.999445796
1341845855.401892 -0.029264793 0.020809827 -0.006337983 -0.026116142 0.006167028 0.021588916 0.999406755
1341845855.433652 -0.030495450 0.020460790 -0.007173324 -0.024646442 0.007074904 0.023215117 0.999401629
1341845855.469817 -0.031043699 0.020489089 -0.007990689 -0.023363126 0.005087260 0.025145184 0.999397814
1341845855.502750 -0.030865440 0.020529978 -0.008565919 -0.022822363 0.003395439 0.025801359 0.999400795
1341845855.533846 -0.030201707 0.020361507 -0.009020087 -0.022401894 0.003388349 0.023195699 0.999474168
1341845855.569986 -0.031030532 0.020269455 -0.009252823 -0.022595786 0.004448501 0.020424979 0.999526143
1341845855.601707 -0.031784646 0.019037206 -0.009457504 -0.022217192 0.003246576 0.020327168 0.999541223
1341845855.633953 -0.031099971 0.019560654 -0.009961666 -0.019189421 0.001301335 0.019079600 0.999632955
1341845855.669628 -0.031309504 0.020779720 -0.010233236 -0.019065060 0.001545153 0.015932426 0.999690115
1341845855.701786 -0.031954214 0.019615365 -0.010251189 -0.021721808 0.000186767 0.014132878 0.999664187
1341845855.737762 -0.031368218 0.019272123 -0.010243173 -0.020114841 -0.002336636 0.014788106 0.999685585
1341845855.769674 -0.032292355 0.020138936 -0.011030578 -0.018521275 -0.003445350 0.015222839 0.999706626
1341845855.802152 -0.031837899 0.020314967 -0.011289886 -0.019317206 -0.005630306 0.014620032 0.999690652
1341845855.837801 -0.031516712 0.019548131 -0.011440376 -0.020313650 -0.006072249 0.013088727 0.999689519
1341845855.869788 -0.031612996 0.019488700 -0.011970495 -0.018810727 -0.005767105 0.012776185 0.999724805
1341845855.901958 -0.031664412 0.020047178 -0.012462805 -0.018221097 -0.005613508 0.013521424 0.999726772
1341845855.937711 -0.031323638 0.019569011 -0.012503892 -0.018429330 -0.005874158 0.013884287 0.999716520
1341845855.969840 -0.031147994 0.019557912 -0.013297210 -0.017591743 -0.004757910 0.013641614 0.999740839
1341845856.005711 -0.031516045 0.019961717 -0.014608537 -0.017138198 -0.003711322 0.014590999 0.999739766
1341845856.038077 -0.031056890 0.019600041 -0.014219836 -0.017558910 -0.003425101 0.016786527 0.999699056
1341845856.069815 -0.031204538 0.020040790 -0.015599095 -0.015887722 -0.002676259 0.019746637 0.999675214
1341845856.105773 -0.031819709 0.021230616 -0.015632717 -0.017611297 -0.001749822 0.020438027 0.999634445
1341845856.137725 -0.031444993 0.020538861 -0.015691064 -0.020910056 -0.002900585 0.022151984 0.999531686
1341845856.169966 -0.030760892 0.021286994 -0.015892155 -0.022043297 -0.003082815 0.022457628 0.999499977
1341845856.205833 -0.031175438 0.021765830 -0.016115714 -0.025480988 -0.001183148 0.021641562 0.999440312
1341845856.237587 -0.031558767 0.020575536 -0.017060265 -0.027335890 -0.001549537 0.023978285 0.999337494
1341845856.273683 -0.031067133 0.021307442 -0.017591285 -0.027342541 -0.002099111 0.024399389 0.999326110
1341845856.305723 -0.031125728 0.021246091 -0.017616810 -0.028427273 -0.000619579 0.025083382 0.999280930
1341845856.337653 -0.031421665 0.021149518 -0.018163478 -0.028933685 -0.000103426 0.025990620 0.999243379
1341845856.373714 -0.031839296 0.020540338 -0.018358875 -0.028580373 -0.000956910 0.027510891 0.999212384
1341845856.405678 -0.031827271 0.021507310 -0.018949861 -0.026708886 -0.001733122 0.028066352 0.999247670
1341845856.441799 -0.031653002 0.021811787 -0.019344810 -0.027819019 -0.001934509 0.026310610 0.999264777
1341845856.473680 -0.032460369 0.020920606 -0.019730190 -0.029073715 -0.002102736 0.024440298 0.999276221
1341845856.505768 -0.031772420 0.021220243 -0.019885985 -0.028544994 -0.004277855 0.024320139 0.999287426
1341845856.541718 -0.031681783 0.022169385 -0.019838504 -0.029156359 -0.003270234 0.022666547 0.999312460
1341845856.573678 -0.032272048 0.021180507 -0.019446030 -0.031132340 -0.001482503 0.022292539 0.999265552
1341845856.605758 -0.032625966 0.021099810 -0.019744746 -0.029916083 -0.002684889 0.025127700 0.999232888
1341845856.641782 -0.031375039 0.020870980 -0.019765623 -0.029368104 -0.003443389 0.026575880 0.999209404
1341845856.673977 -0.031724382 0.021947829 -0.020451602 -0.027666245 -0.000615552 0.025547273 0.999290526
1341845856.709876 -0.032597620 0.021634277 -0.020090053 -0.029988226 0.000135115 0.025715819 0.999219358
1341845856.741736 -0.031534154 0.019922070 -0.019496258 -0.029429173 -0.002866544 0.029871380 0.999116302
1341845856.773960 -0.031104958 0.022083379 -0.021287270 -0.025673497 -0.001901563 0.028936988 0.999249697
1341845856.809797 -0.032554280 0.022587601 -0.021176495 -0.028785028 0.000673829 0.026060268 0.999245644
1341845856.841746 -0.032411415 0.021584207 -0.020882815 -0.030658299 -0.001361251 0.025927195 0.999192655
1341845856.873762 -0.031735230 0.022273727 -0.021450544 -0.030677577 -0.001752245 0.025689352 0.999197602
1341845856.915904 -0.031826675 0.022717159 -0.021984173 -0.032575045 -0.000677234 0.025043568 0.999155283
1341845856.942391 -0.031953324 0.022411872 -0.021897223 -0.035223849 -0.000119138 0.024488922 0.999079347
1341845856.977900 -0.032061137 0.022037795 -0.021978047 -0.035836879 0.000460055 0.025347797 0.999036014
1341845857.009735 -0.031788975 0.021901077 -0.022015549 -0.035505798 0.000200185 0.028830700 0.998953521
1341845857.041737 -0.031327467 0.021820750 -0.022174321 -0.034448769 0.000355227 0.031723116 0.998902798
1341845857.077896 -0.031514276 0.022404926 -0.022961989 -0.033216916 0.001701817 0.031629957 0.998946130
1341845857.109633 -0.031389333 0.022754397 -0.023480421 -0.033944864 0.001374203 0.030544970 0.998955905
1341845857.141583 -0.031044563 0.022200396 -0.023473095 -0.035951257 0.001241368 0.028593792 0.998943627
1341845857.178255 -0.030346125 0.022051763 -0.023862028 -0.035865352 0.002608786 0.025222458 0.999034882
1341845857.209846 -0.030954825 0.022501931 -0.024975967 -0.036312617 0.004713817 0.022234598 0.999081969
1341845857.245767 -0.031120194 0.021372439 -0.025148129 -0.037771203 0.004229180 0.022118066 0.999032676
1341845857.277737 -0.030413114 0.021606240 -0.025610393 -0.035991777 0.004149694 0.020985540 0.999123096
1341845857.309994 -0.030860046 0.021399140 -0.026515687 -0.035182934 0.005632621 0.019736424 0.999170125
1341845857.345862 -0.031094136 0.021908389 -0.026767410 -0.035149965 0.005831817 0.019256847 0.999179482
1341845857.377787 -0.030665031 0.020879172 -0.026265584 -0.035906896 0.005265982 0.019477919 0.999151409
1341845857.413693 -0.031141218 0.021628397 -0.027514098 -0.034166802 0.005352573 0.018978706 0.999221623
1341845857.445790 -0.031621452 0.022139980 -0.027726144 -0.035741694 0.004788537 0.019148665 0.999166131
1341845857.477853 -0.030865306 0.020994119 -0.026914427 -0.036963496 0.003115794 0.019818932 0.999115169
1341845857.513902 -0.030737488 0.021774033 -0.028012898 -0.035394713 0.003765188 0.018451042 0.999195993
1341845857.545992 -0.030880991 0.021048363 -0.027928567 -0.036916777 0.004547792 0.017739950 0.999150515
1341845857.577776 -0.029844353 0.020764973 -0.027114984 -0.036015049 0.004012118 0.019166706 0.999159396
1341845857.613882 -0.029415773 0.020558866 -0.027218802 -0.034039512 0.005586698 0.019440742 0.999215782
1341845857.646056 -0.029254690 0.020306334 -0.028418452 -0.032330014 0.008033947 0.020812193 0.999228239
1341845857.681834 -0.028944092 0.019948488 -0.028549530 -0.031605843 0.009895081 0.022566682 0.999196649
1341845857.713765 -0.027395857 0.019189278 -0.028960736 -0.030112205 0.012365397 0.022662655 0.999213099
1341845857.745825 -0.028226199 0.019480284 -0.029049087 -0.027354818 0.016523048 0.022528376 0.999235272
1341845857.781799 -0.028195443 0.019729249 -0.029880615 -0.025934838 0.017307967 0.023132768 0.999246061
1341845857.813817 -0.027070235 0.019811554 -0.030017577 -0.026499929 0.017923161 0.022178005 0.999242067
1341845857.846046 -0.027450798 0.019391062 -0.030463835 -0.026526010 0.020219579 0.021886595 0.999203920
1341845857.881939 -0.027145013 0.020439435 -0.031900745 -0.026882097 0.020492407 0.021890333 0.999188781
1341845857.913666 -0.027059209 0.020681731 -0.032565571 -0.030916784 0.020127131 0.019751800 0.999124050
1341845857.949845 -0.027725253 0.020040706 -0.032591183 -0.034740571 0.019191314 0.017739873 0.999054611
1341845857.982166 -0.027456881 0.019958630 -0.032917112 -0.036883634 0.016633727 0.017970009 0.999019504
1341845858.013803 -0.027349714 0.019546945 -0.033000778 -0.038720824 0.014271845 0.018607365 0.998974860
1341845858.050247 -0.026872993 0.019877722 -0.033255313 -0.039136644 0.012426409 0.020215657 0.998952091
1341845858.081715 -0.026928134 0.020965815 -0.034234200 -0.041198887 0.011972487 0.019650711 0.998885989
1341845858.113782 -0.027107064 0.020598287 -0.034596253 -0.045851789 0.010456531 0.019732615 0.998698592
1341845858.149725 -0.026932802 0.020927800 -0.035089187 -0.048231788 0.009140491 0.019641746 0.998601198
1341845858.181831 -0.027181240 0.020268025 -0.034981351 -0.051680855 0.008712087 0.021235324 0.998399854
1341845858.217730 -0.027461547 0.020077387 -0.035372131 -0.051998962 0.006724357 0.022680881 0.998366892
1341845858.281842 -0.026679583 0.020557821 -0.035380989 -0.054984048 0.006665785 0.017829645 0.998305798
1341845858.317768 -0.027443077 0.020054460 -0.036038879 -0.055011019 0.005022244 0.018240478 0.998306513
1341845858.349904 -0.026746288 0.020425562 -0.036042489 -0.054329149 0.001996848 0.018203076 0.998355150
1341845858.381855 -0.025629058 0.020662440 -0.035914101 -0.054579303 0.001834813 0.016634194 0.998369217
1341845858.417827 -0.026356157 0.019931540 -0.035925679 -0.054904226 0.003976795 0.015793983 0.998358786
1341845858.449872 -0.026735950 0.019948853 -0.036810122 -0.052551616 0.003012378 0.016624970 0.998475254
1341845858.485842 -0.026068306 0.020679496 -0.036661182 -0.051978979 0.001442118 0.015498479 0.998526871
1341845858.517682 -0.026386937 0.020383542 -0.036688946 -0.052453190 0.001574315 0.013523128 0.998530567
1341845858.549803 -0.026469324 0.019933553 -0.037059151 -0.051902473 0.000655938 0.012903967 0.998568535
1341845858.585823 -0.026298679 0.020136619 -0.037183043 -0.051128082 -0.000553592 0.012916196 0.998608470
1341845858.618138 -0.025489846 0.020666093 -0.037839204 -0.051716391 -0.000547566 0.010686240 0.998604476
1341845858.654134 -0.026472578 0.020020053 -0.037492022 -0.053755485 0.001430460 0.009655767 0.998506427
1341845858.685756 -0.026650025 0.020494105 -0.037744008 -0.053243574 0.000183435 0.012179159 0.998507261
1341845858.717690 -0.025402701 0.020186709 -0.038010277 -0.053443439 -0.000724668 0.012126794 0.998496950
1341845858.753674 -0.025113629 0.020850070 -0.038899943 -0.054353781 0.001591082 0.010325145 0.998467088
1341845858.785618 -0.025803745 0.020452147 -0.038480271 -0.057760399 0.003026088 0.010796861 0.998267531
1341845858.817756 -0.025667928 0.019259347 -0.038294449 -0.057944708 0.002099562 0.012699925 0.998236835
1341845858.853864 -0.025029033 0.019996287 -0.038830809 -0.055847589 0.002250539 0.012516863 0.998358309
1341845858.885702 -0.024994824 0.020240685 -0.039579954 -0.057450276 0.003786167 0.010652101 0.998284340
1341845858.922000 -0.025314847 0.019205064 -0.039376274 -0.059481807 0.003921896 0.009266513 0.998178661
1341845858.954158 -0.024711860 0.019123904 -0.038998194 -0.058167763 0.003503841 0.008540016 0.998264134
1341845858.985944 -0.024509735 0.019599549 -0.040174626 -0.057542760 0.005369373 0.007308504 0.998301864
1341845859.021830 -0.024939263 0.020481467 -0.040435467 -0.059867479 0.006796331 0.006152611 0.998164237
1341845859.053720 -0.024654571 0.019550022 -0.039995559 -0.063176855 0.006825638 0.004846811 0.997967243
1341845859.085862 -0.024390304 0.019354161 -0.040366955 -0.063745499 0.007223786 0.005268089 0.997926116
1341845859.121873 -0.024216615 0.019903848 -0.041526224 -0.064996570 0.008136350 0.004954851 0.997840047
1341845859.153800 -0.024332784 0.019574421 -0.040564347 -0.067444332 0.009248560 0.004217779 0.997671247
1341845859.189853 -0.024275443 0.019329133 -0.040855907 -0.067269221 0.009673189 0.004214894 0.997679055
1341845859.221654 -0.024041679 0.019272666 -0.041242037 -0.067773193 0.010176641 0.002754964 0.997645080
1341845859.253689 -0.023137791 0.019408980 -0.041541200 -0.069273293 0.010915481 -0.000766090 0.997537673
1341845859.289745 -0.023791738 0.019068422 -0.042100903 -0.071502641 0.012889092 -0.004575154 0.997346640
1341845859.321911 -0.023843348 0.018538704 -0.041724566 -0.072531998 0.013200928 -0.006454936 0.997257829
1341845859.353758 -0.022818204 0.018978851 -0.041626181 -0.071560994 0.013545475 -0.007297614 0.997317553
1341845859.389950 -0.022756506 0.018300211 -0.042569369 -0.071763806 0.015630806 -0.007540367 0.997270644
1341845859.421715 -0.022515543 0.018006889 -0.042936284 -0.071617477 0.017139861 -0.009254757 0.997241914
1341845859.457807 -0.022481013 0.018111384 -0.042866930 -0.071662992 0.019488065 -0.011137884 0.997176290
1341845859.489859 -0.022743113 0.017985413 -0.043117549 -0.071992621 0.021225791 -0.011858367 0.997108757
1341845859.521735 -0.022991568 0.016982906 -0.042791121 -0.072800577 0.022799633 -0.012821589 0.997003436
1341845859.557712 -0.022417197 0.016735090 -0.044028763 -0.070810683 0.023765925 -0.012611729 0.997126818
1341845859.589783 -0.022302551 0.017139653 -0.043784253 -0.070867904 0.025377980 -0.013406764 0.997072697
1341845859.625646 -0.021978693 0.016896904 -0.043296371 -0.070968509 0.027452914 -0.013923085 0.997003496
1341845859.657759 -0.021480408 0.016808972 -0.043809388 -0.069921106 0.030441683 -0.014243213 0.996986210
1341845859.689869 -0.022672597 0.017020512 -0.043065187 -0.069839589 0.034021243 -0.013263054 0.996889710
1341845859.725812 -0.022585286 0.016379153 -0.042363424 -0.067674533 0.034025732 -0.009753706 0.997079372
1341845859.757824 -0.021372916 0.016300971 -0.044741601 -0.065088138 0.035116490 -0.009886691 0.997212470
1341845859.789818 -0.021729197 0.016369082 -0.043459892 -0.063620366 0.037906215 -0.010085878 0.997202992
1341845859.825831 -0.022678729 0.015772408 -0.043158270 -0.060871195 0.038244665 -0.008818994 0.997373700
1341845859.857647 -0.021644916 0.016338713 -0.044324335 -0.056895416 0.037259951 -0.007153552 0.997658968
1341845859.893646 -0.021159222 0.017018953 -0.045175888 -0.055644225 0.038217820 -0.007004208 0.997694373
1341845859.925740 -0.021567894 0.017167693 -0.044955648 -0.056135800 0.038862895 -0.008813698 0.997627556
1341845859.957775 -0.022570824 0.016562428 -0.043454506 -0.056139994 0.038241476 -0.010507998 0.997634947
1341845859.993847 -0.022063101 0.015855415 -0.044162076 -0.053517677 0.035994247 -0.012133519 0.997844219
1341845860.025774 -0.021991564 0.016512465 -0.045122672 -0.051585052 0.034788828 -0.013168943 0.997975588
1341845860.057745 -0.023610258 0.016203487 -0.044928554 -0.050734144 0.032580767 -0.014753967 0.998071551
1341845860.093794 -0.022698872 0.016449185 -0.044688281 -0.049588580 0.027476162 -0.015239366 0.998275399
1341845860.125763 -0.022155849 0.015576117 -0.044785265 -0.048375476 0.024971314 -0.016201159 0.998385608
1341845860.161703 -0.022998767 0.016380364 -0.045293294 -0.046329699 0.022655787 -0.016195238 0.998537958
1341845860.193724 -0.023025047 0.015835831 -0.044049323 -0.045683488 0.017818084 -0.017069653 0.998651147
1341845860.225730 -0.022360617 0.015545226 -0.043827321 -0.042650301 0.013673293 -0.020004345 0.998796165
1341845860.261716 -0.022559386 0.016034024 -0.044154692 -0.040407941 0.011143594 -0.023072463 0.998854697
1341845860.294553 -0.023673875 0.015185176 -0.043424029 -0.038958464 0.007694392 -0.025203766 0.998893261
1341845860.325872 -0.023228949 0.015138865 -0.043763965 -0.034772858 0.002247722 -0.026464786 0.999042213
1341845860.361673 -0.022471098 0.015767025 -0.044381715 -0.033134498 -0.000633318 -0.027104950 0.999083102
1341845860.393714 -0.022665516 0.015417470 -0.044537671 -0.030778516 -0.003636729 -0.027120961 0.999151587
1341845860.429768 -0.023162905 0.016257258 -0.045449182 -0.029540831 -0.006658148 -0.029109769 0.999117434
1341845860.461780 -0.022756033 0.015735246 -0.045275562 -0.030419502 -0.010707149 -0.029159641 0.999054432
1341845860.493718 -0.022318561 0.015818551 -0.045724757 -0.029988147 -0.012910578 -0.028410403 0.999063015
1341845860.529831 -0.022642642 0.015951304 -0.046222188 -0.029881604 -0.014590613 -0.027351983 0.999072611
1341845860.567950 -0.022028875 0.016619710 -0.045966059 -0.030654415 -0.016683485 -0.027260862 0.999018908
1341845860.604131 -0.021694800 0.016084621 -0.046296883 -0.033104151 -0.017583808 -0.029115090 0.998872995
1341845860.638227 -0.022225684 0.016137594 -0.045754202 -0.034290981 -0.017952327 -0.029548725 0.998813689
1341845860.668441 -0.022452975 0.015995944 -0.045863245 -0.034730431 -0.019724773 -0.027830260 0.998814404
1341845860.706028 -0.021900324 0.015786052 -0.045774858 -0.033764757 -0.021868942 -0.025947802 0.998853564
1341845860.736338 -0.022338988 0.016702961 -0.047418553 -0.033753913 -0.022797314 -0.024721082 0.998864293
1341845860.772400 -0.022915294 0.016571421 -0.046670333 -0.036010347 -0.026009647 -0.023206251 0.998743355
1341845860.803824 -0.021726167 0.017094573 -0.046845641 -0.036406025 -0.029655214 -0.023511678 0.998620272
1341845860.871717 -0.023194889 0.016500587 -0.046192832 -0.039456442 -0.032099240 -0.023499928 0.998429060
1341845860.899176 -0.021997511 0.016877828 -0.046681434 -0.038673960 -0.035548754 -0.023432104 0.998344421
1341845860.929775 -0.022036066 0.017283009 -0.046308123 -0.039209552 -0.035529051 -0.025488449 0.998273849
1341845860.965899 -0.022645595 0.016459551 -0.046125703 -0.040228598 -0.035957210 -0.027258236 0.998171210
1341845860.997827 -0.022232108 0.016419858 -0.045900613 -0.039129812 -0.037782460 -0.026990253 0.998154759
1341845861.029961 -0.021914581 0.016449701 -0.046441976 -0.037502237 -0.039103080 -0.026518991 0.998179018
1341845861.065806 -0.021672752 0.017026778 -0.046694003 -0.038061395 -0.038527779 -0.028272733 0.998132050
1341845861.097631 -0.022105051 0.015984403 -0.045868963 -0.038471896 -0.038029369 -0.029096637 0.998111784
1341845861.133786 -0.021532597 0.016671523 -0.046400864 -0.037055727 -0.037444908 -0.029525517 0.998174846
1341845861.165622 -0.021599259 0.017124409 -0.045917835 -0.037934557 -0.036345743 -0.030068317 0.998166263
1341845861.197704 -0.021672564 0.016108198 -0.045509040 -0.038560927 -0.035403751 -0.029642519 0.998188853
1341845861.233683 -0.021327831 0.016490851 -0.045770735 -0.037135769 -0.034265634 -0.029706482 0.998280704
1341845861.265692 -0.021915276 0.015983665 -0.045818284 -0.037366677 -0.033067986 -0.029170664 0.998328269
1341845861.297700 -0.021621626 0.016236311 -0.046337742 -0.036588002 -0.033833273 -0.027038526 0.998391509
1341845861.333616 -0.020824639 0.016621426 -0.046082992 -0.037431110 -0.032798316 -0.027904244 0.998370945
1341845861.365694 -0.022232296 0.015761912 -0.044638202 -0.037951648 -0.031341836 -0.028218621 0.998389244
1341845861.407792 -0.021728436 0.016046148 -0.046026148 -0.036246184 -0.032780632 -0.026457990 0.998454630
1341845861.440894 -0.021362891 0.015914351 -0.045133382 -0.036769260 -0.032952279 -0.025941404 0.998443365
1341845861.472256 -0.021635368 0.015587526 -0.045393813 -0.035640314 -0.032330822 -0.026493298 0.998490155
1341845861.507634 -0.021745380 0.015979277 -0.045280099 -0.035359710 -0.032458231 -0.027675489 0.998463929
1341845861.539675 -0.021654041 0.015207767 -0.044880155 -0.035450976 -0.033252053 -0.027817005 0.998430669
1341845861.571790 -0.021373421 0.015607405 -0.045555081 -0.034367912 -0.032538932 -0.028863141 0.998462319
1341845861.607759 -0.021746010 0.015575361 -0.045491695 -0.034969151 -0.032238286 -0.028828442 0.998452187
1341845861.639739 -0.021453159 0.015162307 -0.044648636 -0.034566987 -0.032640398 -0.028760111 0.998455107
1341845861.671875 -0.021327415 0.015367338 -0.044522364 -0.032716136 -0.032371294 -0.028215896 0.998541772
1341845861.707829 -0.021198833 0.014818918 -0.043909132 -0.031606566 -0.032558057 -0.028007939 0.998577297
1341845861.739782 -0.020570898 0.015332818 -0.044499911 -0.029797290 -0.032585770 -0.031507727 0.998527706
1341845861.775717 -0.020217802 0.015736150 -0.044333957 -0.030884977 -0.031091969 -0.036769956 0.998362362
1341845861.807676 -0.020890759 0.014515818 -0.043423843 -0.031813636 -0.030732874 -0.037794948 0.998306036
1341845861.839701 -0.020967290 0.014747655 -0.043131176 -0.029757988 -0.032205917 -0.035964251 0.998390615
1341845861.875772 -0.020759748 0.015040088 -0.043278709 -0.029190030 -0.033576746 -0.034947578 0.998398364
1341845861.907742 -0.020335391 0.015082291 -0.043303136 -0.029090544 -0.034179416 -0.033986650 0.998413920
1341845861.939697 -0.020264937 0.015021290 -0.042661149 -0.028809926 -0.034582384 -0.032818463 0.998447299
1341845861.975661 -0.020108545 0.015238526 -0.043110974 -0.027965873 -0.036110025 -0.033479337 0.998395264
1341845862.007930 -0.019553352 0.015249654 -0.042906024 -0.028655296 -0.035818774 -0.035615567 0.998312294
1341845862.039647 -0.019839486 0.014290502 -0.042257711 -0.028592655 -0.034464579 -0.035187483 0.998376906
1341845862.075738 -0.019459117 0.014608907 -0.041883875 -0.025861505 -0.033734236 -0.033374302 0.998538613
1341845862.107644 -0.018976053 0.015015741 -0.043177240 -0.023895202 -0.032312181 -0.033447117 0.998632193
1341845862.143904 -0.018430302 0.016112495 -0.043895502 -0.024512729 -0.029022144 -0.036577087 0.998608530
1341845862.175702 -0.019482413 0.015543881 -0.042851321 -0.027510669 -0.026725654 -0.037586473 0.998557031
1341845862.207672 -0.018856820 0.015808139 -0.042743780 -0.028669333 -0.026434207 -0.038781282 0.998486519
1341845862.243827 -0.018832732 0.016733082 -0.043577887 -0.031916261 -0.023939101 -0.041201502 0.998354018
1341845862.275754 -0.019754734 0.015737504 -0.042370405 -0.036298133 -0.023075219 -0.040554792 0.998251140
1341845862.311739 -0.019450707 0.015359624 -0.041530907 -0.036296904 -0.024279548 -0.036568828 0.998376608
1341845862.343750 -0.018633816 0.014975340 -0.042054035 -0.035361324 -0.023879645 -0.032922763 0.998546660
1341845862.375792 -0.018023971 0.015218865 -0.041360788 -0.034545954 -0.021735003 -0.029978758 0.998716891
1341845862.411748 -0.017850112 0.015183107 -0.040490106 -0.033377066 -0.018809784 -0.028116195 0.998870194
1341845862.443696 -0.017575176 0.014680387 -0.040226664 -0.031575713 -0.016051287 -0.024107281 0.999081671
1341845862.479688 -0.017564969 0.014936225 -0.040656611 -0.028881127 -0.013916444 -0.021725701 0.999249816
1341845862.511723 -0.017148694 0.016125176 -0.041785084 -0.027185438 -0.011456214 -0.021976350 0.999323189
1341845862.543776 -0.017613772 0.015749006 -0.041182294 -0.028550727 -0.008619026 -0.022955259 0.999291539
1341845862.579869 -0.017979350 0.015159342 -0.040869996 -0.027910789 -0.007871502 -0.022245113 0.999331892
1341845862.611759 -0.017113021 0.015394389 -0.041528933 -0.026892630 -0.007303588 -0.020978147 0.999391496
1341845862.647939 -0.016744817 0.016315209 -0.041599162 -0.026787266 -0.005015517 -0.021489337 0.999397576
1341845862.679727 -0.017620916 0.015566827 -0.041039120 -0.027698439 -0.002718150 -0.022279268 0.999364316
1341845862.712299 -0.016996184 0.015647352 -0.041610055 -0.026558852 -0.002319562 -0.021338072 0.999416828
1341845862.747743 -0.016343033 0.015771225 -0.041567575 -0.026545344 -0.000793830 -0.022212965 0.999400496
1341845862.779732 -0.017193388 0.015136097 -0.041053381 -0.026177105 0.001835979 -0.023329126 0.999383390
1341845862.815767 -0.017777370 0.015719756 -0.041675065 -0.024143716 0.002175975 -0.024118224 0.999415159
1341845862.847856 -0.017733624 0.015990049 -0.041646007 -0.023783358 0.001254735 -0.024618076 0.999413192
1341845862.879714 -0.018120453 0.015882054 -0.041622166 -0.023392804 0.000666008 -0.024865059 0.999416888
1341845862.915725 -0.018300839 0.016058559 -0.041947950 -0.023098290 -0.000224273 -0.025401600 0.999410391
1341845862.947913 -0.017753059 0.015452762 -0.041387551 -0.022540543 -0.001089152 -0.024233473 0.999451578
1341845862.983749 -0.017376548 0.015996357 -0.042560458 -0.020674836 0.000160053 -0.024138449 0.999494791
1341845863.015854 -0.017839085 0.016474243 -0.042770009 -0.021204293 0.001903333 -0.024628261 0.999469936
1341845863.048281 -0.018256772 0.015456296 -0.042217758 -0.022063244 0.001380371 -0.025043407 0.999441922
1341845863.083795 -0.017479707 0.016073108 -0.042857982 -0.020814236 0.001242340 -0.025679136 0.999452770
1341845863.115808 -0.018240208 0.016268387 -0.042732920 -0.021823335 0.001994231 -0.026909703 0.999397635
1341845863.151916 -0.018726233 0.015484997 -0.042398639 -0.021859154 0.000861669 -0.026144685 0.999418795
1341845863.183716 -0.018183811 0.015927633 -0.042746969 -0.020863052 -0.000044901 -0.025353154 0.999460816
1341845863.215844 -0.017984407 0.016076274 -0.043058306 -0.021147741 0.000151363 -0.025817959 0.999442935
1341845863.251883 -0.017804449 0.016077168 -0.042843152 -0.022016687 0.000357748 -0.025963578 0.999420345
1341845863.283627 -0.018107889 0.015803561 -0.042385086 -0.022762291 0.000929734 -0.025911041 0.999404669
1341845863.315718 -0.018187169 0.016051428 -0.042825747 -0.022460047 0.001021503 -0.025254846 0.999428213
