1341845822.495728 -0.005665310 -0.002052678 0.000789341 0.013721618 0.016188445 -0.004781954 0.999763370
1341845822.527724 -0.006106301 -0.001764968 0.001073269 0.014036153 0.015706049 -0.004860701 0.999766290
1341845822.559648 -0.007714176 -0.001455483 0.001319786 0.013170081 0.015675930 -0.003988364 0.999782443
1341845822.595852 -0.007765712 -0.001843590 0.001542925 0.012611018 0.015265590 -0.003746266 0.999796927
1341845822.627724 -0.009220050 -0.001078795 0.002005514 0.012518786 0.016572831 -0.003942343 0.999776483
1341845822.663716 -0.010399112 -0.002576660 0.002829711 0.011252858 0.016168348 -0.001349412 0.999805033
1341845822.695601 -0.013544304 -0.004513222 0.003290811 0.013761711 0.015269713 0.002385654 0.999785841
1341845822.731816 -0.013964025 -0.003173295 0.003710174 0.017311009 0.014787826 0.004324138 0.999731421
1341845822.763760 -0.013703237 -0.003344902 0.003064454 0.017784057 0.014416260 0.004942575 0.999725699
1341845822.789911 -0.015722910 -0.002891064 0.004987297 0.018630767 0.016544292 0.004228133 0.999680579
1341845822.825897 -0.016747050 -0.002743869 0.005493543 0.017857412 0.017991362 0.004433053 0.999668837
1341845822.859721 -0.018176904 -0.003756534 0.006121803 0.018060425 0.018251937 0.005774610 0.999653578
1341845822.889712 -0.018617582 -0.003883082 0.005725117 0.020248806 0.016606476 0.007759823 0.999626935
1341845822.925900 -0.018538846 -0.003520590 0.005163608 0.021519097 0.015317883 0.007991989 0.999619126
1341845822.957708 -0.018674783 -0.003844954 0.005691787 0.021580128 0.015733732 0.006200310 0.999624074
1341845822.989939 -0.020031964 -0.004164697 0.006340486 0.022468954 0.016993620 0.005394574 0.999588549
1341845823.025889 -0.016105508 -0.003987469 0.002237833 0.024387999 0.013670814 0.004928411 0.999596894
1341845823.057775 -0.015393230 -0.004119943 0.001878162 0.025639497 0.014315770 0.004768815 0.999557316
1341845823.093671 -0.020891547 -0.004138981 0.005973985 0.027313501 0.020556793 0.005043249 0.999402821
1341845823.125951 -0.021926483 -0.003977422 0.006174240 0.028139580 0.022176012 0.006010761 0.999339938
1341845823.157773 -0.022449827 -0.004257549 0.006188487 0.028694946 0.023544956 0.006364692 0.999290586
1341845823.193885 -0.023787515 -0.002935773 0.006923658 0.030296085 0.024663527 0.006262824 0.999217033
1341845823.225800 -0.024900410 -0.003458261 0.005558179 0.027880203 0.023736961 0.005859067 0.999312222
1341845823.261842 -0.025062339 -0.003905645 0.005869813 0.027068269 0.022458039 0.005355739 0.999366939
1341845823.293622 -0.025979195 -0.002926561 0.005920161 0.026763327 0.023031240 0.004136161 0.999367893
1341845823.325746 -0.025931703 -0.003055766 0.005683805 0.023185374 0.024828391 0.003387475 0.999417067
1341845823.361852 -0.025946889 -0.004813513 0.005157658 0.021651996 0.028047502 0.003537558 0.999365807
1341845823.394013 -0.027029105 -0.005370526 0.005558862 0.023679271 0.031469356 0.006014217 0.999206066
1341845823.426028 -0.026783813 -0.004196113 0.005113448 0.025987504 0.032624204 0.009397169 0.999085546
1341845823.461869 -0.027843485 -0.004056697 0.005387316 0.027020186 0.032337118 0.011131928 0.999049723
1341845823.493758 -0.027434919 -0.004176726 0.005045096 0.027215675 0.032568555 0.011673008 0.999030709
1341845823.529780 -0.024091832 -0.004269865 0.002297722 0.027068466 0.031758912 0.010934851 0.999069095
1341845823.561916 -0.026047278 -0.004518756 0.002804100 0.027192589 0.031927016 0.011969744 0.999048531
1341845823.593678 -0.030676359 -0.004960355 0.004214360 0.027354261 0.031861473 0.013725538 0.999023616
1341845823.629815 -0.030053539 -0.004921263 0.004138886 0.027146351 0.031070028 0.014545094 0.999042630
1341845823.661750 -0.031638097 -0.005210355 0.004880461 0.026434034 0.033114757 0.014098346 0.999002457
1341845823.695523 -0.034176480 -0.006989537 0.005899786 0.026651789 0.032941803 0.014664313 0.998994231
1341845823.729635 -0.034464747 -0.007347041 0.005278417 0.030421855 0.029639738 0.016445756 0.998962224
1341845823.761810 -0.035014067 -0.006686961 0.005269068 0.033370804 0.027747324 0.017510640 0.998904347
1341845823.797871 -0.036808271 -0.006364804 0.005624094 0.034015618 0.025984321 0.017696805 0.998926699
1341845823.829660 -0.037427351 -0.006710799 0.006129164 0.033215676 0.022546366 0.015608619 0.999071956
1341845823.861808 -0.038830169 -0.007367319 0.005924627 0.033466831 0.020423366 0.013011063 0.999146402
1341845823.897727 -0.032346547 -0.006426125 0.002451318 0.034054827 0.011316701 0.010945532 0.999295950
1341845823.929826 -0.032489967 -0.006306995 0.002544734 0.034176998 0.008204707 0.009092177 0.999340773
1341845823.961797 -0.039339896 -0.006841099 0.004989211 0.032857541 0.011356912 0.006721686 0.999372900
1341845823.998070 -0.040322877 -0.007616893 0.005835973 0.030831745 0.011464527 0.003803897 0.999451578
1341845824.029656 -0.040948696 -0.007832030 0.005836130 0.031493597 0.011536075 0.004315914 0.999428093
1341845824.065768 -0.041363899 -0.007721004 0.005653346 0.031544458 0.013036086 0.006529341 0.999396026
1341845824.097956 -0.036904570 -0.006992236 0.002497990 0.030920951 0.014012340 0.006738110 0.999400854
1341845824.130299 -0.032637186 -0.006477632 -0.004299246 0.026230536 0.024770746 0.007174734 0.999323189
1341845824.165751 -0.037532497 -0.005623667 0.002942987 0.020918822 0.043728966 0.008215288 0.998790622
1341845824.197930 -0.045825426 -0.008427853 0.006896819 0.017104672 0.053273801 0.007903380 0.998402178
1341845824.229907 -0.044708051 -0.009841588 0.005146571 0.020427061 0.052005719 0.006711300 0.998415291
1341845824.265800 -0.046572965 -0.008818515 0.005737089 0.024021542 0.049650550 0.008166701 0.998444319
1341845824.298080 -0.042395331 -0.008546663 0.002614817 0.025315670 0.038779903 0.007994472 0.998895049
1341845824.333783 -0.040607028 -0.009430024 0.002798706 0.026982419 0.032689255 0.007044801 0.999076426
1341845824.365821 -0.035527796 -0.007830076 0.001581018 0.030450070 0.031393077 0.005464919 0.999028206
1341845824.398039 -0.037724961 -0.007536679 0.001537631 0.029983738 0.032092996 0.004607516 0.999024391
1341845824.433843 -0.038910195 -0.008047353 0.002300119 0.029226016 0.029164432 0.004361316 0.999137759
1341845824.465921 -0.050686438 -0.011077104 0.003452786 0.029066155 0.030484652 0.009346263 0.999068797
1341845824.501802 -0.051063288 -0.009861977 0.003354864 0.030086325 0.028313605 0.014530967 0.999040544
1341845824.533723 -0.051754881 -0.010235990 0.002574855 0.027862540 0.026205478 0.019187443 0.999083996
1341845824.565735 -0.056242630 -0.009793082 0.005672374 0.026136775 0.026862564 0.022493627 0.999044180
1341845824.601758 -0.056929596 -0.010505364 0.005863927 0.025078617 0.024961239 0.025797684 0.999040782
1341845824.633861 -0.057524528 -0.010090536 0.005768297 0.025063165 0.023256226 0.029935960 0.998966873
1341845824.665789 -0.058874208 -0.010556855 0.005849747 0.024329057 0.021885620 0.033291068 0.998909831
1341845824.701769 -0.057081595 -0.010835149 0.004405573 0.024780404 0.016618954 0.035381172 0.998928368
1341845824.733585 -0.057587683 -0.010931524 0.003678941 0.025996052 0.014130905 0.037391175 0.998862565
1341845824.769643 -0.058219511 -0.008977635 0.004269714 0.026412018 0.013029695 0.038360201 0.998829901
1341845824.801632 -0.059859566 -0.009686618 0.004755229 0.021721557 0.010644149 0.038299020 0.998973489
1341845824.833654 -0.059946332 -0.011804680 0.004994278 0.021515837 0.007695623 0.037395224 0.999039233
1341845824.869926 -0.060689025 -0.010746269 0.004772232 0.026071800 0.007754138 0.038465399 0.998889685
1341845824.902071 -0.061952513 -0.009767907 0.004467760 0.026121652 0.007617506 0.038626745 0.998883188
1341845824.933752 -0.062341854 -0.011542524 0.004446195 0.024895232 0.007269545 0.035462342 0.999034405
1341845824.969855 -0.062827796 -0.010508031 0.004111842 0.026091592 0.008650730 0.033398841 0.999064028
1341845825.001907 -0.063565582 -0.010431976 0.004022733 0.024563445 0.011825633 0.033178493 0.999077559
1341845825.037975 -0.064463161 -0.011313193 0.004847938 0.023452934 0.015326548 0.031824023 0.999100685
1341845825.075793 -0.066685215 -0.013211780 0.004884137 0.024390249 0.016055070 0.032785129 0.999035776
1341845825.107881 -0.066375762 -0.013605257 0.004768317 0.029857518 0.014960844 0.035284221 0.998819113
1341845825.143675 -0.066518642 -0.012417815 0.004628488 0.034118082 0.016465511 0.034405272 0.998689651
1341845825.175707 -0.067709602 -0.012767499 0.004257362 0.034228839 0.018720234 0.030996138 0.998757780
1341845825.211865 -0.071136922 -0.012357933 0.007704146 0.036062416 0.022152849 0.030794086 0.998629272
1341845825.243814 -0.070647217 -0.013705212 0.007947066 0.036956977 0.023065614 0.031770132 0.998545349
1341845825.275795 -0.072403118 -0.012983979 0.007879583 0.040231466 0.025510954 0.032338761 0.998341024
1341845825.311665 -0.074475206 -0.012777213 0.008071704 0.040925644 0.025283663 0.033138316 0.998292387
1341845825.343650 -0.072599769 -0.011841389 0.005980396 0.041452590 0.021791287 0.034377959 0.998311043
1341845825.379771 -0.073648505 -0.012460903 0.005873853 0.038609959 0.022177219 0.035263810 0.998385668
1341845825.411924 -0.075017579 -0.012800126 0.006479813 0.039326336 0.021633137 0.036709633 0.998317480
1341845825.443786 -0.076473802 -0.010982290 0.004986967 0.037772801 0.020035746 0.037115965 0.998395801
1341845825.480278 -0.077759907 -0.012086955 0.005783286 0.032869376 0.016693348 0.039707433 0.998531044
1341845825.511636 -0.057654981 -0.009645109 0.000932328 0.032142550 0.000882054 0.039610270 0.998697698
1341845825.547911 -0.057857811 -0.009687204 0.001018270 0.029883007 -0.001566133 0.040836744 0.998717606
1341845825.579744 -0.058063969 -0.010456928 0.001848554 0.028339991 -0.002993814 0.044247616 0.998614073
1341845825.611784 -0.059346177 -0.010762874 0.002016735 0.029823190 -0.003598889 0.048160847 0.998387754
1341845825.648004 -0.057856590 -0.010141671 0.001813784 0.031259034 -0.005038084 0.046552207 0.998413920
1341845825.679708 -0.059451036 -0.010851353 0.001832620 0.032397334 -0.001839786 0.045915008 0.998418152
1341845825.711937 -0.061450008 -0.010188812 0.001213188 0.033277713 -0.003031388 0.046482697 0.998360038
1341845825.747617 -0.061238404 -0.009269071 0.001507622 0.032582071 -0.006176340 0.043969814 0.998482287
1341845825.779688 -0.061529692 -0.009195550 0.001475303 0.029795619 -0.008047747 0.041718528 0.998652577
1341845825.815954 -0.061558027 -0.009334767 0.002514362 0.027291369 -0.010953194 0.038746946 0.998816252
1341845825.847829 -0.062913731 -0.009596939 0.001778838 0.025329489 -0.011177264 0.035944402 0.998970211
1341845825.879767 -0.064019680 -0.010337279 0.002375650 0.024223978 -0.013427558 0.036738887 0.998941004
1341845825.915646 -0.063631527 -0.009249169 0.002539450 0.025124827 -0.015148075 0.037244786 0.998875439
1341845825.947881 -0.064911202 -0.009687780 0.002513993 0.024227371 -0.014520845 0.038332168 0.998865783
1341845825.979700 -0.064369909 -0.009885791 0.002168503 0.023357309 -0.016560070 0.041470662 0.998729348
1341845826.015845 -0.064575881 -0.009338634 0.001856582 0.023579119 -0.017789844 0.043290351 0.998625815
1341845826.047945 -0.065132871 -0.009822948 0.002568887 0.022846606 -0.017952504 0.042372085 0.998679280
1341845826.079731 -0.066137984 -0.009984926 0.001017758 0.024021212 -0.017998477 0.044557404 0.998555779
1341845826.115655 -0.065688752 -0.009750720 0.002285634 0.023990819 -0.020730963 0.045906276 0.998442411
1341845826.147949 -0.065170556 -0.009329794 0.001689714 0.024788888 -0.020604208 0.041597240 0.998614371
1341845826.183767 -0.066115454 -0.009293048 0.001517958 0.023529574 -0.019780623 0.036450885 0.998862565
1341845826.215780 -0.066643938 -0.009171149 0.001732565 0.022195578 -0.020821704 0.035322350 0.998912454
1341845826.247732 -0.067131840 -0.009096226 0.001734324 0.022127105 -0.021182662 0.039106645 0.998765409
1341845826.283763 -0.068178356 -0.009625494 0.000867287 0.020778289 -0.023109322 0.044328172 0.998533487
1341845826.315658 -0.066865653 -0.009534219 0.001786469 0.020685904 -0.027369391 0.046255533 0.998340368
1341845826.347773 -0.067260332 -0.009153864 0.001223633 0.020016905 -0.028981145 0.046347573 0.998304248
1341845826.383718 -0.067987308 -0.009857741 0.001162604 0.018326256 -0.031237554 0.046925984 0.998241603
1341845826.415712 -0.068037987 -0.010659142 0.001509642 0.017812591 -0.033789415 0.048946425 0.998070776
1341845826.447806 -0.067919038 -0.010536705 0.001684159 0.018947152 -0.036129668 0.048596647 0.997985005
1341845826.483677 -0.067741141 -0.009800171 0.001534834 0.019178666 -0.037030805 0.048380204 0.997958064
1341845826.515677 -0.068458110 -0.010503047 0.000637911 0.018307868 -0.037776519 0.051525693 0.997789025
1341845826.551684 -0.067672864 -0.009861780 0.000116338 0.017570253 -0.039036665 0.051293205 0.997765720
1341845826.583716 -0.068509497 -0.010126699 0.000862429 0.015807288 -0.037506267 0.048052277 0.998015225
1341845826.615875 -0.069755688 -0.010377669 0.001023155 0.014381208 -0.039565217 0.050835118 0.997819424
1341845826.651722 -0.068679690 -0.010060013 0.001099305 0.014686821 -0.041022111 0.055029579 0.997533560
1341845826.683753 -0.092563517 -0.011525690 0.004827932 0.012559945 -0.028284961 0.056237452 0.997937620
1341845826.715643 -0.092306353 -0.011290692 0.004692653 0.008649770 -0.029610302 0.052297249 0.998154998
1341845826.751884 -0.092854567 -0.010983380 0.004692163 0.005422996 -0.028636867 0.053822029 0.998125076
1341845826.783713 -0.092695415 -0.010893755 0.005522806 0.002245672 -0.030124037 0.056435034 0.997949183
1341845826.819713 -0.091051280 -0.009230479 0.004576084 -0.000432567 -0.029848950 0.053740900 0.998108566
1341845826.851701 -0.092573501 -0.010018854 0.005481818 -0.005932040 -0.025371866 0.052605517 0.998275399
1341845826.884460 -0.093295701 -0.010470073 0.006214533 -0.007533609 -0.026593834 0.058953993 0.997877955
1341845826.919662 -0.091353863 -0.009021221 0.004216106 -0.008956216 -0.027051723 0.058975995 0.997852623
1341845826.945792 -0.091658391 -0.007535613 0.006523809 -0.016803304 -0.020706497 0.051576760 0.998312950
1341845826.981873 -0.093830213 -0.009091437 0.006930884 -0.021555899 -0.020009326 0.053474326 0.998135984
1341845827.013745 -0.092323616 -0.007644451 0.006160760 -0.021550596 -0.022518912 0.061838064 0.997599363
1341845827.045694 -0.088777862 -0.004831779 0.004008020 -0.025624253 -0.020268368 0.063570768 0.997442424
1341845827.082458 -0.091573112 -0.006654292 0.007057244 -0.035367686 -0.014142611 0.055642318 0.997723937
1341845827.113645 -0.091331363 -0.007490340 0.008412983 -0.036846414 -0.017067557 0.060147505 0.997363210
1341845827.145773 -0.089509338 -0.005390426 0.007209224 -0.035893071 -0.017690413 0.061785545 0.997286975
1341845827.182474 -0.067980148 -0.005352469 0.004020379 -0.042173579 -0.025266411 0.052253213 0.997422993
1341845827.213974 -0.068354681 -0.007412620 0.005687969 -0.043328866 -0.025174109 0.051259760 0.997427344
1341845827.251751 -0.067443557 -0.006043136 0.004863700 -0.038781941 -0.025529087 0.055375252 0.997385502
1341845827.282532 -0.066044100 -0.002771095 0.002475385 -0.039946754 -0.023895647 0.055334788 0.997382224
1341845827.313888 -0.067864485 -0.006032364 0.005732039 -0.048376944 -0.018229283 0.051659320 0.997325778
1341845827.349700 -0.067276388 -0.006890246 0.005627955 -0.043964788 -0.021384219 0.058738418 0.997075558
1341845827.381963 -0.066368952 -0.005141193 0.004935491 -0.042367980 -0.021854628 0.058649763 0.997139692
1341845827.413850 -0.066488482 -0.005634008 0.005427931 -0.044089496 -0.019372350 0.054038059 0.997376919
1341845827.449725 -0.067192882 -0.006231972 0.006418804 -0.043118306 -0.018610314 0.051245611 0.997581244
1341845827.488394 -0.066853739 -0.006629266 0.006069063 -0.040521972 -0.020851173 0.053549279 0.997524798
1341845827.555964 -0.065945797 -0.005948396 0.005480780 -0.037903454 -0.019424321 0.051635228 0.997757375
1341845827.583227 -0.065648317 -0.006762696 0.006007018 -0.037568957 -0.020162975 0.051958483 0.997738600
1341845827.623688 -0.064860612 -0.006811022 0.006036852 -0.034886748 -0.020664375 0.055773996 0.997619748
1341845827.656212 -0.064394444 -0.004980328 0.004547100 -0.034262076 -0.020005383 0.053522453 0.997778118
1341845827.687624 -0.063424915 -0.005543014 0.005982661 -0.038831331 -0.017770799 0.045264639 0.998061836
1341845827.723697 -0.063308157 -0.007340524 0.005943310 -0.039244868 -0.015588795 0.047110703 0.997996688
1341845827.755778 -0.065410122 -0.005238672 0.005716935 -0.035834279 -0.013580966 0.052134555 0.997904480
1341845827.791657 -0.063910715 -0.005085733 0.004764997 -0.035836425 -0.011703120 0.051460981 0.997963190
1341845827.823845 -0.063682079 -0.005413322 0.005902325 -0.036097705 -0.007660632 0.049420729 0.998096108
1341845827.855606 -0.063700996 -0.006165075 0.006385358 -0.034771562 -0.006197026 0.051108476 0.998068392
1341845827.891685 -0.061465744 -0.006077305 0.005768074 -0.031899024 -0.004866772 0.053065240 0.998069584
1341845827.923824 -0.061082240 -0.005316178 0.006232020 -0.030445613 -0.000658864 0.052361999 0.998163760
1341845827.959777 -0.061125707 -0.005642980 0.006549737 -0.030597227 0.002671301 0.052111037 0.998168886
1341845827.991672 -0.059895199 -0.005461214 0.006814294 -0.028847309 0.004312630 0.054159932 0.998106182
1341845828.023726 -0.058975451 -0.004446841 0.007101866 -0.029595394 0.007819304 0.053976756 0.998072863
1341845828.059622 -0.058442280 -0.005074166 0.007343744 -0.030999219 0.011307408 0.053193852 0.998038888
1341845828.091720 -0.057332888 -0.005037316 0.007635669 -0.030792693 0.012918279 0.054318260 0.997965157
1341845828.127612 -0.057002135 -0.004511957 0.007978569 -0.030779088 0.014572383 0.054775186 0.997917831
1341845828.159638 -0.055925798 -0.004367162 0.007216372 -0.031857967 0.016122047 0.054956574 0.997850120
1341845828.191711 -0.055638447 -0.004890819 0.008273543 -0.032192640 0.018632289 0.052528940 0.997926414
1341845828.227644 -0.054339293 -0.004432502 0.008261427 -0.030480951 0.019533742 0.052634828 0.997957408
1341845828.259785 -0.074493684 -0.006396126 0.010725309 -0.030528916 0.032556400 0.059207045 0.997247517
1341845828.291687 -0.073713891 -0.006689406 0.010802161 -0.029406799 0.033823237 0.061567318 0.997096121
1341845828.327803 -0.066179097 -0.005486789 0.008338514 -0.028133914 0.031448279 0.060355522 0.997284651
1341845828.359694 -0.065558888 -0.005524509 0.008945518 -0.029300557 0.033171937 0.059983578 0.997217655
1341845828.395928 -0.064744316 -0.005650369 0.009678125 -0.029076526 0.035326637 0.061070457 0.997084260
1341845828.427803 -0.064344883 -0.005022367 0.009494776 -0.028571816 0.036889166 0.061439171 0.997019589
1341845828.459660 -0.062834404 -0.005374672 0.009685550 -0.028619016 0.037435316 0.061256208 0.997009158
1341845828.495761 -0.062052824 -0.004969056 0.009060628 -0.027481468 0.039430495 0.062548369 0.996883988
1341845828.527686 -0.061725691 -0.004033767 0.009301468 -0.028739754 0.040986102 0.062447168 0.996792138
1341845828.595750 -0.059862118 -0.004387566 0.009911212 -0.029499628 0.042793144 0.061066374 0.996779561
1341845828.621731 -0.058834255 -0.003586934 0.009129085 -0.029888101 0.043800976 0.061725263 0.996683598
1341845828.654055 -0.058071706 -0.004333039 0.009912284 -0.031569835 0.045501303 0.061591804 0.996563852
1341845828.689681 -0.048390523 -0.004208307 0.007820417 -0.030900048 0.042733680 0.060964555 0.996745884
1341845828.721870 -0.048074625 -0.003835092 0.007652984 -0.031092400 0.042872258 0.061254669 0.996716142
1341845828.757706 -0.046729099 -0.004052618 0.007743205 -0.031872571 0.043033179 0.063233003 0.996561050
1341845828.789650 -0.047138307 -0.004133758 0.007221265 -0.031303801 0.043848034 0.066282757 0.996345341
1341845828.821914 -0.046068668 -0.003296734 0.007205068 -0.030319015 0.042062540 0.068451725 0.996306121
1341845828.857781 -0.045884255 -0.003501484 0.008187757 -0.031317461 0.041819006 0.069168411 0.996235967
1341845828.889770 -0.045199614 -0.003563199 0.008552521 -0.031474311 0.041578766 0.069927841 0.996188045
1341845828.931671 -0.045068186 -0.003515283 0.008008355 -0.031435926 0.040598363 0.069744416 0.996242583
1341845828.957606 -0.044161562 -0.003712897 0.008087644 -0.031105630 0.038362730 0.069286183 0.996373475
1341845828.989696 -0.043370686 -0.003630433 0.007780869 -0.029616524 0.037173599 0.068514913 0.996517301
1341845829.025626 -0.042554364 -0.002687149 0.007597308 -0.028792128 0.035704151 0.067160882 0.996687353
1341845829.063840 -0.040789455 -0.002721262 0.007576299 -0.029886531 0.034805994 0.065440014 0.996801376
1341845829.089737 -0.040202890 -0.002432632 0.007723710 -0.029622957 0.035421591 0.065543793 0.996780753
1341845829.125754 -0.040741470 -0.002837892 0.007464073 -0.030360339 0.035373438 0.066289939 0.996710896
1341845829.158048 -0.038982674 -0.002922519 0.007443659 -0.029795647 0.035850145 0.065541774 0.996760368
1341845829.193669 -0.038641684 -0.003397309 0.007262864 -0.028426453 0.037592079 0.067094684 0.996632874
1341845829.225742 -0.038633816 -0.003447945 0.007472677 -0.024895573 0.037755243 0.069580339 0.996550739
1341845829.257763 -0.037486535 -0.003171400 0.007505815 -0.022062615 0.036484566 0.070320748 0.996612847
1341845829.293851 -0.036393568 -0.003116509 0.006769181 -0.019796435 0.035548292 0.069300570 0.996765673
1341845829.325861 -0.036063433 -0.003549070 0.006440658 -0.017815230 0.034914993 0.068161197 0.996904016
1341845829.357901 -0.034939107 -0.003497376 0.006306845 -0.014554242 0.031549305 0.068050452 0.997076690
1341845829.393704 -0.033736091 -0.002998832 0.005872990 -0.012431657 0.029780919 0.066474915 0.997266114
1341845829.425831 -0.045094229 -0.002303085 0.008480278 -0.011273006 0.034691982 0.065263562 0.997201085
1341845829.461720 -0.044202179 -0.003812770 0.008100497 -0.012552515 0.032694712 0.065029062 0.997268617
1341845829.493662 -0.043261535 -0.004246518 0.008050142 -0.006916158 0.030050317 0.068653531 0.997163892
1341845829.525846 -0.042286661 -0.002537727 0.007164083 -0.004915108 0.027664196 0.067191228 0.997344375
1341845829.561864 -0.040843539 -0.001620192 0.006672960 -0.007107439 0.027193680 0.064378537 0.997529626
1341845829.593763 -0.039839011 -0.003602120 0.007411631 -0.009690877 0.027917977 0.063588664 0.997538567
1341845829.625785 -0.039987434 -0.004084286 0.007297419 -0.004996506 0.027063347 0.065609790 0.997465789
1341845829.661787 -0.039074473 -0.002678785 0.006552273 -0.001295617 0.024230110 0.066127948 0.997516036
1341845829.693835 -0.036123894 -0.000253788 0.006651812 -0.002724127 0.024142815 0.062579550 0.997744203
1341845829.729747 -0.037175987 -0.002560749 0.006122698 -0.007278393 0.026689531 0.057691980 0.997951090
1341845829.761817 -0.038549677 -0.003722953 0.007559774 -0.004094804 0.023713347 0.056771301 0.998097122
1341845829.793840 -0.035051398 -0.002441474 0.006609265 -0.000238198 0.015585488 0.057156049 0.998243570
1341845829.829803 -0.032159872 -0.001526540 0.005208116 0.000717467 0.014989986 0.053447742 0.998457849
1341845829.861640 -0.033919886 -0.001778478 0.004895078 -0.000566670 0.014725110 0.051045280 0.998587608
1341845829.897840 -0.032166626 -0.003404714 0.005288021 -0.000303006 0.008245478 0.052833505 0.998569250
1341845829.929703 -0.029892616 -0.001721808 0.006134908 0.004510119 0.006971053 0.054726038 0.998466909
1341845829.962023 -0.030803870 -0.001239678 0.005620961 0.002939839 0.009221964 0.055129413 0.998432279
1341845829.997954 -0.031264260 -0.004651231 0.005285435 0.002574024 0.006121910 0.056449376 0.998383403
1341845830.029819 -0.028207304 -0.003329226 0.005289540 0.009889797 0.003537971 0.056371298 0.998354614
1341845830.061836 -0.028454101 -0.000371859 0.005035091 0.012541926 0.005634597 0.057296962 0.998262465
1341845830.097885 -0.027254598 -0.002397955 0.005185791 0.008972743 0.005770891 0.057259671 0.998302281
1341845830.129668 -0.026862582 -0.004406793 0.006190253 0.012770722 0.006381446 0.057715151 0.998230994
1341845830.165590 -0.028041476 -0.001749525 0.004045276 0.018249931 0.005726612 0.060234204 0.998000979
1341845830.197779 -0.026151707 -0.002157814 0.004655894 0.016453838 -0.000723429 0.064948864 0.997752666
1341845830.229883 -0.023129029 -0.001526671 0.004323536 0.019196492 -0.001861548 0.066057935 0.997629344
1341845830.265730 -0.024311835 -0.000341996 0.004199209 0.018564353 0.000328496 0.065757118 0.997662902
1341845830.297873 -0.023526106 -0.002272130 0.004529965 0.016903162 -0.002936187 0.069178291 0.997456729
1341845830.329863 -0.020958526 -0.001524662 0.004521158 0.020370856 -0.005579536 0.071071744 0.997247577
1341845830.365740 -0.021071237 -0.000444724 0.003735382 0.020697035 -0.005184768 0.071099304 0.997241020
1341845830.397779 -0.019689146 -0.000528187 0.004595184 0.019551143 -0.008032767 0.070361525 0.997297585
1341845830.433725 -0.015798803 -0.000760130 0.003922628 0.019828051 -0.009333107 0.067447230 0.997482121
1341845830.465762 -0.016204154 -0.000511203 0.003509284 0.020822259 -0.007431662 0.066171303 0.997563303
1341845830.507859 -0.015276114 -0.001180259 0.003127615 0.021457786 -0.010179270 0.067410305 0.997442603
1341845830.534080 -0.011651915 -0.000461048 0.003930509 0.024322141 -0.011290582 0.067236789 0.997376621
1341845830.565943 -0.012060726 0.000457299 0.004200622 0.024297591 -0.005935953 0.066463545 0.997475326
1341845830.597841 -0.012640960 -0.000437797 0.003853645 0.022817390 -0.005950992 0.067991897 0.997407138
1341845830.633627 -0.009725883 -0.000597036 0.004155575 0.024538400 -0.008194475 0.069196030 0.997267604
1341845830.665700 -0.008760700 0.000690270 0.003724664 0.025815783 -0.006082096 0.068373457 0.997307181
1341845830.701788 -0.007681008 0.000933585 0.004121149 0.024770807 -0.005662542 0.067184463 0.997416973
1341845830.733901 -0.005774315 0.001271838 0.002813138 0.023557767 -0.004379345 0.063503072 0.997693956
1341845830.765759 -0.005484287 0.001416762 0.003072644 0.021388324 -0.001981115 0.059348039 0.998006225
1341845830.801839 -0.003134243 -0.000048255 0.002511165 0.019589074 -0.000619022 0.057323311 0.998163283
1341845830.833774 -0.003208369 -0.000373246 0.002672345 0.021055959 0.002240092 0.056291353 0.998189807
1341845830.865751 -0.002267173 0.001104264 0.001784422 0.022528009 0.002527392 0.055481173 0.998202384
1341845830.901883 -0.000096952 0.001241905 0.002830299 0.020883346 0.004289819 0.052215695 0.998408198
1341845830.933811 -0.000701007 0.000163388 0.002198208 0.020858545 0.006792403 0.050555948 0.998480260
1341845830.969705 -0.000243438 0.001125996 0.001962923 0.022699513 0.006103513 0.050472762 0.998448789
1341845831.001855 0.001279175 0.001594882 0.001213975 0.021582136 0.005090693 0.047974411 0.998602390
1341845831.033886 0.002365767 0.001069027 0.001226382 0.020046249 0.005784823 0.044837222 0.998776376
1341845831.069727 0.002843373 0.000684395 0.001349745 0.020219136 0.007152165 0.043499138 0.998823225
1341845831.101853 0.003582007 0.001239677 0.001359817 0.021193966 0.006938525 0.043854531 0.998789012
1341845831.137817 0.005410314 0.002093238 0.002236327 0.020800328 0.007430798 0.043137539 0.998824954
1341845831.169942 0.005233991 0.001083762 0.002137271 0.019057950 0.009974694 0.041117944 0.998922706
1341845831.201715 0.005722250 -0.000095281 0.002609197 0.020124191 0.009113356 0.042857628 0.998836935
1341845831.237723 0.007222207 0.000638982 0.001803198 0.023021106 0.008315482 0.043893181 0.998736322
1341845831.269903 0.007629261 0.001324132 0.000637195 0.022692502 0.008625483 0.043105014 0.998775542
1341845831.301755 0.003930361 0.000506667 0.001664207 0.021779638 0.008033898 0.043502487 0.998783588
1341845831.337779 0.004753326 0.000177771 0.001873519 0.022472531 0.003886832 0.043321896 0.998800814
1341845831.369742 0.009635702 0.000901383 0.000740391 0.023785017 -0.001803632 0.042059414 0.998830318
1341845831.405710 0.012016147 0.002284167 0.001693741 0.023458093 -0.003625730 0.040353853 0.998903453
1341845831.437646 0.012881941 0.001230564 0.001192835 0.021079957 -0.001652083 0.037860353 0.999059319
1341845831.469752 0.012773125 0.000275301 0.001379241 0.021252276 -0.001133280 0.037840497 0.999057114
1341845831.505745 0.014139744 0.001123179 0.000704071 0.022738632 -0.002922788 0.037846211 0.999020576
1341845831.537844 0.017705938 0.002120382 -0.000334767 0.020251796 -0.001895717 0.035423584 0.999165356
1341845831.569610 0.016135640 0.001311831 0.001102413 0.016587837 0.002167319 0.032591287 0.999328732
1341845831.605848 0.016726000 0.000686381 0.000869468 0.015925933 0.002424648 0.033751145 0.999300420
1341845831.637789 0.018584939 0.002480437 0.000474413 0.015678290 0.002519195 0.033981744 0.999296308
1341845831.673597 0.020121675 0.002433588 0.000773496 0.010180382 0.005203989 0.031918548 0.999425054
1341845831.705652 0.020132113 0.000924014 0.001521520 0.006148265 0.009940550 0.031892098 0.999422967
1341845831.737705 0.020795779 0.000912074 0.000935322 0.006358826 0.012178883 0.036308736 0.999246180
1341845831.773629 0.021708870 0.001688375 0.000483290 0.006434783 0.013083257 0.039615698 0.999108613
1341845831.805810 0.022958785 0.002579008 0.000433198 0.004426247 0.015389807 0.040509239 0.999050796
1341845831.837719 0.022986559 0.002619938 0.001176081 0.001420189 0.016803717 0.041165583 0.999010026
1341845831.873791 0.024394644 0.002773048 0.001104780 0.000618095 0.015271574 0.043172348 0.998950720
1341845831.905728 0.026167175 0.004195391 0.001360370 -0.001089812 0.016399184 0.042503465 0.998961091
1341845831.941628 0.026263295 0.003078758 0.001616850 -0.003913343 0.017838027 0.040589124 0.999009013
1341845831.973784 0.027831381 0.003272870 0.001487356 -0.004152698 0.019173997 0.040394899 0.998991191
1341845832.005729 0.028669940 0.003429019 0.001400415 -0.003855076 0.020952923 0.039443120 0.998994648
1341845832.041627 0.030248515 0.004166503 0.001616969 -0.004216583 0.023161631 0.038097024 0.998996675
1341845832.073865 0.030254500 0.003931296 0.001674507 -0.006133030 0.026833909 0.035928924 0.998975217
1341845832.109730 0.030182429 0.003334501 0.001737011 -0.006003215 0.026911389 0.036007326 0.998971045
1341845832.141683 0.032145474 0.003937935 0.001055438 -0.003946094 0.025092801 0.037337434 0.998979807
1341845832.173988 0.032956656 0.005069638 0.000667573 -0.004167658 0.027022731 0.035482787 0.998996139
1341845832.209956 0.032727774 0.003965020 0.001076460 -0.005655497 0.026224094 0.035166778 0.999021292
1341845832.241796 0.034387369 0.004610222 0.000849337 -0.004406766 0.023099205 0.036509525 0.999056578
1341845832.273776 0.036240365 0.005765835 0.000026244 -0.005051429 0.022778701 0.035298582 0.999104381
1341845832.309916 0.036108632 0.005978662 0.000293611 -0.008150286 0.024551740 0.034091648 0.999083817
1341845832.341687 0.036437824 0.005574731 0.000744783 -0.010057893 0.023061190 0.035394341 0.999056697
1341845832.377708 0.037508454 0.006469529 0.000888282 -0.010397886 0.021565940 0.036626477 0.999042153
1341845832.409802 0.038135722 0.006707714 0.000943403 -0.012582978 0.021020859 0.037249103 0.999005616
1341845832.442187 0.038843520 0.006530296 0.001131496 -0.013945339 0.020103894 0.037752848 0.998987496
1341845832.477743 0.037199169 0.006524468 0.000960774 -0.014735792 0.020900441 0.038247135 0.998941064
1341845832.509635 0.037886661 0.006810079 0.000437584 -0.015899306 0.020761181 0.038950861 0.998898923
1341845832.541586 0.039186653 0.007458782 0.000703652 -0.016360624 0.021122565 0.039539266 0.998860776
1341845832.577871 0.039323483 0.007029956 -0.000165695 -0.017218495 0.021672266 0.040402636 0.998800039
1341845832.609738 0.032323640 0.005713542 0.000609994 -0.017888645 0.024703288 0.042865064 0.998615205
1341845832.645699 0.033072885 0.006567503 0.000301239 -0.017976623 0.025292475 0.042853668 0.998599410
1341845832.677817 0.033391446 0.006934882 0.000336141 -0.020006577 0.025446860 0.042016175 0.998592436
1341845832.710177 0.034315277 0.006370893 0.000589854 -0.021987312 0.025880007 0.042376924 0.998524368
1341845832.745710 0.034900963 0.006824434 0.001096917 -0.021618553 0.026915189 0.043782983 0.998444438
1341845832.777849 0.035792436 0.007206627 0.000431516 -0.022275740 0.028070075 0.046237830 0.998287499
1341845832.810110 0.036699556 0.007412524 0.000578090 -0.023295881 0.029017840 0.047549922 0.998175442
1341845832.845797 0.037608847 0.007946947 0.000174635 -0.024630362 0.030670859 0.047688905 0.998087347
1341845832.877696 0.037710730 0.007496653 0.001052422 -0.025627656 0.032338861 0.048770122 0.997957349
1341845832.913787 0.038442165 0.008074182 0.000306739 -0.024828143 0.032342196 0.050094102 0.997911870
1341845832.945664 0.038297899 0.007966804 0.000029060 -0.026443072 0.033965763 0.048856627 0.997877777
1341845832.978015 0.038163975 0.007242679 0.000044683 -0.027632253 0.035163071 0.048527952 0.997820139
1341845833.013959 0.039536871 0.008195776 -0.000251909 -0.026744561 0.033874225 0.050057560 0.997813344
1341845833.045857 0.040981919 0.008643730 -0.000290864 -0.028036673 0.034382097 0.049827479 0.997772038
1341845833.077785 0.041864701 0.008176800 -0.000792584 -0.030010570 0.035959385 0.048923850 0.997703731
1341845833.113636 0.042694204 0.007749571 -0.000029635 -0.030194424 0.037370853 0.048628319 0.997660756
1341845833.145767 0.044174295 0.008958239 -0.001670950 -0.029753638 0.038549401 0.049720280 0.997575343
1341845833.181891 0.045572441 0.009374686 -0.001789014 -0.033308517 0.040361430 0.047529183 0.997498095
1341845833.213878 0.045256287 0.009015586 -0.000628919 -0.034980141 0.042818323 0.046482459 0.997387767
1341845833.245714 0.045863219 0.007742210 -0.001132455 -0.034219556 0.040777348 0.047829486 0.997435987
1341845833.281847 0.048506703 0.007311148 -0.002134925 -0.031234609 0.039648507 0.050211675 0.997462332
1341845833.313771 0.049474981 0.008749328 -0.002579274 -0.028212719 0.042378344 0.050694458 0.997415721
1341845833.349756 0.050285410 0.009408759 -0.002930244 -0.029151164 0.043095164 0.051113427 0.997336626
1341845833.381840 0.052256733 0.009015543 -0.002870565 -0.029965358 0.044696186 0.050778683 0.997259200
1341845833.414644 0.051987436 0.009584045 -0.002963881 -0.030304305 0.048362359 0.049870647 0.997123659
1341845833.449819 0.051664051 0.008704471 -0.002394256 -0.031787045 0.048284892 0.050927814 0.997027874
1341845833.488616 0.053526424 0.008641080 -0.002764002 -0.030597562 0.047232453 0.051369350 0.997092843
1341845833.513810 0.050486542 0.009676619 -0.003246826 -0.031042414 0.050707810 0.050696380 0.996942818
1341845833.549835 0.049915198 0.008479861 -0.001881632 -0.033992380 0.050359331 0.050566025 0.996870875
1341845833.581733 0.051291469 0.007893648 -0.001884177 -0.031424221 0.048064485 0.051473644 0.997021973
1341845833.617817 0.051530506 0.009418928 -0.002388722 -0.029925507 0.047483005 0.052616350 0.997036278
1341845833.649899 0.051764097 0.009296842 -0.002262557 -0.032748230 0.046289746 0.052006692 0.997035623
1341845833.681671 0.052456386 0.008104396 -0.001392139 -0.033200771 0.046105769 0.050949931 0.997083783
1341845833.717606 0.051417615 0.009227538 -0.001738364 -0.030803647 0.045472633 0.053313646 0.997066200
1341845833.752940 0.053105067 0.009588858 -0.002962950 -0.033010315 0.041729536 0.053815480 0.997132301
1341845833.783771 0.053551052 0.009582249 -0.001876213 -0.035021447 0.042885158 0.051747389 0.997124135
1341845833.817827 0.052644301 0.009357089 -0.001583189 -0.036163978 0.043310180 0.051693752 0.997067750
1341845833.849860 0.052878458 0.009230813 -0.001353752 -0.036220349 0.041242607 0.052683394 0.997101605
1341845833.885667 0.053622864 0.009925268 -0.001719371 -0.035124376 0.042317092 0.052147422 0.997123957
1341845833.917724 0.053042870 0.009687938 -0.002276006 -0.037264604 0.043822326 0.051185556 0.997031093
1341845833.949675 0.052964717 0.008792602 -0.000998433 -0.037730340 0.042995460 0.051439356 0.997036517
1341845833.985662 0.053512335 0.009374559 -0.002567745 -0.035326801 0.044121146 0.050625443 0.997117043
1341845834.018158 0.052856240 0.010416970 -0.002428984 -0.036628153 0.045476966 0.050024346 0.997039497
1341845834.049769 0.052245516 0.009262220 -0.001319399 -0.038948040 0.044567369 0.047746334 0.997104347
1341845834.085753 0.052649450 0.009394952 -0.002225801 -0.038524553 0.044116076 0.045959208 0.997224867
1341845834.117837 0.052298971 0.009371039 -0.001998372 -0.039797835 0.045527074 0.044920471 0.997158766
1341845834.153871 0.051312227 0.009319282 -0.001928084 -0.040420502 0.046577733 0.045087252 0.997077644
1341845834.185736 0.051024284 0.009188829 -0.002031249 -0.041264575 0.047113411 0.043673478 0.997080863
1341845834.217802 0.049933042 0.009527058 -0.002106025 -0.041877300 0.048427034 0.042242024 0.997054040
1341845834.253824 0.048789423 0.010405327 -0.002375243 -0.044470798 0.047149230 0.040763918 0.997064471
1341845834.285756 0.048303947 0.008867089 -0.000521166 -0.048611607 0.045344971 0.038497198 0.997044981
1341845834.321783 0.047947254 0.008210034 0.000886219 -0.046956517 0.045254238 0.038457911 0.997129977
1341845834.355135 0.047076147 0.007723002 0.000054331 -0.041270986 0.045873888 0.042315215 0.997196913
1341845834.385801 0.046071138 0.008565684 -0.001357367 -0.038050827 0.046706043 0.043000784 0.997257054
1341845834.421748 0.044879310 0.009045576 -0.001100553 -0.038079623 0.048068725 0.041902732 0.997237980
1341845834.453840 0.042962495 0.008391326 -0.000910254 -0.039102804 0.047852110 0.039818142 0.997294188
1341845834.485639 0.042503189 0.008039799 -0.000844583 -0.039532818 0.046059065 0.037628207 0.997446656
1341845834.521785 0.041799415 0.008289858 -0.001076911 -0.038461689 0.045939509 0.036497254 0.997536063
1341845834.553727 0.040438354 0.008288858 -0.000658059 -0.039070219 0.046748709 0.036448471 0.997476637
1341845834.589787 0.041279074 0.007741963 0.000227667 -0.039441451 0.044369381 0.036381241 0.997573078
1341845834.621791 0.041067790 0.007890249 -0.001109027 -0.037548266 0.041333083 0.036902722 0.997757435
1341845834.653808 0.040950444 0.009011433 -0.002041257 -0.038690530 0.041402183 0.034812298 0.997786045
1341845834.689847 0.038481079 0.007988842 -0.001186839 -0.042788953 0.042345185 0.031081373 0.997702301
1341845834.721856 0.036406610 0.006585100 0.000192339 -0.044003934 0.040296961 0.030367203 0.997756302
1341845834.753919 0.036971629 0.006209485 -0.000375141 -0.041437291 0.037364323 0.031153727 0.997956097
1341845834.789834 0.036879547 0.007294000 -0.000852033 -0.039550252 0.037634991 0.030459855 0.998043895
1341845834.821826 0.034637604 0.006942424 -0.000581322 -0.041195344 0.038397156 0.029962115 0.997963369
1341845834.857804 0.033177491 0.006594342 -0.000503433 -0.041755024 0.035786670 0.029944701 0.998037636
1341845834.889796 0.032274291 0.006157382 -0.000794685 -0.042183593 0.034453001 0.028596248 0.998106122
1341845834.921771 0.030078990 0.005885825 0.000076101 -0.041475661 0.034066074 0.028475551 0.998152494
1341845834.957942 0.030107941 0.006150158 -0.000442608 -0.040371884 0.030827053 0.028452706 0.998303652
1341845834.989806 0.028951699 0.005920842 -0.000504157 -0.039708771 0.028434517 0.027736319 0.998421431
1341845835.021804 0.027404048 0.005566818 -0.000746338 -0.038812384 0.026454102 0.028191447 0.998498380
1341845835.058003 0.026195075 0.005200051 -0.001094517 -0.037155636 0.024899479 0.028131107 0.998603106
1341845835.089820 0.031815436 0.007423026 -0.001234171 -0.034516942 0.019519234 0.027893465 0.998824060
1341845835.125663 0.030350989 0.007250706 -0.001122825 -0.034894705 0.016647190 0.028815104 0.998836815
1341845835.157750 0.023721037 0.005591262 -0.000913061 -0.037037570 0.017062996 0.029006364 0.998747051
1341845835.189830 0.022108354 0.004216922 -0.000834040 -0.036318783 0.015860409 0.028430289 0.998809814
1341845835.225912 0.021144021 0.004301090 -0.001026491 -0.032327868 0.012696102 0.030558271 0.998929381
1341845835.258001 0.019917442 0.005459120 -0.000976595 -0.030581051 0.010948943 0.029933469 0.999023974
1341845835.290164 0.018027034 0.005005512 -0.000068085 -0.032041788 0.009875845 0.028227150 0.999039054
1341845835.325788 0.024227083 0.005758397 -0.000607738 -0.030444132 0.003589167 0.027675536 0.999146819
1341845835.363902 0.023114432 0.006279422 0.000252688 -0.028337389 0.001834036 0.026695700 0.999240220
1341845835.431742 0.019348536 0.006353054 -0.000818813 -0.027946403 -0.001777389 0.024149435 0.999316096
1341845835.460771 0.017658232 0.004664657 -0.000903845 -0.029032575 -0.005480377 0.024236990 0.999269545
1341845835.493790 0.014448210 0.004252682 0.000031799 -0.026360046 -0.005300340 0.025560703 0.999311626
1341845835.527633 0.012444672 0.004803591 -0.000357272 -0.024820967 -0.006609613 0.026480259 0.999319315
1341845835.561788 0.011235107 0.004838844 0.000229899 -0.025591472 -0.011104748 0.026230562 0.999266624
1341845835.594173 0.011301720 0.004359535 0.000355492 -0.027124070 -0.012500900 0.025404690 0.999231040
1341845835.625859 0.009495638 0.003193996 0.000629621 -0.025844518 -0.011382557 0.025356716 0.999279499
1341845835.661923 0.007444547 0.003144062 0.000118896 -0.021321220 -0.013684867 0.028289795 0.999278665
1341845835.693994 0.007712557 0.003619205 0.000591594 -0.018137788 -0.016245086 0.030643273 0.999233723
1341845835.725724 0.006657548 0.003284482 0.000446054 -0.016607033 -0.013478401 0.030503184 0.999305785
1341845835.761816 0.005429975 0.002873992 0.000290600 -0.013917584 -0.014091751 0.032363486 0.999279916
1341845835.793927 0.005251436 0.004014695 -0.000065527 -0.010914551 -0.017253397 0.035291340 0.999168515
1341845835.829809 0.007344540 0.004927612 -0.001638130 -0.011100180 -0.018650493 0.033897333 0.999189615
1341845835.868224 0.002751428 0.002918241 0.000229674 -0.011843866 -0.015415299 0.034419965 0.999218345
1341845835.903857 0.001128681 0.002935842 0.000036176 -0.009015248 -0.018216932 0.037465852 0.999091148
1341845835.935727 0.001182313 0.003569613 -0.000599465 -0.007927659 -0.019935360 0.038694885 0.999020755
1341845835.967812 0.000308424 0.002750466 -0.000682794 -0.008264627 -0.017712634 0.037250418 0.999114811
1341845836.003789 -0.001842080 0.001398072 -0.001034632 -0.006004397 -0.017093824 0.039827637 0.999042332
1341845836.035920 -0.001803335 0.002735544 -0.000494181 -0.002108685 -0.018521739 0.041337471 0.998971343
1341845836.067671 -0.002544148 0.002867949 -0.000891666 -0.002035904 -0.016584665 0.040327888 0.999046803
1341845836.104034 -0.004671033 0.001593753 -0.001232983 -0.001565604 -0.016085746 0.040101051 0.999064922
1341845836.135769 -0.006806289 0.002004154 -0.001631264 0.001011543 -0.018744597 0.040938582 0.998985350
1341845836.172097 -0.004014309 0.003486175 -0.002045871 0.001574402 -0.023618214 0.039451104 0.998941064
1341845836.203642 -0.004390141 0.002806111 -0.001851125 -0.000403718 -0.022769749 0.038150225 0.999012470
1341845836.235687 -0.006989154 0.001421008 -0.002661295 0.000598879 -0.021431848 0.039130095 0.999004066
1341845836.271774 -0.008250726 0.001658852 -0.003406566 0.003808749 -0.024830960 0.041710310 0.998813868
1341845836.303797 -0.007655990 0.002368263 -0.002909812 0.005081111 -0.027559103 0.042990562 0.998682380
1341845836.335742 -0.007768298 0.002828903 -0.003332054 0.003922587 -0.026122544 0.042386673 0.998752058
1341845836.372549 -0.009222992 0.000656185 -0.003461828 0.003984884 -0.023263177 0.045179233 0.998700023
1341845836.403992 -0.010045336 0.002027411 -0.003707604 0.008298324 -0.022720540 0.048647087 0.998523116
1341845836.435705 -0.009878902 0.002571731 -0.003589417 0.009458903 -0.021133326 0.050525144 0.998454332
1341845836.471817 -0.011044116 0.002788899 -0.004021477 0.010162012 -0.017002665 0.049979065 0.998553813
1341845836.503945 -0.013385349 0.002239993 -0.004373915 0.009888469 -0.015927089 0.051340654 0.998505235
1341845836.539832 -0.013534283 0.003027424 -0.003603937 0.010886215 -0.018026354 0.052429691 0.998402536
1341845836.571973 -0.013731710 0.003222315 -0.003919571 0.010013117 -0.018116247 0.051980983 0.998433530
1341845836.604373 -0.014611818 0.003567846 -0.004119217 0.008529184 -0.017299697 0.050915338 0.998516679
1341845836.639724 -0.014850098 0.002110582 -0.003900530 0.005911713 -0.017803537 0.049717262 0.998587132
1341845836.672049 -0.014974215 0.000759510 -0.003011224 0.007164957 -0.018352414 0.048534729 0.998627186
1341845836.704020 -0.015451644 0.000106409 -0.003087986 0.009250300 -0.017789213 0.048043210 0.998643994
1341845836.739779 -0.015549771 -0.001678035 -0.002981496 0.012444285 -0.018561877 0.049209721 0.998538435
1341845836.771652 -0.014294142 -0.003296323 -0.001985709 0.021467073 -0.018361935 0.050821200 0.998308182
1341845836.803601 -0.014724199 -0.002982062 -0.002398347 0.027629307 -0.016415706 0.052198339 0.998119473
1341845836.839643 -0.017588375 -0.003931199 -0.004039263 0.029814374 -0.016662816 0.053305063 0.997994006
1341845836.871771 -0.016304554 -0.004841594 -0.003757739 0.032907099 -0.018873811 0.054444063 0.997795939
1341845836.907663 -0.015441710 -0.004396934 -0.003344452 0.034862038 -0.017459674 0.056176119 0.997659266
1341845836.939824 -0.017038226 -0.006265311 -0.004002124 0.034403987 -0.014714973 0.058467675 0.997587740
1341845836.971802 -0.016339822 -0.006903436 -0.003798672 0.036856901 -0.016296655 0.059459541 0.997416914
1341845837.007714 -0.014426513 -0.005570053 -0.002248166 0.035844617 -0.014813731 0.059452146 0.997477412
1341845837.039752 -0.015929623 -0.008529579 -0.000919121 0.028900275 -0.007910494 0.059972607 0.997750223
1341845837.071715 -0.016071010 -0.011511113 -0.001140978 0.031267483 -0.007080862 0.059002068 0.997742951
1341845837.107691 -0.015379766 -0.010878302 -0.002503403 0.033690583 -0.006726666 0.061025046 0.997544765
1341845837.139763 -0.015261233 -0.013387334 -0.001937165 0.032219265 -0.003408273 0.061356265 0.997589946
1341845837.171636 -0.016103689 -0.014813221 -0.002580562 0.035917416 0.000126478 0.055762336 0.997797787
1341845837.207675 -0.016680701 -0.014176545 -0.003332364 0.036909942 -0.001615418 0.054291658 0.997841418
1341845837.239749 -0.015654633 -0.016244352 -0.002918712 0.033866931 -0.003583454 0.049236108 0.998206377
1341845837.275755 -0.015821718 -0.018172069 -0.001868015 0.034458201 -0.001518666 0.043513231 0.998457253
1341845837.307686 -0.015165637 -0.018189896 -0.003046423 0.038293198 -0.001310321 0.045106035 0.998247147
1341845837.339628 -0.014740072 -0.019288886 -0.001621572 0.043745246 -0.004025093 0.047939505 0.997883737
1341845837.375710 -0.014574416 -0.023521112 -0.002710044 0.045820855 -0.003605745 0.047095329 0.997832358
1341845837.407709 -0.014401623 -0.022275418 -0.005633638 0.046945255 -0.000448637 0.044290368 0.997914970
1341845837.439656 -0.014914971 -0.023220079 -0.004985265 0.040316515 0.002374521 0.041808687 0.998309076
1341845837.475671 -0.014387662 -0.026284108 -0.005250703 0.035797834 0.003551592 0.038999006 0.998591483
1341845837.507973 -0.013073250 -0.026715508 -0.005006448 0.035908487 0.006423505 0.038065024 0.998609245
1341845837.543708 -0.014225110 -0.027103312 -0.004402120 0.032396350 0.011551880 0.036977299 0.998724043
1341845837.575706 -0.014182693 -0.030243911 -0.005370022 0.029280134 0.013345929 0.033412755 0.998923481
1341845837.607609 -0.012525458 -0.025926014 -0.003064354 0.032737013 0.014906357 0.031091187 0.998869061
1341845837.643704 -0.011822765 -0.027206054 -0.002594009 0.034027811 0.017406527 0.028860074 0.998852432
1341845837.675706 -0.012816293 -0.029035537 -0.002918585 0.035779044 0.019651201 0.026253805 0.998821557
1341845837.711803 -0.012992878 -0.033749122 -0.004047587 0.035222866 0.021396030 0.025212763 0.998832226
1341845837.743935 -0.012864556 -0.034830030 -0.004080445 0.034786016 0.023964643 0.023449058 0.998832226
1341845837.775698 -0.013035231 -0.036757879 -0.004127551 0.036315124 0.026595673 0.022023652 0.998743653
1341845837.811909 -0.011841197 -0.035138220 -0.006149292 0.038189642 0.028730800 0.022469541 0.998604596
1341845837.843915 -0.012192058 -0.036322139 -0.005014954 0.034859207 0.031720866 0.021465531 0.998658001
1341845837.879790 -0.011707718 -0.032346945 -0.003688495 0.038282339 0.034001984 0.018909564 0.998509288
1341845837.911946 -0.012477323 -0.033177067 -0.002869850 0.042036541 0.035477810 0.020815924 0.998268962
1341845837.946188 -0.011837631 -0.032680560 -0.004352015 0.044718076 0.034668256 0.023094423 0.998130798
1341845837.979709 -0.009263804 -0.032581203 -0.004853327 0.044059776 0.035369504 0.022425070 0.998150706
1341845838.012063 -0.011013716 -0.032174759 -0.004390121 0.042325266 0.040556237 0.019732136 0.998085380
1341845838.041927 -0.011992321 -0.032450359 -0.003423626 0.038098469 0.041696150 0.018220155 0.998237431
1341845838.073905 -0.011826882 -0.035526998 -0.003136387 0.035664964 0.041036535 0.015833916 0.998395383
1341845838.105792 -0.011813189 -0.036351956 -0.002639784 0.037748992 0.042048015 0.015949421 0.998274803
1341845838.141667 -0.011894251 -0.035689447 -0.003320005 0.038433932 0.042326074 0.016414410 0.998229384
1341845838.173678 -0.010959486 -0.035475966 -0.004129202 0.035936195 0.042303722 0.013089138 0.998372495
1341845838.205767 -0.010663974 -0.040666591 -0.004689759 0.028920921 0.044098224 0.008016422 0.998576283
1341845838.241893 -0.011724975 -0.042139530 -0.003474920 0.021863664 0.047288015 0.004907669 0.998629928
1341845838.273791 -0.013551652 -0.044444263 -0.001569961 0.018414123 0.047706787 0.002258303 0.998689055
1341845838.309852 -0.013154404 -0.039349139 -0.000315053 0.021935426 0.045267217 0.000953251 0.998733640
1341845838.341805 -0.013208475 -0.046206467 -0.001877272 0.018068504 0.043281879 0.003664745 0.998892784
1341845838.373872 -0.012641672 -0.047416829 -0.001511498 0.019196706 0.043083742 0.004959720 0.998874664
1341845838.409713 -0.012828151 -0.047138736 -0.001722737 0.020080630 0.043056205 0.006580636 0.998849154
1341845838.441818 -0.012383879 -0.046791047 -0.001912628 0.018313900 0.042020794 0.008873779 0.998909473
1341845838.473754 -0.011654628 -0.047931738 -0.002417671 0.015236809 0.042070005 0.007710552 0.998968720
1341845838.509713 -0.011348253 -0.043373942 -0.001386005 0.016892584 0.043524463 0.004639135 0.998898745
1341845838.541649 -0.012331196 -0.049887829 -0.001817979 0.014277793 0.043793883 0.004672179 0.998927593
1341845838.577804 -0.011153437 -0.051112100 -0.002493372 0.016356423 0.042721361 0.001959183 0.998951197
1341845838.609807 -0.011062061 -0.051470693 -0.002719263 0.018390598 0.044235650 -0.000995196 0.998851359
1341845838.641690 -0.011057954 -0.051936135 -0.002583558 0.019793872 0.046229146 -0.001164441 0.998734057
1341845838.677850 -0.011473940 -0.052807033 -0.003142351 0.020749405 0.047060076 -0.001594221 0.998675227
1341845838.709635 -0.010092029 -0.052554689 -0.004045589 0.020563019 0.046436381 -0.002735685 0.998705804
1341845838.745913 -0.007629430 -0.051151711 -0.006428837 0.016706705 0.049029395 -0.003771567 0.998650432
1341845838.777723 -0.010416932 -0.053170882 -0.003311980 0.008443776 0.054159306 -0.006229316 0.998477161
1341845838.809656 -0.011036526 -0.054626126 -0.003111320 0.005445350 0.053083457 -0.007528275 0.998546839
1341845838.845874 -0.009956517 -0.055129420 -0.003120182 0.005615123 0.051755484 -0.007884931 0.998612881
1341845838.877695 -0.008535329 -0.053465642 -0.004955932 0.003130637 0.054387379 -0.007396888 0.998487592
1341845838.909636 -0.009065284 -0.055496156 -0.003680134 -0.002561219 0.057696566 -0.011583572 0.998263657
1341845838.945837 -0.009801839 -0.056809913 -0.002846784 -0.003430513 0.058366347 -0.013672702 0.998195708
1341845838.977758 -0.008997458 -0.057307731 -0.003000287 -0.002150215 0.057726003 -0.012231080 0.998255193
1341845839.013907 -0.007573134 -0.057492431 -0.004061936 -0.001555586 0.058724061 -0.012067101 0.998200059
1341845839.046225 -0.008107356 -0.056453243 -0.003670191 -0.001841710 0.061807025 -0.014285598 0.997984171
1341845839.077750 -0.008997495 -0.056844801 -0.002700980 -0.004896624 0.060951624 -0.016147187 0.997998059
1341845839.113934 -0.008763406 -0.059179779 -0.002465071 -0.006128679 0.058682431 -0.015968783 0.998130143
1341845839.145852 -0.007770315 -0.058974437 -0.003016243 -0.002564847 0.058003440 -0.013352162 0.998223782
1341845839.177741 -0.006845396 -0.058466908 -0.003420901 -0.002283932 0.057747908 -0.011601858 0.998261154
1341845839.214000 -0.005860825 -0.059501182 -0.003095623 -0.002677261 0.058683269 -0.012423791 0.998195767
1341845839.246198 -0.005755905 -0.060400560 -0.003295040 -0.000641060 0.060887765 -0.011899761 0.998073459
1341845839.281774 -0.005074587 -0.059571680 -0.003442945 0.000559274 0.062190250 -0.009199878 0.998021722
1341845839.314004 -0.004016242 -0.060444478 -0.003402019 -0.000157295 0.064498924 -0.011612467 0.997850180
1341845839.345945 -0.005399934 -0.060818665 -0.002972908 0.000285269 0.067514241 -0.013274143 0.997629941
1341845839.381741 -0.005467969 -0.061640888 -0.002856501 0.001556198 0.067057900 -0.009290596 0.997704625
1341845839.413801 -0.003571415 -0.062139660 -0.003288538 0.003541803 0.066740759 -0.006828029 0.997740686
1341845839.445714 -0.003418686 -0.060984813 -0.003418342 0.005888439 0.068706259 -0.006839761 0.997596085
1341845839.481741 -0.003585654 -0.060674056 -0.004033579 0.004778593 0.069719993 -0.006626878 0.997533083
1341845839.514001 -0.002813488 -0.061867096 -0.003458731 0.002361337 0.071004741 -0.007709106 0.997443378
1341845839.549791 -0.003570970 -0.062585711 -0.002659953 0.003834021 0.073167749 -0.008016665 0.997280002
1341845839.587666 -0.003328515 -0.061472923 -0.003250420 0.005559443 0.072746433 -0.006299194 0.997315049
1341845839.614403 -0.001901776 -0.061689641 -0.003410051 0.004763122 0.073112108 -0.006902850 0.997288406
1341845839.649739 -0.002058600 -0.061619092 -0.003503996 0.005372666 0.075647354 -0.007970993 0.997088253
1341845839.681817 -0.003449314 -0.060859948 -0.003152265 0.005396960 0.075757556 -0.006701252 0.997089088
1341845839.713876 -0.002334096 -0.061325107 -0.003308517 0.004264647 0.073857531 -0.006805569 0.997236431
1341845839.749808 -0.002052055 -0.061131001 -0.003290846 0.004290742 0.074930295 -0.007312369 0.997152686
1341845839.781785 -0.002900827 -0.060142975 -0.003205458 0.003844260 0.076084800 -0.006162127 0.997074902
1341845839.817825 -0.003241663 -0.060630679 -0.003720181 0.001629723 0.074744895 -0.006478821 0.997180283
1341845839.849994 -0.003073579 -0.059755556 -0.003264472 0.001242875 0.074346550 -0.006487437 0.997210562
1341845839.881829 -0.003542002 -0.058929298 -0.002943992 -0.000590967 0.074554220 -0.006077688 0.997198224
1341845839.917855 -0.004496313 -0.058948569 -0.002579466 -0.002978965 0.073437169 -0.006362818 0.997275054
1341845839.950283 -0.004734182 -0.058523148 -0.002915818 -0.004516155 0.070943207 -0.005793819 0.997453272
1341845839.985757 -0.005163365 -0.057625178 -0.002560208 -0.006335538 0.069271758 -0.005667875 0.997561574
1341845840.017660 -0.004774363 -0.056232300 -0.002161802 -0.009521906 0.067562364 -0.006424530 0.997648895
1341845840.049741 -0.005413269 -0.055998694 -0.002085455 -0.014003830 0.066746049 -0.007297520 0.997645020
1341845840.085650 -0.006061798 -0.056821305 -0.001391265 -0.017640211 0.064633742 -0.007041887 0.997728288
1341845840.117698 -0.006446844 -0.055805668 -0.002128033 -0.018564172 0.063125126 -0.005547356 0.997817516
1341845840.149796 -0.006523251 -0.053774338 -0.001822190 -0.020550795 0.062150482 -0.003213270 0.997850001
1341845840.186069 -0.006440247 -0.053413402 -0.001463692 -0.025344457 0.061233595 -0.003568327 0.997795224
1341845840.217657 -0.006295454 -0.052300796 -0.001307029 -0.028921315 0.061768919 -0.003876545 0.997663796
1341845840.253694 -0.008097482 -0.043789722 -0.000105109 -0.029021218 0.062807985 -0.003889660 0.997596025
1341845840.285914 -0.008697696 -0.042964742 -0.000054878 -0.030763149 0.060101066 -0.003037194 0.997713506
1341845840.317753 -0.008231773 -0.042029459 -0.000404981 -0.033117704 0.057724357 -0.001544746 0.997781873
1341845840.353861 -0.008037902 -0.041179754 -0.000431202 -0.035254408 0.057188340 0.000577795 0.997740567
1341845840.385775 -0.008508611 -0.040124409 -0.000068524 -0.037724994 0.058237497 -0.001715467 0.997588217
1341845840.417676 -0.009337665 -0.039192144 0.000563917 -0.040850431 0.057514016 -0.002998747 0.997504056
1341845840.453598 -0.009524195 -0.039347533 0.000830369 -0.043577254 0.056474280 -0.002819214 0.997448623
1341845840.485943 -0.009580574 -0.039046157 0.000640350 -0.044277493 0.056671787 -0.003160125 0.997405529
1341845840.521810 -0.010291256 -0.037564840 0.000657381 -0.044913370 0.056733374 -0.002618891 0.997375190
1341845840.553677 -0.010708203 -0.036603354 0.000703066 -0.046817884 0.054793756 -0.000655992 0.997399271
1341845840.585765 -0.010436736 -0.036471620 0.000758016 -0.048413172 0.053382047 -0.001654291 0.997398496
1341845840.621850 -0.010869725 -0.035307132 0.001286751 -0.048785772 0.053508054 -0.003145638 0.997370005
1341845840.653789 -0.011289015 -0.036279157 0.000965909 -0.053457949 0.052552599 -0.004426837 0.997176468
1341845840.685850 -0.011564615 -0.037352305 0.002074515 -0.056112148 0.051558923 -0.007319446 0.997065485
1341845840.721832 -0.012724479 -0.037436936 0.002485609 -0.054025564 0.051962011 -0.009142214 0.997144699
1341845840.753824 -0.014070669 -0.037072994 0.002095993 -0.050630044 0.049238730 -0.005975370 0.997485042
1341845840.789783 -0.012782003 -0.036313944 0.002167498 -0.047622073 0.045490537 -0.003962177 0.997821152
1341845840.821733 -0.012245900 -0.035034414 0.001791988 -0.045466743 0.046439316 -0.005297622 0.997871816
1341845840.853661 -0.013317993 -0.034313913 0.002248507 -0.045317959 0.047977455 -0.005070158 0.997806966
1341845840.889737 -0.013745257 -0.033819254 0.002033444 -0.045331206 0.046367016 -0.002831560 0.997891366
1341845840.921786 -0.012617043 -0.032505702 0.001599821 -0.044870630 0.046109576 -0.002633956 0.997924685
1341845840.957782 -0.012803969 -0.031174097 0.001038846 -0.046472389 0.049097165 -0.003544723 0.997705996
1341845840.989777 -0.013242376 -0.032500602 0.000775187 -0.050164845 0.050791137 -0.004377423 0.997439027
1341845841.021755 -0.013456015 -0.032612830 0.001723701 -0.049635217 0.051452592 -0.003980063 0.997433305
1341845841.057797 -0.013053370 -0.032234058 0.001388214 -0.045538921 0.052251969 -0.003421734 0.997589231
1341845841.089861 -0.012930886 -0.030916980 0.001411700 -0.041078359 0.054258492 -0.004084027 0.997673213
1341845841.127763 -0.014109774 -0.030023569 0.001602071 -0.039781265 0.055421852 -0.006345202 0.997650027
1341845841.157767 -0.014227845 -0.028930826 0.001758492 -0.038207483 0.054257520 -0.010652044 0.997738838
1341845841.189794 -0.014294640 -0.028490277 0.002030557 -0.036352102 0.054149676 -0.014536935 0.997765005
1341845841.225871 -0.014310506 -0.027872274 0.001898681 -0.032930352 0.053564109 -0.016659645 0.997882247
1341845841.257769 -0.014522763 -0.026821638 0.001992276 -0.029372184 0.053426042 -0.018245630 0.997972965
1341845841.289834 -0.014433344 -0.025282510 0.001421383 -0.027640784 0.052227199 -0.016597468 0.998114645
1341845841.325856 -0.014127237 -0.023599215 0.001001346 -0.028480738 0.051593274 -0.015165537 0.998146772
1341845841.357778 -0.014907608 -0.023325684 0.002331128 -0.030747175 0.051611856 -0.015594029 0.998071969
1341845841.389747 -0.015588013 -0.023414427 0.003482604 -0.028846949 0.048943777 -0.014010892 0.998286545
1341845841.425648 -0.015699957 -0.028894158 0.002574465 -0.026100598 0.045557145 -0.009191343 0.998578370
1341845841.457784 -0.015429052 -0.028201979 0.002762287 -0.018075576 0.044615753 -0.003894930 0.998833060
1341845841.493636 -0.014979640 -0.025138952 0.001847750 -0.011696418 0.043434419 0.000289515 0.998987794
1341845841.525800 -0.014410048 -0.022875555 0.002126392 -0.013055190 0.042981807 0.001652850 0.998989165
1341845841.557776 -0.014599529 -0.022808401 0.002199712 -0.016509453 0.043695677 0.001480222 0.998907387
1341845841.593697 -0.015726879 -0.022862144 0.003329138 -0.018573958 0.043085974 0.003192667 0.998893619
1341845841.625800 -0.015241245 -0.023154097 0.003641306 -0.016931852 0.041057419 0.005220095 0.998999715
1341845841.657778 -0.014923221 -0.022062512 0.003530916 -0.013741299 0.041157704 0.006229339 0.999038756
1341845841.693890 -0.015369234 -0.020801717 0.003675873 -0.012055158 0.041126508 0.008254555 0.999047160
1341845841.725831 -0.015343727 -0.020662127 0.003725677 -0.012777948 0.040211625 0.008996717 0.999068975
1341845841.761977 -0.015589047 -0.019784164 0.003652960 -0.011716192 0.039967999 0.007212945 0.999106228
1341845841.793705 -0.015875386 -0.018205259 0.003664971 -0.012671775 0.039186578 0.007298857 0.999124885
1341845841.825907 -0.015809907 -0.018328542 0.004497861 -0.015483128 0.037360542 0.007173070 0.999156177
1341845841.862456 -0.016074769 -0.018623240 0.004318160 -0.015240086 0.035768196 0.007920081 0.999212503
1341845841.893840 -0.016679188 -0.018743467 0.004762143 -0.010803694 0.033869952 0.011224038 0.999304831
1341845841.925729 -0.015971750 -0.017312331 0.004499245 -0.006762922 0.031473842 0.013798127 0.999386430
1341845841.961799 -0.015631139 -0.016835630 0.004272242 -0.006779599 0.030617652 0.013848839 0.999412239
1341845841.994063 -0.015185229 -0.015877735 0.004463937 -0.006482739 0.031731199 0.011587282 0.999408245
1341845842.030345 -0.016869564 -0.014481954 0.003776924 -0.008319936 0.032521751 0.010910585 0.999376833
1341845842.061842 -0.016104631 -0.015203125 0.005285455 -0.010137251 0.029959837 0.012161354 0.999425709
1341845842.095648 -0.015729826 -0.014055421 0.004902444 -0.008972307 0.029438389 0.012923464 0.999442756
1341845842.130144 -0.015946776 -0.013476638 0.004489996 -0.009485313 0.029979119 0.014820356 0.999395669
1341845842.168651 -0.015962040 -0.012489226 0.004717192 -0.009506760 0.029988790 0.017084947 0.999359012
1341845842.204415 -0.016310455 -0.012450458 0.004973718 -0.009835775 0.030447762 0.017591139 0.999333143
1341845842.236995 -0.016999552 -0.011630863 0.005420116 -0.007958332 0.029648917 0.019092664 0.999346316
1341845842.272903 -0.017557226 -0.011081608 0.004883707 -0.005852965 0.025996875 0.021965375 0.999403536
1341845842.298056 -0.016039759 -0.010265450 0.004484274 -0.003805231 0.023885651 0.023907050 0.999421537
1341845842.330531 -0.016703343 -0.008879878 0.004757447 -0.001834226 0.025517730 0.024067277 0.999382913
1341845842.362365 -0.016944125 -0.007097356 0.004618358 -0.002796100 0.024130575 0.025090925 0.999389946
1341845842.399606 -0.016160099 -0.007079726 0.004445683 -0.006476623 0.022914726 0.025856318 0.999382019
1341845842.439754 -0.015947506 -0.007276461 0.005079477 -0.007584982 0.023433574 0.025250856 0.999377668
1341845842.472222 -0.016761709 -0.006708183 0.005401627 -0.007595852 0.023986811 0.026177302 0.999340594
1341845842.506051 -0.016689079 -0.006425546 0.005167473 -0.007614800 0.021714190 0.027337926 0.999361336
1341845842.539739 -0.016063495 -0.006151958 0.005371592 -0.006964542 0.021273891 0.026244897 0.999404848
1341845842.572817 -0.016585566 -0.005861887 0.005308150 -0.006393457 0.022616960 0.024057345 0.999434233
1341845842.597810 -0.017061656 -0.006009867 0.006073974 -0.005636388 0.022310093 0.024432259 0.999436617
1341845842.671782 -0.016472252 -0.003945878 0.005185549 -0.001131430 0.021615921 0.025190081 0.999448299
1341845842.697738 -0.017265286 -0.004171683 0.005638724 -0.002189931 0.022135500 0.027773213 0.999366760
1341845842.733828 -0.017200869 -0.003993494 0.005744364 -0.000130105 0.020552035 0.031339947 0.999297440
1341845842.772554 -0.016677354 -0.002132645 0.004437930 0.002029743 0.019715706 0.033637188 0.999237597
1341845842.803667 -0.017377375 -0.000857157 0.004547264 0.000313762 0.020044193 0.035721730 0.999160707
1341845842.839779 -0.016587090 -0.000848712 0.004875039 -0.001294555 0.020190381 0.035652142 0.999159455
1341845842.871951 -0.017341586 -0.000157282 0.004659155 -0.001203675 0.021724399 0.034434743 0.999170065
1341845842.903766 -0.017267007 0.000724340 0.004717364 -0.002432212 0.020554196 0.034699563 0.999183416
1341845842.939694 -0.016860807 0.000940948 0.005834637 -0.004876214 0.020797575 0.033898395 0.999196947
1341845842.971703 -0.017579867 0.001016924 0.005635959 -0.004547362 0.021982260 0.032843579 0.999208391
1341845843.003637 -0.018165020 0.001938850 0.005509896 -0.003639163 0.020585002 0.034963701 0.999169946
1341845843.039687 -0.016952395 0.001869701 0.004622152 -0.004268963 0.018483246 0.037834216 0.999103963
1341845843.071786 -0.017180953 0.003286377 0.005008528 -0.003245590 0.020627519 0.037707016 0.999070644
1341845843.103725 -0.018587900 0.003277242 0.005654249 -0.003208203 0.021190457 0.039111003 0.999004960
1341845843.139742 -0.018406004 0.004479521 0.005695608 -0.000732722 0.017955251 0.042005979 0.998955727
1341845843.171825 -0.017218955 0.005682405 0.004670894 -0.001391891 0.016724695 0.040985070 0.999018788
1341845843.207907 -0.017743742 0.006660544 0.004536166 -0.004119349 0.017822636 0.036811665 0.999154806
1341845843.240014 -0.018537449 0.007035377 0.004764665 -0.007916864 0.017558238 0.032886181 0.999273479
1341845843.281910 -0.021710109 0.006243629 0.007295797 -0.009262654 0.017438103 0.032685183 0.999270618
1341845843.307930 -0.021261118 0.007453902 0.007563268 -0.008334897 0.015787220 0.032457449 0.999313653
1341845843.339844 -0.021250702 0.007715113 0.008271944 -0.007878690 0.015034370 0.033995252 0.999277830
1341845843.407961 -0.021113349 0.010208217 0.007268277 -0.002845940 0.018783661 0.035796758 0.999178469
1341845843.437885 -0.018843612 0.011697460 0.006611917 -0.003646633 0.017360024 0.036923911 0.999160647
1341845843.469698 -0.017219525 0.013303212 0.006535590 -0.003447793 0.018418821 0.036832068 0.999145806
1341845843.501755 -0.018836772 0.014413955 0.007637222 -0.004902976 0.022462737 0.035269659 0.999113321
1341845843.537749 -0.019555125 0.014757703 0.008212143 -0.005859823 0.020715967 0.038457498 0.999028265
1341845843.570240 -0.017937882 0.016563362 0.007464958 -0.005884032 0.019350547 0.038823348 0.999041378
1341845843.601912 -0.019080751 0.017527061 0.008505371 -0.009578363 0.021397518 0.035918795 0.999079704
1341845843.637854 -0.018817050 0.018291032 0.007814359 -0.011786917 0.020530421 0.035983883 0.999071956
1341845843.669935 -0.018696427 0.018256724 0.008311464 -0.012737935 0.022177158 0.036610600 0.999002278
1341845843.705705 -0.018620433 0.020500368 0.009817130 -0.010941089 0.025053879 0.038224015 0.998895168
1341845843.738087 -0.018980946 0.020435443 0.009328109 -0.013426685 0.027545203 0.039765492 0.998739064
1341845843.769868 -0.018884821 0.020571414 0.009828007 -0.012099111 0.028270323 0.042129468 0.998638809
1341845843.805741 -0.018678812 0.021995528 0.010098220 -0.009692882 0.029964743 0.044677839 0.998504877
1341845843.837731 -0.018287947 0.022998603 0.009420943 -0.010269409 0.032226995 0.044809926 0.998422742
1341845843.869723 -0.018856557 0.022702541 0.010314972 -0.011669434 0.035631832 0.043548483 0.998347461
1341845843.905817 -0.018649695 0.022580275 0.010653159 -0.009525144 0.036647316 0.045878321 0.998229146
1341845843.937846 -0.018034566 0.022813242 0.011277664 -0.006016167 0.037979167 0.049595214 0.998028874
1341845843.973843 -0.016424004 0.024817586 0.010891913 -0.002391136 0.041448645 0.050597709 0.997855783
1341845844.005877 -0.018069318 0.024733225 0.009769872 -0.002132007 0.045763392 0.050671242 0.997664094
1341845844.037839 -0.018250633 0.025855947 0.010641539 0.000542186 0.044859555 0.049887192 0.997746766
1341845844.073843 -0.017145297 0.026847996 0.010523874 0.000164386 0.045355551 0.046804890 0.997873843
1341845844.105844 -0.017419640 0.026796723 0.010466211 -0.000375695 0.048366223 0.043320883 0.997889698
1341845844.137727 -0.017765205 0.027339699 0.010826691 0.000672721 0.049017213 0.043232065 0.997861624
1341845844.173729 -0.017625326 0.027698869 0.010762439 0.002275813 0.048888091 0.042324297 0.997904480
1341845844.205772 -0.017608294 0.029433617 0.010709267 0.001970498 0.050062153 0.040146600 0.997936904
1341845844.241826 -0.017783249 0.028857514 0.011290454 0.000454095 0.049912523 0.040633705 0.997926593
1341845844.273743 -0.015403151 0.024324104 0.009925645 0.005668384 0.047676161 0.045179207 0.997824490
1341845844.305737 -0.015828876 0.025776053 0.009746664 0.008265588 0.048743971 0.047622751 0.997641087
1341845844.341702 -0.017796738 0.032802630 0.010936126 0.009250565 0.049185771 0.046384484 0.997669101
1341845844.373700 -0.017565507 0.033521622 0.011497807 0.005342945 0.048612792 0.045644127 0.997759938
1341845844.409780 -0.017958604 0.034772102 0.011409319 0.004567627 0.048345897 0.047153737 0.997706532
1341845844.441868 -0.017815767 0.035485219 0.011630698 0.002463270 0.047219347 0.049617365 0.997648418
1341845844.473633 -0.017566154 0.036298316 0.011687874 0.000461208 0.048117977 0.050133172 0.997582614
1341845844.509732 -0.018145166 0.037393779 0.011495665 -0.000496915 0.050067138 0.051115822 0.997436821
1341845844.541734 -0.018776009 0.038563997 0.011538433 -0.002282612 0.049920678 0.051619843 0.997415721
1341845844.573798 -0.018269718 0.039422695 0.011343625 -0.005061945 0.047868825 0.052401211 0.997465312
1341845844.609774 -0.016812943 0.033258971 0.009912408 -0.010175656 0.047773704 0.053300958 0.997383118
1341845844.641742 -0.017781651 0.033682901 0.009922965 -0.010553456 0.046315268 0.054622676 0.997376502
1341845844.677619 -0.017651428 0.034509741 0.010355285 -0.007083017 0.040899836 0.059301887 0.997376680
1341845844.709820 -0.019262619 0.043324709 0.011855406 -0.003252723 0.039151393 0.058802422 0.997496307
1341845844.741764 -0.019609191 0.043756340 0.012498550 -0.006163680 0.035669591 0.058623951 0.997623622
1341845844.778110 -0.020212244 0.044788361 0.013009708 -0.007405807 0.032357633 0.057725821 0.997780502
1341845844.811162 -0.020868603 0.043184388 0.012164412 -0.009030928 0.028589288 0.057501659 0.997895062
1341845844.842336 -0.020573551 0.046175752 0.011284975 -0.010081349 0.022484807 0.057496734 0.998041511
1341845844.883762 -0.021096334 0.044496126 0.012251973 -0.014825106 0.020039763 0.054109775 0.998223782
1341845844.911668 -0.021213744 0.047002368 0.013170286 -0.012470981 0.016433818 0.051921479 0.998438060
1341845844.947016 -0.022433968 0.046221450 0.013759035 -0.012866769 0.011395070 0.052113753 0.998493195
1341845844.977793 -0.022256020 0.047310911 0.012218642 -0.012924469 0.008823388 0.048122350 0.998718858
1341845845.009670 -0.024635181 0.049004685 0.015591680 -0.013786579 0.009088596 0.043571394 0.998913825
1341845845.045698 -0.026047815 0.049699061 0.016621796 -0.012638995 0.005235652 0.041907895 0.999027789
1341845845.077748 -0.020634951 0.046526272 0.012636678 -0.014870859 -0.000486829 0.038099959 0.999163151
1341845845.109679 -0.020770030 0.046953168 0.012857011 -0.016452700 0.001344318 0.033202607 0.999312341
1341845845.145640 -0.020686418 0.046847690 0.012750603 -0.017437181 0.000760384 0.033022352 0.999302208
1341845845.177719 -0.020060059 0.048039000 0.012805674 -0.015709333 0.000523116 0.031981569 0.999364853
1341845845.213604 -0.019289963 0.049169309 0.012510735 -0.016204089 0.002725384 0.030699685 0.999393582
1341845845.245741 -0.019409770 0.050146949 0.012399095 -0.018426416 0.004724569 0.031473968 0.999323547
1341845845.277905 -0.018949639 0.050201412 0.012089937 -0.017655222 0.004688255 0.032134090 0.999316633
1341845845.314159 -0.018952679 0.051499948 0.010903407 -0.016109858 0.004833805 0.031887516 0.999349952
1341845845.345748 -0.018725544 0.052186314 0.011597894 -0.017971631 0.004806850 0.031208066 0.999339759
1341845845.381704 -0.019325709 0.053214498 0.012009365 -0.018343478 0.004385698 0.031460274 0.999327064
1341845845.413648 -0.019763300 0.053921647 0.012832937 -0.019334769 0.003212886 0.030805906 0.999333203
1341845845.445777 -0.019543393 0.055163573 0.012892081 -0.018610345 0.000687293 0.030780936 0.999352634
1341845845.481809 -0.018559476 0.056818798 0.010694832 -0.021565961 -0.000716982 0.026749529 0.999409258
1341845845.514332 -0.020019155 0.056527138 0.012548553 -0.024632560 -0.000015845 0.023913601 0.999410510
1341845845.545717 -0.019676251 0.057665590 0.011908432 -0.024212522 -0.002790890 0.024756981 0.999396384
1341845845.581658 -0.019667115 0.058834728 0.012255503 -0.025945943 -0.004891829 0.024356166 0.999354661
1341845845.613959 -0.018816194 0.059004832 0.011338847 -0.029071327 -0.004134294 0.021437736 0.999338865
1341845845.649696 -0.019458728 0.059124801 0.012086445 -0.033205789 -0.002961635 0.021352585 0.999216020
1341845845.682034 -0.018960003 0.055712510 0.011954560 -0.032987844 -0.006071401 0.023581730 0.999159038
1341845845.714232 -0.018025646 0.057997018 0.011011397 -0.031176416 -0.007754375 0.023978977 0.999196112
1341845845.751971 -0.019230206 0.061103400 0.011512351 -0.037932593 -0.005932489 0.021087566 0.999040186
1341845845.787747 -0.018555464 0.058364481 0.011784657 -0.040035628 -0.005131124 0.016428489 0.999050021
1341845845.820616 -0.018999116 0.057465211 0.011934504 -0.039155535 -0.005285072 0.020313779 0.999012649
1341845845.887653 -0.017546302 0.059245225 0.012353091 -0.040931698 -0.006170642 0.017281869 0.998993397
1341845845.917680 -0.018332655 0.059420269 0.012311347 -0.042350795 -0.003862397 0.018081257 0.998931706
1341845845.949895 -0.017183499 0.061440390 0.012272627 -0.039165888 -0.004260264 0.018217396 0.999057591
1341845845.981855 -0.018848155 0.061371159 0.011325384 -0.041785892 0.000469568 0.018689297 0.998951674
1341845846.017822 -0.018776597 0.062115878 0.012136889 -0.042495184 0.001132534 0.018218664 0.998929918
1341845846.049788 -0.018751064 0.062409054 0.012182832 -0.041454341 0.001888554 0.018696822 0.998963654
1341845846.081697 -0.018353999 0.063518830 0.012060474 -0.039429639 0.000539353 0.018937156 0.999042749
1341845846.117753 -0.017746937 0.064194702 0.012180049 -0.041155636 -0.001032914 0.017859107 0.998992622
1341845846.149729 -0.018449478 0.064358413 0.012455869 -0.042000804 -0.001072460 0.019415384 0.998928308
1341845846.185551 -0.017746534 0.065308444 0.012294133 -0.043133520 -0.003719282 0.021338677 0.998834491
1341845846.217670 -0.017183617 0.066152953 0.012139488 -0.044058759 -0.004496359 0.022898147 0.998756349
1341845846.249670 -0.018393848 0.067364089 0.012238720 -0.046932135 -0.002236414 0.024897890 0.998585224
1341845846.285621 -0.017448209 0.066883057 0.012097476 -0.050380424 -0.004390241 0.026278142 0.998374701
1341845846.318706 -0.016675076 0.068784900 0.011983706 -0.051014993 -0.004564881 0.025426071 0.998363733
1341845846.349746 -0.018023219 0.068662181 0.012079621 -0.055255901 -0.001593872 0.026025837 0.998131692
1341845846.385823 -0.017195828 0.069314957 0.011855011 -0.056796160 -0.003228945 0.028234767 0.997981250
1341845846.417804 -0.016477464 0.070061035 0.011778980 -0.058711819 -0.002713658 0.027788771 0.997884452
1341845846.453757 -0.018234564 0.070081741 0.011809893 -0.062591866 0.000404318 0.030357540 0.997577310
1341845846.485915 -0.016529959 0.070501290 0.011834159 -0.064822257 -0.003133720 0.032148603 0.997373939
1341845846.517804 -0.015839374 0.071727797 0.011431378 -0.065241493 -0.001869419 0.030527750 0.997400701
1341845846.553866 -0.018258769 0.071050748 0.011021558 -0.071830936 0.003122919 0.029513147 0.996975183
1341845846.585802 -0.016036434 0.071075499 0.011995454 -0.073507987 -0.000723943 0.030625081 0.996824086
1341845846.621952 -0.016120518 0.072954550 0.011026083 -0.072059028 0.000615582 0.028740223 0.996985972
1341845846.653735 -0.016693911 0.071624972 0.011275088 -0.076674975 0.001787334 0.028483694 0.996647596
1341845846.687048 -0.015844842 0.071531616 0.011573573 -0.077007681 0.001051649 0.026468826 0.996678531
1341845846.721930 -0.016302096 0.071400478 0.011084263 -0.077154137 0.003582921 0.024974298 0.996699870
1341845846.755684 -0.016446233 0.070929453 0.011266899 -0.077423692 0.003663779 0.025462708 0.996666372
1341845846.785987 -0.015768461 0.069840923 0.011282388 -0.077179216 0.002749986 0.026428822 0.996663094
1341845846.821760 -0.016050631 0.070215419 0.010991587 -0.074589007 0.004856336 0.023411015 0.996927679
1341845846.853756 -0.016781490 0.068816289 0.011183469 -0.074479930 0.006133127 0.024263537 0.996908367
1341845846.889724 -0.016087964 0.067268595 0.011636412 -0.070462644 0.003799161 0.025520585 0.997180641
1341845846.921756 -0.016383627 0.066930726 0.011411052 -0.066399723 0.004579946 0.022988005 0.997517765
1341845846.953776 -0.017285695 0.065123938 0.010975939 -0.065169156 0.006249833 0.022599740 0.997598708
1341845846.989607 -0.017575663 0.063989982 0.011266571 -0.061289273 0.005017285 0.023434607 0.997832298
1341845847.021791 -0.017468194 0.062566124 0.011099023 -0.057220820 0.003960900 0.023366917 0.998080194
1341845847.053671 -0.018042516 0.061269816 0.010840448 -0.056740068 0.004264404 0.021418635 0.998150110
1341845847.089677 -0.018320123 0.061140105 0.010866950 -0.055535614 0.001736418 0.020593081 0.998242795
1341845847.121825 -0.016909165 0.059466671 0.011165360 -0.050423954 -0.001913293 0.017896058 0.998565733
1341845847.157737 -0.016537230 0.058632851 0.010908810 -0.046943095 -0.001351787 0.018591505 0.998723626
1341845847.189613 -0.016138462 0.056567680 0.011179044 -0.045199286 -0.000835636 0.020881902 0.998759389
1341845847.221790 -0.015200661 0.056017064 0.010763128 -0.041100934 -0.000242598 0.021030935 0.998933613
1341845847.257718 -0.016307248 0.055734307 0.010304416 -0.038223416 0.003330170 0.022258695 0.999015689
1341845847.289652 -0.015888961 0.053416524 0.010187577 -0.038127199 0.002307418 0.024492715 0.998970032
1341845847.321777 -0.014936401 0.053217676 0.009961111 -0.034235723 0.001879174 0.023031861 0.999146581
1341845847.357899 -0.015411505 0.051737320 0.009446899 -0.033191368 0.004001509 0.021617582 0.999207199
1341845847.390176 -0.015963869 0.051196344 0.009456716 -0.031068049 0.004989636 0.019811861 0.999308407
1341845847.425786 -0.015702231 0.050215155 0.008661904 -0.030622421 0.006272732 0.017799754 0.999352813
1341845847.460315 -0.015811227 0.048220057 0.008762216 -0.030633509 0.007837179 0.018070932 0.999336600
1341845847.489945 -0.016064564 0.047790349 0.008525322 -0.029732287 0.006893219 0.018419947 0.999364376
1341845847.525805 -0.015980458 0.046511598 0.008092741 -0.030450528 0.005187162 0.017768376 0.999364853
1341845847.557741 -0.016305942 0.046123989 0.007054537 -0.033546980 0.003889918 0.012479907 0.999351680
1341845847.593782 -0.016335210 0.043590471 0.007597880 -0.038393151 0.002192591 0.009412316 0.999215961
1341845847.625656 -0.015519758 0.042233489 0.007370018 -0.036091793 0.000804241 0.010423252 0.999293804
1341845847.657670 -0.015883686 0.041326586 0.006698969 -0.033770017 0.001352214 0.013030807 0.999343753
1341845847.693751 -0.015043285 0.040050797 0.005892726 -0.033650752 0.000728737 0.014085141 0.999334157
1341845847.725684 -0.014671088 0.038941041 0.005626690 -0.033952761 0.001496834 0.013297381 0.999333858
1341845847.757787 -0.015222277 0.037053678 0.005454297 -0.033788901 0.002146772 0.015879130 0.999300539
1341845847.793826 -0.015305140 0.036785748 0.004572563 -0.031849287 0.000371983 0.018090287 0.999328852
1341845847.825684 -0.015254708 0.035810765 0.004748011 -0.033087928 -0.000050037 0.017365025 0.999301553
1341845847.861928 -0.015700378 0.034553152 0.004295897 -0.033581395 -0.000352864 0.017618146 0.999280632
1341845847.893697 -0.016290087 0.033234768 0.004512297 -0.034735408 -0.002302948 0.020717993 0.999179125
1341845847.925644 -0.016064834 0.032247085 0.004533375 -0.032215286 -0.004416281 0.021758167 0.999234378
1341845847.961946 -0.015376505 0.031857692 0.003852213 -0.032740846 -0.004338419 0.022597369 0.999198973
1341845847.993685 -0.016098782 0.030726084 0.003954593 -0.032397691 -0.004593018 0.024298282 0.999169111
1341845848.025620 -0.015627939 0.031474259 0.003737535 -0.031082183 -0.006348959 0.025366504 0.999174714
1341845848.061715 -0.015640175 0.030197730 0.003659934 -0.030792564 -0.006074262 0.026283445 0.999161720
1341845848.093689 -0.016300151 0.030026678 0.003538481 -0.030595269 -0.006706296 0.025905129 0.999173582
1341845848.132119 -0.016034903 0.028883616 0.003632098 -0.031730838 -0.009596245 0.025865858 0.999115586
1341845848.167711 -0.015258718 0.028335612 0.003028282 -0.031587850 -0.010551333 0.023779944 0.999162316
1341845848.200502 -0.015755767 0.027413758 0.002928031 -0.032445695 -0.009453453 0.022677135 0.999171495
1341845848.232265 -0.015938837 0.026395395 0.002677697 -0.033244256 -0.011299371 0.023861680 0.999098480
1341845848.267873 -0.015295724 0.025551654 0.002529770 -0.032491229 -0.011941405 0.023614226 0.999121666
1341845848.301135 -0.015330298 0.025491647 0.001586212 -0.032498404 -0.011346413 0.023915809 0.999121189
1341845848.335735 -0.015847189 0.024671065 0.001789650 -0.036663391 -0.012251288 0.024942143 0.998941243
1341845848.367757 -0.015014290 0.022792963 0.001330128 -0.039596442 -0.014663193 0.023856292 0.998823285
1341845848.399644 -0.015222318 0.022719085 0.001441239 -0.039253529 -0.015222093 0.023088340 0.998846531
1341845848.435802 -0.016379777 0.021805773 0.000734572 -0.040449135 -0.017854553 0.024516519 0.998721182
1341845848.467705 -0.013976254 0.021705579 0.000644903 -0.041117691 -0.021305656 0.024394663 0.998629212
1341845848.503759 -0.014456033 0.020914489 0.000330639 -0.042476419 -0.017372379 0.022049420 0.998703063
1341845848.536036 -0.015181788 0.019812951 0.000464554 -0.043395285 -0.017198959 0.023796687 0.998626471
1341845848.567958 -0.014698616 0.019410845 -0.000147925 -0.042921521 -0.019361615 0.025612177 0.998562396
1341845848.603657 -0.014555687 0.019190038 -0.000320273 -0.043233067 -0.018803252 0.025147997 0.998571455
1341845848.635797 -0.015264740 0.017994769 -0.000415673 -0.044472136 -0.018642671 0.025090815 0.998521507
1341845848.671815 -0.014971761 0.017748617 0.000091767 -0.043773241 -0.020271445 0.025856454 0.998501122
1341845848.703677 -0.014429475 0.016823737 0.000353178 -0.038912874 -0.019823486 0.026684839 0.998689532
1341845848.735781 -0.014646452 0.015987942 -0.000376036 -0.035851866 -0.018316669 0.028416576 0.998785079
1341845848.771647 -0.015132138 0.015730109 -0.000746661 -0.033679765 -0.017871507 0.030690253 0.998801470
1341845848.803783 -0.014264164 0.015281716 -0.001181065 -0.031581227 -0.017356707 0.032215271 0.998831093
1341845848.839757 -0.014359839 0.015373431 -0.000986461 -0.032018937 -0.014227473 0.030644014 0.998916090
1341845848.871829 -0.014126915 0.014527325 -0.000573423 -0.037367605 -0.011662317 0.028403088 0.998829782
1341845848.903622 -0.014354954 0.015224090 0.000664607 -0.036680736 -0.008553097 0.027610091 0.998908937
1341845848.940608 -0.012013942 0.013051079 0.000692408 -0.028670756 -0.004692604 0.033963151 0.999000728
1341845848.972843 -0.014959460 0.015074642 0.000055743 -0.021067938 0.002416169 0.034034640 0.999195635
1341845849.008613 -0.015184174 0.016215524 0.001617812 -0.018615389 0.004424355 0.032045364 0.999303281
1341845849.044290 -0.014646030 0.015857914 0.002221529 -0.017213115 0.007260028 0.029696209 0.999384344
1341845849.072005 -0.015473137 0.015914502 0.002625998 -0.015764484 0.009235303 0.030498357 0.999367833
1341845849.101927 -0.014563570 0.016763670 0.003325352 -0.015043503 0.008731627 0.030105121 0.999395370
1341845849.133777 -0.012943318 0.016762443 0.003967742 -0.017162863 0.012620881 0.026825661 0.999413073
1341845849.165908 -0.014854989 0.016774271 0.005507278 -0.017310169 0.018993512 0.024895247 0.999359727
1341845849.201651 -0.015284756 0.016196502 0.006360313 -0.015555206 0.019307340 0.026868928 0.999331474
1341845849.233648 -0.014457291 0.017091867 0.007015625 -0.013883960 0.019443240 0.027218752 0.999343991
1341845849.265690 -0.014676887 0.017733155 0.007788616 -0.014994330 0.022134453 0.025420142 0.999319315
1341845849.301701 -0.015685931 0.017904757 0.009308981 -0.016899569 0.023034764 0.024266820 0.999297202
1341845849.333730 -0.015219367 0.016974034 0.009960576 -0.018289538 0.020723147 0.024709839 0.999312520
1341845849.369727 -0.015102605 0.017466234 0.011094712 -0.019100761 0.019999012 0.023735978 0.999335706
1341845849.401811 -0.015395176 0.016856648 0.012496988 -0.019944258 0.019430486 0.023736820 0.999330401
1341845849.433692 -0.015117840 0.017507534 0.013308080 -0.017829929 0.019206474 0.023667879 0.999376357
1341845849.469648 -0.015811380 0.017767880 0.014714845 -0.018630538 0.020396017 0.023089217 0.999351680
1341845849.501641 -0.015494549 0.017544370 0.015875760 -0.019543217 0.019044830 0.023525450 0.999350786
1341845849.533689 -0.015740784 0.017533315 0.016897930 -0.019108580 0.020279888 0.023201166 0.999342442
1341845849.569780 -0.016431030 0.018651910 0.018678708 -0.019332852 0.021208981 0.021896314 0.999348283
1341845849.601759 -0.016025636 0.018209022 0.020009236 -0.021911660 0.021030802 0.021951167 0.999297619
1341845849.637837 -0.015762510 0.018184321 0.021540053 -0.020848103 0.023432421 0.021437928 0.999278128
1341845849.669719 -0.016306968 0.018457828 0.022612616 -0.020013213 0.025602719 0.021438127 0.999241889
1341845849.701927 -0.016091943 0.018571412 0.024267223 -0.020335615 0.027152989 0.020811193 0.999207735
1341845849.737804 -0.016200181 0.018232826 0.024771314 -0.020877451 0.030394500 0.019319016 0.999133170
1341845849.769688 -0.017139992 0.018512392 0.026392117 -0.020547945 0.032191418 0.019682091 0.999076605
1341845849.805874 -0.017385583 0.018378001 0.027800180 -0.020971032 0.030375099 0.020932041 0.999099314
1341845849.838002 -0.016698720 0.018865403 0.028669290 -0.020680748 0.029227674 0.019869059 0.999161303
1341845849.873756 -0.016772049 0.019182907 0.029959956 -0.022829058 0.031043215 0.016635200 0.999118805
1341845849.905773 -0.017240940 0.018556351 0.031176196 -0.024869446 0.031063138 0.016738679 0.999067783
1341845849.942380 -0.016590448 0.018344672 0.032243993 -0.023635220 0.030677700 0.017154779 0.999102592
1341845849.969808 -0.016839435 0.019071355 0.033196989 -0.023011055 0.034189153 0.015361208 0.999032378
1341845850.006040 -0.017528497 0.018694194 0.034491111 -0.024620924 0.034941331 0.014188322 0.998985291
1341845850.038041 -0.017335687 0.018544680 0.035264146 -0.025023393 0.033822551 0.012375669 0.999037921
1341845850.073843 -0.017189626 0.018316092 0.036119461 -0.024034189 0.034251913 0.012047601 0.999051571
1341845850.106258 -0.017612081 0.018826379 0.037402377 -0.023111643 0.035268191 0.010727279 0.999053061
1341845850.137727 -0.018463779 0.019092152 0.038626231 -0.025189750 0.033890367 0.008580495 0.999071240
1341845850.173748 -0.018143671 0.018854428 0.039262094 -0.027209545 0.030971037 0.006452561 0.999129057
1341845850.205888 -0.017625704 0.018354490 0.039347809 -0.027919840 0.029078966 0.007221689 0.999161065
1341845850.242190 -0.018099787 0.018545588 0.040684406 -0.027944405 0.028237622 0.007816241 0.999180019
1341845850.276369 -0.017904978 0.018384900 0.041889332 -0.028908672 0.026168531 0.007126187 0.999214053
1341845850.311979 -0.017960001 0.018715059 0.042533334 -0.029338516 0.025365068 0.005655576 0.999231637
1341845850.343827 -0.017897263 0.019192114 0.043858569 -0.031008018 0.023616508 0.004224542 0.999231160
1341845850.380151 -0.017544670 0.018474976 0.044646267 -0.033294827 0.023216603 0.002863726 0.999171793
1341845850.412359 -0.017444981 0.018165590 0.045804396 -0.032387588 0.023990849 0.003153321 0.999182463
1341845850.447279 -0.017136911 0.018295813 0.046557944 -0.031815048 0.024985798 0.005606298 0.999165714
1341845850.511722 -0.016697546 0.017981065 0.048948385 -0.028040683 0.027488172 0.010945768 0.999168813
1341845850.541836 -0.016595677 0.018577183 0.049435358 -0.026562937 0.029453086 0.011770450 0.999143839
1341845850.573894 -0.016668160 0.018072970 0.050387911 -0.026269944 0.029967677 0.012019548 0.999133289
1341845850.609794 -0.016786367 0.018179692 0.050844211 -0.024358768 0.030378230 0.012281050 0.999166131
1341845850.641744 -0.016897257 0.018147210 0.051906500 -0.024438528 0.029710228 0.011404838 0.999194682
1341845850.673755 -0.016494539 0.017708981 0.052250374 -0.023068439 0.029142926 0.009609818 0.999262810
1341845850.709784 -0.015875511 0.018192152 0.052948024 -0.022320461 0.030306280 0.009012260 0.999250770
1341845850.741802 -0.016870910 0.017830562 0.054251287 -0.021869654 0.030474164 0.009524883 0.999250889
1341845850.777740 -0.016216366 0.018110041 0.054519497 -0.021210713 0.028661782 0.010297415 0.999311090
1341845850.809756 -0.016129933 0.017937433 0.055589356 -0.020857217 0.029558737 0.009724581 0.999298096
1341845850.841900 -0.016383065 0.018743534 0.056484159 -0.020430915 0.029261312 0.009751109 0.999315381
1341845850.877766 -0.015826149 0.018459130 0.057023436 -0.022084925 0.027887283 0.009768482 0.999319315
1341845850.909781 -0.015521420 0.018527096 0.057580508 -0.022421218 0.028448200 0.009202553 0.999301374
1341845850.941758 -0.015628785 0.018890217 0.058196556 -0.023390546 0.029393995 0.009837107 0.999245763
1341845850.977762 -0.015806582 0.018730782 0.059435140 -0.023888793 0.028769147 0.012194128 0.999226213
1341845851.009834 -0.015550419 0.019176891 0.059986018 -0.023307428 0.027725127 0.014531966 0.999238193
1341845851.045751 -0.015420478 0.019522846 0.060592875 -0.024604801 0.028193729 0.015471097 0.999179840
1341845851.077894 -0.015393476 0.019039303 0.061805751 -0.024254851 0.028662613 0.017727567 0.999137580
1341845851.109747 -0.015428604 0.019996079 0.062349431 -0.022469517 0.028287642 0.018988904 0.999166846
1341845851.145889 -0.014899311 0.018742627 0.060369413 -0.026199782 0.026693219 0.017353598 0.999149561
1341845851.177904 -0.014387747 0.018487733 0.061013721 -0.028450329 0.027026987 0.014258612 0.999128044
1341845851.209882 -0.015256833 0.019304704 0.061873306 -0.029013572 0.028519753 0.011960722 0.999100506
1341845851.251733 -0.015489792 0.018708350 0.063042924 -0.032093063 0.025661014 0.011400487 0.999090374
1341845851.277783 -0.014144300 0.018399570 0.063081764 -0.031250536 0.023879956 0.010706320 0.999168932
1341845851.313813 -0.014493925 0.018954622 0.064109087 -0.029172510 0.026728248 0.010893716 0.999157608
1341845851.345834 -0.015538190 0.018925676 0.064956062 -0.028066738 0.026019575 0.013284641 0.999179065
1341845851.377718 -0.014874472 0.018912362 0.065289222 -0.025896806 0.022892727 0.016357943 0.999268591
1341845851.413805 -0.014776126 0.019932285 0.065481074 -0.025406847 0.022328498 0.016190056 0.999296665
1341845851.445896 -0.015607704 0.019854920 0.066468768 -0.028719468 0.021233454 0.013853873 0.999265909
1341845851.478163 -0.015498904 0.019805377 0.066912688 -0.029005550 0.017656296 0.014500471 0.999318123
1341845851.514640 -0.014507878 0.020544974 0.066665053 -0.029746182 0.016418817 0.015424741 0.999303579
1341845851.546201 -0.015045129 0.020414660 0.067276932 -0.032601610 0.018075669 0.015490924 0.999184906
1341845851.581975 -0.014410918 0.019869167 0.067818567 -0.033932254 0.017317839 0.019029312 0.999092877
1341845851.616214 -0.014466445 0.020178491 0.068193786 -0.030628208 0.018546972 0.024618633 0.999055505
1341845851.645895 -0.014961994 0.021204459 0.068859041 -0.031062236 0.018352337 0.027692845 0.998965204
1341845851.681977 -0.014772098 0.020241426 0.069374718 -0.031920373 0.017018419 0.026830178 0.998985291
1341845851.714139 -0.014310587 0.020577913 0.069209270 -0.030006066 0.017423460 0.026748290 0.999039829
1341845851.745927 -0.014994888 0.020916354 0.069645658 -0.030374739 0.016316967 0.027744720 0.999020159
1341845851.781911 -0.014130495 0.020686436 0.070210725 -0.031317897 0.013330643 0.026808161 0.999060929
1341845851.813848 -0.013674525 0.020543398 0.070647471 -0.030572491 0.014397908 0.024692727 0.999123752
1341845851.849910 -0.014219653 0.020568641 0.070813328 -0.030601209 0.015162816 0.023068629 0.999150395
1341845851.881832 -0.013460463 0.019200604 0.071249552 -0.029728895 0.013472511 0.022027843 0.999224424
1341845851.913735 -0.012862312 0.020393265 0.070622273 -0.024577383 0.015413918 0.019631131 0.999386251
1341845851.949904 -0.013221391 0.020203769 0.070899643 -0.026706060 0.017289629 0.015580944 0.999372363
1341845851.982005 -0.012498605 0.019420831 0.070595197 -0.025183866 0.017131763 0.013052343 0.999450803
1341845852.017909 -0.012555854 0.019793704 0.070158929 -0.023696613 0.019914787 0.012072164 0.999447882
1341845852.050012 -0.011877422 0.019874694 0.069806993 -0.024127079 0.021091437 0.010697921 0.999429107
1341845852.082035 -0.011692574 0.019487996 0.069589302 -0.024794329 0.024648778 0.008953838 0.999348521
1341845852.121076 -0.011797151 0.019985843 0.069311664 -0.023239508 0.027825484 0.009504370 0.999297440
1341845852.163838 -0.011432545 0.019562881 0.068591386 -0.024885643 0.030815838 0.010419006 0.999160886
1341845852.190660 -0.012011280 0.019718366 0.068545088 -0.023300892 0.034169573 0.011434822 0.999078989
1341845852.223981 -0.012041174 0.019527266 0.068648718 -0.023852013 0.034503404 0.012776147 0.999038219
1341845852.257664 -0.012115682 0.019061230 0.067653134 -0.022449180 0.034155600 0.013185909 0.999077380
1341845852.286726 -0.012382727 0.019810872 0.066764578 -0.022027927 0.034248162 0.014020354 0.999072194
1341845852.317924 -0.012654674 0.019278854 0.066437073 -0.024186647 0.031951133 0.014269928 0.999094844
1341845852.349834 -0.012271671 0.019239839 0.066073470 -0.024544809 0.030768977 0.015977029 0.999097407
1341845852.385657 -0.012976141 0.019054251 0.065577477 -0.024451414 0.030035505 0.018716959 0.999074399
1341845852.417731 -0.012756438 0.019333720 0.064402968 -0.025506245 0.026529543 0.019382762 0.999134600
1341845852.449741 -0.012425847 0.018796407 0.063918658 -0.027180517 0.026448539 0.017958356 0.999119222
1341845852.485861 -0.013426834 0.019126868 0.063161254 -0.027165931 0.026253546 0.016192049 0.999154925
1341845852.517876 -0.013388248 0.018960183 0.062500358 -0.029800087 0.023688585 0.014023315 0.999176741
1341845852.553887 -0.013300149 0.018097419 0.061556656 -0.029313095 0.022015588 0.016819496 0.999186277
1341845852.585754 -0.013981622 0.018978499 0.060419265 -0.027990645 0.021254797 0.018790914 0.999205530
1341845852.617891 -0.014296516 0.018592205 0.059599496 -0.029686693 0.019249994 0.018608991 0.999200583
1341845852.653840 -0.013842463 0.018522618 0.058031477 -0.029598478 0.017501276 0.018259367 0.999241829
1341845852.685926 -0.014331747 0.018408213 0.056993302 -0.030709216 0.018394167 0.016909912 0.999215961
1341845852.717821 -0.014936284 0.018411025 0.056105964 -0.030870985 0.017218936 0.019710604 0.999180615
1341845852.753958 -0.014582438 0.018429488 0.054764614 -0.030289248 0.016692098 0.022477528 0.999148965
1341845852.785766 -0.014833271 0.018888615 0.053707197 -0.031541288 0.019480051 0.022669034 0.999055445
1341845852.822784 -0.015938062 0.018146690 0.052804735 -0.032278117 0.019923810 0.023958504 0.998993099
1341845852.853750 -0.015220554 0.018868271 0.051580671 -0.031677764 0.018892193 0.024184518 0.999026895
1341845852.885924 -0.015570828 0.018318739 0.050396089 -0.032922465 0.021801785 0.023401065 0.998946011
1341845852.921581 -0.016355230 0.018853977 0.049916178 -0.031780686 0.022837594 0.023177361 0.998965085
1341845852.953977 -0.015865847 0.018135877 0.048893616 -0.031325009 0.023635864 0.022700511 0.998971879
1341845852.989721 -0.016725579 0.019403754 0.048432272 -0.027382620 0.026438968 0.020951536 0.999055624
1341845853.021716 -0.017561732 0.020193892 0.047802139 -0.030421827 0.024243942 0.018422645 0.999073267
1341845853.053750 -0.017368088 0.019094953 0.046770349 -0.031339508 0.021961499 0.017835731 0.999108315
1341845853.089814 -0.017510779 0.020334711 0.045439173 -0.030225288 0.021484300 0.017860550 0.999152541
1341845853.121864 -0.018069282 0.019721324 0.045006532 -0.033625752 0.020703910 0.016263729 0.999087691
1341845853.159690 -0.017783532 0.019012844 0.043854069 -0.032446239 0.020123526 0.017320884 0.999120772
1341845853.195824 -0.018325116 0.019613318 0.042725869 -0.029854685 0.020487821 0.018640971 0.999170363
1341845853.227731 -0.018469961 0.019860148 0.041505698 -0.030506264 0.019560607 0.018123263 0.999178827
1341845853.263703 -0.018390955 0.018743860 0.040628672 -0.030613303 0.020210095 0.017673707 0.999170661
1341845853.296490 -0.018970866 0.018896470 0.039565925 -0.027876286 0.021774380 0.017704165 0.999217391
1341845853.327753 -0.019827774 0.019122470 0.038534120 -0.026658081 0.020891201 0.017599560 0.999271333
1341845853.363891 -0.019271022 0.018800942 0.037444223 -0.026299778 0.019299667 0.018364236 0.999299049
1341845853.395726 -0.019465432 0.019019598 0.035961136 -0.024221892 0.021612350 0.017770354 0.999314964
1341845853.463774 -0.020590480 0.018422602 0.034141488 -0.024906542 0.020753615 0.016954429 0.999330521
1341845853.489803 -0.020339619 0.019315464 0.032683142 -0.023691796 0.020895248 0.015537164 0.999380171
1341845853.525799 -0.021497294 0.019175524 0.032174140 -0.025733400 0.021461086 0.014029382 0.999339998
1341845853.557770 -0.021581598 0.018422447 0.030786177 -0.025864236 0.019004539 0.014833942 0.999374688
1341845853.589705 -0.021375097 0.018866232 0.029498426 -0.024778139 0.018537641 0.015568673 0.999399841
1341845853.625908 -0.022130456 0.019208072 0.028115626 -0.024582321 0.018748743 0.015728056 0.999398232
1341845853.657783 -0.022263318 0.018954683 0.027390955 -0.025135664 0.017710285 0.016420875 0.999392271
1341845853.689930 -0.022079526 0.018873775 0.026344121 -0.023407936 0.018204212 0.018048247 0.999397278
1341845853.725779 -0.022687122 0.019385649 0.024726976 -0.022061195 0.019878542 0.018362168 0.999390304
1341845853.757962 -0.022935422 0.019003915 0.024025358 -0.022260167 0.020300096 0.019605426 0.999353766
1341845853.793750 -0.023184722 0.019085335 0.023329251 -0.020203969 0.020703157 0.022040043 0.999338508
1341845853.825783 -0.023527203 0.019726103 0.021976393 -0.019553129 0.021011448 0.021217121 0.999362826
1341845853.857700 -0.024259560 0.019483721 0.021419914 -0.020272717 0.020731779 0.020094087 0.999377549
1341845853.893805 -0.024517857 0.019407941 0.020157469 -0.019319432 0.018613767 0.019862697 0.999442756
1341845853.925836 -0.023947230 0.020237314 0.019516189 -0.019830028 0.017160596 0.016294917 0.999523282
1341845853.957735 -0.024178958 0.019418994 0.019289523 -0.022911424 0.018658597 0.012104871 0.999490082
1341845853.993852 -0.025027208 0.018839443 0.018448059 -0.021384250 0.019218156 0.014255081 0.999484956
1341845854.025830 -0.024902225 0.019816142 0.017045259 -0.018650847 0.017626312 0.016443281 0.999535441
1341845854.061903 -0.024481233 0.020716470 0.016189488 -0.020820698 0.018539688 0.013007366 0.999526680
1341845854.093760 -0.025588688 0.019620160 0.016199144 -0.023168763 0.020382794 0.009904888 0.999474704
1341845854.125736 -0.026499495 0.019919479 0.015056412 -0.020908067 0.018089265 0.010821141 0.999559164
1341845854.161837 -0.025460701 0.020879308 0.014353064 -0.020775089 0.014452733 0.011021947 0.999618948
1341845854.193844 -0.024819506 0.021250891 0.013390142 -0.023344401 0.016074467 0.008485483 0.999562263
1341845854.229884 -0.026073864 0.021026012 0.013681375 -0.025215371 0.017881298 0.009089980 0.999480784
1341845854.261692 -0.026101895 0.021393687 0.012527906 -0.024881503 0.015512533 0.013626788 0.999477148
1341845854.293781 -0.025546966 0.021540081 0.011544943 -0.025196875 0.015354604 0.017412821 0.999412894
1341845854.330249 -0.025959356 0.022283930 0.010388173 -0.026032533 0.017844560 0.017139578 0.999354839
1341845854.361687 -0.026855495 0.022091506 0.010742956 -0.029364629 0.018556941 0.017119484 0.999249876
1341845854.393726 -0.026639391 0.021355446 0.010282152 -0.029744264 0.017304212 0.019541606 0.999216676
1341845854.429762 -0.025911829 0.022075081 0.008669354 -0.028543644 0.018547909 0.019838100 0.999223530
1341845854.462072 -0.026410406 0.021709027 0.009150889 -0.030782443 0.021919029 0.018923206 0.999106526
1341845854.497796 -0.026693068 0.020514896 0.009069012 -0.028937737 0.022566758 0.021987947 0.999084532
1341845854.529719 -0.026671341 0.021778855 0.007611625 -0.025103621 0.023088664 0.023488112 0.999142110
1341845854.561884 -0.026839649 0.022006944 0.007844557 -0.026619056 0.024460759 0.020616909 0.999133646
1341845854.597860 -0.027605969 0.021364950 0.008181472 -0.027751416 0.024122564 0.016339652 0.999190152
1341845854.629736 -0.027031705 0.021307727 0.007757512 -0.027875206 0.021474421 0.012700070 0.999300063
1341845854.662835 -0.027178263 0.021270286 0.007485726 -0.028223896 0.021456242 0.010591752 0.999315202
1341845854.697815 -0.027065968 0.020526286 0.007207071 -0.027969750 0.021207232 0.011896264 0.999312997
1341845854.729806 -0.026992576 0.020131815 0.006614401 -0.025679754 0.020443456 0.012611683 0.999381602
1341845854.765688 -0.026554763 0.020753972 0.005634479 -0.023690214 0.019047340 0.012123554 0.999464333
1341845854.797997 -0.026394032 0.020648887 0.004951607 -0.024051564 0.020109091 0.009565366 0.999462724
1341845854.829779 -0.027103383 0.020604007 0.005396198 -0.023986690 0.020372884 0.008458655 0.999468923
1341845854.865670 -0.026867423 0.020270821 0.003909683 -0.023717046 0.017828993 0.006942986 0.999535620
1341845854.897712 -0.025937546 0.020820098 0.002288871 -0.024472872 0.017810840 0.004881091 0.999529898
1341845854.930302 -0.026516592 0.020142816 0.002426954 -0.026735460 0.020547982 0.004070772 0.999423087
1341845854.965801 -0.026981665 0.020022437 0.001499614 -0.025994357 0.020511910 0.006129243 0.999432862
1341845854.997629 -0.026276667 0.020697389 0.000571830 -0.025936281 0.019405624 0.007624262 0.999446154
1341845855.033841 -0.026730321 0.020360811 -0.000405638 -0.027462456 0.022089034 0.007677015 0.999349296
1341845855.065777 -0.028347341 0.020371111 -0.000529565 -0.026764231 0.023181906 0.010707535 0.999315560
1341845855.097795 -0.028299456 0.021321170 -0.001713727 -0.026465347 0.019042687 0.012944759 0.999384463
1341845855.133841 -0.027533077 0.021121062 -0.002421426 -0.028440367 0.016380675 0.012311345 0.999385417
1341845855.165831 -0.028162621 0.021093272 -0.002629631 -0.029563135 0.016302576 0.011057355 0.999368787
1341845855.201780 -0.029682716 0.021101221 -0.002624646 -0.030280603 0.013797327 0.010938621 0.999386311
1341845855.233747 -0.028563648 0.021191413 -0.003506125 -0.031105490 0.008655349 0.011656738 0.999410629
1341845855.265823 -0.028466098 0.020489747 -0.003597417 -0.031761803 0.008820758 0.010889692 0.999397218
1341845855.301716 -0.029009083 0.020370796 -0.003821665 -0.029717362 0.009391180 0.012238286 0.999439299
1341845855.333726 -0.029085623 0.020472664 -0.004693299 -0.027175650 0.007833091 0.016557759 0.999462843
1341845855.365773 -0.029089963 0.020994488 -0.005296797 -0.025607724 0.005980003 0.019831123 0.999457479
1341845855.401892 -0.028508184 0.020514872 -0.005620931 -0.026351921 0.005789704 0.021243356 0.999410212
1341845855.433652 -0.029269509 0.020410495 -0.006259449 -0.024774633 0.006597415 0.022958074 0.999407649
1341845855.469817 -0.029690711 0.020577241 -0.007047958 -0.023258133 0.004687462 0.024768164 0.999411643
1341845855.502750 -0.029256957 0.020465933 -0.007340992 -0.022879347 0.002596361 0.025579412 0.999407589
1341845855.533846 -0.028720800 0.020275015 -0.008275900 -0.022337124 0.002928664 0.022834383 0.999485433
1341845855.569986 -0.029534908 0.020247828 -0.008378020 -0.022574890 0.003859317 0.019672140 0.999544144
1341845855.601707 -0.030053679 0.018851331 -0.008612444 -0.022325549 0.002400620 0.020098420 0.999545872
1341845855.633953 -0.029699648 0.019475298 -0.009080989 -0.019146541 0.000629349 0.019030502 0.999635339
1341845855.669628 -0.029829215 0.020390671 -0.009981266 -0.019193035 0.000796028 0.015652582 0.999692917
1341845855.701786 -0.030562619 0.019610936 -0.009522722 -0.021749625 -0.000380207 0.013800716 0.999668121
1341845855.737762 -0.030560447 0.018911922 -0.009992361 -0.020140532 -0.002439769 0.014329901 0.999691486
1341845855.769674 -0.030875549 0.019718222 -0.010544874 -0.018621068 -0.004065601 0.015771059 0.999693930
1341845855.802152 -0.030607520 0.019797426 -0.011203806 -0.019505573 -0.006102778 0.014786123 0.999681771
1341845855.837801 -0.030406930 0.019211760 -0.010444741 -0.020346023 -0.006456761 0.012990714 0.999687731
1341845855.869788 -0.030391222 0.019025773 -0.011647654 -0.018995833 -0.006297527 0.012629222 0.999719977
1341845855.901958 -0.030566085 0.019503063 -0.011723066 -0.018400338 -0.006033449 0.013488701 0.999721527
1341845855.937711 -0.030149654 0.019147877 -0.012307003 -0.018560424 -0.006503038 0.013769812 0.999711752
1341845855.969840 -0.029752808 0.018907787 -0.012643938 -0.017878031 -0.005338998 0.013741914 0.999731481
1341845856.005711 -0.030119365 0.019241786 -0.013438976 -0.017485715 -0.004329864 0.014748476 0.999728978
1341845856.038077 -0.029878583 0.018766452 -0.013493739 -0.017862961 -0.003952538 0.016984696 0.999688327
1341845856.069815 -0.029937519 0.019389734 -0.014629049 -0.016239466 -0.003183746 0.019627105 0.999670386
1341845856.105773 -0.030194843 0.020517418 -0.015147892 -0.017898913 -0.002428053 0.020966019 0.999617040
1341845856.137725 -0.030050579 0.019944478 -0.014822118 -0.021092363 -0.003488648 0.022467345 0.999518991
1341845856.169966 -0.029548759 0.020528339 -0.015685100 -0.022262748 -0.003629804 0.022698045 0.999487877
1341845856.205833 -0.029999683 0.020816801 -0.015557840 -0.025865268 -0.001803047 0.021796308 0.999426186
1341845856.237587 -0.030282358 0.020121498 -0.016078424 -0.027545145 -0.002153199 0.024047257 0.999328971
1341845856.273683 -0.029747380 0.020742463 -0.016388468 -0.027570663 -0.002750331 0.024521587 0.999315262
1341845856.305723 -0.029936707 0.020645279 -0.016575119 -0.028585739 -0.001119325 0.025225753 0.999272406
1341845856.337653 -0.030415544 0.020520007 -0.016703160 -0.029194988 -0.000429624 0.026031425 0.999234617
1341845856.373714 -0.030549556 0.019937191 -0.017305814 -0.028821966 -0.001595843 0.027745754 0.999198139
1341845856.405678 -0.030304158 0.020576749 -0.018227683 -0.027210588 -0.002675670 0.028672246 0.999214888
1341845856.441799 -0.030588351 0.020845219 -0.018517438 -0.028264863 -0.002346287 0.026197659 0.999254346
1341845856.473680 -0.030849144 0.020286936 -0.018582093 -0.029368244 -0.002927223 0.024695318 0.999259293
1341845856.505768 -0.030741017 0.020408994 -0.019115873 -0.028848669 -0.004682578 0.024335882 0.999276519
1341845856.541718 -0.030004505 0.021337628 -0.019372698 -0.029631970 -0.004086822 0.022399994 0.999301493
1341845856.573678 -0.030798454 0.020170556 -0.018694038 -0.031761415 -0.002222504 0.022670381 0.999235868
1341845856.605758 -0.031138094 0.020247087 -0.019083908 -0.030380992 -0.003337386 0.024863677 0.999223530
1341845856.641782 -0.030197902 0.020020291 -0.019529087 -0.029776102 -0.003984643 0.026647126 0.999193430
1341845856.673977 -0.030317474 0.020791685 -0.020024016 -0.028384043 -0.001306101 0.025622230 0.999267817
1341845856.709876 -0.031422019 0.020887336 -0.019131169 -0.030267894 -0.000146752 0.025702754 0.999211311
1341845856.741736 -0.030858718 0.019523105 -0.018883431 -0.029555773 -0.002563252 0.028659822 0.999148905
1341845856.773960 -0.030133976 0.021362927 -0.020250509 -0.025849946 -0.001959885 0.028147623 0.999267578
1341845856.809797 -0.031499334 0.021646611 -0.020255003 -0.029030571 0.000604110 0.025737088 0.999246955
1341845856.841746 -0.031308219 0.020758705 -0.020136099 -0.030913208 -0.001510530 0.025729416 0.999189734
1341845856.873762 -0.030699598 0.021527538 -0.020414734 -0.030778520 -0.001863777 0.025069088 0.999210060
1341845856.915904 -0.030829990 0.022009406 -0.020754440 -0.032528736 -0.000715998 0.024324903 0.999174535
1341845856.942391 -0.030928817 0.021514000 -0.020819098 -0.035315942 -0.000145565 0.023873487 0.999091029
1341845856.977900 -0.030793399 0.021268295 -0.020768870 -0.036067851 0.000034314 0.025422698 0.999025941
1341845857.009735 -0.030849209 0.021225691 -0.021213219 -0.035563406 0.000073414 0.028262263 0.998967767
1341845857.041737 -0.030518740 0.021183472 -0.021596650 -0.034391280 0.000415625 0.030791372 0.998933911
1341845857.077896 -0.030672001 0.021581123 -0.022074414 -0.033268545 0.001622861 0.031021100 0.998963594
1341845857.109633 -0.030804357 0.021927133 -0.022733960 -0.034045756 0.001541190 0.029653164 0.998979092
1341845857.141583 -0.030237343 0.021699777 -0.022856012 -0.035734653 0.001129817 0.027899124 0.998971164
1341845857.178255 -0.029512711 0.021713026 -0.022464460 -0.035769433 0.002635871 0.024309808 0.999060869
1341845857.209846 -0.030292537 0.021567957 -0.024398774 -0.036465552 0.004811874 0.021389283 0.999094427
1341845857.245767 -0.030485405 0.020886840 -0.024024894 -0.037702218 0.004318576 0.021309724 0.999052465
1341845857.277737 -0.029677965 0.020749854 -0.024664322 -0.036273032 0.004074195 0.020429952 0.999124765
1341845857.309994 -0.029901437 0.020810381 -0.025132673 -0.035359025 0.005270640 0.019673722 0.999167144
1341845857.345862 -0.030114174 0.021340406 -0.025674848 -0.035249852 0.005633371 0.018802607 0.999185741
1341845857.377787 -0.029791571 0.020277869 -0.025219360 -0.035934549 0.005152277 0.018831551 0.999163449
1341845857.413693 -0.030339673 0.021036969 -0.026516723 -0.034156304 0.005301647 0.018488249 0.999231458
1341845857.445790 -0.030657543 0.021385264 -0.026756939 -0.035795834 0.004558946 0.018470274 0.999178052
1341845857.477853 -0.030110147 0.020490404 -0.025680730 -0.036918756 0.003106022 0.018724741 0.999137998
1341845857.513902 -0.029948911 0.021356868 -0.026462073 -0.035259373 0.003726559 0.017675694 0.999214888
1341845857.545992 -0.030096283 0.020863311 -0.026155407 -0.036651798 0.004433848 0.017228102 0.999169767
1341845857.577776 -0.029049434 0.020043921 -0.026230518 -0.036158178 0.004027289 0.018012222 0.999175608
1341845857.613882 -0.028578948 0.019738764 -0.026466101 -0.034356482 0.005468985 0.018705087 0.999219656
1341845857.646056 -0.028327135 0.019856798 -0.026838744 -0.032337986 0.007796705 0.019891683 0.999248624
1341845857.681834 -0.028014349 0.019709883 -0.027065432 -0.031590525 0.009657778 0.021945661 0.999213278
1341845857.713765 -0.026705271 0.018967155 -0.026909966 -0.029979153 0.012472389 0.021548895 0.999240398
1341845857.745825 -0.027356772 0.018959729 -0.027672397 -0.027566517 0.016356334 0.021835506 0.999247611
1341845857.781799 -0.027242430 0.018982055 -0.029135169 -0.026242318 0.017041020 0.023125412 0.999242783
1341845857.813817 -0.026434384 0.018952101 -0.029449297 -0.026565304 0.017730474 0.022053178 0.999246538
1341845857.846046 -0.026445705 0.018740591 -0.029885110 -0.026815495 0.019961968 0.021770468 0.999203920
1341845857.881939 -0.026652938 0.019623710 -0.030882915 -0.027187830 0.020603981 0.021661337 0.999183238
1341845857.913666 -0.026575906 0.020202890 -0.031478804 -0.031030307 0.019938499 0.019446751 0.999130309
1341845857.949845 -0.026879335 0.019490218 -0.031590357 -0.034842536 0.018813526 0.017305383 0.999065816
1341845857.982166 -0.026901687 0.019448413 -0.032262824 -0.037079580 0.016607916 0.017265104 0.999025106
1341845858.013803 -0.026656119 0.019111313 -0.032395113 -0.038901724 0.014064847 0.018356463 0.998975396
1341845858.050247 -0.025986081 0.019331789 -0.032271095 -0.039153855 0.012193898 0.019815935 0.998962283
1341845858.081715 -0.026349235 0.020798836 -0.033860181 -0.040869877 0.011844077 0.019157020 0.998910606
1341845858.113782 -0.026276745 0.019896071 -0.033223145 -0.046014771 0.010294280 0.018669654 0.998713255
1341845858.149725 -0.026130687 0.020229619 -0.033849273 -0.048324134 0.009113438 0.018923067 0.998610854
1341845858.181831 -0.026152555 0.019768028 -0.033393629 -0.051527627 0.008600352 0.020652967 0.998420954
1341845858.217730 -0.026418505 0.019538268 -0.033841819 -0.052126199 0.006611131 0.022485627 0.998365462
1341845858.281842 -0.025609674 0.019901380 -0.033701397 -0.055142768 0.006340052 0.017924599 0.998297453
1341845858.317768 -0.026387107 0.019674975 -0.034414634 -0.055020444 0.004616025 0.017883424 0.998314381
1341845858.349904 -0.025734086 0.020110028 -0.034580179 -0.054282274 0.001584739 0.017615518 0.998368979
1341845858.381855 -0.024493728 0.020055573 -0.034902096 -0.054733824 0.001325506 0.016595496 0.998362184
1341845858.417827 -0.025135934 0.019530969 -0.034533154 -0.054899938 0.003356020 0.015677700 0.998363137
1341845858.449872 -0.025810761 0.019588560 -0.035166193 -0.052577365 0.002837259 0.016025826 0.998484254
1341845858.485842 -0.025360212 0.020232713 -0.035113920 -0.052029610 0.001329537 0.014608166 0.998537838
1341845858.517682 -0.025555996 0.019706421 -0.035266485 -0.052779540 0.001310911 0.012613258 0.998525679
1341845858.549803 -0.025818856 0.019680567 -0.035499617 -0.051795777 0.000698108 0.011771256 0.998588085
1341845858.585823 -0.025625218 0.019725561 -0.035983022 -0.051086280 -0.000636654 0.011505580 0.998627722
1341845858.618138 -0.024798861 0.020296803 -0.036603943 -0.051679771 -0.000822108 0.009428854 0.998618841
1341845858.654134 -0.025535787 0.019595677 -0.036278155 -0.053792760 0.001051696 0.008953450 0.998511434
1341845858.685756 -0.025766311 0.019753786 -0.036574602 -0.053425912 -0.000214223 0.011164277 0.998509407
1341845858.717690 -0.024767496 0.019665699 -0.036569338 -0.053590920 -0.000816427 0.011288540 0.998498857
1341845858.753674 -0.024393303 0.020418955 -0.037951373 -0.054404031 0.001295423 0.009197244 0.998475850
1341845858.785618 -0.025283998 0.019773738 -0.037373018 -0.057833299 0.003190230 0.009585832 0.998275161
1341845858.817756 -0.025211049 0.018902546 -0.036934294 -0.057874270 0.002245629 0.011323794 0.998257160
1341845858.853864 -0.024535738 0.019495066 -0.037595417 -0.056005977 0.002375583 0.011216778 0.998364568
1341845858.885702 -0.024367981 0.019680547 -0.038088154 -0.057685647 0.003688270 0.009421095 0.998283565
1341845858.922000 -0.024656404 0.018836735 -0.037816036 -0.059402328 0.003932049 0.008198561 0.998192728
1341845858.954158 -0.024275236 0.018709283 -0.037811268 -0.058164284 0.003742960 0.007279073 0.998273432
1341845858.985944 -0.023862774 0.019199638 -0.038588092 -0.057748195 0.005231916 0.006977204 0.998293102
1341845859.021830 -0.024145458 0.019930711 -0.039336722 -0.060030513 0.006627915 0.005624541 0.998158693
1341845859.053720 -0.023837553 0.019258352 -0.038795073 -0.063109472 0.006517836 0.004530662 0.997975051
1341845859.085862 -0.023549799 0.018926116 -0.039674513 -0.063895158 0.007069661 0.005175119 0.997918189
1341845859.121873 -0.023252448 0.019746393 -0.040277626 -0.064968318 0.007756806 0.004781383 0.997845709
1341845859.153800 -0.023465745 0.019025583 -0.039413322 -0.067710578 0.009075471 0.003685858 0.997656882
1341845859.189853 -0.023388475 0.019144159 -0.039600223 -0.067141660 0.009310606 0.003764195 0.997692883
1341845859.221654 -0.022939302 0.019132100 -0.039872661 -0.067545801 0.009793781 0.002202487 0.997665644
1341845859.253689 -0.022765631 0.018709527 -0.040408045 -0.069708467 0.010939484 -0.001735504 0.997505903
1341845859.289745 -0.022924224 0.018790953 -0.040464751 -0.071450472 0.012531986 -0.005223311 0.997351766
1341845859.321911 -0.022783238 0.018046631 -0.040260121 -0.072730459 0.012799229 -0.006572789 0.997247815
1341845859.353758 -0.022333497 0.017989786 -0.040557232 -0.072162516 0.013803657 -0.007685754 0.997267723
1341845859.389950 -0.022092681 0.018037178 -0.040716235 -0.071566150 0.015552223 -0.008115198 0.997281611
1341845859.421715 -0.022016075 0.017398342 -0.041362949 -0.071979508 0.017302161 -0.010189367 0.997203946
1341845859.457807 -0.021853900 0.017730201 -0.041545093 -0.071691930 0.019460507 -0.012000332 0.997164726
1341845859.489859 -0.022130119 0.017318996 -0.041668870 -0.072526760 0.021205330 -0.012781598 0.997059107
1341845859.521735 -0.022321464 0.016672602 -0.041318405 -0.072966158 0.022619106 -0.013281581 0.996989429
1341845859.557712 -0.021837421 0.016986806 -0.041645199 -0.070579685 0.023520682 -0.012892407 0.997145474
1341845859.589783 -0.021731056 0.017283550 -0.042463370 -0.070438176 0.025235996 -0.013645329 0.997103512
1341845859.625646 -0.021297023 0.016667765 -0.042111475 -0.070812404 0.027147353 -0.014269862 0.997018039
1341845859.657759 -0.020807525 0.016190259 -0.043081217 -0.070197791 0.030470638 -0.014816268 0.996957541
1341845859.689869 -0.021734457 0.016838657 -0.041966036 -0.069666103 0.033570811 -0.013316100 0.996916413
1341845859.725812 -0.021256087 0.015756914 -0.041948047 -0.067897312 0.033485863 -0.009994256 0.997080088
1341845859.757824 -0.020512147 0.016107613 -0.043136239 -0.065089636 0.034924727 -0.009676532 0.997221112
1341845859.789818 -0.021176400 0.016177112 -0.042604219 -0.063575655 0.038015459 -0.009651870 0.997206032
1341845859.825831 -0.021732233 0.016057853 -0.041694202 -0.060387094 0.037970353 -0.008954007 0.997412384
1341845859.857647 -0.021321386 0.016150361 -0.042882580 -0.056743797 0.037400644 -0.007626744 0.997658849
1341845859.893646 -0.020636739 0.016856091 -0.043768551 -0.055554759 0.038071528 -0.006910298 0.997705579
1341845859.925740 -0.021017157 0.016794013 -0.043190502 -0.056173228 0.038798124 -0.009175203 0.997624755
1341845859.957775 -0.021721095 0.016337603 -0.042259462 -0.056059018 0.038009685 -0.011037896 0.997642636
1341845859.993847 -0.021221701 0.015894869 -0.042675536 -0.053120453 0.035515029 -0.011876750 0.997885704
1341845860.025774 -0.021351552 0.016255418 -0.042984437 -0.051434368 0.034543321 -0.013184866 0.997991681
1341845860.057745 -0.022335172 0.016005546 -0.042955805 -0.050667666 0.031571940 -0.014238191 0.998114824
1341845860.093794 -0.021576211 0.016350131 -0.042704578 -0.049629420 0.026810458 -0.014520475 0.998302221
1341845860.125763 -0.021521036 0.016008064 -0.042607233 -0.047736216 0.024645962 -0.016000429 0.998427689
1341845860.161703 -0.022106340 0.016362395 -0.043388888 -0.046128988 0.022126071 -0.016094655 0.998560727
1341845860.193724 -0.022298733 0.015694765 -0.042971298 -0.045544174 0.017434267 -0.017543919 0.998656094
1341845860.225730 -0.021602346 0.015358261 -0.042826336 -0.042617828 0.013466682 -0.020920312 0.998781621
1341845860.261716 -0.022104643 0.015765347 -0.042718578 -0.040440623 0.011118532 -0.023942577 0.998833179
1341845860.294553 -0.023097470 0.014924183 -0.042364698 -0.038949352 0.007368373 -0.025500154 0.998888612
1341845860.325872 -0.021973737 0.015133549 -0.042885847 -0.034693904 0.001417444 -0.025897427 0.999061406
1341845860.361673 -0.021552319 0.015456787 -0.043007944 -0.033092916 -0.001080556 -0.027438659 0.999074996
1341845860.393714 -0.022115700 0.015053091 -0.043350164 -0.030750141 -0.003606910 -0.028235108 0.999121726
1341845860.429768 -0.022481574 0.015925907 -0.044429045 -0.029573979 -0.006658508 -0.029651923 0.999100506
1341845860.461780 -0.021899631 0.015350974 -0.044384170 -0.030310474 -0.010854161 -0.029817414 0.999036729
1341845860.493718 -0.021635899 0.015596022 -0.043872017 -0.029903226 -0.012854317 -0.029166553 0.999044478
1341845860.529831 -0.021938046 0.015853507 -0.044477146 -0.029707367 -0.014722834 -0.028465182 0.999044776
1341845860.567950 -0.021324692 0.016420094 -0.044722948 -0.030510079 -0.016798593 -0.027805818 0.999006391
1341845860.604131 -0.020935938 0.016005937 -0.044580124 -0.032854896 -0.017772095 -0.029670486 0.998861551
1341845860.638227 -0.021531934 0.016076388 -0.044025559 -0.034006394 -0.018021237 -0.030379109 0.998797238
1341845860.668441 -0.021802763 0.015693381 -0.044393040 -0.034680497 -0.019783737 -0.028868031 0.998785496
1341845860.706028 -0.021343878 0.015363815 -0.044511452 -0.034043394 -0.021913113 -0.026876807 0.998818576
1341845860.736338 -0.021895470 0.016434057 -0.045628600 -0.033855088 -0.022821330 -0.025709448 0.998835325
1341845860.772400 -0.022140287 0.016175242 -0.045080435 -0.036034841 -0.026200976 -0.024203671 0.998713732
1341845860.803824 -0.021085015 0.016631318 -0.045260724 -0.036421768 -0.029819975 -0.024483113 0.998591423
1341845860.871717 -0.022355463 0.016082222 -0.044850670 -0.039497644 -0.032442145 -0.024455817 0.998393416
1341845860.899176 -0.021304104 0.016248886 -0.045343023 -0.038858164 -0.035653770 -0.024167269 0.998315990
1341845860.929775 -0.021230426 0.016796809 -0.045029968 -0.039319210 -0.035715975 -0.026409363 0.998238862
1341845860.965899 -0.022097753 0.016148992 -0.044766959 -0.040247690 -0.036190338 -0.027717479 0.998149335
1341845860.997827 -0.022272594 0.015995899 -0.044506043 -0.039183095 -0.037663836 -0.027637156 0.998139381
1341845861.029961 -0.021467514 0.016169986 -0.044957913 -0.037461858 -0.039189603 -0.027111402 0.998161197
1341845861.065806 -0.021194844 0.016572686 -0.045310307 -0.038124826 -0.038547330 -0.029129485 0.998104215
1341845861.097631 -0.021265054 0.015597074 -0.044693857 -0.038524374 -0.038273498 -0.029707696 0.998082399
1341845861.133786 -0.020892572 0.016336884 -0.045328993 -0.036973797 -0.037535992 -0.030256713 0.998152554
1341845861.165622 -0.021125138 0.016534341 -0.044548519 -0.038011663 -0.036279056 -0.030858004 0.998141587
1341845861.197704 -0.021254055 0.015772402 -0.044517785 -0.038455304 -0.035271522 -0.030538652 0.998170555
1341845861.233683 -0.020708486 0.016173100 -0.044552453 -0.037046507 -0.034246795 -0.030606862 0.998257458
1341845861.265692 -0.021314371 0.015771998 -0.044087719 -0.037294053 -0.033134546 -0.029872587 0.998308003
1341845861.297700 -0.021110021 0.016136553 -0.044558540 -0.036384188 -0.033806324 -0.027843675 0.998377681
1341845861.333616 -0.020514432 0.016351072 -0.044322722 -0.037459105 -0.032675561 -0.028704600 0.998351216
1341845861.365694 -0.021535348 0.015687130 -0.043142684 -0.037885495 -0.031484112 -0.028824333 0.998369992
1341845861.407792 -0.021061203 0.015759893 -0.044856131 -0.036208734 -0.032770615 -0.027472381 0.998428881
1341845861.440894 -0.020781597 0.015704893 -0.044268060 -0.036708757 -0.032951266 -0.026797475 0.998423040
1341845861.472256 -0.020986587 0.015420946 -0.043938871 -0.035598196 -0.032528628 -0.027271245 0.998464286
1341845861.507634 -0.020983057 0.015924748 -0.043979812 -0.035192460 -0.032713488 -0.028449059 0.998439729
1341845861.539675 -0.020854788 0.014944485 -0.043774422 -0.035449732 -0.033379961 -0.028820464 0.998397946
1341845861.571790 -0.020692900 0.015631977 -0.043843690 -0.034096658 -0.032625157 -0.029619932 0.998446643
1341845861.607759 -0.021128919 0.015630251 -0.043792490 -0.034654658 -0.032292578 -0.029888740 0.998430192
1341845861.639739 -0.020684704 0.015076153 -0.043015268 -0.034395136 -0.032911293 -0.029530693 0.998429656
1341845861.671875 -0.020675706 0.015213877 -0.042715531 -0.032548465 -0.032456756 -0.029025583 0.998521209
1341845861.707829 -0.020801874 0.014682204 -0.042299151 -0.031507891 -0.032490849 -0.028963437 0.998555303
1341845861.739782 -0.019856777 0.014961556 -0.043745805 -0.029854432 -0.032670230 -0.032442577 0.998493254
1341845861.775717 -0.019549543 0.015503149 -0.042698007 -0.030752696 -0.031285632 -0.037522350 0.998332381
1341845861.807676 -0.020466002 0.014470843 -0.041970722 -0.031633921 -0.030658437 -0.038907506 0.998271286
1341845861.839701 -0.020475289 0.014648871 -0.041899964 -0.029597979 -0.032162070 -0.037104275 0.998355091
1341845861.875772 -0.020106159 0.014937576 -0.042322587 -0.029059600 -0.033576865 -0.035789441 0.998372316
1341845861.907742 -0.019693727 0.014699047 -0.042257454 -0.029062159 -0.034127265 -0.035064138 0.998379290
1341845861.939697 -0.019969316 0.014908276 -0.041247260 -0.028658137 -0.034440476 -0.033867572 0.998421490
1341845861.975661 -0.019445200 0.014798916 -0.042219546 -0.028113075 -0.036126722 -0.034297433 0.998362720
1341845862.007930 -0.018597947 0.015010873 -0.042473860 -0.028598454 -0.036186215 -0.036134224 0.998282015
1341845862.039647 -0.019208947 0.014072733 -0.040589154 -0.028506115 -0.034638785 -0.036195491 0.998337328
1341845862.075738 -0.018731257 0.014234699 -0.040877756 -0.025842180 -0.033842951 -0.034159280 0.998508871
1341845862.107644 -0.018259533 0.014677038 -0.042168833 -0.023822814 -0.032414112 -0.034311652 0.998601258
1341845862.143904 -0.017588764 0.015390820 -0.042938426 -0.024610098 -0.029170252 -0.037624173 0.998562872
1341845862.175702 -0.018603027 0.015289410 -0.041822694 -0.027454644 -0.026991738 -0.038273226 0.998525381
1341845862.207672 -0.017947689 0.015438812 -0.042219430 -0.028713221 -0.026652437 -0.039576679 0.998448253
1341845862.243827 -0.018119279 0.016537732 -0.042200129 -0.031775244 -0.024270734 -0.041745063 0.998327911
1341845862.275754 -0.019008931 0.015485024 -0.041007582 -0.036126882 -0.023268832 -0.041034482 0.998233199
1341845862.311739 -0.018883649 0.015035764 -0.040076856 -0.036230396 -0.024360474 -0.037210245 0.998353302
1341845862.343750 -0.017834457 0.014977681 -0.040750414 -0.035196818 -0.024313245 -0.033242062 0.998531461
1341845862.375792 -0.017566865 0.015029298 -0.040884599 -0.034483880 -0.021772252 -0.030834593 0.998692155
1341845862.411748 -0.017277392 0.014706805 -0.040243935 -0.033563837 -0.018914960 -0.028891930 0.998839796
1341845862.443696 -0.017322466 0.014507317 -0.039432500 -0.031280115 -0.015920239 -0.025657406 0.999054432
1341845862.479688 -0.017276483 0.014582759 -0.039894540 -0.028824745 -0.013919579 -0.022599952 0.999232054
1341845862.511723 -0.016224025 0.015623041 -0.040697899 -0.027295612 -0.011664489 -0.022953577 0.999295771
1341845862.543776 -0.017246291 0.015338948 -0.039872274 -0.028688038 -0.008627553 -0.023632066 0.999271750
1341845862.579869 -0.016947240 0.015022519 -0.039855327 -0.027846424 -0.008543348 -0.022304468 0.999326825
1341845862.611759 -0.016347045 0.015093750 -0.041000955 -0.026939107 -0.007680175 -0.021116672 0.999384522
1341845862.647939 -0.016083492 0.015872296 -0.040757548 -0.026774507 -0.005242533 -0.022027763 0.999384999
1341845862.679727 -0.016607296 0.015143866 -0.040056635 -0.027675506 -0.003187711 -0.022642683 0.999355376
1341845862.712299 -0.015962698 0.015223017 -0.041063413 -0.026680995 -0.002757700 -0.021283999 0.999413550
1341845862.747743 -0.015435590 0.015296498 -0.040693801 -0.026653476 -0.001294674 -0.022304391 0.999395013
1341845862.779732 -0.016364725 0.014611273 -0.040676944 -0.026360033 0.001432994 -0.023546107 0.999374151
1341845862.815767 -0.016602494 0.014923436 -0.041179504 -0.024472786 0.001600429 -0.024098296 0.999408722
1341845862.847856 -0.017030871 0.015285335 -0.041100092 -0.023951024 0.001013624 -0.024674291 0.999408066
1341845862.879714 -0.017080655 0.015211757 -0.040809739 -0.023531310 0.000201147 -0.025092663 0.999408126
1341845862.915725 -0.017395087 0.015526584 -0.040260188 -0.023095507 -0.000732396 -0.025473107 0.999408424
1341845862.947913 -0.016872799 0.014779002 -0.040489770 -0.022716029 -0.001413088 -0.024726741 0.999435127
1341845862.983749 -0.016562859 0.015496350 -0.041280117 -0.020670895 -0.000076173 -0.024659719 0.999482155
1341845863.015854 -0.017123530 0.015711179 -0.041544523 -0.021251434 0.001682554 -0.025273379 0.999453247
1341845863.048281 -0.017462436 0.015113278 -0.040836491 -0.022098031 0.001176811 -0.025217263 0.999437034
1341845863.083795 -0.016746977 0.015716365 -0.041539095 -0.020769304 0.001071028 -0.026016630 0.999445140
1341845863.115808 -0.017437993 0.015828578 -0.041650798 -0.021818679 0.001703625 -0.027073141 0.999393880
1341845863.151916 -0.017635453 0.015040270 -0.041051388 -0.021910237 0.000385144 -0.026464002 0.999409556
1341845863.183716 -0.017178355 0.015521228 -0.041594576 -0.020829402 -0.000312210 -0.026003350 0.999444783
1341845863.215844 -0.017299531 0.015649697 -0.041883882 -0.021245610 -0.000048991 -0.026186721 0.999431252
1341845863.251883 -0.017163960 0.015868118 -0.041307695 -0.021929692 0.000198614 -0.026456136 0.999409378
1341845863.283627 -0.017299645 0.015504231 -0.041307975 -0.022783313 0.000619742 -0.026187576 0.999397159
1341845863.315718 -0.017376544 0.015709871 -0.041987356 -0.022404764 0.000752255 -0.025449634 0.999424696
