1341845822.459970 -0.014934299 -0.005744413 0.000379439 0.013694377 0.016774893 -0.004418074 0.999755740
1341845822.495728 -0.016661931 -0.005646823 0.002597915 0.013770309 0.016643669 -0.003531351 0.999760449
1341845822.527724 -0.015297269 -0.005655622 0.001221820 0.013914476 0.014938730 -0.003631583 0.999785006
1341845822.559648 -0.020498384 -0.005553535 0.001656320 0.012803235 0.015724918 -0.002854868 0.999790311
1341845822.595852 -0.021359626 -0.006358080 0.002856377 0.012235076 0.015606526 -0.002418624 0.999800444
1341845822.627724 -0.025568690 -0.004675090 0.003769802 0.012026150 0.017192271 -0.002851325 0.999775827
1341845822.663716 -0.028951442 -0.007951940 0.005038567 0.010984425 0.016656207 0.000322321 0.999800861
1341845822.695601 -0.028545387 -0.010611995 0.003983529 0.014187760 0.013451499 0.003402467 0.999803066
1341845822.731816 -0.029979680 -0.007812354 0.004993500 0.017293427 0.013433926 0.005029355 0.999747574
1341845822.763760 -0.034876868 -0.008514715 0.005179388 0.017715905 0.015312813 0.005136447 0.999712586
1341845822.789911 -0.034921136 -0.008613834 0.005618190 0.017862726 0.015533786 0.004316388 0.999710441
1341845822.825897 -0.035455391 -0.008164662 0.004937271 0.017338317 0.016048444 0.004863110 0.999709010
1341845822.859721 -0.042154584 -0.010146106 0.006434691 0.017776448 0.017727302 0.005894239 0.999667466
1341845822.889712 -0.041590348 -0.009642362 0.007558513 0.020199550 0.015254829 0.007804918 0.999649107
1341845822.925900 -0.043109246 -0.009283134 0.006688475 0.021266708 0.014699505 0.007092126 0.999640644
1341845822.957708 -0.043549333 -0.009658994 0.007074059 0.021523181 0.015239574 0.005441269 0.999637365
1341845822.989939 -0.044722658 -0.011146440 0.007056685 0.022164289 0.015292649 0.005136041 0.999624193
1341845823.025889 -0.046032120 -0.011250326 0.006957359 0.024215724 0.015323389 0.005064351 0.999576509
1341845823.057775 -0.044032641 -0.011566285 0.006780205 0.025495842 0.016113449 0.004404827 0.999535322
1341845823.093671 -0.047081497 -0.011373894 0.006896412 0.026931617 0.019435558 0.004423581 0.999438524
1341845823.125951 -0.042549010 -0.010347816 0.004305891 0.028126411 0.017764211 0.005701332 0.999430239
1341845823.157773 -0.044186085 -0.011306827 0.004699545 0.028572142 0.019340253 0.005684025 0.999388456
1341845823.193885 -0.054268453 -0.009353510 0.008022527 0.029395724 0.023441872 0.005007237 0.999280393
1341845823.225800 -0.054791268 -0.009298273 0.006721609 0.027681954 0.021369955 0.004894944 0.999376297
1341845823.261842 -0.055786390 -0.010466144 0.006888426 0.026825177 0.020253651 0.004078380 0.999426603
1341845823.293622 -0.057266086 -0.006832802 0.007578380 0.026868954 0.021139441 0.003750493 0.999408364
1341845823.325746 -0.055335443 -0.008427834 0.006262142 0.022810059 0.021953441 0.002773071 0.999494910
1341845823.361852 -0.057313424 -0.011373950 0.008490088 0.022243667 0.025737146 0.003777668 0.999414086
1341845823.394013 -0.062297568 -0.011829334 0.009487897 0.024318824 0.030473651 0.006422658 0.999219060
1341845823.426028 -0.062710762 -0.012707622 0.006711112 0.025378976 0.031156212 0.009517240 0.999146938
1341845823.461869 -0.064936176 -0.013006219 0.006942342 0.026150787 0.030812629 0.010816279 0.999124467
1341845823.493758 -0.064395390 -0.013293242 0.006527281 0.026475247 0.031358134 0.010634063 0.999100924
1341845823.529780 -0.059266429 -0.012292448 0.004788216 0.027012952 0.030321717 0.011332515 0.999110818
1341845823.561916 -0.064749017 -0.013422284 0.004624349 0.026989764 0.030616775 0.012369297 0.999090195
1341845823.593678 -0.077574424 -0.014275017 0.009409063 0.027030108 0.031766642 0.013142497 0.999043286
1341845823.629815 -0.076056413 -0.013716668 0.009521221 0.027036460 0.031100793 0.013455999 0.999059916
1341845823.661750 -0.076970518 -0.015140122 0.008230174 0.025964895 0.032572191 0.013426969 0.999041855
1341845823.695523 -0.080746993 -0.020163333 0.007631226 0.025976118 0.031304792 0.015393396 0.999053717
1341845823.729635 -0.085882977 -0.019382009 0.011781676 0.030371562 0.029300408 0.016219672 0.998977482
1341845823.761810 -0.080836929 -0.018234037 0.007066789 0.033030692 0.026084680 0.017368529 0.998962879
1341845823.797871 -0.085339256 -0.017682163 0.007213591 0.033419643 0.024307627 0.017125579 0.998999000
1341845823.829660 -0.092603788 -0.018230528 0.011187487 0.032944482 0.022084901 0.014474569 0.999108315
1341845823.861808 -0.095600814 -0.019987684 0.011525355 0.033252098 0.019617325 0.012238142 0.999179482
1341845823.897727 -0.095790938 -0.019467765 0.010824062 0.033428304 0.015158052 0.011117762 0.999264300
1341845823.929826 -0.096185297 -0.019142706 0.011836867 0.033668436 0.012115302 0.009464381 0.999314845
1341845823.961797 -0.091088377 -0.018271234 0.006760849 0.032743361 0.008306414 0.006227270 0.999409854
1341845823.998070 -0.093826994 -0.021219330 0.007531364 0.030633254 0.008372183 0.003628675 0.999489009
1341845824.029656 -0.095127173 -0.021023998 0.008196472 0.031450983 0.008329295 0.004483242 0.999460518
1341845824.065768 -0.087511986 -0.020048693 0.006528795 0.031835698 0.006661979 0.006174049 0.999451816
1341845824.097956 -0.078725062 -0.020070447 -0.004889632 0.030408347 0.009056542 0.007179365 0.999470770
1341845824.130299 -0.081955001 -0.019536607 -0.009600226 0.025584824 0.025489708 0.007952146 0.999315977
1341845824.165751 -0.098319754 -0.017400431 0.006909511 0.020347683 0.044569928 0.007207303 0.998773038
1341845824.197930 -0.107412130 -0.024632955 0.011567858 0.016297914 0.050742991 0.006434010 0.998558044
1341845824.229907 -0.115247205 -0.025841013 0.014586280 0.020209696 0.053706858 0.006729927 0.998329520
1341845824.265800 -0.121912949 -0.025038924 0.014564233 0.023400176 0.051815514 0.007808122 0.998351932
1341845824.298080 -0.121165216 -0.026018886 0.007456112 0.024264846 0.043036222 0.008364324 0.998743773
1341845824.333783 -0.118045434 -0.028101223 0.008916451 0.026136188 0.037758924 0.007346322 0.998917997
1341845824.365821 -0.119724199 -0.025558526 0.009527332 0.029385071 0.038608078 0.006679305 0.998799920
1341845824.398039 -0.124204367 -0.024554072 0.008909864 0.028917277 0.039015733 0.006025988 0.998801887
1341845824.433843 -0.127196401 -0.027561001 0.007939038 0.027795227 0.035921410 0.005854832 0.998950899
1341845824.465921 -0.127612188 -0.027735017 0.008579107 0.028994860 0.031753965 0.009632956 0.999028623
1341845824.501802 -0.130499050 -0.025350412 0.009848751 0.029751880 0.030039823 0.014773565 0.998996615
1341845824.533723 -0.133880913 -0.024634080 0.010402479 0.028025934 0.028184352 0.019110139 0.999027014
1341845824.565735 -0.136539206 -0.025319099 0.011093328 0.025839524 0.025874175 0.022018723 0.999088645
1341845824.601758 -0.137471616 -0.027094729 0.010742126 0.024972634 0.023858193 0.025664171 0.999073803
1341845824.633861 -0.138707250 -0.025547581 0.010352449 0.024953373 0.022003865 0.029563619 0.999009073
1341845824.665789 -0.141860515 -0.026580082 0.011064687 0.024359969 0.020710278 0.032641631 0.998955548
1341845824.701769 -0.145510852 -0.027402654 0.011979303 0.024765434 0.018620547 0.034688167 0.998917758
1341845824.733585 -0.146495134 -0.027298000 0.010772601 0.026019743 0.016048772 0.036468145 0.998867095
1341845824.769643 -0.147578597 -0.022065774 0.009247441 0.026307063 0.014616288 0.038493384 0.998805583
1341845824.801632 -0.149722949 -0.025752028 0.009566637 0.021304822 0.012011915 0.037579887 0.998994291
1341845824.833654 -0.149541691 -0.030935895 0.010453620 0.021128736 0.008910507 0.036624789 0.999065936
1341845824.869926 -0.154428050 -0.028354505 0.012454301 0.025717888 0.009725147 0.037950136 0.998901308
1341845824.902071 -0.158450827 -0.024975115 0.011268025 0.026021853 0.009956924 0.037549466 0.998906255
1341845824.933752 -0.158332899 -0.028787702 0.012097377 0.025050115 0.009292451 0.034650821 0.999042273
1341845824.969855 -0.157946363 -0.025677031 0.010542872 0.026330147 0.010551487 0.032926578 0.999055207
1341845825.001907 -0.155630305 -0.027104435 0.008234000 0.024270328 0.012386324 0.033185408 0.999077678
1341845825.037975 -0.159912482 -0.028791299 0.010686952 0.023414781 0.016434528 0.031487972 0.999094665
1341845825.075793 -0.161906928 -0.033764545 0.009294541 0.024608627 0.013566759 0.032534536 0.999075472
1341845825.107881 -0.161881581 -0.034913480 0.008686178 0.029938715 0.012805275 0.035012837 0.998856246
1341845825.143675 -0.162179172 -0.031084664 0.007510173 0.034360405 0.014534645 0.033749253 0.998733759
1341845825.175707 -0.165234849 -0.032376088 0.006981483 0.034539368 0.016543219 0.030455682 0.998802185
1341845825.211865 -0.166520044 -0.032678880 0.007397218 0.035674695 0.017046114 0.029899741 0.998770595
1341845825.243814 -0.150172740 -0.033523917 0.001942801 0.037346967 0.012041870 0.030436510 0.998766124
1341845825.275795 -0.153912917 -0.030653268 0.002789541 0.040993910 0.014297714 0.031090656 0.998573184
1341845825.311665 -0.158981904 -0.031275932 0.002569083 0.041231155 0.013985678 0.031738270 0.998547494
1341845825.343650 -0.159319684 -0.028258581 0.001844665 0.042209946 0.011987600 0.033129953 0.998487353
1341845825.379771 -0.161487281 -0.030225238 0.003241208 0.039276697 0.012319542 0.034225918 0.998566031
1341845825.411924 -0.163772434 -0.030041065 0.002133619 0.040087674 0.011225277 0.035411105 0.998505414
1341845825.443786 -0.167471081 -0.024850311 -0.000759960 0.038624883 0.009665010 0.035903826 0.998561800
1341845825.480278 -0.170596808 -0.029481733 0.001029591 0.033389695 0.006146532 0.039055750 0.998660088
1341845825.511636 -0.171040878 -0.027821824 0.002976012 0.032614212 0.002457316 0.040618524 0.998639286
1341845825.547911 -0.190542296 -0.030342871 0.011079501 0.029241057 0.009623235 0.042928852 0.998603761
1341845825.579744 -0.190038264 -0.033092018 0.010777933 0.027569480 0.007964494 0.046455931 0.998508096
1341845825.611784 -0.192589745 -0.033169117 0.012030553 0.029375367 0.007233143 0.050076012 0.998287141
1341845825.648004 -0.189645544 -0.031118015 0.013474489 0.031019421 0.005999949 0.048266813 0.998334646
1341845825.679708 -0.192986935 -0.033045031 0.012842719 0.032015301 0.008929723 0.047847785 0.998301506
1341845825.711937 -0.194637865 -0.031720910 0.006286698 0.032882515 0.003415949 0.047458902 0.998325944
1341845825.747617 -0.193428814 -0.029622149 0.005327541 0.032069679 0.000151259 0.044908367 0.998476207
1341845825.779688 -0.201756284 -0.030034613 0.012825007 0.029119201 0.003630520 0.043860819 0.998606563
1341845825.815954 -0.202323586 -0.029684542 0.014147401 0.026631916 0.000871234 0.040417884 0.998827517
1341845825.847829 -0.205533624 -0.030298330 0.013620927 0.024705408 0.000662494 0.037940163 0.998974323
1341845825.879767 -0.206437618 -0.032437615 0.013015209 0.023435637 -0.002292096 0.039112777 0.998957276
1341845825.915646 -0.206930712 -0.029755393 0.014545864 0.024360921 -0.003549589 0.039782777 0.998905003
1341845825.947881 -0.208150238 -0.029968299 0.013452060 0.023635730 -0.003408727 0.040674023 0.998887062
1341845825.979700 -0.209787786 -0.031122111 0.012878749 0.022840323 -0.004695566 0.043671981 0.998773754
1341845826.015845 -0.210967541 -0.030045113 0.012424691 0.023036230 -0.005660721 0.045271542 0.998693049
1341845826.047945 -0.210710987 -0.032255348 0.013915216 0.022053817 -0.006214328 0.044880878 0.998729527
1341845826.079731 -0.214375824 -0.031001693 0.013706524 0.023666337 -0.006140304 0.046764087 0.998606682
1341845826.115655 -0.213309944 -0.031586934 0.014013123 0.023401583 -0.008752791 0.047975142 0.998535991
1341845826.147949 -0.212355539 -0.030416330 0.012682715 0.024147658 -0.008423804 0.043287624 0.998735249
1341845826.183767 -0.210977852 -0.029507846 0.009210526 0.023093933 -0.012015280 0.037546132 0.998955727
1341845826.215780 -0.211692855 -0.029513557 0.008360121 0.021683738 -0.013263802 0.036797788 0.998999417
1341845826.247732 -0.213482633 -0.029761225 0.007950007 0.021424379 -0.013673508 0.041229699 0.998826385
1341845826.283763 -0.215203449 -0.030871708 0.007869662 0.020201730 -0.015802033 0.046210129 0.998602390
1341845826.315658 -0.214086920 -0.030571966 0.009066590 0.020078687 -0.019461449 0.048099138 0.998451054
1341845826.347773 -0.215564460 -0.029808635 0.008276542 0.019428136 -0.020780552 0.048165172 0.998434186
1341845826.383718 -0.216661170 -0.031816956 0.008530698 0.017605731 -0.023325492 0.049017303 0.998370290
1341845826.415712 -0.220259503 -0.032644410 0.010186602 0.017809583 -0.025211381 0.050653260 0.998239160
1341845826.447806 -0.216817051 -0.033316329 0.009057895 0.018359499 -0.028109509 0.050133083 0.998178065
1341845826.483677 -0.219408929 -0.031385005 0.009631794 0.018963553 -0.028524935 0.050346781 0.998144209
1341845826.515677 -0.221613258 -0.032050867 0.008974696 0.018445786 -0.029200425 0.053352594 0.997978270
1341845826.551684 -0.219130546 -0.030455209 0.007714642 0.017794343 -0.030360550 0.052282389 0.998012125
1341845826.583716 -0.221506491 -0.031994440 0.008651040 0.015666781 -0.028878147 0.049932033 0.998212099
1341845826.615875 -0.202206805 -0.030935766 0.000023278 0.014308972 -0.039569836 0.051862292 0.997767389
1341845826.651722 -0.200160548 -0.030193867 -0.001345615 0.014634280 -0.040830486 0.055246264 0.997530222
1341845826.683753 -0.201027825 -0.027529836 -0.002653803 0.012657701 -0.040896162 0.054007325 0.997622430
1341845826.715643 -0.200756580 -0.027470345 -0.002285052 0.008438220 -0.042052638 0.049799785 0.997837842
1341845826.751884 -0.202494472 -0.026106801 -0.001878118 0.005469990 -0.040988818 0.051459279 0.997818589
1341845826.783713 -0.202208161 -0.025754733 0.000228039 0.002290396 -0.042532135 0.053812798 0.997642219
1341845826.819713 -0.220493257 -0.024576049 0.004893818 -0.000830808 -0.033289861 0.051665649 0.998109102
1341845826.851701 -0.202021539 -0.023554012 0.001437236 -0.005882060 -0.037595242 0.050086040 0.998019695
1341845826.884460 -0.203125685 -0.024454758 0.002175888 -0.007464584 -0.038937274 0.055982836 0.997644246
1341845826.919662 -0.197023794 -0.021832990 -0.002022212 -0.009153855 -0.039680142 0.056150626 0.997591496
1341845826.945792 -0.198681280 -0.019430257 0.000880136 -0.017482148 -0.032914672 0.047956470 0.998153865
1341845826.981873 -0.204644188 -0.021766845 0.005163495 -0.021654986 -0.032493133 0.051058281 0.997932017
1341845827.013745 -0.221183434 -0.019906370 0.012147193 -0.021662183 -0.026716687 0.060899597 0.997551084
1341845827.045694 -0.218135431 -0.013739424 0.004488406 -0.025302891 -0.023222482 0.062197000 0.997472823
1341845827.082458 -0.201574296 -0.015646562 0.003023908 -0.035622239 -0.026116638 0.053935487 0.997566998
1341845827.113645 -0.201662615 -0.020277936 0.007411139 -0.037634298 -0.028988119 0.058139220 0.997177601
1341845827.145773 -0.197216943 -0.014107866 0.004065573 -0.036567718 -0.029269325 0.058740366 0.997173846
1341845827.182474 -0.198679760 -0.015623966 0.007180989 -0.041902363 -0.025090791 0.052696642 0.997415543
1341845827.213974 -0.199476570 -0.020244429 0.010265562 -0.042830519 -0.024929095 0.052157164 0.997408509
1341845827.251751 -0.196861565 -0.017395202 0.008270994 -0.038607717 -0.025600893 0.056721214 0.997314751
1341845827.282532 -0.192429394 -0.006621753 0.004417929 -0.039148908 -0.023738215 0.055027429 0.997434616
1341845827.313888 -0.219067544 -0.018689219 0.018440388 -0.047940947 -0.010178725 0.055533301 0.997253299
1341845827.349700 -0.197962001 -0.019788366 0.009340078 -0.043702468 -0.020913655 0.060375847 0.996999204
1341845827.381963 -0.195028380 -0.015189630 0.009706071 -0.042061340 -0.021530302 0.059815720 0.997090459
1341845827.413850 -0.206415489 -0.016797759 0.012845891 -0.043595247 -0.016094806 0.054775618 0.997416675
1341845827.449725 -0.207740486 -0.019190229 0.014265640 -0.043074373 -0.015527115 0.052606296 0.997565091
1341845827.488394 -0.206620246 -0.020032454 0.013630236 -0.040242750 -0.017951505 0.055048503 0.997510910
1341845827.555964 -0.204763040 -0.017767487 0.013971626 -0.037564859 -0.016296554 0.052325383 0.997790277
1341845827.583227 -0.203747153 -0.019914845 0.014776423 -0.037375063 -0.017121816 0.053127136 0.997741163
1341845827.623688 -0.202561051 -0.019480631 0.014831886 -0.034450009 -0.017291309 0.056042884 0.997684062
1341845827.656212 -0.208244592 -0.014902107 0.014562367 -0.033690203 -0.011703835 0.054882444 0.997855663
1341845827.687624 -0.205833554 -0.016318087 0.017637243 -0.038313270 -0.009624420 0.047490764 0.998090208
1341845827.723697 -0.205692485 -0.021048259 0.019071968 -0.038644705 -0.007429650 0.049285691 0.998009145
1341845827.755778 -0.205326468 -0.018619886 0.018220859 -0.035976447 -0.006507584 0.053211097 0.997913778
1341845827.791657 -0.202130198 -0.018512035 0.016088275 -0.035966653 -0.004247087 0.052162811 0.997981668
1341845827.823845 -0.202043563 -0.019332239 0.018828619 -0.036593273 -0.000302362 0.050840903 0.998036087
1341845827.855606 -0.205093533 -0.022795439 0.019600840 -0.035578050 0.001637226 0.054355040 0.997886300
1341845827.891685 -0.196293205 -0.021226048 0.018083459 -0.032382570 0.002414574 0.055521861 0.997929275
1341845827.923824 -0.196446463 -0.018954793 0.019263873 -0.031021005 0.006801452 0.054182917 0.998025894
1341845827.959777 -0.196262658 -0.020072434 0.021302762 -0.031231608 0.009850849 0.054639030 0.997969031
1341845827.991672 -0.192551821 -0.018555287 0.020998158 -0.029270492 0.011364452 0.056542687 0.997906327
1341845828.023726 -0.190027833 -0.016790593 0.019816549 -0.030137617 0.014951841 0.055960059 0.997866094
1341845828.059622 -0.189501658 -0.018184345 0.021061504 -0.031496566 0.018595962 0.055794254 0.997772098
1341845828.091720 -0.188165531 -0.018124660 0.022058237 -0.031272538 0.020577217 0.056439642 0.997703969
1341845828.127612 -0.186488852 -0.016586890 0.022486407 -0.031079369 0.021857386 0.057210010 0.997638881
1341845828.159638 -0.183355138 -0.016683307 0.022985231 -0.032367691 0.023429293 0.057267934 0.997558892
1341845828.191711 -0.182179794 -0.018169278 0.024291782 -0.032714047 0.025830748 0.055053927 0.997612953
1341845828.227644 -0.164192915 -0.017288832 0.017753920 -0.031628773 0.020858826 0.054610077 0.997788668
1341845828.259785 -0.162880018 -0.016825287 0.018845230 -0.031203551 0.023433127 0.057522409 0.997581303
1341845828.291687 -0.161309287 -0.017432703 0.018721590 -0.029999005 0.024798481 0.059655696 0.997459948
1341845828.327803 -0.159301177 -0.015159676 0.018142402 -0.028603831 0.026398879 0.059355304 0.997477770
1341845828.359694 -0.157354638 -0.014834286 0.019020703 -0.029642532 0.027853081 0.059296221 0.997411370
1341845828.395928 -0.155087516 -0.015755365 0.019526819 -0.029738883 0.030141750 0.060193777 0.997288227
1341845828.427803 -0.154843003 -0.014874958 0.019684346 -0.029362125 0.031917941 0.060623504 0.997218072
1341845828.459660 -0.151779577 -0.016196609 0.019869495 -0.029592814 0.032668706 0.060757414 0.997178793
1341845828.495761 -0.149872109 -0.014866063 0.018606853 -0.028299483 0.034648243 0.062376887 0.997049510
1341845828.527686 -0.149273291 -0.012207714 0.019074852 -0.029491054 0.036274236 0.061449569 0.997014761
1341845828.595750 -0.144879505 -0.014002168 0.020389795 -0.030385120 0.038164370 0.060833253 0.996955156
1341845828.621731 -0.142766595 -0.012065548 0.019202532 -0.030862592 0.039331596 0.061328944 0.996864736
1341845828.654055 -0.141945720 -0.013850533 0.020746157 -0.032457564 0.041572243 0.061218001 0.996729970
1341845828.689681 -0.141479820 -0.013488824 0.019899720 -0.031114398 0.043046042 0.061790038 0.996674955
1341845828.721870 -0.140466392 -0.012378245 0.019390311 -0.031469800 0.043158453 0.062473871 0.996616244
1341845828.757706 -0.137743384 -0.012632649 0.019780710 -0.032042723 0.043567274 0.064132594 0.996474862
1341845828.789650 -0.138188586 -0.012588255 0.019807985 -0.031283233 0.044067539 0.067356244 0.996264279
1341845828.821914 -0.136730596 -0.010827244 0.019635499 -0.030513223 0.042813674 0.068954416 0.996233523
1341845828.857781 -0.134654745 -0.010835119 0.020755326 -0.031489208 0.042160708 0.070104688 0.996150672
1341845828.889770 -0.133140340 -0.011460268 0.020822095 -0.031787433 0.041947778 0.071113743 0.996078730
1341845828.931671 -0.132333651 -0.010951974 0.020103844 -0.031592276 0.040847737 0.070728801 0.996158004
1341845828.957606 -0.130268708 -0.011388442 0.020924807 -0.031241933 0.038687572 0.070164822 0.996295214
1341845828.989696 -0.127970308 -0.011341042 0.019859541 -0.029785564 0.037421305 0.069729075 0.996418774
1341845829.025626 -0.126109079 -0.009069019 0.018326694 -0.029083278 0.036077477 0.068245940 0.996591747
1341845829.063840 -0.121854685 -0.009488886 0.018739525 -0.030168323 0.035193656 0.066708818 0.996695161
1341845829.089737 -0.120761432 -0.008878749 0.018184040 -0.030054256 0.035792567 0.066851698 0.996667683
1341845829.125754 -0.118256964 -0.009969824 0.017083591 -0.030905183 0.035157453 0.067043126 0.996651411
1341845829.158048 -0.113495752 -0.009829122 0.017361142 -0.030330999 0.035576440 0.066364884 0.996699572
1341845829.193669 -0.112917356 -0.010872131 0.017821169 -0.028753627 0.037461292 0.068251580 0.996549845
1341845829.225742 -0.110528432 -0.011146727 0.017283408 -0.025134668 0.036986716 0.070650220 0.996498287
1341845829.257763 -0.108537912 -0.010929975 0.016677050 -0.022469610 0.036142800 0.070906699 0.996574640
1341845829.293851 -0.105880074 -0.010613374 0.015135543 -0.020097209 0.035303313 0.069541760 0.996751547
1341845829.325861 -0.107878819 -0.010754696 0.016751066 -0.017834531 0.035714325 0.068589412 0.996846020
1341845829.357901 -0.106012687 -0.010634118 0.016068995 -0.014536114 0.032728970 0.068404078 0.997014761
1341845829.393704 -0.102306515 -0.009299712 0.015748864 -0.012488242 0.030860635 0.066705860 0.997217119
1341845829.425831 -0.101491489 -0.008401167 0.013562818 -0.012378410 0.029731261 0.064262971 0.997413218
1341845829.461720 -0.098958656 -0.011805287 0.014991717 -0.013314219 0.027528020 0.064652406 0.997439206
1341845829.493662 -0.096825965 -0.011393501 0.014238884 -0.007311398 0.025023347 0.067816518 0.997357130
1341845829.525846 -0.103807770 -0.007385759 0.014486008 -0.005139344 0.026346104 0.066807151 0.997404754
1341845829.561864 -0.100265525 -0.005521061 0.015008233 -0.007509123 0.026059322 0.064048029 0.997578263
1341845829.593763 -0.097110175 -0.010259343 0.014917473 -0.010031654 0.025686413 0.063331068 0.997611523
1341845829.625785 -0.097351037 -0.011611868 0.014539754 -0.005049232 0.024686014 0.065564334 0.997530162
1341845829.661787 -0.094305120 -0.006641963 0.013779953 -0.001409110 0.021896813 0.065621413 0.997603297
1341845829.693835 -0.088385358 -0.002206023 0.010925091 -0.003306783 0.022152506 0.061626185 0.997847974
1341845829.729747 -0.090046376 -0.007899280 0.013728603 -0.007565361 0.024525022 0.057520982 0.998014331
1341845829.761817 -0.095526472 -0.011424772 0.014279115 -0.004502731 0.021740818 0.056356799 0.998163760
1341845829.793840 -0.086974606 -0.007584386 0.014025945 -0.000514708 0.014734745 0.056710433 0.998281777
1341845829.829803 -0.082843855 -0.005240573 0.013737910 0.000581395 0.014926169 0.052892730 0.998488486
1341845829.861640 -0.087182105 -0.005711683 0.013426704 -0.000814781 0.014342918 0.051340129 0.998577893
1341845829.897840 -0.081683263 -0.010777910 0.013433561 -0.000614277 0.007233350 0.053927314 0.998518467
1341845829.929703 -0.075540707 -0.005551751 0.013531019 0.004240745 0.006471381 0.055071011 0.998452485
1341845829.962023 -0.078581847 -0.004719259 0.012332970 0.002639816 0.008893642 0.055063177 0.998439789
1341845829.997954 -0.077263653 -0.011981549 0.012166272 0.002780812 0.005060839 0.056713294 0.998373806
1341845830.029819 -0.069618471 -0.008656994 0.011232153 0.010284612 0.002683610 0.057464637 0.998290956
1341845830.061836 -0.070534743 -0.002823002 0.008512961 0.012057688 0.004843034 0.057852391 0.998240590
1341845830.097885 -0.067677870 -0.007714462 0.011916674 0.008747623 0.005142568 0.057445150 0.998297095
1341845830.129668 -0.067030862 -0.011865878 0.010789381 0.013156285 0.005659597 0.058488574 0.998185337
1341845830.165590 -0.069377854 -0.005171629 0.008874282 0.018226957 0.004828005 0.061148345 0.997950554
1341845830.197779 -0.065158509 -0.007629471 0.010957174 0.016146433 -0.001322750 0.065661222 0.997710466
1341845830.229883 -0.057757895 -0.005305443 0.010127624 0.019063300 -0.002228926 0.066368327 0.997610569
1341845830.265730 -0.061280880 -0.002881542 0.009654261 0.018117273 -0.000126375 0.066438816 0.997626007
1341845830.297873 -0.059166469 -0.007476196 0.010682530 0.016775969 -0.003504002 0.069917530 0.997405589
1341845830.329863 -0.053212702 -0.004937180 0.010561726 0.020328743 -0.005866890 0.071928285 0.997185409
1341845830.365740 -0.053886767 -0.002281892 0.009179044 0.020698952 -0.005369403 0.071528994 0.997209251
1341845830.397779 -0.050333988 -0.003646198 0.010131272 0.019139500 -0.008295058 0.070775114 0.997274160
1341845830.433725 -0.044284239 -0.003350789 0.011725157 0.019846739 -0.008605459 0.067570597 0.997479975
1341845830.465762 -0.044508904 -0.003521359 0.009707260 0.020523876 -0.007307299 0.066747949 0.997532010
1341845830.507859 -0.041549049 -0.005793672 0.010448300 0.021148507 -0.010184979 0.068208724 0.997394860
1341845830.534080 -0.032417934 -0.003055430 0.010259692 0.024237866 -0.011100349 0.068164647 0.997317851
1341845830.565943 -0.032821424 -0.000552920 0.010024008 0.023945620 -0.005955386 0.066936739 0.997452021
1341845830.597841 -0.033084121 -0.003509352 0.009443637 0.022397999 -0.006453291 0.068904869 0.997350872
1341845830.633627 -0.024746347 -0.003184891 0.010903898 0.024358194 -0.008651141 0.069822870 0.997224450
1341845830.665700 -0.023736550 -0.000467710 0.007487247 0.025385706 -0.006079737 0.069113106 0.997267246
1341845830.701788 -0.020565577 -0.000080364 0.008111443 0.024314953 -0.005878018 0.067890421 0.997379124
1341845830.733901 -0.016487340 0.001864964 0.007151176 0.023340907 -0.004327679 0.064070486 0.997662961
1341845830.765759 -0.015100745 0.001197000 0.007155633 0.020980587 -0.002160118 0.060358737 0.997953892
1341845830.801839 -0.010221480 -0.001636669 0.008057301 0.019439451 -0.000461614 0.058284961 0.998110592
1341845830.833774 -0.010476718 -0.002000816 0.007685437 0.020941617 0.002482870 0.057252415 0.998136997
1341845830.865751 -0.008150560 0.001762765 0.007205315 0.022578180 0.002925292 0.056247897 0.998157203
1341845830.901883 -0.003511916 0.000817843 0.007026151 0.020580078 0.004772950 0.052831333 0.998379946
1341845830.933811 -0.005303650 -0.002029687 0.006229705 0.020666784 0.007442687 0.051430348 0.998434961
1341845830.969705 -0.004100291 0.000758314 0.005573980 0.022601413 0.006764312 0.051206779 0.998409390
1341845831.001855 -0.000801215 0.002299163 0.005302889 0.021476639 0.005960158 0.048593834 0.998569906
1341845831.033886 0.002266070 0.000877332 0.006425940 0.019957492 0.006691991 0.045457534 0.998744488
1341845831.069727 0.002653371 -0.000384415 0.006572506 0.020227436 0.008022890 0.044281911 0.998782039
1341845831.101853 0.004942310 0.001221788 0.005107587 0.021261143 0.007816303 0.044686619 0.998744190
1341845831.137817 0.011363120 0.002719188 0.004361517 0.020311808 0.007971292 0.043951161 0.998795390
1341845831.169942 0.008790972 0.001114310 0.006420858 0.018957052 0.010973345 0.042142764 0.998871446
1341845831.201715 0.011606611 -0.002832765 0.005149074 0.019559065 0.009786610 0.043643754 0.998807728
1341845831.237723 0.014758344 0.001195930 0.003623581 0.022970816 0.009321349 0.044924282 0.998682737
1341845831.269903 0.014960518 0.002142943 0.002472416 0.022561936 0.009590316 0.044512916 0.998707950
1341845831.301755 0.014541187 0.000999544 0.002568015 0.021731256 0.007122420 0.044378120 0.998753011
1341845831.337779 0.018479334 -0.000815926 0.003564210 0.022174291 0.002358889 0.043792896 0.998791754
1341845831.369742 0.021246312 0.000660310 0.000772095 0.023561785 -0.000872590 0.043447144 0.998777449
1341845831.405710 0.027866427 0.003116788 0.002079945 0.022904910 -0.003000531 0.041446030 0.998873651
1341845831.437646 0.029588729 0.000893258 0.003659719 0.020770591 -0.000923493 0.038589057 0.999038815
1341845831.469752 0.029773682 -0.001610473 0.002330707 0.020879444 -0.000513506 0.039239731 0.999011517
1341845831.505745 0.033148266 0.001105513 -0.000206221 0.022423835 -0.001919934 0.039194155 0.998978138
1341845831.537844 0.038220245 0.004747374 0.001118159 0.020410117 0.000143416 0.035559390 0.999159098
1341845831.569610 0.038552359 0.001279319 0.002686308 0.016207200 0.002819685 0.033653378 0.999298155
1341845831.605848 0.040600054 -0.000283625 0.001842579 0.015675224 0.002750661 0.034471612 0.999278963
1341845831.637789 0.044279452 0.003649463 0.001737887 0.015164760 0.003154592 0.034319025 0.999290884
1341845831.673597 0.049552366 0.004618011 -0.000233135 0.009797309 0.005342348 0.032899816 0.999396324
1341845831.705652 0.050433863 0.001134240 0.004507072 0.006002304 0.009951948 0.033472426 0.999372065
1341845831.737705 0.049813386 0.000912964 0.001770938 0.006035402 0.013507972 0.038190830 0.999160945
1341845831.773629 0.052513018 0.003558792 0.000312368 0.006241820 0.014361868 0.041334461 0.999022663
1341845831.805810 0.056220841 0.005892080 0.002688718 0.004355737 0.015517533 0.041548133 0.999006510
1341845831.837719 0.055623706 0.004682333 0.001522558 0.001095987 0.017284894 0.042319793 0.998953998
1341845831.873791 0.059596762 0.005317119 0.002618992 0.000330737 0.015745340 0.044049792 0.998905182
1341845831.905728 0.064133763 0.008905682 0.003185613 -0.001323550 0.016826550 0.042976096 0.998933494
1341845831.941628 0.065622911 0.005638026 0.002861110 -0.004307740 0.018608347 0.041789692 0.998943865
1341845831.973784 0.069715902 0.006544409 0.003416361 -0.004433737 0.019632952 0.041540060 0.998934090
1341845832.005729 0.070169553 0.007268333 0.003133895 -0.004081169 0.022725493 0.040288534 0.998921275
1341845832.041627 0.073695987 0.008711272 0.001145213 -0.004791161 0.025044717 0.038894694 0.998917937
1341845832.073865 0.076064162 0.008557996 0.003422275 -0.006318529 0.026937282 0.036795966 0.998939693
1341845832.109730 0.075621128 0.005690032 0.003801314 -0.006592919 0.027153529 0.037089445 0.998921216
1341845832.141683 0.081522800 0.007641208 0.002568465 -0.004360553 0.025149666 0.038256396 0.998941898
1341845832.173988 0.082956381 0.010909845 0.001677870 -0.004516308 0.027328150 0.036202390 0.998960555
1341845832.209956 0.082405373 0.007968577 0.001181744 -0.006090441 0.026235363 0.036260929 0.998979390
1341845832.241796 0.085914865 0.009699724 0.000831557 -0.004970761 0.023936145 0.037784215 0.998986840
1341845832.273776 0.085360467 0.012234181 -0.001207995 -0.005681972 0.025770428 0.035832018 0.999009371
1341845832.309916 0.085100010 0.013765397 -0.001764980 -0.008620630 0.027519487 0.035395768 0.998957217
1341845832.341687 0.091178305 0.012370662 0.001284199 -0.010598033 0.023979558 0.036801338 0.998978615
1341845832.377708 0.093520671 0.014553944 0.001851354 -0.010991536 0.022781735 0.037522510 0.998975575
1341845832.409802 0.095071860 0.015141910 0.001828436 -0.013136244 0.022059163 0.038353413 0.998934329
1341845832.442187 0.097126745 0.015251846 0.002383574 -0.014431708 0.021078957 0.039024428 0.998911619
1341845832.477743 0.096049488 0.015896499 -0.000333610 -0.015213726 0.021967702 0.039059084 0.998879552
1341845832.509635 0.097821958 0.016342174 0.000831348 -0.016337525 0.021855278 0.040060665 0.998824596
1341845832.541586 0.101320326 0.017164551 -0.000897781 -0.017159861 0.022080258 0.040763110 0.998777449
1341845832.577871 0.101677060 0.016995104 0.000274610 -0.017711349 0.022575682 0.041910186 0.998709261
1341845832.609738 0.104522429 0.018347999 -0.000545454 -0.017574647 0.021594103 0.043158993 0.998680174
1341845832.645699 0.105873466 0.019959666 -0.001317314 -0.017746449 0.022343066 0.042459551 0.998690665
1341845832.677817 0.106622219 0.020736028 -0.002085544 -0.020004703 0.022580536 0.042106342 0.998657584
1341845832.710177 0.108466499 0.019305144 -0.000071384 -0.021706734 0.023152232 0.042373326 0.998597622
1341845832.745710 0.110563666 0.021056332 0.000169319 -0.021349939 0.024081895 0.044087287 0.998509109
1341845832.777849 0.112192214 0.021951931 -0.000773221 -0.021987323 0.025416709 0.046048682 0.998373687
1341845832.810110 0.113844246 0.022772742 0.000150283 -0.022977950 0.026621502 0.047521763 0.998250961
1341845832.845797 0.116311245 0.023847792 -0.000378312 -0.024383338 0.028283028 0.047508005 0.998172581
1341845832.877696 0.117702402 0.022616751 -0.000380911 -0.025510915 0.029637922 0.048688527 0.998048186
1341845832.913787 0.119262993 0.024339870 -0.001254775 -0.024617059 0.029866405 0.049850930 0.998006463
1341845832.945664 0.125891820 0.025969379 -0.000701274 -0.025609041 0.029616985 0.048442021 0.998058319
1341845832.978015 0.112302199 0.022176579 -0.001862428 -0.027408455 0.034949061 0.049279921 0.997797012
1341845833.013959 0.115022004 0.024078261 -0.002012329 -0.026593003 0.033944465 0.050395664 0.997798026
1341845833.045857 0.118392900 0.025101930 -0.003467504 -0.028031822 0.034638852 0.049883552 0.997760475
1341845833.077785 0.120807439 0.024852527 -0.003601516 -0.029747840 0.035978973 0.049338344 0.997690499
1341845833.113636 0.123626791 0.023572270 -0.002334481 -0.030109812 0.037344810 0.049109142 0.997640729
1341845833.145767 0.125447258 0.026310541 -0.005066400 -0.029535327 0.039009009 0.049411654 0.997579277
1341845833.181891 0.129931763 0.027678652 -0.004490241 -0.033057105 0.040600125 0.047481570 0.997499049
1341845833.213878 0.129648343 0.025108574 -0.004690729 -0.035214249 0.042938501 0.047137897 0.997343600
1341845833.245714 0.130138859 0.023228940 -0.005331650 -0.033936609 0.041193690 0.048954915 0.997373998
1341845833.281847 0.137278438 0.023263507 -0.002749387 -0.030668393 0.040096570 0.050816081 0.997431397
1341845833.313771 0.138678268 0.027038425 -0.007964307 -0.027645865 0.043146111 0.051608637 0.997351825
1341845833.349756 0.140854046 0.028033171 -0.007071743 -0.028847123 0.043900128 0.052470364 0.997239947
1341845833.381840 0.145421430 0.026848007 -0.007180868 -0.029574245 0.045495093 0.052076604 0.997167766
1341845833.414644 0.145552531 0.028152734 -0.008647783 -0.029915202 0.049165498 0.051070947 0.997035384
1341845833.449819 0.145246074 0.025725482 -0.008118717 -0.031521492 0.048879568 0.052733589 0.996913433
1341845833.488616 0.151172757 0.025876733 -0.007806792 -0.030283552 0.047382884 0.051990334 0.997063100
1341845833.513810 0.150138482 0.027966058 -0.011820711 -0.030934835 0.049954206 0.050324671 0.997003019
1341845833.549835 0.147380248 0.023921095 -0.009969289 -0.034322698 0.049947165 0.051303718 0.996842563
1341845833.581733 0.151064172 0.023069641 -0.009696626 -0.031538203 0.047586150 0.052191984 0.997003973
1341845833.617817 0.151139244 0.026718926 -0.011897225 -0.030173957 0.047082089 0.053569328 0.996997058
1341845833.649899 0.151995659 0.026179036 -0.011810858 -0.032924052 0.045873769 0.052582301 0.997018933
1341845833.681671 0.153999001 0.024352837 -0.008480019 -0.032888185 0.045661196 0.051917877 0.997064650
1341845833.717606 0.150891751 0.026244011 -0.010611007 -0.031021908 0.044968702 0.054527137 0.997016668
1341845833.752940 0.154206783 0.028110297 -0.011588924 -0.032796670 0.041843932 0.053980123 0.997125685
1341845833.783771 0.156319231 0.027472321 -0.009584484 -0.035130057 0.042563234 0.052305724 0.997105002
1341845833.817827 0.153557822 0.026915444 -0.008655065 -0.036227081 0.043187298 0.052354567 0.997036338
1341845833.849860 0.156577930 0.025901427 -0.007758130 -0.036415827 0.040559400 0.053340789 0.997087538
1341845833.885667 0.158780560 0.027509391 -0.010503639 -0.035216596 0.041715123 0.052571215 0.997123778
1341845833.917724 0.156575769 0.028132619 -0.010115176 -0.037200358 0.043307718 0.051522251 0.997038603
1341845833.949675 0.157267272 0.024987319 -0.006637501 -0.037738077 0.042214487 0.051978081 0.997041643
1341845833.985662 0.158849433 0.026999280 -0.011124441 -0.035205100 0.043381296 0.051563714 0.997105718
1341845834.018158 0.156162500 0.029293930 -0.010899184 -0.036756828 0.045049198 0.050029431 0.997053921
1341845834.049769 0.154978484 0.026102342 -0.008756496 -0.039085343 0.043835547 0.048574317 0.997091413
1341845834.085753 0.156163588 0.027263125 -0.009254495 -0.038318519 0.043334834 0.047296539 0.997204483
1341845834.117837 0.154723018 0.026855361 -0.009714266 -0.039802581 0.044981189 0.045539137 0.997155249
1341845834.153871 0.153986245 0.027009886 -0.007703005 -0.040428396 0.045382559 0.045536004 0.997112036
1341845834.185736 0.151907504 0.026191818 -0.009325772 -0.041508224 0.046540488 0.044153411 0.997076511
1341845834.217802 0.148471937 0.026546080 -0.009462028 -0.042206328 0.047915082 0.042557556 0.997051477
1341845834.253824 0.145245641 0.029513614 -0.011374481 -0.044508066 0.046780437 0.041349120 0.997056127
1341845834.285756 0.144088924 0.024767362 -0.007484975 -0.048933461 0.044753682 0.039021742 0.997035563
1341845834.321783 0.143108830 0.022821501 -0.004909439 -0.047040544 0.044537541 0.039287571 0.997125924
1341845834.355135 0.141109154 0.021478232 -0.006678861 -0.041752219 0.045312714 0.042896796 0.997177720
1341845834.385801 0.139139667 0.024353698 -0.009345300 -0.037941698 0.046025679 0.043554939 0.997268796
1341845834.421748 0.135861605 0.024398854 -0.010034671 -0.038425587 0.047576308 0.042040635 0.997242451
1341845834.453840 0.131549388 0.023833079 -0.008999469 -0.039265025 0.047084738 0.040487446 0.997297406
1341845834.485639 0.129878268 0.022218933 -0.008333514 -0.039805412 0.045451447 0.038193870 0.997442186
1341845834.521785 0.128135949 0.023271851 -0.008306835 -0.038673207 0.045371298 0.037213225 0.997527480
1341845834.553727 0.125943556 0.024254100 -0.007445916 -0.038916904 0.045543581 0.036781088 0.997526169
1341845834.589787 0.121150881 0.021894028 -0.004264111 -0.039626904 0.044102166 0.037103560 0.997551024
1341845834.621791 0.120813668 0.022184135 -0.007919633 -0.037919998 0.041291863 0.037424855 0.997725606
1341845834.653808 0.119053662 0.024393266 -0.010336415 -0.039380852 0.041746121 0.034577500 0.997752905
1341845834.689847 0.113410823 0.022557981 -0.006586655 -0.043078091 0.042389587 0.031340726 0.997679889
1341845834.721856 0.108615763 0.019430785 -0.004180443 -0.044200823 0.040038198 0.031412590 0.997725666
1341845834.753919 0.108411983 0.017969368 -0.006676591 -0.041645017 0.037426610 0.032045748 0.997916818
1341845834.789834 0.107189946 0.020841394 -0.006824487 -0.039715912 0.037801150 0.031013509 0.998013973
1341845834.821826 0.100977860 0.019884884 -0.005390503 -0.041180775 0.038373742 0.031676780 0.997911930
1341845834.857804 0.097520605 0.018328348 -0.005892610 -0.042025015 0.035823051 0.031143853 0.997988284
1341845834.889796 0.106168605 0.019877803 -0.005640463 -0.041807588 0.031212492 0.028496550 0.998231351
1341845834.921771 0.101094380 0.018104533 -0.005786502 -0.041443907 0.030720465 0.028538508 0.998260558
1341845834.957942 0.097689562 0.018331798 -0.006613662 -0.040378150 0.028001344 0.028650459 0.998381019
1341845834.989806 0.094425872 0.017320704 -0.006298841 -0.039843652 0.025556095 0.028225437 0.998480201
1341845835.021804 0.090555876 0.016600067 -0.006609695 -0.038804691 0.023574080 0.028420709 0.998564303
1341845835.058003 0.087016329 0.015977118 -0.005834456 -0.037026279 0.022056874 0.028499447 0.998664260
1341845835.089820 0.082602076 0.016478952 -0.007688869 -0.035386946 0.020441117 0.029121557 0.998740137
1341845835.125663 0.070355169 0.016722865 -0.006463675 -0.035600230 0.019686503 0.030199394 0.998715699
1341845835.157750 0.067964248 0.015043820 -0.005602091 -0.037257504 0.017035376 0.029326227 0.998730004
1341845835.189830 0.063302353 0.011683609 -0.004494563 -0.036315888 0.015656685 0.029420158 0.998784482
1341845835.225912 0.059331905 0.012555626 -0.004091157 -0.032216221 0.012813313 0.031529397 0.998901308
1341845835.258001 0.056630380 0.014937086 -0.004982064 -0.030670427 0.011149430 0.030485978 0.999002337
1341845835.290164 0.061435774 0.014898918 -0.004558878 -0.031871989 0.007465889 0.028055817 0.999070227
1341845835.325788 0.047312297 0.010989799 -0.003163495 -0.031168064 0.007433398 0.029009340 0.999065459
1341845835.363902 0.055306509 0.013483224 -0.003536740 -0.028924180 0.002992581 0.027217615 0.999206483
1341845835.431742 0.044413716 0.012984940 -0.005196991 -0.028722331 -0.000690852 0.025489751 0.999262154
1341845835.460771 0.036505595 0.009403338 -0.002700525 -0.029651159 -0.002902270 0.025674969 0.999226272
1341845835.493790 0.034331366 0.009583282 -0.002291196 -0.026520168 -0.004060954 0.026657615 0.999284506
1341845835.527633 0.028319735 0.010410609 -0.004843247 -0.025135061 -0.005274495 0.027340384 0.999296188
1341845835.561788 0.026114356 0.011630668 -0.004508893 -0.025800327 -0.010140062 0.026984438 0.999251425
1341845835.594173 0.027202267 0.010151851 -0.002399685 -0.027440231 -0.011772768 0.026081968 0.999213755
1341845835.625859 0.026057689 0.007311918 -0.004206979 -0.025939189 -0.011541061 0.026559932 0.999243975
1341845835.661923 0.021235101 0.007296926 -0.004270504 -0.021557879 -0.014288799 0.030447360 0.999201715
1341845835.693994 0.024257610 0.009203613 -0.002413485 -0.018294498 -0.017124381 0.031612188 0.999186039
1341845835.725724 0.020141292 0.008487938 -0.002816963 -0.016667522 -0.013871007 0.031450920 0.999270022
1341845835.761816 0.013409119 0.006706665 -0.003463024 -0.014132356 -0.013914507 0.033478335 0.999242604
1341845835.793927 0.013484942 0.009438412 -0.003663793 -0.011185851 -0.017297583 0.036122657 0.999135017
1341845835.829809 0.012440990 0.010060951 -0.004582727 -0.011770153 -0.016947828 0.034973159 0.999175191
1341845835.868224 0.006842778 0.007013853 -0.003909088 -0.011927823 -0.015396765 0.035560485 0.999177694
1341845835.903857 0.001974156 0.006977338 -0.005329631 -0.009103561 -0.018219542 0.038628075 0.999046087
1341845835.935727 0.003850524 0.009005563 -0.004499710 -0.008008102 -0.020039329 0.039057996 0.999003887
1341845835.967812 0.001210646 0.006242718 -0.005466055 -0.008555840 -0.017876912 0.038293499 0.999069989
1341845836.003789 -0.004496532 0.003703981 -0.004967322 -0.005953834 -0.017345490 0.041084595 0.998987377
1341845836.035920 -0.003451476 0.005912943 -0.004959013 -0.002437663 -0.018986624 0.041784797 0.998943269
1341845836.067671 -0.006842872 0.006881564 -0.005266806 -0.002140100 -0.016552910 0.040394161 0.999044418
1341845836.104034 -0.012268546 0.003654519 -0.004835898 -0.001563963 -0.016286349 0.040003676 0.999065578
1341845836.135769 -0.015837733 0.004430471 -0.006047948 0.000941852 -0.019481365 0.040611323 0.998984635
1341845836.172097 -0.014738546 0.007129829 -0.008261674 0.001285116 -0.022825630 0.039673664 0.998951137
1341845836.203642 -0.015442102 0.004895574 -0.007387516 -0.000744696 -0.021983560 0.038626675 0.999011576
1341845836.235687 -0.021042567 0.001889530 -0.007038719 0.000362652 -0.021072732 0.039775584 0.998986363
1341845836.271774 -0.024957439 0.001996862 -0.008702474 0.003391614 -0.024373498 0.042211793 0.998805583
1341845836.303797 -0.023526290 0.004513928 -0.009966521 0.004772481 -0.026893979 0.043618400 0.998674810
1341845836.335742 -0.024254132 0.004727712 -0.008959406 0.003504903 -0.025396938 0.042826030 0.998753548
1341845836.372549 -0.027997429 0.000717716 -0.008142659 0.003934165 -0.022556540 0.045995507 0.998679161
1341845836.403992 -0.029263740 0.003037567 -0.009516413 0.007994997 -0.022322992 0.049666800 0.998484313
1341845836.435705 -0.028885772 0.003755406 -0.009348866 0.009037760 -0.020532573 0.050683726 0.998462737
1341845836.471817 -0.033330590 0.005261415 -0.010660541 0.009840372 -0.016207134 0.050231688 0.998557568
1341845836.503945 -0.038683917 0.004116217 -0.010801732 0.009686237 -0.015406695 0.051667344 0.998498499
1341845836.539832 -0.039421987 0.005439407 -0.011515128 0.010519396 -0.017359834 0.052740701 0.998401880
1341845836.571973 -0.039143246 0.006040383 -0.011606188 0.009675209 -0.017755553 0.052519936 0.998415112
1341845836.604373 -0.041125145 0.006486152 -0.011804255 0.007952575 -0.016984113 0.051367912 0.998503685
1341845836.639724 -0.042465389 0.002529647 -0.010653669 0.005402866 -0.017462164 0.050191846 0.998572290
1341845836.672049 -0.042589579 -0.000920595 -0.010076399 0.006676612 -0.017908882 0.048908304 0.998620391
1341845836.704020 -0.044029642 -0.002047497 -0.009913515 0.008845389 -0.017291280 0.048265822 0.998645663
1341845836.739779 -0.043742847 -0.009333141 -0.009160327 0.011789983 -0.018100824 0.049697336 0.998530686
1341845836.771652 -0.042084187 -0.009422249 -0.009938451 0.021908721 -0.017993383 0.052152544 0.998236597
1341845836.803601 -0.044809632 -0.009207472 -0.011159554 0.027599812 -0.015953774 0.053408671 0.998063743
1341845836.839643 -0.047917917 -0.011969130 -0.011303767 0.029722346 -0.016596749 0.053929642 0.997964323
1341845836.871771 -0.044860482 -0.013990324 -0.011399619 0.032877367 -0.018706793 0.055110425 0.997763455
1341845836.907663 -0.042456329 -0.012932215 -0.010415504 0.034757670 -0.017584546 0.057243321 0.997600079
1341845836.939824 -0.046161331 -0.019104753 -0.010996705 0.034203805 -0.015005014 0.059585847 0.997524202
1341845836.971802 -0.044501506 -0.019291701 -0.011849931 0.036860082 -0.016473146 0.060218710 0.997368395
1341845837.007714 -0.038378593 -0.013303417 -0.011330440 0.035870820 -0.014953841 0.060855504 0.997389734
1341845837.039752 -0.042374730 -0.023734605 -0.009557405 0.028551420 -0.008123900 0.061002120 0.997696102
1341845837.071715 -0.044412330 -0.031443730 -0.008271010 0.031383231 -0.007093134 0.059951391 0.997682631
1341845837.107691 -0.042150993 -0.028986739 -0.008297390 0.033693641 -0.006514154 0.061701089 0.997504532
1341845837.139763 -0.040575620 -0.035489384 -0.006533659 0.032313649 -0.003244554 0.061478820 0.997579873
1341845837.171636 -0.042532679 -0.037369519 -0.009201989 0.036815237 -0.000326126 0.056092206 0.997746587
1341845837.207675 -0.044772778 -0.036460049 -0.010174500 0.037485093 -0.001837480 0.053734288 0.997849762
1341845837.239749 -0.040777352 -0.042328466 -0.009304374 0.034483224 -0.003886895 0.048993070 0.998196125
1341845837.275755 -0.040937118 -0.047946081 -0.008111759 0.035016816 -0.001933552 0.044040062 0.998414040
1341845837.307686 -0.042500906 -0.055069830 -0.010290921 0.037537251 -0.001755879 0.047677170 0.998155653
1341845837.339628 -0.041087646 -0.058276765 -0.010706111 0.042831946 -0.004351592 0.049385734 0.997851491
1341845837.375710 -0.038119331 -0.060011666 -0.009499641 0.047009274 -0.003921693 0.047267694 0.997767746
1341845837.407709 -0.039400272 -0.058878623 -0.013963037 0.047607556 -0.000478984 0.044827860 0.997859597
1341845837.439656 -0.040514991 -0.061077412 -0.013060270 0.041104786 0.002368862 0.042875856 0.998231649
1341845837.475671 -0.039082039 -0.069138482 -0.010987831 0.036751371 0.003463508 0.039642159 0.998531818
1341845837.507973 -0.034655362 -0.068262361 -0.015214724 0.037156250 0.006412383 0.038359888 0.998552382
1341845837.543708 -0.038492799 -0.073573403 -0.013283622 0.032374088 0.011769360 0.037240867 0.998712420
1341845837.575706 -0.038871557 -0.079567343 -0.011951120 0.030135164 0.013571793 0.033251952 0.998900414
1341845837.607609 -0.037458293 -0.083665669 -0.012603302 0.030543858 0.015668778 0.031006832 0.998929501
1341845837.643704 -0.036195345 -0.080635436 -0.010466280 0.033800911 0.018025232 0.028863786 0.998849094
1341845837.675706 -0.037451643 -0.084781297 -0.010200711 0.035815891 0.020097749 0.026044466 0.998816788
1341845837.711803 -0.034938790 -0.084467784 -0.011282086 0.037813485 0.021371758 0.025567437 0.998729050
1341845837.743935 -0.034541987 -0.086032487 -0.010266105 0.037605628 0.023993077 0.023855595 0.998719692
1341845837.775698 -0.034799132 -0.091771908 -0.012333142 0.039069425 0.026593324 0.022579420 0.998627305
1341845837.811909 -0.033116370 -0.086683556 -0.012904841 0.041126557 0.028870422 0.023164485 0.998468101
1341845837.843915 -0.033832576 -0.090863660 -0.011823878 0.037588924 0.031905446 0.021688960 0.998548329
1341845837.879790 -0.034520872 -0.096766651 -0.011775272 0.037753910 0.034316536 0.019586453 0.998505592
1341845837.911946 -0.036404286 -0.097798839 -0.011988225 0.041873753 0.035580114 0.021786947 0.998251498
1341845837.946188 -0.035713900 -0.095677532 -0.013011464 0.044591200 0.034943551 0.024077306 0.998103619
1341845837.979709 -0.029208099 -0.094424911 -0.016304798 0.044227745 0.035760414 0.023568852 0.998103023
1341845838.012063 -0.031448066 -0.094836526 -0.014599443 0.042167433 0.040520087 0.020448469 0.998079121
1341845838.041927 -0.035072077 -0.096760333 -0.014158918 0.037737105 0.041989051 0.018452875 0.998234630
1341845838.073905 -0.034491662 -0.105294682 -0.011442598 0.035304427 0.041371617 0.015951633 0.998392463
1341845838.105792 -0.034456830 -0.106074639 -0.011951247 0.037592117 0.042298596 0.016768876 0.998256743
1341845838.141667 -0.034153081 -0.104038306 -0.011706986 0.038251821 0.042553689 0.016840512 0.998219609
1341845838.173678 -0.032123938 -0.109277524 -0.012119748 0.034112521 0.042657107 0.013110507 0.998421133
1341845838.205767 -0.030429607 -0.110245652 -0.014104954 0.029350020 0.044501565 0.008373897 0.998542964
1341845838.241893 -0.033112884 -0.112705588 -0.011677839 0.022866074 0.047550231 0.005522667 0.998591781
1341845838.273791 -0.036274686 -0.119601816 -0.007757325 0.019272082 0.047624037 0.002677375 0.998675823
1341845838.309852 -0.037420433 -0.121238880 -0.007709430 0.019753341 0.045251526 0.001711774 0.998778820
1341845838.341805 -0.035690885 -0.123867057 -0.007508699 0.018932724 0.043233261 0.004458807 0.998875678
1341845838.373872 -0.034821905 -0.126416117 -0.005595256 0.020169623 0.043226119 0.005495912 0.998846591
1341845838.409713 -0.035827871 -0.125156835 -0.005885751 0.021251000 0.043325726 0.007244707 0.998808682
1341845838.441818 -0.033972777 -0.123735271 -0.006970563 0.019557171 0.042208679 0.009524594 0.998871982
1341845838.473754 -0.032692298 -0.127779186 -0.007183697 0.016499063 0.042402223 0.007484340 0.998936355
1341845838.509713 -0.033649649 -0.130743250 -0.005496488 0.015170334 0.043858916 0.004721880 0.998911381
1341845838.541649 -0.035917532 -0.133194655 -0.004239375 0.015548494 0.044254083 0.004643929 0.998888493
1341845838.577804 -0.032297935 -0.137808040 -0.007275891 0.017065192 0.043167248 0.002216967 0.998919606
1341845838.609807 -0.031310920 -0.138638645 -0.007431276 0.019437360 0.044596806 -0.001070154 0.998815358
1341845838.641690 -0.031790782 -0.140333146 -0.008031279 0.020628292 0.046830330 -0.001452284 0.998688757
1341845838.677850 -0.032783698 -0.140450761 -0.008943985 0.021557689 0.047451809 -0.001691725 0.998639405
1341845838.709635 -0.028830277 -0.138014957 -0.011109595 0.021615159 0.046909492 -0.002426963 0.998662293
1341845838.745913 -0.023733376 -0.135640204 -0.014832801 0.016800132 0.049851540 -0.004520437 0.998605072
1341845838.777723 -0.029717639 -0.139650255 -0.008983286 0.009582503 0.054597963 -0.005717117 0.998446047
1341845838.809656 -0.031704240 -0.143064111 -0.005985663 0.006793974 0.053385992 -0.006580864 0.998529136
1341845838.845874 -0.028049435 -0.144461498 -0.007623688 0.006980029 0.051933005 -0.006625578 0.998604178
1341845838.877695 -0.022151310 -0.141657025 -0.014056549 0.003845018 0.054220609 -0.006333204 0.998501480
1341845838.909636 -0.026267957 -0.146587178 -0.007599407 -0.001495197 0.058256272 -0.011010884 0.998239815
1341845838.945837 -0.028745878 -0.150866732 -0.006220561 -0.002638292 0.058908697 -0.013838660 0.998163939
1341845838.977758 -0.026049100 -0.151261479 -0.007062551 -0.001131707 0.058176283 -0.012166550 0.998231530
1341845839.013907 -0.021968288 -0.150569603 -0.008400125 -0.000189042 0.059233390 -0.012197106 0.998169601
1341845839.046225 -0.023670923 -0.148056552 -0.007928633 -0.000626208 0.062283725 -0.013992766 0.997960150
1341845839.077750 -0.026863338 -0.150837541 -0.007082362 -0.004102538 0.061544102 -0.015969858 0.997968137
1341845839.113934 -0.024922203 -0.156246677 -0.004944701 -0.004843445 0.058870677 -0.015394316 0.998135149
1341845839.145852 -0.022280727 -0.155342653 -0.006643395 -0.001390985 0.058195122 -0.012585450 0.998224914
1341845839.177741 -0.020308362 -0.154143855 -0.006656870 -0.001293755 0.058278661 -0.010883169 0.998240173
1341845839.214000 -0.018101871 -0.158799022 -0.006712227 -0.002069956 0.059457231 -0.012603652 0.998149097
1341845839.246198 -0.018156866 -0.159246400 -0.006088242 0.000319849 0.061697163 -0.011640562 0.998026967
1341845839.281774 -0.017105693 -0.157202020 -0.006744836 0.001706383 0.063122235 -0.008789257 0.997965634
1341845839.314004 -0.014032279 -0.159521103 -0.008102950 0.001124079 0.065337941 -0.011518983 0.997796059
1341845839.345945 -0.017242081 -0.159913495 -0.006952844 0.001717834 0.068089679 -0.012279703 0.997602165
1341845839.381741 -0.016959544 -0.162648886 -0.006873402 0.002742456 0.067586668 -0.008595340 0.997672617
1341845839.413801 -0.012773732 -0.164537176 -0.008360771 0.004717867 0.067452751 -0.006397679 0.997690797
1341845839.445714 -0.011392959 -0.160912499 -0.010077656 0.007048971 0.069345571 -0.006279254 0.997547984
1341845839.481741 -0.011050149 -0.159268722 -0.011171682 0.006220911 0.070177503 -0.005994665 0.997497082
1341845839.514001 -0.008791748 -0.162743673 -0.008513307 0.003916942 0.071374774 -0.007202786 0.997415841
1341845839.549791 -0.011756428 -0.154873833 -0.009711247 0.008003685 0.074061319 -0.007657709 0.997192144
1341845839.587666 -0.011076998 -0.150837168 -0.010499530 0.010018549 0.073645145 -0.005731497 0.997217715
1341845839.614403 -0.006572004 -0.152254850 -0.011155272 0.009070282 0.073837519 -0.005981448 0.997211099
1341845839.649739 -0.008345845 -0.152262226 -0.010124573 0.009537997 0.076718472 -0.007289370 0.996980548
1341845839.681817 -0.012078422 -0.148779675 -0.009306322 0.009926741 0.076825641 -0.005853858 0.996977925
1341845839.713876 -0.009127585 -0.149509951 -0.008306907 0.008868343 0.074853733 -0.006190544 0.997135878
1341845839.749808 -0.007663697 -0.150120020 -0.009505447 0.008613442 0.075798564 -0.006607600 0.997064054
1341845839.781785 -0.010552708 -0.147679016 -0.010885700 0.008085708 0.077056855 -0.005399614 0.996979296
1341845839.817825 -0.011335039 -0.148586497 -0.010551018 0.006139011 0.075636677 -0.005597697 0.997100830
1341845839.849994 -0.010350239 -0.146091476 -0.009204395 0.005656268 0.075123526 -0.005507062 0.997142971
1341845839.881829 -0.011585655 -0.145500511 -0.011774902 0.003438971 0.075365476 -0.005558303 0.997134566
1341845839.917855 -0.014599868 -0.145080060 -0.009520806 0.001178686 0.074242637 -0.005909165 0.997222006
1341845839.950283 -0.015139423 -0.143910721 -0.007344183 -0.000611897 0.071839079 -0.005462420 0.997401118
1341845839.985757 -0.015160708 -0.141954333 -0.007768328 -0.002484713 0.069822997 -0.005114913 0.997543216
1341845840.017660 -0.015527890 -0.138710067 -0.008420759 -0.005737993 0.068457842 -0.005931256 0.997619867
1341845840.049741 -0.018401923 -0.137849078 -0.006026833 -0.010304771 0.067902595 -0.007316830 0.997611880
1341845840.085650 -0.020806635 -0.139939204 -0.004073156 -0.013851216 0.065981410 -0.007046689 0.997699797
1341845840.117698 -0.019762011 -0.137791887 -0.006586356 -0.014845392 0.064010061 -0.004991986 0.997826338
1341845840.149796 -0.019615287 -0.141311601 -0.006315179 -0.019686209 0.062591232 -0.002961915 0.997840643
1341845840.186069 -0.018576544 -0.140402898 -0.004708493 -0.024394859 0.061489582 -0.003288090 0.997804105
1341845840.217657 -0.019088756 -0.138474837 -0.004878699 -0.028174896 0.062265679 -0.003697826 0.997654974
1341845840.253694 -0.024688961 -0.128839612 -0.003419925 -0.029319245 0.063499011 -0.003450485 0.997545183
1341845840.285914 -0.025666676 -0.125894442 -0.002891733 -0.030887207 0.060578566 -0.002512575 0.997682273
1341845840.317753 -0.024984533 -0.123590969 -0.002001184 -0.033346303 0.058582515 -0.000741296 0.997725189
1341845840.353861 -0.023883289 -0.121869206 -0.002622199 -0.035587266 0.057876904 0.000789553 0.997688949
1341845840.385775 -0.024893640 -0.118385874 -0.002288216 -0.037942357 0.058744729 -0.000981306 0.997551203
1341845840.417676 -0.026900548 -0.126054332 -0.000455920 -0.043882973 0.057606813 -0.002062829 0.997372270
1341845840.453598 -0.027087146 -0.126890078 0.000971713 -0.046624601 0.056441400 -0.001981399 0.997314692
1341845840.485943 -0.027732242 -0.124807298 0.000128719 -0.046912119 0.056903645 -0.002723930 0.997273207
1341845840.521810 -0.030783063 -0.121441610 0.001221352 -0.047668237 0.057196610 -0.001965572 0.997222364
1341845840.553677 -0.031951845 -0.119754292 0.002262888 -0.049933974 0.055244308 -0.000400453 0.997223377
1341845840.585765 -0.031033011 -0.120037630 0.001716046 -0.051624402 0.053693205 -0.001650561 0.997220755
1341845840.621850 -0.032178864 -0.116290599 0.001671337 -0.051867791 0.053806026 -0.002673430 0.997199833
1341845840.653789 -0.034456693 -0.114357725 0.002221182 -0.055940904 0.053181898 -0.004187168 0.997007906
1341845840.685850 -0.035431705 -0.117984474 0.003782055 -0.058631208 0.052259136 -0.007237652 0.996884644
1341845840.721832 -0.038147129 -0.118878059 0.003982656 -0.056784060 0.052416127 -0.008681085 0.996971786
1341845840.753824 -0.040513784 -0.108787172 0.004935163 -0.050695412 0.049332023 -0.005015733 0.997482419
1341845840.789783 -0.036647271 -0.108001679 0.004130879 -0.048199862 0.045800079 -0.003984783 0.997779191
1341845840.821733 -0.035246093 -0.104721464 0.002156103 -0.046119731 0.046715423 -0.005311971 0.997828841
1341845840.853661 -0.038882282 -0.102569267 0.002869011 -0.045796536 0.048472285 -0.004787421 0.997762561
1341845840.889737 -0.038911246 -0.101390406 0.001642368 -0.045919269 0.046716988 -0.002608688 0.997848749
1341845840.921786 -0.035195172 -0.098584801 0.000429310 -0.045708552 0.046183977 -0.002551572 0.997883379
1341845840.957782 -0.037066136 -0.094283864 0.000812242 -0.047057189 0.049521599 -0.003775618 0.997656763
1341845840.989777 -0.038910966 -0.094291992 0.003003985 -0.050035432 0.051212013 -0.003908012 0.997425973
1341845841.021755 -0.038922172 -0.094645016 0.004784104 -0.049459524 0.051592011 -0.002902363 0.997438490
1341845841.057797 -0.038887322 -0.095317133 0.003801384 -0.046077702 0.052776039 -0.002986895 0.997538269
1341845841.089861 -0.039132755 -0.091046937 0.002778396 -0.041353017 0.054831296 -0.004021966 0.997630835
1341845841.127763 -0.042473599 -0.095591605 0.004299087 -0.041902058 0.055825550 -0.005830503 0.997543871
1341845841.157767 -0.042124808 -0.094337091 0.003610365 -0.040726654 0.054602195 -0.010341975 0.997623682
1341845841.189794 -0.041949812 -0.085684426 0.004962824 -0.036867078 0.054615088 -0.014173076 0.997725964
1341845841.225871 -0.042011216 -0.083973743 0.004408650 -0.033314422 0.054057959 -0.016508738 0.997845352
1341845841.257769 -0.043424740 -0.087082490 0.004996960 -0.031548418 0.053779352 -0.017303042 0.997904360
1341845841.289834 -0.043541327 -0.082658552 0.003449479 -0.029686997 0.052645177 -0.015652888 0.998049200
1341845841.325856 -0.042359713 -0.078408211 0.002728653 -0.030608013 0.051999662 -0.014519477 0.998072326
1341845841.357778 -0.043702096 -0.070658907 0.006151010 -0.030963236 0.051809851 -0.014873399 0.998066008
1341845841.389747 -0.046546087 -0.072222032 0.007382370 -0.029354846 0.049356338 -0.013090605 0.998263896
1341845841.425648 -0.044937246 -0.078721307 0.007584102 -0.025659367 0.046053506 -0.008231357 0.998575449
1341845841.457784 -0.044390075 -0.076345287 0.005955867 -0.017134614 0.045087855 -0.002537070 0.998832881
1341845841.493636 -0.042880546 -0.068986617 0.003398563 -0.011630264 0.043859541 0.001172495 0.998969316
1341845841.525800 -0.040899154 -0.062441144 0.003803858 -0.012946514 0.043304216 0.002334704 0.998975337
1341845841.557776 -0.042672083 -0.062060751 0.004341458 -0.016354334 0.044289615 0.002077821 0.998882711
1341845841.593697 -0.044810258 -0.061986022 0.007994263 -0.018543281 0.043541029 0.003387903 0.998873770
1341845841.625800 -0.042742718 -0.062713780 0.008688056 -0.016783776 0.041321684 0.005794288 0.998988092
1341845841.657778 -0.041958824 -0.059771664 0.008456485 -0.013606939 0.041452739 0.006932025 0.999023736
1341845841.693890 -0.043588288 -0.056489650 0.008669448 -0.012116464 0.041475337 0.008805043 0.999027252
1341845841.725831 -0.042928878 -0.055194836 0.009085776 -0.012480731 0.040573217 0.009467780 0.999053717
1341845841.761977 -0.043734342 -0.052993573 0.009244074 -0.011597002 0.040433452 0.007678322 0.999085426
1341845841.793705 -0.044560254 -0.048463061 0.009227380 -0.012594190 0.039408602 0.008365549 0.999108791
1341845841.825907 -0.045234062 -0.049595647 0.010660277 -0.015268601 0.037787087 0.007997302 0.999137104
1341845841.862456 -0.046142604 -0.051072761 0.012066054 -0.015202470 0.036373027 0.007961450 0.999190867
1341845841.893840 -0.046491563 -0.051489219 0.013204998 -0.010659084 0.033987012 0.012073390 0.999292493
1341845841.925729 -0.045326989 -0.046288855 0.010833784 -0.006408518 0.031807154 0.014296668 0.999371231
1341845841.961799 -0.043248579 -0.045753654 0.010680591 -0.006799188 0.030764980 0.014599742 0.999396920
1341845841.994063 -0.042389836 -0.042729374 0.010451319 -0.006361771 0.031776153 0.012299839 0.999399066
1341845842.030345 -0.046570484 -0.039627891 0.010241764 -0.008527883 0.032605387 0.011753701 0.999362767
1341845842.061842 -0.045223884 -0.041797686 0.011638205 -0.010303476 0.030007984 0.013081519 0.999410927
1341845842.095648 -0.043405119 -0.038420592 0.011047175 -0.009068505 0.029390138 0.014104179 0.999427378
1341845842.130144 -0.044450875 -0.036560439 0.010527808 -0.009388718 0.030139552 0.015880493 0.999375463
1341845842.168651 -0.044192817 -0.033921324 0.010982419 -0.009488356 0.030022241 0.018339669 0.999335945
1341845842.204415 -0.044837289 -0.033660665 0.012071699 -0.009730949 0.030358499 0.018721476 0.999316335
1341845842.236995 -0.047226135 -0.032043915 0.012983770 -0.007982316 0.029661670 0.020242622 0.999323130
1341845842.272903 -0.047981232 -0.030617462 0.012238904 -0.005938817 0.026020244 0.023506947 0.999367356
1341845842.298056 -0.043523110 -0.028819920 0.012171413 -0.003943517 0.023815149 0.025106624 0.999393284
1341845842.330531 -0.045228131 -0.024947548 0.011819805 -0.001969160 0.025405765 0.025103202 0.999360025
1341845842.362365 -0.046833437 -0.020317927 0.010816823 -0.003107872 0.024222864 0.026002157 0.999363542
1341845842.399606 -0.044702839 -0.020449474 0.012353627 -0.006631515 0.022998342 0.026534915 0.999361277
1341845842.439754 -0.044065297 -0.020750765 0.012930688 -0.007717176 0.023491170 0.026533015 0.999342084
1341845842.472222 -0.046836760 -0.019796180 0.013296259 -0.007876586 0.024163304 0.026964910 0.999313235
1341845842.506051 -0.047074538 -0.020381624 0.012958052 -0.008143716 0.021930991 0.028133368 0.999330401
1341845842.539739 -0.044383191 -0.019723199 0.012447159 -0.007579814 0.021373112 0.026994536 0.999378324
1341845842.572817 -0.045359455 -0.017660787 0.013840391 -0.006696190 0.022623237 0.024750622 0.999415219
1341845842.597810 -0.047319096 -0.019018551 0.014867513 -0.006025441 0.022448931 0.025257824 0.999410748
1341845842.671782 -0.046326496 -0.012980956 0.012332662 -0.001484691 0.021748817 0.025988081 0.999424577
1341845842.697738 -0.048253216 -0.013070770 0.015391894 -0.002417077 0.022256911 0.028620400 0.999339581
1341845842.733828 -0.047873102 -0.012323018 0.015471669 -0.000284646 0.020623397 0.032414701 0.999261677
1341845842.772554 -0.047799554 -0.007447689 0.014194155 0.001857033 0.020163059 0.034426112 0.999202132
1341845842.803667 -0.048303585 -0.005091108 0.013653712 -0.000121426 0.020126220 0.036566805 0.999128520
1341845842.839779 -0.046891745 -0.005110977 0.014101376 -0.001593911 0.020478934 0.036135461 0.999135792
1341845842.871951 -0.049243607 -0.002706152 0.013288251 -0.001528324 0.022038266 0.035063140 0.999140918
1341845842.903766 -0.049971245 -0.000336706 0.012526624 -0.002798836 0.021103246 0.035046753 0.999158919
1341845842.939694 -0.048574559 -0.000442705 0.014297903 -0.005332060 0.021258997 0.034112748 0.999177635
1341845842.971703 -0.048013993 -0.000025545 0.014719399 -0.005052393 0.021866366 0.033701204 0.999179959
1341845843.003637 -0.049640201 0.003155172 0.014506469 -0.004066646 0.020126099 0.036522996 0.999121845
1341845843.039687 -0.046168126 0.003295548 0.014766563 -0.004518132 0.018304748 0.038813263 0.999068618
1341845843.071786 -0.046438139 0.006119180 0.014923378 -0.003760148 0.020345753 0.038690504 0.999037027
1341845843.103725 -0.050283317 0.006063065 0.016030982 -0.003677512 0.020998519 0.040434584 0.998954713
1341845843.139742 -0.049613539 0.008352533 0.014592602 -0.001552976 0.017608183 0.043264411 0.998907208
1341845843.171825 -0.047423061 0.011969877 0.013676098 -0.002022960 0.016790379 0.041340273 0.999001980
1341845843.207907 -0.049381763 0.014409285 0.013918583 -0.004721311 0.018097291 0.036853146 0.999145627
1341845843.240014 -0.053756028 0.016409913 0.016040077 -0.008074418 0.018300675 0.032846458 0.999260247
1341845843.281910 -0.053157013 0.015842032 0.016421720 -0.009398940 0.016117703 0.032396711 0.999300897
1341845843.307930 -0.052472796 0.018482784 0.016405595 -0.008541223 0.014395718 0.032629337 0.999327362
1341845843.339844 -0.052764267 0.019869199 0.018753875 -0.007841484 0.014051813 0.033534314 0.999307990
1341845843.407961 -0.052477464 0.026834084 0.017893896 -0.002907476 0.017450819 0.035938263 0.999197364
1341845843.437885 -0.053087752 0.028379394 0.018679725 -0.004033679 0.017657388 0.037866127 0.999118686
1341845843.469698 -0.049154807 0.032009482 0.018727519 -0.004090037 0.018951440 0.037001003 0.999127150
1341845843.501755 -0.053473037 0.034489796 0.019844204 -0.005755271 0.022912227 0.035845835 0.999078035
1341845843.537749 -0.055934776 0.036113515 0.021313543 -0.006520973 0.021057760 0.039087154 0.998992622
1341845843.570240 -0.052364860 0.041034270 0.019873366 -0.006493224 0.020024607 0.038916852 0.999020696
1341845843.601912 -0.054851424 0.043819424 0.021506771 -0.010360956 0.021806665 0.036102861 0.999056399
1341845843.637854 -0.053778376 0.045508023 0.021890344 -0.012655293 0.020881634 0.036312353 0.999042153
1341845843.669935 -0.051852874 0.045572516 0.023711512 -0.013533229 0.022474729 0.037128385 0.998966098
1341845843.705705 -0.052147415 0.050498314 0.024281625 -0.012045626 0.025404213 0.038853459 0.998849332
1341845843.738087 -0.053442162 0.051220734 0.024731474 -0.014392831 0.028011795 0.039942514 0.998705566
1341845843.769868 -0.052472331 0.051290445 0.025878925 -0.013009255 0.028474936 0.042899113 0.998588800
1341845843.805741 -0.051793799 0.055723015 0.025785778 -0.010427824 0.030024085 0.045149602 0.998474479
1341845843.837731 -0.050105602 0.057898860 0.025657469 -0.011154609 0.032308955 0.045247395 0.998390913
1341845843.869723 -0.050015178 0.055002116 0.025508063 -0.013026808 0.035546515 0.044338103 0.998299003
1341845843.905817 -0.049786638 0.055493485 0.025809512 -0.010344358 0.036381546 0.047368940 0.998161077
1341845843.937846 -0.047447752 0.056819983 0.025285214 -0.006942303 0.037708864 0.050323248 0.997996688
1341845843.973843 -0.045387469 0.060629673 0.024437647 -0.003977498 0.041968554 0.051199954 0.997798264
1341845844.005877 -0.049361739 0.060160451 0.025554728 -0.003770612 0.045940112 0.051198807 0.997624159
1341845844.037839 -0.049877305 0.062793359 0.025564238 -0.001111367 0.045027368 0.050964240 0.997684300
1341845844.073843 -0.047735099 0.069019638 0.025778316 -0.000715908 0.045619871 0.047152221 0.997845173
1341845844.105844 -0.048933789 0.068406664 0.027282728 -0.001145840 0.048831087 0.043859966 0.997842908
1341845844.137727 -0.049901187 0.068499640 0.027332759 -0.000576873 0.049805135 0.043665607 0.997803748
1341845844.173729 -0.049170535 0.069988355 0.026819563 0.001095371 0.049594942 0.042655822 0.997857511
1341845844.205772 -0.049460828 0.074787542 0.026103379 0.000636302 0.050767254 0.040778346 0.997877419
1341845844.241826 -0.049617723 0.071288325 0.030230017 -0.000904916 0.050333586 0.041756779 0.997858703
1341845844.273743 -0.047402769 0.073906168 0.029124515 0.006377746 0.048514590 0.045966238 0.997743785
1341845844.305737 -0.049310606 0.079019226 0.026841326 0.009405209 0.049991835 0.048264608 0.997538388
1341845844.341702 -0.050370198 0.082918175 0.024660489 0.007553058 0.049583603 0.047750209 0.997599244
1341845844.373700 -0.050085962 0.085261643 0.027342621 0.003822359 0.049337957 0.045976382 0.997716010
1341845844.409780 -0.050942529 0.087462589 0.026946105 0.002889802 0.048978195 0.048548296 0.997615039
1341845844.441868 -0.050387055 0.089854762 0.027347045 0.000864864 0.048044074 0.050658137 0.997559369
1341845844.473633 -0.048574902 0.091971770 0.028595259 -0.001108367 0.048614576 0.051278282 0.997499824
1341845844.509732 -0.050356384 0.094156019 0.027739463 -0.002128381 0.050458245 0.052141413 0.997361839
1341845844.541734 -0.052062519 0.097315542 0.028123280 -0.004228388 0.049938191 0.053489421 0.997309983
1341845844.573798 -0.051084418 0.099612892 0.028715074 -0.006950401 0.048314422 0.053579252 0.997369826
1341845844.609774 -0.050969947 0.100711860 0.028963409 -0.008678331 0.048346419 0.054535881 0.997302949
1341845844.641742 -0.053467728 0.102421224 0.030501720 -0.008799683 0.046895634 0.056396168 0.997267663
1341845844.677619 -0.053303093 0.103555843 0.027977820 -0.005747802 0.041833278 0.059656836 0.997325420
1341845844.709820 -0.052365914 0.104974225 0.026963966 -0.007028447 0.038854931 0.060695179 0.997375011
1341845844.741764 -0.053907663 0.105076313 0.028880777 -0.009783356 0.035365395 0.060898297 0.997469306
1341845844.778110 -0.054384198 0.106609344 0.028191125 -0.011499415 0.031823650 0.059688639 0.997643352
1341845844.811162 -0.056599334 0.108709209 0.029192878 -0.011279393 0.027852325 0.059399191 0.997781932
1341845844.842336 -0.058009718 0.113899194 0.029165408 -0.013117806 0.023301162 0.056294944 0.998056054
1341845844.883762 -0.056812711 0.110699728 0.031890091 -0.017167674 0.019695658 0.054668959 0.998162627
1341845844.911668 -0.057885189 0.113289349 0.031379800 -0.016512433 0.015835205 0.055174563 0.998214602
1341845844.947016 -0.059780043 0.115011282 0.030835738 -0.016116720 0.010978105 0.052584883 0.998426020
1341845844.977793 -0.057979774 0.118841343 0.029124647 -0.015901186 0.008077251 0.047349278 0.998719156
1341845845.009670 -0.058554690 0.117398977 0.029847817 -0.018320862 0.006894690 0.044294246 0.998826742
1341845845.045698 -0.060576670 0.118829019 0.029366298 -0.017233191 0.002853493 0.041170273 0.998999417
1341845845.077748 -0.055388756 0.123824894 0.028569940 -0.016531421 -0.000966785 0.037239891 0.999169111
1341845845.109679 -0.056083579 0.125161350 0.029203169 -0.018188575 0.000875951 0.032807037 0.999295771
1341845845.145640 -0.055880774 0.124399669 0.030305479 -0.019614512 0.000239528 0.033345345 0.999251366
1341845845.177719 -0.053723533 0.127917349 0.029193852 -0.017677486 -0.000203656 0.032398723 0.999318659
1341845845.213604 -0.052213896 0.131580934 0.028181123 -0.018219061 0.002276746 0.031587679 0.999332309
1341845845.245741 -0.052748635 0.132185146 0.030541027 -0.020340970 0.004212615 0.031827044 0.999277472
1341845845.277905 -0.052882250 0.131589666 0.031466953 -0.019790141 0.004508414 0.033034220 0.999248087
1341845845.314159 -0.053165313 0.135554686 0.029939163 -0.018203953 0.004507237 0.033153333 0.999274313
1341845845.345748 -0.052460354 0.137254864 0.030887717 -0.019945102 0.004595950 0.032179385 0.999272525
1341845845.381704 -0.053452596 0.139132649 0.030897258 -0.020670235 0.004115799 0.031938314 0.999267638
1341845845.413648 -0.053787109 0.141000524 0.031871893 -0.021526868 0.002893768 0.031273570 0.999274850
1341845845.445777 -0.053020984 0.143505752 0.031023370 -0.021157485 -0.000056568 0.032291729 0.999254525
1341845845.481809 -0.053266875 0.147138968 0.029527834 -0.024344577 -0.000086253 0.027236618 0.999332547
1341845845.514332 -0.052087683 0.149008229 0.033331517 -0.026690874 -0.001559663 0.024249475 0.999348342
1341845845.545717 -0.053568132 0.148884922 0.031227797 -0.027582195 -0.003442744 0.025723156 0.999282598
1341845845.581658 -0.052451208 0.152847081 0.031381451 -0.028549913 -0.005837208 0.024935484 0.999264240
1341845845.613959 -0.052270591 0.157062635 0.031178905 -0.031014306 -0.004480447 0.020863606 0.999291122
1341845845.649696 -0.051616352 0.156098664 0.033001617 -0.035293564 -0.005218563 0.023307826 0.999091506
1341845845.682034 -0.053832494 0.156515062 0.033300243 -0.034198325 -0.007150256 0.025393901 0.999066830
1341845845.714232 -0.051521894 0.162913784 0.030608267 -0.032814804 -0.008450668 0.024519697 0.999124885
1341845845.751971 -0.051861368 0.164795786 0.032148957 -0.038557611 -0.007147976 0.020086665 0.999028921
1341845845.787747 -0.051883675 0.163256988 0.033523060 -0.041190501 -0.006785053 0.019358642 0.998940706
1341845845.820616 -0.052219868 0.164661407 0.033449795 -0.041245427 -0.007566140 0.020569559 0.998908639
1341845845.887653 -0.050433658 0.171177208 0.033259138 -0.042165730 -0.006806668 0.016662046 0.998948514
1341845845.917680 -0.050926127 0.171385005 0.034174684 -0.042878859 -0.005420822 0.018476462 0.998894691
1341845845.949895 -0.049066398 0.174861401 0.034260843 -0.040775418 -0.004897733 0.018949270 0.998976648
1341845845.981855 -0.051122073 0.177578747 0.032519750 -0.041738641 -0.001649688 0.018412143 0.998957515
1341845846.017822 -0.051245831 0.178167462 0.034848556 -0.043188524 -0.000801636 0.018739391 0.998890877
1341845846.049788 -0.050109513 0.180758864 0.034539763 -0.041066177 -0.000758703 0.019362418 0.998968482
1341845846.081697 -0.050827019 0.183129221 0.033742603 -0.040737163 -0.000914661 0.019391472 0.998981297
1341845846.117753 -0.051263716 0.185178190 0.033261105 -0.042308073 -0.001399368 0.018153850 0.998938680
1341845846.149729 -0.050889447 0.186908171 0.033742134 -0.042549044 -0.002497894 0.019507272 0.998900771
1341845846.185551 -0.050457768 0.188725755 0.033658549 -0.044037357 -0.004185869 0.021643501 0.998786628
1341845846.217670 -0.051790960 0.193699926 0.032663472 -0.043907452 -0.003098049 0.022290099 0.998782098
1341845846.249670 -0.050823413 0.197667509 0.032198813 -0.046401739 -0.003510157 0.024832254 0.998607993
1341845846.285621 -0.052094847 0.194530889 0.032596372 -0.050907858 -0.003401943 0.026761098 0.998338938
1341845846.318706 -0.050820041 0.200013295 0.032220285 -0.050858781 -0.002967675 0.025587060 0.998373628
1341845846.349746 -0.051270928 0.198833317 0.033046495 -0.055433281 -0.001936083 0.027208507 0.998089731
1341845846.385823 -0.051473755 0.201156244 0.031554814 -0.057186265 -0.002390340 0.028589848 0.997951210
1341845846.417804 -0.050172329 0.205437094 0.032117568 -0.057996351 -0.001218137 0.027593751 0.997934639
1341845846.453757 -0.052016221 0.204302475 0.031374279 -0.062529191 0.000095379 0.030862471 0.997565866
1341845846.485915 -0.049700007 0.207301930 0.032490425 -0.063526653 -0.002311126 0.032217223 0.997457325
1341845846.517804 -0.047230575 0.209029198 0.030666808 -0.065259732 -0.000736562 0.030636327 0.997397661
1341845846.553866 -0.049635619 0.209951878 0.031221924 -0.070240967 0.001662556 0.030773291 0.997053921
1341845846.585802 -0.047547750 0.209508017 0.032890044 -0.071645334 -0.000318224 0.031054169 0.996946573
1341845846.621952 -0.047121085 0.213399619 0.030225119 -0.071291126 0.001024143 0.029031470 0.997032464
1341845846.653735 -0.048039399 0.211988077 0.031179793 -0.074500486 0.001431479 0.028640436 0.996808589
1341845846.687048 -0.045603164 0.211865664 0.031444181 -0.074687421 0.000723349 0.027023641 0.996840537
1341845846.721930 -0.046644229 0.211497754 0.030278547 -0.074812107 0.003180580 0.025466828 0.996867359
1341845846.755684 -0.046900742 0.208342105 0.030082382 -0.076203734 0.002981551 0.025756875 0.996755064
1341845846.785987 -0.045887746 0.207104012 0.030731309 -0.075007126 0.002651037 0.026101314 0.996837795
1341845846.821760 -0.047116715 0.206198812 0.029569903 -0.073541567 0.005059077 0.023619201 0.996999562
1341845846.853756 -0.047937714 0.200357735 0.029655356 -0.074526064 0.005454849 0.024210634 0.996910214
1341845846.889724 -0.045307677 0.195949167 0.030844379 -0.070364468 0.002721509 0.025844967 0.997182786
1341845846.921756 -0.046951421 0.195660785 0.029877309 -0.065844528 0.004165034 0.023028091 0.997555435
1341845846.953776 -0.048183724 0.190370694 0.028877705 -0.065608256 0.005322667 0.022064703 0.997587264
1341845846.989607 -0.049540617 0.183400497 0.028755657 -0.063511409 0.004173314 0.024157282 0.997679949
1341845847.021791 -0.047899373 0.181251392 0.030368274 -0.058453828 0.002342189 0.023334205 0.998014629
1341845847.053671 -0.050069246 0.181372970 0.028539272 -0.056080207 0.003186400 0.021663746 0.998186171
1341845847.089677 -0.051531013 0.172832727 0.030028913 -0.058246419 0.000509191 0.020890564 0.998083532
1341845847.121825 -0.049751032 0.172911406 0.030289721 -0.050842937 -0.001775270 0.018722046 0.998529553
1341845847.157737 -0.048442680 0.171067998 0.029798405 -0.047421850 -0.001293712 0.018767444 0.998697817
1341845847.189613 -0.048044559 0.166636199 0.029302064 -0.044817761 -0.000509086 0.020584984 0.998782933
1341845847.221790 -0.044945017 0.163309887 0.029982023 -0.041540194 0.000336763 0.021956697 0.998895466
1341845847.257718 -0.046838138 0.158936530 0.027896253 -0.039898995 0.003323076 0.022534316 0.998944104
1341845847.289652 -0.047441270 0.156233847 0.027946102 -0.037640166 0.003184320 0.023912605 0.999000132
1341845847.321777 -0.046193197 0.153997391 0.026877210 -0.034610033 0.003885498 0.021938188 0.999152541
1341845847.357899 -0.047214620 0.150453791 0.026128964 -0.033505559 0.005644267 0.020747341 0.999207199
1341845847.390176 -0.045904167 0.147441030 0.025211984 -0.031572148 0.005067477 0.020530514 0.999277711
1341845847.425786 -0.043979600 0.144520983 0.024851238 -0.031515788 0.005851574 0.018501988 0.999314845
1341845847.460315 -0.045411091 0.141882583 0.023817325 -0.030203376 0.007607619 0.018364288 0.999346077
1341845847.489945 -0.046223368 0.139472753 0.022743145 -0.029656732 0.006789895 0.019357294 0.999349594
1341845847.525805 -0.046821743 0.135986671 0.020705907 -0.030443765 0.005351935 0.017995093 0.999360144
1341845847.557741 -0.048039097 0.135189146 0.017959062 -0.033502914 0.004194460 0.012065621 0.999356985
1341845847.593782 -0.045197412 0.127827823 0.020023370 -0.038350139 0.000916506 0.010838698 0.999205172
1341845847.625656 -0.044414639 0.121620759 0.019284217 -0.036352392 0.000566642 0.012689562 0.999258280
1341845847.657670 -0.043205075 0.119162209 0.017194595 -0.034344800 -0.000024024 0.015098275 0.999296010
1341845847.693751 -0.042983193 0.116421372 0.015581854 -0.033878155 0.000389008 0.015818689 0.999300718
1341845847.725684 -0.042606268 0.113556385 0.014409102 -0.034170967 0.001512626 0.015279594 0.999298036
1341845847.757787 -0.043061692 0.107869633 0.014452598 -0.034105610 0.001640353 0.018145261 0.999252141
1341845847.793826 -0.044330593 0.108780064 0.012198949 -0.031559993 0.000245067 0.019984538 0.999302030
1341845847.825684 -0.044725470 0.105965190 0.012086746 -0.033133347 0.000215025 0.018177163 0.999285579
1341845847.861928 -0.044979263 0.103642210 0.010913888 -0.033191688 -0.000785650 0.018824304 0.999271393
1341845847.893697 -0.046778485 0.098734997 0.011093215 -0.034489654 -0.002604512 0.021921629 0.999161184
1341845847.925644 -0.045289405 0.098480299 0.010100191 -0.031031771 -0.005237363 0.023299167 0.999233067
1341845847.961946 -0.044615224 0.096224815 0.009556442 -0.031951323 -0.004504878 0.023305196 0.999207497
1341845847.993685 -0.046089124 0.091638274 0.008527655 -0.032161620 -0.004995507 0.025665106 0.999140620
1341845848.025620 -0.044643871 0.091112539 0.008750842 -0.031289689 -0.006760527 0.026415272 0.999138355
1341845848.061715 -0.045199905 0.087283194 0.008076799 -0.031317882 -0.006225507 0.027360339 0.999115527
1341845848.093689 -0.046755575 0.086743928 0.005993099 -0.031093579 -0.007065174 0.027366793 0.999116778
1341845848.132119 -0.046121977 0.083512180 0.006770036 -0.031881217 -0.009907967 0.027034502 0.999076843
1341845848.167711 -0.043305218 0.081923388 0.006845368 -0.031910010 -0.010907480 0.024663877 0.999126852
1341845848.200502 -0.046003461 0.079385646 0.005285766 -0.032577012 -0.009401231 0.023157462 0.999156654
1341845848.232265 -0.046211231 0.076552846 0.004760831 -0.033352807 -0.011262024 0.023811633 0.999096453
1341845848.267873 -0.043987140 0.073788509 0.004031151 -0.032609448 -0.012207417 0.024593474 0.999090970
1341845848.301135 -0.045349509 0.074521311 0.001602989 -0.032480966 -0.010938159 0.024101665 0.999121845
1341845848.335735 -0.046154030 0.070901319 0.001242399 -0.037269779 -0.012506828 0.025133658 0.998910844
1341845848.367757 -0.044533119 0.067132518 0.001862007 -0.039383225 -0.014513701 0.023767179 0.998836040
1341845848.399644 -0.045178685 0.066260457 0.000843872 -0.039367557 -0.014838102 0.023282640 0.998843312
1341845848.435802 -0.047743525 0.063665397 -0.000521466 -0.040579565 -0.018085262 0.025514027 0.998686731
1341845848.467705 -0.041267309 0.064743802 -0.000986752 -0.040482733 -0.020845031 0.023166317 0.998694122
1341845848.503759 -0.043048650 0.063254192 -0.000134132 -0.041726649 -0.016920673 0.022036271 0.998742700
1341845848.536036 -0.045110069 0.060113009 -0.000375362 -0.042812254 -0.017057125 0.024616225 0.998634160
1341845848.567958 -0.043694600 0.059012465 -0.001366909 -0.042279925 -0.019172123 0.026025563 0.998582780
1341845848.603657 -0.043352902 0.058172569 -0.001335576 -0.042688247 -0.018392546 0.024908785 0.998608530
1341845848.635797 -0.044951998 0.054766651 -0.001533142 -0.044057515 -0.018598592 0.025398474 0.998532891
1341845848.671815 -0.044148941 0.049628019 -0.000438992 -0.044156816 -0.020319564 0.026826488 0.998457611
1341845848.703677 -0.042613413 0.047869753 -0.001246682 -0.039075203 -0.019799516 0.027232260 0.998668849
1341845848.735781 -0.042630158 0.046427645 -0.002166259 -0.035915937 -0.018519161 0.029488059 0.998747945
1341845848.771647 -0.043170031 0.044907980 -0.002062187 -0.033877898 -0.018296210 0.032181151 0.998740137
1341845848.803783 -0.041341022 0.044418275 -0.003461771 -0.031633373 -0.017305834 0.032867294 0.998809040
1341845848.839757 -0.041695315 0.048072670 -0.005888759 -0.031394105 -0.013951502 0.030289594 0.998950601
1341845848.871829 -0.040519129 0.045771487 -0.001343781 -0.036760107 -0.011808256 0.028322760 0.998852849
1341845848.903622 -0.038709324 0.039293978 0.000898555 -0.036921736 -0.008553869 0.027642975 0.998899102
1341845848.940608 -0.039400954 0.037012883 0.003193252 -0.027710320 -0.001664345 0.030586539 0.999146521
1341845848.972843 -0.040894035 0.038280927 0.000751429 -0.022250850 0.002035801 0.034034159 0.999170840
1341845849.008613 -0.039476745 0.041188087 0.003321289 -0.019763991 0.003731437 0.032447401 0.999271035
1341845849.044290 -0.040500656 0.043724727 0.004683373 -0.017162802 0.007371770 0.030012552 0.999374926
1341845849.072005 -0.041188229 0.041980967 0.008127508 -0.016571064 0.008718940 0.031169802 0.999338686
1341845849.101927 -0.041014891 0.045855761 0.006758990 -0.015189894 0.009043129 0.030379558 0.999382079
1341845849.133777 -0.034244116 0.043806020 0.010178462 -0.017818158 0.012485683 0.025748976 0.999431610
1341845849.165908 -0.038942747 0.042335004 0.015398537 -0.018434312 0.018266093 0.025996123 0.999325097
1341845849.201651 -0.040588595 0.041593902 0.016725319 -0.016362185 0.018807610 0.028105529 0.999294043
1341845849.233648 -0.037878972 0.044029176 0.018343629 -0.014807194 0.018888034 0.027650820 0.999329448
1341845849.265690 -0.038604543 0.045986649 0.020281533 -0.015787063 0.021542210 0.025713939 0.999312460
1341845849.301701 -0.041782055 0.045674510 0.025098369 -0.017993981 0.022313913 0.025207536 0.999271154
1341845849.333730 -0.041466858 0.045069423 0.027206307 -0.019018492 0.020441957 0.025355972 0.999288499
1341845849.369727 -0.041202758 0.046832472 0.030791005 -0.019626034 0.019576281 0.024569774 0.999313712
1341845849.401811 -0.042308819 0.044312019 0.035110980 -0.020590344 0.019210685 0.024206443 0.999310255
1341845849.433692 -0.040595140 0.046539165 0.037658777 -0.018505510 0.018817982 0.024142185 0.999360085
1341845849.469648 -0.043698084 0.047466855 0.041355848 -0.019273283 0.020174691 0.023722608 0.999329150
1341845849.501641 -0.042587053 0.046404447 0.044219691 -0.020171409 0.018881243 0.023850817 0.999333620
1341845849.533689 -0.042491611 0.047171298 0.047526184 -0.019443417 0.019904803 0.023346802 0.999340117
1341845849.569780 -0.043480668 0.049347263 0.050132994 -0.020202631 0.020546779 0.022827875 0.999324024
1341845849.601759 -0.042650629 0.047212187 0.054816239 -0.022784393 0.020641383 0.022013506 0.999284863
1341845849.637837 -0.042605888 0.047357615 0.059019733 -0.021398382 0.023065839 0.021649363 0.999270439
1341845849.669719 -0.043098684 0.048079032 0.062481754 -0.020890670 0.024818704 0.022264699 0.999225616
1341845849.701927 -0.042680923 0.048331488 0.065176301 -0.021216532 0.026552420 0.021076858 0.999199986
1341845849.737804 -0.043187097 0.048662089 0.069764107 -0.021243658 0.029605269 0.020217730 0.999131382
1341845849.769688 -0.046636883 0.048783306 0.073104843 -0.021329915 0.031663183 0.020653455 0.999057531
1341845849.805874 -0.047312181 0.048525471 0.076951779 -0.021509307 0.029910414 0.021270609 0.999094725
1341845849.838002 -0.044160079 0.049827546 0.078097701 -0.021516347 0.028438138 0.020151464 0.999160767
1341845849.873756 -0.045917071 0.050504494 0.080888338 -0.023799032 0.030786375 0.016975621 0.999098420
1341845849.905773 -0.047357418 0.048793845 0.085514389 -0.025537265 0.030743793 0.017158939 0.999053657
1341845849.942380 -0.044435561 0.048626829 0.088149317 -0.024073904 0.030344971 0.016940011 0.999105930
1341845849.969808 -0.045669112 0.050433092 0.090714924 -0.023777323 0.033812180 0.015556797 0.999024212
1341845850.006040 -0.048175592 0.049605764 0.094223365 -0.025224321 0.034687843 0.014331082 0.998977005
1341845850.038041 -0.047525138 0.049320512 0.097359188 -0.025715252 0.033610009 0.012680836 0.999023676
1341845850.073843 -0.046497788 0.048578575 0.100814380 -0.024594067 0.033797789 0.011950932 0.999054551
1341845850.106258 -0.047807258 0.050418574 0.102802336 -0.023849742 0.034725975 0.011120406 0.999050379
1341845850.137727 -0.050661784 0.051356465 0.105093613 -0.025617750 0.033616148 0.008520383 0.999070108
1341845850.173748 -0.050414909 0.049746182 0.108408436 -0.028018041 0.030770034 0.006931209 0.999109685
1341845850.205888 -0.050045077 0.049320921 0.111099452 -0.028459093 0.029283440 0.007069764 0.999140918
1341845850.242190 -0.050601225 0.050508261 0.114743017 -0.028487507 0.028250158 0.007796608 0.999164462
1341845850.276369 -0.050117321 0.050285168 0.117142953 -0.029309249 0.026278831 0.007073247 0.999199867
1341845850.311979 -0.050848927 0.050703812 0.120162182 -0.029874185 0.025514664 0.005170463 0.999214590
1341845850.343827 -0.050288297 0.051864646 0.123431809 -0.031581573 0.023722049 0.004012780 0.999211550
1341845850.380151 -0.049728379 0.049777176 0.126473621 -0.033686798 0.023256714 0.002763743 0.999157965
1341845850.412359 -0.048321940 0.048638646 0.128945038 -0.033080898 0.023693651 0.003804606 0.999164522
1341845850.447279 -0.047944650 0.049880113 0.131680891 -0.032271184 0.024982866 0.005834856 0.999149859
1341845850.511722 -0.045601822 0.049033858 0.136032090 -0.028469266 0.027066885 0.011054312 0.999167025
1341845850.541836 -0.045657288 0.049487282 0.138547748 -0.027423266 0.028935988 0.012585576 0.999125779
1341845850.573894 -0.045923986 0.047901951 0.141235456 -0.027151328 0.029371861 0.012580475 0.999120533
1341845850.609794 -0.046366166 0.048815783 0.142229542 -0.025071507 0.029971141 0.012114628 0.999162853
1341845850.641744 -0.046523444 0.048185259 0.145516843 -0.025414200 0.029221170 0.011347007 0.999185443
1341845850.673755 -0.045097586 0.047715675 0.146645173 -0.023806512 0.028760234 0.009638000 0.999256372
1341845850.709784 -0.045068953 0.049020693 0.149401188 -0.022884028 0.030437013 0.008723438 0.999236643
1341845850.741802 -0.046885874 0.048045389 0.151635781 -0.022565611 0.030300340 0.010027861 0.999235809
1341845850.777740 -0.044061467 0.048935559 0.153179735 -0.021814387 0.028022161 0.010460474 0.999314547
1341845850.809756 -0.044747997 0.048532870 0.155608535 -0.021342343 0.029325258 0.009912804 0.999292910
1341845850.841900 -0.045155805 0.050313964 0.157373890 -0.021243561 0.028766982 0.009917670 0.999311209
1341845850.877766 -0.043961171 0.049432114 0.159833685 -0.022937940 0.027658619 0.009573315 0.999308407
1341845850.909781 -0.042976856 0.050299142 0.161561131 -0.023005923 0.028299052 0.009292466 0.999291539
1341845850.941758 -0.043430839 0.050740551 0.164487347 -0.024211971 0.029122807 0.009953727 0.999233007
1341845850.977762 -0.043947879 0.050181430 0.166574463 -0.024809530 0.028628372 0.012371435 0.999205589
1341845851.009834 -0.043413896 0.052065820 0.168236375 -0.023956466 0.027544633 0.014749538 0.999224603
1341845851.045751 -0.042910822 0.052538712 0.170826674 -0.025362222 0.028050121 0.015866848 0.999158740
1341845851.077894 -0.042683154 0.051292717 0.174178407 -0.025179014 0.028356513 0.018249242 0.999114037
1341845851.109747 -0.043499656 0.054400142 0.174968556 -0.023118282 0.028386425 0.018881205 0.999151289
1341845851.145889 -0.042931832 0.055936497 0.176858053 -0.025367964 0.026672808 0.017064858 0.999176562
1341845851.177904 -0.040936891 0.054729637 0.179172307 -0.028059781 0.026769150 0.014172363 0.999147296
1341845851.209882 -0.044357136 0.056035411 0.180414394 -0.028937254 0.028748039 0.011926944 0.999096572
1341845851.251733 -0.045233764 0.054806888 0.183968723 -0.031843778 0.025834884 0.011239434 0.999095738
1341845851.277783 -0.040476367 0.054293294 0.185982749 -0.030762134 0.023752932 0.010734233 0.999186814
1341845851.313813 -0.042883717 0.055016946 0.187198564 -0.028886413 0.027396558 0.010891537 0.999147832
1341845851.345834 -0.045315593 0.054861005 0.189628378 -0.028110616 0.026385443 0.013536223 0.999164820
1341845851.377718 -0.043202277 0.056034282 0.191277295 -0.025205476 0.022879029 0.016218584 0.999288857
1341845851.413805 -0.043266550 0.058817260 0.190436259 -0.024770964 0.022666372 0.015504692 0.999315858
1341845851.445896 -0.045902815 0.057545524 0.192181870 -0.028651884 0.021692866 0.014084212 0.999254763
1341845851.478163 -0.044816062 0.057957832 0.193664506 -0.028707894 0.017707661 0.014535597 0.999325275
1341845851.514640 -0.042581808 0.060129486 0.194646597 -0.029460620 0.016785761 0.014880114 0.999314249
1341845851.546201 -0.043816734 0.059619527 0.196173534 -0.032409158 0.018181104 0.015275395 0.999192536
1341845851.581975 -0.042335175 0.057974685 0.198687032 -0.033609964 0.017542314 0.019669043 0.999087453
1341845851.616214 -0.042690691 0.059435975 0.198539019 -0.030211441 0.019024137 0.024535548 0.999061227
1341845851.645895 -0.044482891 0.061257433 0.200282201 -0.031116743 0.019086212 0.026789712 0.998974383
1341845851.681977 -0.041664340 0.058623921 0.202905074 -0.032170393 0.016574834 0.026710218 0.998987973
1341845851.714139 -0.042566478 0.060840584 0.202765062 -0.029410597 0.017897015 0.026141889 0.999065220
1341845851.745927 -0.044341423 0.061387386 0.204706714 -0.030116061 0.016543871 0.027760033 0.999023914
1341845851.781911 -0.040978588 0.060523346 0.205757827 -0.031257465 0.013337083 0.026686845 0.999066055
1341845851.813848 -0.039866805 0.060550500 0.205861330 -0.030156115 0.014651877 0.024283890 0.999142766
1341845851.849910 -0.041629631 0.059866689 0.206961229 -0.030621335 0.015466639 0.022676887 0.999154091
1341845851.881832 -0.038780995 0.055500973 0.208296433 -0.029745264 0.013558978 0.021788932 0.999228060
1341845851.913735 -0.037301164 0.060583804 0.205579072 -0.024023870 0.015686393 0.018521644 0.999416709
1341845851.949904 -0.038744852 0.058980923 0.207354516 -0.026593149 0.017457353 0.014989685 0.999381483
1341845851.982005 -0.035247631 0.056937486 0.206041858 -0.025039362 0.016608713 0.013426524 0.999458313
1341845852.017909 -0.035447806 0.058785204 0.204922214 -0.023290804 0.019351956 0.012223572 0.999466658
1341845852.050012 -0.034507550 0.058764484 0.203622028 -0.023770299 0.021354998 0.010113354 0.999438167
1341845852.082035 -0.033676445 0.057392824 0.203130186 -0.024483917 0.024603687 0.009224635 0.999354839
1341845852.121076 -0.033782065 0.058803186 0.201159641 -0.022699030 0.027597994 0.009929388 0.999312043
1341845852.163838 -0.032553870 0.057474226 0.201055586 -0.024427433 0.030709922 0.010389215 0.999175847
1341845852.190660 -0.033597440 0.058058139 0.199306726 -0.022680588 0.033716436 0.011841874 0.999103904
1341845852.223981 -0.034728948 0.056710154 0.198577940 -0.023823950 0.034522004 0.012804247 0.999037921
1341845852.257664 -0.034739740 0.056045488 0.196715117 -0.022088265 0.034281898 0.013407895 0.999078155
1341845852.286726 -0.036142234 0.058558777 0.195047200 -0.021420455 0.034519020 0.013800599 0.999079168
1341845852.317924 -0.036799770 0.056806445 0.193743557 -0.023760647 0.032136843 0.014376806 0.999097586
1341845852.349834 -0.035623826 0.056085069 0.192120314 -0.024421096 0.030932991 0.016394721 0.999088585
1341845852.385657 -0.038192946 0.055829640 0.190763652 -0.024060342 0.030431645 0.018765511 0.999071062
1341845852.417731 -0.037226778 0.056900796 0.188100189 -0.024988530 0.026830146 0.018683564 0.999153018
1341845852.449741 -0.035804857 0.054766584 0.186278254 -0.026999282 0.026280526 0.017843641 0.999130666
1341845852.485861 -0.038306125 0.056422077 0.183102489 -0.026580466 0.025925333 0.016109779 0.999180615
1341845852.517876 -0.039101701 0.054928057 0.181364372 -0.029836819 0.023770204 0.014367233 0.999168813
1341845852.553887 -0.039280865 0.052798860 0.179209501 -0.029055940 0.022171561 0.017087923 0.999185741
1341845852.585754 -0.041007470 0.055813450 0.175837234 -0.027513372 0.021420088 0.018618079 0.999218524
1341845852.617891 -0.042027239 0.054229800 0.173423067 -0.029517155 0.019457130 0.018525997 0.999203146
1341845852.653840 -0.041058075 0.055236220 0.170345709 -0.028969459 0.018019922 0.017852759 0.999258399
1341845852.685926 -0.042968787 0.054341115 0.167003602 -0.030342493 0.019115588 0.016990237 0.999212325
1341845852.717821 -0.044830061 0.053748749 0.164469600 -0.030763198 0.017939534 0.019726254 0.999171019
1341845852.753958 -0.042538919 0.054353222 0.160805508 -0.030058507 0.016976915 0.022368187 0.999153614
1341845852.785766 -0.044288274 0.055219419 0.158010051 -0.031494658 0.020276232 0.022031110 0.999055386
1341845852.822784 -0.046313085 0.053298015 0.155384794 -0.032110468 0.020188140 0.023832290 0.998996198
1341845852.853750 -0.044524893 0.055544104 0.151825935 -0.031417593 0.019356878 0.023810549 0.999035180
1341845852.885924 -0.045917861 0.053757839 0.149337128 -0.032755725 0.022326633 0.022792570 0.998953998
1341845852.921581 -0.047947522 0.055024847 0.146852016 -0.031516377 0.023177110 0.022823591 0.998973787
1341845852.953977 -0.046050839 0.052617699 0.143751621 -0.031299427 0.023818433 0.022388531 0.998975396
1341845852.989721 -0.048682898 0.055834901 0.140283942 -0.027596807 0.026518613 0.020944830 0.999047816
1341845853.021716 -0.052189250 0.056980096 0.138164401 -0.031099997 0.024952747 0.017923873 0.999044001
1341845853.053750 -0.050870776 0.055252459 0.135796547 -0.031302921 0.022169907 0.018361945 0.999095321
1341845853.089814 -0.051083539 0.058645178 0.132423729 -0.030391317 0.021613423 0.017958654 0.999143004
1341845853.121864 -0.052055288 0.056176968 0.131463081 -0.033938196 0.020445289 0.017155232 0.999067485
1341845853.159690 -0.051755708 0.054784581 0.128701940 -0.032466486 0.020199399 0.018202791 0.999102890
1341845853.195824 -0.053848598 0.056574233 0.125332743 -0.029832078 0.020766849 0.018892877 0.999160588
1341845853.227731 -0.053731970 0.056578569 0.122007526 -0.030674849 0.019630382 0.018480308 0.999165714
1341845853.263703 -0.053185545 0.054155257 0.120044626 -0.030560510 0.020181790 0.018127037 0.999164760
1341845853.296490 -0.055531219 0.054807961 0.116062410 -0.027797272 0.021922089 0.017680703 0.999216735
1341845853.327753 -0.057845317 0.054987945 0.112778664 -0.026835982 0.020966388 0.018363530 0.999251246
1341845853.363891 -0.055369940 0.054019850 0.110851660 -0.026280299 0.019250365 0.018921278 0.999290109
1341845853.395726 -0.056215696 0.054699022 0.106339030 -0.024168367 0.021748053 0.017635331 0.999315739
1341845853.463774 -0.059781805 0.053651541 0.099595889 -0.024639560 0.020835981 0.017419051 0.999327421
1341845853.489803 -0.059670821 0.056265879 0.095993236 -0.023367278 0.021364948 0.015424595 0.999379575
1341845853.525799 -0.062871717 0.055668164 0.094206646 -0.025582578 0.021765312 0.014281498 0.999333680
1341845853.557770 -0.062282406 0.054163948 0.090928525 -0.025465107 0.019165929 0.015623505 0.999369860
1341845853.589705 -0.062279657 0.055177029 0.087364428 -0.024448195 0.018956902 0.016009079 0.999393165
1341845853.625908 -0.064638883 0.056014840 0.084188148 -0.024325138 0.019131059 0.016185749 0.999389946
1341845853.657783 -0.064510837 0.054962043 0.081230834 -0.024975663 0.017857213 0.016949024 0.999384880
1341845853.689930 -0.063532829 0.054975592 0.077450782 -0.022840951 0.018256625 0.018208943 0.999406517
1341845853.725779 -0.065483868 0.056644216 0.073728845 -0.021649055 0.020017367 0.018526265 0.999393523
1341845853.757962 -0.066304170 0.055032253 0.071557917 -0.022299133 0.020351915 0.020729553 0.999329209
1341845853.793750 -0.067228429 0.055555668 0.067601040 -0.019792508 0.020822573 0.022207746 0.999340534
1341845853.825783 -0.068174623 0.057039350 0.063787565 -0.019490896 0.021122200 0.021798680 0.999349177
1341845853.857700 -0.070705503 0.055905897 0.061892442 -0.020256318 0.021001548 0.020892080 0.999355853
1341845853.893805 -0.071434274 0.056013703 0.058341477 -0.019211955 0.018975800 0.019754248 0.999440134
1341845853.925836 -0.070377171 0.059746534 0.054512981 -0.019385697 0.017844774 0.015228126 0.999536812
1341845853.957735 -0.070794895 0.056812108 0.054049361 -0.022553351 0.019140592 0.011804811 0.999492705
1341845853.993852 -0.073338300 0.055712268 0.052502722 -0.020895474 0.019715926 0.014393389 0.999483645
1341845854.025830 -0.073098116 0.058076791 0.048597328 -0.018403709 0.018297782 0.015935851 0.999536157
1341845854.061903 -0.071311496 0.061803944 0.046185147 -0.020022320 0.018966082 0.011661053 0.999551594
1341845854.093760 -0.075499527 0.057320420 0.046230525 -0.022962015 0.021078290 0.009250678 0.999471307
1341845854.125736 -0.078266941 0.058905933 0.043523829 -0.020406421 0.018900568 0.009865711 0.999564409
1341845854.161837 -0.074793570 0.061918471 0.040542755 -0.020106250 0.015022871 0.010040957 0.999634564
1341845854.193844 -0.073801123 0.063529499 0.037826080 -0.022521030 0.017082000 0.007288304 0.999573827
1341845854.229884 -0.077398993 0.061723098 0.037720148 -0.024766030 0.018757738 0.009210896 0.999474823
1341845854.261692 -0.076916322 0.063187674 0.034747288 -0.024386821 0.016193746 0.013934277 0.999474287
1341845854.293781 -0.074905485 0.063718297 0.032283977 -0.024773084 0.015923217 0.016979778 0.999422073
1341845854.330249 -0.076386906 0.066153929 0.029012918 -0.025510663 0.018390201 0.017096037 0.999359131
1341845854.361687 -0.078348756 0.065026112 0.028261453 -0.029016577 0.018880483 0.017741658 0.999243081
1341845854.393726 -0.078262404 0.062990852 0.027290316 -0.029305765 0.017735884 0.020115614 0.999210656
1341845854.429762 -0.074386530 0.065304913 0.023961632 -0.028040506 0.018634109 0.019854620 0.999235868
1341845854.462072 -0.077959783 0.064117663 0.024270037 -0.030208619 0.022701440 0.019088821 0.999103427
1341845854.497796 -0.077919096 0.060797080 0.025387149 -0.028182631 0.023072146 0.023068240 0.999070227
1341845854.529719 -0.077069737 0.063962907 0.021320250 -0.024560900 0.023263494 0.023713792 0.999146283
1341845854.561884 -0.078302309 0.064345874 0.021137709 -0.026329609 0.024952086 0.020548124 0.999130607
1341845854.597860 -0.080638438 0.062437251 0.020952232 -0.027589604 0.024409574 0.016680578 0.999182045
1341845854.629736 -0.078882769 0.062461793 0.019338965 -0.027619118 0.021667780 0.013647526 0.999290466
1341845854.662835 -0.078649417 0.061675422 0.019055286 -0.028354660 0.021435825 0.011763834 0.999298811
1341845854.697815 -0.078911163 0.060305178 0.018671878 -0.027697075 0.021455741 0.012746238 0.999304771
1341845854.729806 -0.079065382 0.059871856 0.017693724 -0.025136378 0.020840744 0.013349498 0.999377608
1341845854.765688 -0.077741295 0.061216865 0.014431696 -0.023163993 0.019488819 0.012060422 0.999468923
1341845854.797997 -0.077480808 0.061424736 0.013889428 -0.023507329 0.020484237 0.009481365 0.999468803
1341845854.829779 -0.079804368 0.060734890 0.012667747 -0.023563094 0.020613596 0.009191724 0.999467552
1341845854.865670 -0.079127394 0.059908748 0.009565593 -0.023426866 0.018324645 0.007512722 0.999529421
1341845854.897712 -0.076035887 0.061957885 0.006058396 -0.024002219 0.018274393 0.004431772 0.999535024
1341845854.930302 -0.077340923 0.059053902 0.006146675 -0.026550883 0.020676032 0.004838953 0.999421954
1341845854.965801 -0.079121679 0.059097331 0.003160420 -0.025747579 0.020790268 0.007201006 0.999426365
1341845854.997629 -0.076990195 0.060694698 -0.000685578 -0.025827151 0.019767983 0.008023230 0.999438763
1341845855.033841 -0.077137187 0.060388949 -0.001030053 -0.027076187 0.022109251 0.008422629 0.999353349
1341845855.065777 -0.081569023 0.059508048 -0.003623070 -0.026727393 0.023101201 0.011345833 0.999311388
1341845855.097795 -0.082415648 0.062314689 -0.007086123 -0.026241055 0.018973380 0.013698890 0.999381721
1341845855.133841 -0.080386579 0.062306575 -0.007484698 -0.028068451 0.016655928 0.012625647 0.999387503
1341845855.165831 -0.082363158 0.061371505 -0.009623050 -0.029539742 0.016578587 0.011575427 0.999359071
1341845855.201780 -0.085966930 0.061369289 -0.010507938 -0.030096730 0.013556633 0.012217404 0.999380350
1341845855.233747 -0.083055608 0.061386567 -0.012867239 -0.031023173 0.008781451 0.012266846 0.999404848
1341845855.265823 -0.082483336 0.059757598 -0.012420889 -0.031527285 0.008934260 0.011444117 0.999397457
1341845855.301716 -0.084253386 0.058651682 -0.014070856 -0.029689688 0.009449228 0.013500204 0.999423325
1341845855.333726 -0.085564308 0.058842957 -0.015315830 -0.027056515 0.008239249 0.017446557 0.999447703
1341845855.365773 -0.084468596 0.060077522 -0.018504141 -0.025860421 0.005916047 0.021216795 0.999422848
1341845855.401892 -0.083821446 0.059832599 -0.018818313 -0.026080713 0.006511678 0.021530904 0.999406755
1341845855.433652 -0.085853167 0.058024608 -0.020049471 -0.024791315 0.007109007 0.023666678 0.999387205
1341845855.469817 -0.086800933 0.058726199 -0.022140251 -0.023317093 0.005060625 0.025695732 0.999385059
1341845855.502750 -0.086081825 0.059522916 -0.023743255 -0.022561779 0.003125995 0.025696762 0.999410272
1341845855.533846 -0.085462943 0.059554331 -0.026478296 -0.021860512 0.003725248 0.022297869 0.999505401
1341845855.569986 -0.087703630 0.058576692 -0.027039632 -0.022393731 0.004652856 0.020036066 0.999537587
1341845855.601707 -0.088451527 0.055550970 -0.026494361 -0.021974258 0.002943396 0.020385876 0.999546349
1341845855.633953 -0.088269085 0.057062685 -0.029313300 -0.018835297 0.001421615 0.018360332 0.999652982
1341845855.669628 -0.089768425 0.059494879 -0.032584567 -0.018906130 0.002121927 0.014971527 0.999706924
1341845855.701786 -0.090911359 0.056480017 -0.030056730 -0.021621305 0.000385005 0.013733893 0.999671817
1341845855.737762 -0.090002991 0.054954749 -0.031447519 -0.019986484 -0.002076044 0.014574794 0.999691844
1341845855.769674 -0.091949433 0.056427363 -0.033159550 -0.018766724 -0.003231019 0.015472775 0.999698937
1341845855.802152 -0.090714633 0.057746500 -0.034300707 -0.019170467 -0.005456433 0.014115733 0.999701679
1341845855.837801 -0.090561010 0.055493139 -0.033903766 -0.020300804 -0.005616690 0.012723494 0.999697208
1341845855.869788 -0.089965016 0.054934703 -0.035818264 -0.018950965 -0.005634237 0.012838215 0.999722123
1341845855.901958 -0.090699963 0.056156620 -0.036906779 -0.018420491 -0.005282992 0.013515906 0.999725044
1341845855.937711 -0.089422792 0.055222917 -0.038021214 -0.018489420 -0.005724545 0.013808461 0.999717295
1341845855.969840 -0.088384569 0.055561971 -0.038467925 -0.017668080 -0.004702146 0.013818407 0.999737382
1341845856.005711 -0.089463346 0.056177445 -0.041141380 -0.017454714 -0.003481732 0.014824474 0.999731719
1341845856.038077 -0.088262923 0.054897942 -0.040933125 -0.017796550 -0.003395359 0.017546969 0.999681890
1341845856.069815 -0.088244841 0.057020154 -0.044349942 -0.016054409 -0.002514850 0.019905763 0.999669790
1341845856.105773 -0.089817122 0.060252246 -0.045679718 -0.017799539 -0.001746859 0.021229958 0.999614656
1341845856.137725 -0.089565739 0.058644094 -0.046030693 -0.020946095 -0.002611401 0.021997444 0.999535203
1341845856.169966 -0.087275535 0.061627876 -0.048407763 -0.021913307 -0.002877788 0.021885160 0.999516189
1341845856.205833 -0.088088900 0.061245624 -0.047959324 -0.025775939 -0.001370687 0.022419799 0.999415338
1341845856.237587 -0.089240730 0.059262723 -0.048556142 -0.027357498 -0.001763070 0.024123708 0.999333024
1341845856.273683 -0.087732941 0.060882047 -0.050626297 -0.027405404 -0.002299567 0.024917703 0.999311149
1341845856.305723 -0.087948881 0.060778365 -0.050981533 -0.028333275 -0.000676970 0.025426591 0.999274850
1341845856.337653 -0.089596570 0.060795274 -0.051441114 -0.028867124 0.000102249 0.026447210 0.999233365
1341845856.373714 -0.089998722 0.059199341 -0.052403167 -0.028520200 -0.001053714 0.028196035 0.999194920
1341845856.405678 -0.089529008 0.061399978 -0.054757915 -0.026770687 -0.002069631 0.028519327 0.999232590
1341845856.441799 -0.090040900 0.061798319 -0.055594124 -0.027985264 -0.001798483 0.026044674 0.999267399
1341845856.473680 -0.090794072 0.059623055 -0.055769343 -0.029237883 -0.002563466 0.024715649 0.999263585
1341845856.505768 -0.090906054 0.061006919 -0.056803565 -0.028310385 -0.004144945 0.023966936 0.999303222
1341845856.541718 -0.088945150 0.063128486 -0.058716223 -0.029260578 -0.003436815 0.022149181 0.999320507
1341845856.573678 -0.090652347 0.059368297 -0.056970619 -0.031504631 -0.001917238 0.023013074 0.999236763
1341845856.605758 -0.091546334 0.060206223 -0.057892375 -0.030021982 -0.002950862 0.025348973 0.999223411
1341845856.641782 -0.088499874 0.059477426 -0.057977624 -0.029236671 -0.003705100 0.026358411 0.999218047
1341845856.673977 -0.089147106 0.062466718 -0.060215972 -0.027590377 -0.000907409 0.025138929 0.999302745
1341845856.709876 -0.091976114 0.060708590 -0.059463523 -0.030392008 -0.000083179 0.026409788 0.999189079
1341845856.741736 -0.089927875 0.057178494 -0.057799593 -0.029220913 -0.002852549 0.029888880 0.999121904
1341845856.773960 -0.088330694 0.062840231 -0.062780291 -0.025507813 -0.001464810 0.027503219 0.999295115
1341845856.809797 -0.092212290 0.062716424 -0.062521495 -0.029157005 0.000759918 0.025331939 0.999253511
1341845856.841746 -0.092169046 0.060540512 -0.061929736 -0.030808188 -0.001172839 0.025592167 0.999196947
1341845856.873762 -0.090211771 0.062523030 -0.063233100 -0.030811071 -0.001580989 0.025329610 0.999202967
1341845856.915904 -0.090576239 0.064094953 -0.064124510 -0.032586083 -0.000484365 0.024517877 0.999168038
1341845856.942391 -0.090086654 0.063149489 -0.063830465 -0.035332579 -0.000140905 0.024274275 0.999080777
1341845856.977900 -0.090226024 0.062436599 -0.062921003 -0.035956837 0.000243847 0.025806377 0.999020040
1341845857.009735 -0.089796335 0.061795756 -0.064049803 -0.035624914 0.000098714 0.029139910 0.998940289
1341845857.041737 -0.088543512 0.062064666 -0.065065354 -0.034346983 0.000331145 0.031379081 0.998917162
1341845857.077896 -0.089175366 0.063122459 -0.067430504 -0.033208549 0.001632705 0.031372834 0.998954594
1341845857.109633 -0.089719452 0.064184569 -0.069274947 -0.033969376 0.001694094 0.029739590 0.998978853
1341845857.141583 -0.088129513 0.063216060 -0.070339821 -0.035725143 0.001346660 0.027849125 0.998972654
1341845857.178255 -0.086821511 0.062319979 -0.071841910 -0.035880167 0.002945090 0.024145495 0.999060035
1341845857.209846 -0.088189296 0.063237831 -0.073485553 -0.036377698 0.004867839 0.021811733 0.999088168
1341845857.245767 -0.088351518 0.060791295 -0.072996601 -0.037679650 0.004290405 0.021739222 0.999044180
1341845857.277737 -0.086593233 0.060970765 -0.074849144 -0.036138754 0.004294825 0.020786528 0.999121368
1341845857.309994 -0.087665126 0.060736533 -0.076701209 -0.035151482 0.005762746 0.019891696 0.999167383
1341845857.345862 -0.088398635 0.062164512 -0.078974627 -0.035090722 0.005911443 0.019112384 0.999183893
1341845857.377787 -0.087101191 0.058783688 -0.077655524 -0.036026437 0.005286929 0.019363755 0.999149263
1341845857.413693 -0.088250741 0.061023440 -0.080170460 -0.034224585 0.005291601 0.018869512 0.999221981
1341845857.445790 -0.089299805 0.062100962 -0.080911137 -0.035966724 0.004644047 0.019263331 0.999156535
1341845857.477853 -0.087857924 0.059216376 -0.079276338 -0.037153531 0.003044778 0.019829346 0.999108195
1341845857.513902 -0.087372795 0.061252538 -0.082599603 -0.035375450 0.003932700 0.018167112 0.999201238
1341845857.545992 -0.087040767 0.058927752 -0.081194818 -0.037143491 0.004177007 0.018391421 0.999131918
1341845857.577776 -0.085503392 0.058238592 -0.081734791 -0.036063381 0.004159934 0.019112451 0.999158084
1341845857.613882 -0.083273694 0.057366565 -0.081791200 -0.034196664 0.005479945 0.019574812 0.999208331
1341845857.646056 -0.082217984 0.057878755 -0.082639039 -0.032265343 0.007497461 0.021203876 0.999226272
1341845857.681834 -0.081203885 0.056832917 -0.083533503 -0.031598549 0.009371657 0.022858454 0.999195278
1341845857.713765 -0.078811891 0.054790091 -0.086105607 -0.030052049 0.012399974 0.022240343 0.999223948
1341845857.745825 -0.079381876 0.054516815 -0.085991487 -0.027817223 0.016142074 0.022999398 0.999218047
1341845857.781799 -0.079217032 0.055850681 -0.088408627 -0.026191818 0.016876163 0.023661785 0.999234378
1341845857.813817 -0.076764040 0.055453129 -0.090150148 -0.026705256 0.017622206 0.022759667 0.999228835
1341845857.846046 -0.076720476 0.054471985 -0.090951577 -0.026942700 0.019798456 0.022367341 0.999190569
1341845857.881939 -0.077688575 0.057148010 -0.092949793 -0.027166916 0.020683479 0.021868041 0.999177635
1341845857.913666 -0.077265710 0.058151122 -0.094692722 -0.031154109 0.020123880 0.019228598 0.999126971
1341845857.949845 -0.077935100 0.056527611 -0.094718054 -0.034836628 0.018821854 0.017884865 0.999055684
1341845857.982166 -0.078436717 0.056368861 -0.095635056 -0.036969282 0.016649166 0.017965421 0.999016166
1341845858.013803 -0.077375956 0.055730619 -0.096504331 -0.038801104 0.013901091 0.019580018 0.998958409
1341845858.050247 -0.076628931 0.057298250 -0.097670257 -0.038824081 0.012261873 0.020246953 0.998965621
1341845858.081715 -0.077366538 0.060905270 -0.100604445 -0.040808465 0.012121638 0.018892594 0.998914838
1341845858.113782 -0.077344954 0.058945261 -0.099669740 -0.045784481 0.010403397 0.019703925 0.998702824
1341845858.149725 -0.076347210 0.060359195 -0.101565771 -0.047971461 0.009049577 0.020115323 0.998605132
1341845858.181831 -0.076372556 0.058153570 -0.099918790 -0.051580779 0.008400748 0.021959368 0.998392045
1341845858.217730 -0.076831527 0.057782948 -0.101412177 -0.051997159 0.006108579 0.024169918 0.998336017
1341845858.281842 -0.075450025 0.059007380 -0.102822721 -0.054789092 0.006390966 0.018413233 0.998307705
1341845858.317768 -0.077282421 0.057591062 -0.102722868 -0.054799054 0.004569701 0.018791854 0.998310089
1341845858.349904 -0.075334914 0.058682986 -0.104002997 -0.054169517 0.001721676 0.018720366 0.998354793
1341845858.381855 -0.072831988 0.058588728 -0.104557730 -0.054646093 0.001904192 0.016638992 0.998365343
1341845858.417827 -0.073658869 0.056737963 -0.104214981 -0.054778360 0.003491808 0.016708246 0.998352647
1341845858.449872 -0.075615503 0.057655327 -0.105803065 -0.052172694 0.002986704 0.016672241 0.998494446
1341845858.485842 -0.074466482 0.058324642 -0.106759526 -0.052171245 0.001669606 0.015127085 0.998522162
1341845858.517682 -0.074744754 0.057098508 -0.106725849 -0.052699026 0.001488884 0.013515580 0.998517871
1341845858.549803 -0.074966460 0.056682043 -0.106892638 -0.051919386 0.000623011 0.012562459 0.998572052
1341845858.585823 -0.074400403 0.056702156 -0.107644439 -0.051286913 -0.000693890 0.012661456 0.998603463
1341845858.618138 -0.072571598 0.058739703 -0.109664977 -0.051831316 -0.000596076 0.010033427 0.998605251
1341845858.654134 -0.074460283 0.056939956 -0.108934604 -0.053763073 0.001141834 0.009870948 0.998504281
1341845858.685756 -0.074950658 0.057430200 -0.109056234 -0.053440955 -0.000159605 0.011985037 0.998499036
1341845858.717690 -0.072113059 0.057202391 -0.110839486 -0.053453915 -0.000710579 0.011777589 0.998500586
1341845858.753674 -0.071983039 0.059757326 -0.113741226 -0.054264434 0.001968297 0.009702348 0.998477519
1341845858.785618 -0.073779285 0.057902198 -0.111908145 -0.057759568 0.003312705 0.010090793 0.998274028
1341845858.817756 -0.073379576 0.054905366 -0.110391222 -0.057848509 0.002251075 0.012304652 0.998246968
1341845858.853864 -0.071658507 0.056807887 -0.113231093 -0.055914469 0.002568194 0.012086287 0.998359084
1341845858.885702 -0.072076850 0.057686351 -0.113866970 -0.057403497 0.004198091 0.009392339 0.998298049
1341845858.922000 -0.072410904 0.054940443 -0.112705678 -0.059364762 0.004079276 0.008771456 0.998189509
1341845858.954158 -0.070747092 0.054600906 -0.113228679 -0.058057912 0.003762110 0.008041563 0.998273730
1341845858.985944 -0.069352977 0.056027398 -0.116497822 -0.057601813 0.005288925 0.007213237 0.998299599
1341845859.021830 -0.070746571 0.058553092 -0.117911384 -0.059776638 0.006850644 0.005583560 0.998172641
1341845859.053720 -0.069898248 0.056153081 -0.117438406 -0.062887400 0.006709679 0.004675929 0.997987151
1341845859.085862 -0.068588629 0.055495583 -0.118740872 -0.063587993 0.007048065 0.005501877 0.997936189
1341845859.121873 -0.069310166 0.057903446 -0.120638862 -0.064641394 0.008383146 0.004630773 0.997862577
1341845859.153800 -0.068094268 0.055579886 -0.119196750 -0.067437701 0.008907838 0.004490057 0.997673631
1341845859.189853 -0.068992786 0.054874979 -0.119607605 -0.067316502 0.009660396 0.004042184 0.997676730
1341845859.221654 -0.068035625 0.055439468 -0.121004336 -0.067483328 0.010212977 0.002532435 0.997664928
1341845859.253689 -0.066848598 0.055782385 -0.122923724 -0.068911165 0.011268180 -0.001339895 0.997558236
1341845859.289745 -0.068254367 0.055497803 -0.122055821 -0.071038641 0.013186925 -0.004937190 0.997374177
1341845859.321911 -0.067541182 0.052939720 -0.121565126 -0.072467335 0.013149009 -0.006009862 0.997266054
1341845859.353758 -0.064364433 0.052644569 -0.122300558 -0.072006375 0.013446363 -0.006734262 0.997290790
1341845859.389950 -0.063956156 0.052244872 -0.121958151 -0.071610548 0.015402997 -0.007098639 0.997288465
1341845859.421715 -0.063851282 0.051212892 -0.124326602 -0.071679205 0.017151982 -0.009012403 0.997239530
1341845859.457807 -0.064223751 0.051138606 -0.125032470 -0.071672983 0.019767016 -0.011231812 0.997169018
1341845859.489859 -0.065021142 0.051109623 -0.125022262 -0.072069645 0.021490632 -0.011303389 0.997103989
1341845859.521735 -0.063738763 0.049047865 -0.123824954 -0.072591737 0.022200739 -0.011506893 0.997048199
1341845859.557712 -0.063825585 0.048810616 -0.124828927 -0.070675664 0.023817424 -0.011848485 0.997144580
1341845859.589783 -0.062816910 0.049708471 -0.126254380 -0.070465207 0.025337042 -0.013036848 0.997107208
1341845859.625646 -0.061624039 0.048026115 -0.126693442 -0.070785381 0.027181221 -0.013586537 0.997028589
1341845859.657759 -0.060839951 0.047800872 -0.128349781 -0.069979921 0.030650070 -0.013843738 0.996981263
1341845859.689869 -0.063088492 0.048929464 -0.126914278 -0.069481231 0.033802640 -0.012222948 0.996935487
1341845859.725812 -0.061742183 0.046427153 -0.126007944 -0.067472123 0.033411920 -0.008817497 0.997122526
1341845859.757824 -0.059016991 0.047913320 -0.128029734 -0.064467244 0.034821566 -0.008679604 0.997274339
1341845859.789818 -0.061136425 0.047225472 -0.126911610 -0.063290000 0.037888832 -0.009028833 0.997234821
1341845859.825831 -0.061983943 0.046238687 -0.125956938 -0.060261533 0.037539355 -0.007817932 0.997445881
1341845859.857647 -0.060716894 0.046257574 -0.128316730 -0.056941327 0.037168667 -0.006801580 0.997662246
1341845859.893646 -0.060465530 0.047524456 -0.130281612 -0.056091893 0.038394455 -0.007075993 0.997662008
1341845859.925740 -0.061119627 0.048183165 -0.129298091 -0.056426007 0.038847908 -0.008667152 0.997613072
1341845859.957775 -0.062329549 0.046126693 -0.127324134 -0.056415696 0.037844077 -0.010284806 0.997636855
1341845859.993847 -0.061602801 0.045635890 -0.127619773 -0.053322945 0.035535414 -0.011312437 0.997880697
1341845860.025774 -0.061835457 0.046585139 -0.128422692 -0.051790036 0.034395248 -0.012662860 0.997985184
1341845860.057745 -0.065702759 0.046587437 -0.129040033 -0.050675936 0.031813946 -0.013351320 0.998118997
1341845860.093794 -0.063626207 0.046907131 -0.128204957 -0.049666252 0.027184671 -0.014463056 0.998291075
1341845860.125763 -0.062097147 0.045353569 -0.128143311 -0.048075724 0.024472659 -0.015451934 0.998424292
1341845860.161703 -0.064412437 0.046748705 -0.130130634 -0.046286412 0.022300662 -0.015698018 0.998555839
1341845860.193724 -0.065243296 0.045597758 -0.126262307 -0.045568202 0.017373960 -0.017199723 0.998661995
1341845860.225730 -0.063428037 0.045500118 -0.127652273 -0.042352512 0.013488477 -0.020123277 0.998808980
1341845860.261716 -0.064095661 0.046636365 -0.128291070 -0.040161222 0.011054781 -0.023038121 0.998866379
1341845860.294553 -0.067863755 0.042676505 -0.127982840 -0.039073933 0.007517793 -0.024890222 0.998897970
1341845860.325872 -0.064849466 0.043437757 -0.129328921 -0.034738086 0.001780755 -0.025756333 0.999062896
1341845860.361673 -0.063390665 0.044443693 -0.129213527 -0.033292241 -0.000921458 -0.026719691 0.999087989
1341845860.393714 -0.064399414 0.043382894 -0.130029038 -0.030919723 -0.003664068 -0.027178543 0.999145567
1341845860.429768 -0.064558193 0.045749497 -0.131376132 -0.029657979 -0.007130384 -0.028257452 0.999135196
1341845860.461780 -0.064088710 0.044471551 -0.131064788 -0.030530086 -0.010827742 -0.028798193 0.999060214
1341845860.493718 -0.062873550 0.044963483 -0.130853102 -0.030027647 -0.013066042 -0.027965477 0.999072313
1341845860.529831 -0.063023977 0.045621503 -0.132751003 -0.029915588 -0.015082696 -0.026642626 0.999083459
1341845860.567950 -0.061931141 0.047197074 -0.133414432 -0.030834049 -0.016842365 -0.027052892 0.999016404
1341845860.604131 -0.061691165 0.046485275 -0.133423582 -0.033040274 -0.017487818 -0.028766910 0.998886883
1341845860.638227 -0.062689431 0.046967316 -0.130753905 -0.034083415 -0.018165756 -0.029464390 0.998819411
1341845860.668441 -0.063363366 0.046392974 -0.130326435 -0.034517441 -0.019990453 -0.027521746 0.998825073
1341845860.706028 -0.062269215 0.045713536 -0.131016493 -0.033802133 -0.021949621 -0.025549049 0.998860776
1341845860.736338 -0.063224398 0.048580270 -0.134195387 -0.033614490 -0.022944791 -0.024325510 0.998875320
1341845860.772400 -0.064928435 0.046871670 -0.132351205 -0.036226239 -0.026269136 -0.022667808 0.998741090
1341845860.803824 -0.062449686 0.048597146 -0.133600697 -0.036441334 -0.029660089 -0.023552947 0.998617828
1341845860.871717 -0.065717839 0.047711540 -0.130703285 -0.039414704 -0.032391626 -0.023066638 0.998431385
1341845860.899176 -0.063119471 0.048290815 -0.132738516 -0.038760696 -0.035445418 -0.023263499 0.998348653
1341845860.929775 -0.062680632 0.049475942 -0.132286936 -0.039218970 -0.035560735 -0.025411652 0.998274326
1341845860.965899 -0.064631343 0.047424488 -0.131224751 -0.040095575 -0.036050443 -0.027102640 0.998177409
1341845860.997827 -0.063521080 0.046789549 -0.130797073 -0.039042752 -0.038065076 -0.026314670 0.998165488
1341845861.029961 -0.062689707 0.047521114 -0.132337049 -0.037351105 -0.039175324 -0.026328107 0.998186886
1341845861.065806 -0.062370826 0.048989348 -0.132093951 -0.038125664 -0.038423747 -0.027657269 0.998150826
1341845861.097631 -0.062409479 0.045751765 -0.131327599 -0.038332365 -0.038195148 -0.028717220 0.998121798
1341845861.133786 -0.061463576 0.046960749 -0.133247256 -0.037105255 -0.037467368 -0.029650815 0.998168468
1341845861.165622 -0.061241109 0.048137393 -0.132698566 -0.038094126 -0.036422856 -0.029853217 0.998163819
1341845861.197704 -0.061790381 0.045387015 -0.131095752 -0.038551915 -0.035363037 -0.029713251 0.998188496
1341845861.233683 -0.060538519 0.046328764 -0.132582933 -0.037253361 -0.034289882 -0.029904015 0.998269558
1341845861.265692 -0.062940843 0.045279633 -0.129880875 -0.037524391 -0.032898698 -0.029357120 0.998322487
1341845861.297700 -0.061831810 0.046552051 -0.131122097 -0.036467649 -0.033831742 -0.027351871 0.998387396
1341845861.333616 -0.060614318 0.047379412 -0.131347209 -0.037344605 -0.032464098 -0.028430574 0.998370230
1341845861.365694 -0.063206337 0.044638269 -0.128245369 -0.038021315 -0.031229272 -0.028317612 0.998387337
1341845861.407792 -0.062526003 0.046557717 -0.130100667 -0.035971180 -0.032649748 -0.026693376 0.998462617
1341845861.440894 -0.061481752 0.045182031 -0.129460901 -0.036744997 -0.032665703 -0.026551729 0.998437643
1341845861.472256 -0.061887600 0.044663422 -0.129375800 -0.035548344 -0.032281671 -0.026850512 0.998485506
1341845861.507634 -0.062250949 0.046034764 -0.129550934 -0.035227757 -0.032415371 -0.028056895 0.998459339
1341845861.539675 -0.062285565 0.044071823 -0.128611326 -0.035174459 -0.032963958 -0.028437259 0.998432517
1341845861.571790 -0.061043996 0.045544554 -0.129017383 -0.034062054 -0.032436401 -0.029211622 0.998466015
1341845861.607759 -0.062013913 0.045235083 -0.128230184 -0.034717683 -0.032160487 -0.029182658 0.998453200
1341845861.639739 -0.060901068 0.042922366 -0.126334220 -0.034551870 -0.032608129 -0.029077416 0.998447478
1341845861.671875 -0.060855776 0.044303700 -0.125546485 -0.032510377 -0.032348026 -0.028648222 0.998536944
1341845861.707829 -0.060882285 0.042190071 -0.124309435 -0.031615358 -0.032400612 -0.028743260 0.998561203
1341845861.739782 -0.058475628 0.043549005 -0.127936333 -0.029724415 -0.032265048 -0.032754853 0.998500168
1341845861.775717 -0.057167131 0.045049127 -0.126142487 -0.030799491 -0.031254608 -0.037043743 0.998349786
1341845861.807676 -0.059506677 0.041746315 -0.122493505 -0.031720545 -0.030789999 -0.037702445 0.998310745
1341845861.839701 -0.059157193 0.042708993 -0.123211518 -0.029591020 -0.032427527 -0.035755932 0.998395860
1341845861.875772 -0.058140658 0.043090239 -0.122850560 -0.029235570 -0.033800121 -0.034677356 0.998398840
1341845861.907742 -0.056638576 0.043486610 -0.122348011 -0.028930761 -0.034460552 -0.033803932 0.998415172
1341845861.939697 -0.057613358 0.043123107 -0.122042954 -0.028655007 -0.034760565 -0.032714605 0.998448968
1341845861.975661 -0.056914520 0.043759990 -0.123609744 -0.027846336 -0.036210842 -0.033644676 0.998389423
1341845862.007930 -0.055000845 0.043916807 -0.122662291 -0.028527414 -0.035907604 -0.035991360 0.998299301
1341845862.039647 -0.055706639 0.040606894 -0.120417565 -0.028503086 -0.034636851 -0.035326533 0.998368621
1341845862.075738 -0.054974038 0.040592548 -0.121445850 -0.025968719 -0.033801388 -0.033235438 0.998538196
1341845862.107644 -0.052903701 0.042445142 -0.123748645 -0.023957349 -0.032367397 -0.033927929 0.998612702
1341845862.143904 -0.052161042 0.045746684 -0.125043228 -0.024375802 -0.028903460 -0.037052121 0.998597801
1341845862.175702 -0.054901361 0.044084061 -0.122877859 -0.027530123 -0.026796142 -0.037634250 0.998552799
1341845862.207672 -0.053046174 0.045390721 -0.124031454 -0.028643019 -0.026429363 -0.039405990 0.998462915
1341845862.243827 -0.052786890 0.048241213 -0.124309629 -0.031707980 -0.024072718 -0.041058961 0.998363316
1341845862.275754 -0.055556610 0.044683255 -0.120331801 -0.036281236 -0.023332393 -0.040121663 0.998263240
1341845862.311739 -0.054820251 0.043241572 -0.118945301 -0.036270738 -0.024391588 -0.035996132 0.998395622
1341845862.343750 -0.052543148 0.042947486 -0.120250054 -0.035354305 -0.023965942 -0.032600362 0.998555422
1341845862.375792 -0.051258259 0.042954937 -0.120056041 -0.034541406 -0.021610083 -0.030164616 0.998714209
1341845862.411748 -0.050942332 0.042467806 -0.118324950 -0.033421580 -0.018556332 -0.028464820 0.998863578
1341845862.443696 -0.051142499 0.041573774 -0.118555851 -0.031467486 -0.015605058 -0.024995580 0.999070346
1341845862.479688 -0.049724393 0.041934084 -0.119424745 -0.028814286 -0.013964119 -0.021548223 0.999254882
1341845862.511723 -0.048049487 0.045962568 -0.119976744 -0.027066145 -0.011180606 -0.022406220 0.999319971
1341845862.543776 -0.049956221 0.044392560 -0.118743330 -0.028721880 -0.008628789 -0.022676054 0.999292910
1341845862.579869 -0.049491629 0.043073822 -0.119509198 -0.027932463 -0.008308095 -0.021578491 0.999342322
1341845862.611759 -0.047337350 0.043645985 -0.122275203 -0.026924878 -0.007531022 -0.020456569 0.999399722
1341845862.647939 -0.046842258 0.045600761 -0.123368025 -0.026836671 -0.005014605 -0.021051219 0.999405563
1341845862.679727 -0.048639916 0.043999512 -0.120694622 -0.027878225 -0.002958359 -0.021331074 0.999379337
1341845862.712299 -0.047807567 0.044458162 -0.121856980 -0.026611434 -0.002375574 -0.020748725 0.999427676
1341845862.747743 -0.046414744 0.044660352 -0.122079603 -0.026677245 -0.000688720 -0.021674253 0.999408841
1341845862.779732 -0.048176412 0.042873759 -0.121430866 -0.026221061 0.001778859 -0.023000699 0.999389946
1341845862.815767 -0.048920151 0.044008944 -0.121897407 -0.024321349 0.001870088 -0.023345774 0.999429822
1341845862.847856 -0.049511295 0.044549260 -0.122308075 -0.023923595 0.001228159 -0.023835685 0.999428868
1341845862.879714 -0.050279971 0.043784056 -0.122252442 -0.023648772 0.000568676 -0.024316702 0.999424398
1341845862.915725 -0.050145239 0.044344246 -0.122760467 -0.023330418 -0.000719232 -0.024809867 0.999419630
1341845862.947913 -0.048965324 0.043123692 -0.120857470 -0.022629648 -0.001291456 -0.023982927 0.999455392
1341845862.983749 -0.047512073 0.043847922 -0.124173261 -0.020915447 0.000027298 -0.023755532 0.999498963
1341845863.015854 -0.049603831 0.045719102 -0.124381252 -0.021352118 0.001679043 -0.024364755 0.999473691
1341845863.048281 -0.050832704 0.043243229 -0.122643247 -0.022286570 0.001336009 -0.024724407 0.999444962
1341845863.083795 -0.048772868 0.044970930 -0.124384418 -0.020901864 0.001171363 -0.025633518 0.999452174
1341845863.115808 -0.050525166 0.045603152 -0.123494290 -0.021988541 0.001693896 -0.026175994 0.999414027
1341845863.151916 -0.051573265 0.042993046 -0.122572184 -0.022059733 0.000572153 -0.025767347 0.999424338
1341845863.183716 -0.050143272 0.044302370 -0.124532655 -0.021043306 -0.000094464 -0.025191048 0.999461114
1341845863.215844 -0.049769700 0.044834815 -0.125372171 -0.021397775 0.000033422 -0.025247552 0.999452174
1341845863.251883 -0.050080806 0.044568256 -0.126041502 -0.022478081 0.000453348 -0.025959255 0.999410152
1341845863.283627 -0.050505981 0.043901123 -0.124446474 -0.023014696 0.000810603 -0.025595415 0.999407113
1341845863.315718 -0.050278127 0.045090318 -0.125511229 -0.022614634 0.000771094 -0.024792714 0.999436498
