1341845822.495728 -0.008345787 -0.003143845 0.001172820 0.013447449 0.016889159 -0.004581800 0.999756396
1341845822.527724 -0.011355051 -0.002772063 0.002420879 0.013606186 0.018301537 -0.004389513 0.999730289
1341845822.559648 -0.012062900 -0.002509620 0.002972307 0.012762765 0.017701086 -0.003416178 0.999756038
1341845822.595852 -0.009538228 -0.002910790 0.001380137 0.012370097 0.015092055 -0.003400020 0.999803841
1341845822.627724 -0.011037039 -0.002008074 0.001891766 0.012281911 0.016317982 -0.003362806 0.999785781
1341845822.663716 -0.012273312 -0.003566029 0.002338782 0.011035139 0.015679102 -0.000903458 0.999815762
1341845822.695601 -0.016979456 -0.005542011 0.004259366 0.013471400 0.016315430 0.002941743 0.999771833
1341845822.731816 -0.017022513 -0.003746153 0.004624357 0.017222496 0.015683314 0.004229525 0.999719739
1341845822.763760 -0.016811591 -0.003984920 0.003769060 0.017635988 0.015280294 0.005316298 0.999713540
1341845822.789911 -0.018624730 -0.003280472 0.004771436 0.018610239 0.017121315 0.004411039 0.999670506
1341845822.825897 -0.020231925 -0.003410217 0.005496255 0.017715227 0.019005802 0.004449311 0.999652505
1341845822.859721 -0.022001734 -0.004487859 0.006319895 0.017967559 0.019277986 0.005890344 0.999635339
1341845822.889712 -0.023095025 -0.004650909 0.006442397 0.020105453 0.017980909 0.007542606 0.999607682
1341845822.925900 -0.023028031 -0.004179578 0.006200471 0.021460259 0.016717603 0.007728600 0.999600053
1341845822.957708 -0.020890174 -0.004722941 0.004053511 0.021181412 0.015288196 0.006000886 0.999640763
1341845822.989939 -0.022639619 -0.005336755 0.004393764 0.021814708 0.016720612 0.005114632 0.999609113
1341845823.025889 -0.025536537 -0.004810064 0.007209314 0.024514122 0.018672528 0.005053271 0.999512315
1341845823.057775 -0.023501206 -0.005440929 0.005014202 0.025371457 0.018225258 0.005285306 0.999497950
1341845823.093671 -0.024750089 -0.005086776 0.005457222 0.026929298 0.021265406 0.005181081 0.999397695
1341845823.125951 -0.026714411 -0.004843360 0.006395927 0.027946619 0.023493471 0.005712604 0.999316990
1341845823.157773 -0.027476372 -0.004911331 0.006730343 0.028657047 0.025061114 0.006250025 0.999255538
1341845823.193885 -0.024136443 -0.004020130 0.004669216 0.029630894 0.022186304 0.005735966 0.999298155
1341845823.225800 -0.025261054 -0.004023205 0.004922086 0.027713012 0.021252219 0.005398876 0.999375403
1341845823.261842 -0.030824194 -0.004541336 0.007496526 0.027005015 0.024230568 0.005162478 0.999328256
1341845823.293622 -0.030478626 -0.003256881 0.006561464 0.026704986 0.023879835 0.004172734 0.999349415
1341845823.325746 -0.030248292 -0.003583712 0.006450888 0.022884687 0.025596857 0.003789629 0.999403179
1341845823.361852 -0.031863801 -0.005283145 0.008449123 0.021907203 0.029932542 0.003981455 0.999303877
1341845823.394013 -0.032071423 -0.005936761 0.006157980 0.023775473 0.032268520 0.006640817 0.999174356
1341845823.426028 -0.034224574 -0.005954137 0.006489970 0.025213815 0.034903742 0.009815127 0.999024391
1341845823.461869 -0.035369709 -0.005918591 0.006400454 0.026207000 0.034686491 0.011250092 0.998991251
1341845823.493758 -0.034368914 -0.005649831 0.006904002 0.026932131 0.034534834 0.011490066 0.998974442
1341845823.529780 -0.028463576 -0.005473692 0.003884006 0.027104072 0.030659184 0.010982770 0.999101996
1341845823.561916 -0.040547736 -0.006393915 0.009350299 0.026776293 0.039153107 0.013331722 0.998785436
1341845823.593678 -0.041746516 -0.006294045 0.009750499 0.027262440 0.036584012 0.014502467 0.998853385
1341845823.629815 -0.039209224 -0.006210880 0.008124978 0.027271537 0.034308258 0.014864420 0.998928547
1341845823.661750 -0.041370276 -0.006653892 0.008939877 0.026477292 0.036562432 0.014433988 0.998876274
1341845823.695523 -0.042313218 -0.009061649 0.007782135 0.026123513 0.034474172 0.015116013 0.998949766
1341845823.729635 -0.043309256 -0.008894024 0.008460439 0.030260628 0.031810671 0.016506130 0.998899341
1341845823.761810 -0.044003557 -0.008310802 0.008338772 0.033245012 0.029891511 0.017677303 0.998843729
1341845823.797871 -0.045838382 -0.007615253 0.008533771 0.033993591 0.028030723 0.018043159 0.998865962
1341845823.829660 -0.044728883 -0.008213125 0.006735347 0.033066358 0.023058293 0.015434608 0.999067903
1341845823.861808 -0.046248693 -0.009179749 0.006953689 0.033247404 0.020674841 0.013234613 0.999145627
1341845823.897727 -0.044773795 -0.008759985 0.005264497 0.033783466 0.014378648 0.011711564 0.999257088
1341845823.929826 -0.044951696 -0.009325177 0.004700714 0.033437263 0.011254273 0.010110940 0.999326289
1341845823.961797 -0.050925732 -0.008520040 0.008688269 0.032760873 0.015299447 0.007372703 0.999318898
1341845823.998070 -0.052532017 -0.009934259 0.008896939 0.030535795 0.015683502 0.004510471 0.999400437
1341845824.029656 -0.053484824 -0.009887609 0.009257454 0.031284876 0.015878566 0.004905079 0.999372303
1341845824.065768 -0.047357600 -0.009841005 0.005427587 0.031440903 0.011730581 0.006400165 0.999416292
1341845824.097956 -0.045885623 -0.008750004 0.005408517 0.031159032 0.015160995 0.007149312 0.999373853
1341845824.130299 -0.041157469 -0.008331610 -0.000709451 0.026261611 0.025902111 0.006764827 0.999296546
1341845824.165751 -0.054266084 -0.007672217 0.007785516 0.020849500 0.051106922 0.007364609 0.998448372
1341845824.197930 -0.052129734 -0.011069085 0.006163323 0.016728176 0.051734999 0.007247815 0.998494446
1341845824.229907 -0.054656338 -0.012377731 0.006903848 0.020172013 0.053440906 0.007010542 0.998342633
1341845824.265800 -0.057357222 -0.011236137 0.006927566 0.023818614 0.051389560 0.008324356 0.998359859
1341845824.298080 -0.064042024 -0.011471048 0.010375118 0.024773905 0.048467036 0.009436413 0.998472929
1341845824.333783 -0.055190317 -0.013077360 0.005432778 0.026416462 0.036456514 0.007500385 0.998957872
1341845824.365821 -0.055193413 -0.011880659 0.003889647 0.029636299 0.036891233 0.006705612 0.998857260
1341845824.398039 -0.057597484 -0.011251654 0.004526714 0.029426357 0.037487198 0.005987109 0.998845816
1341845824.433843 -0.059806470 -0.012092640 0.005333782 0.028655399 0.034790888 0.006063941 0.998965323
1341845824.465921 -0.059874602 -0.013351443 0.005051868 0.029112067 0.030548694 0.009320535 0.999065757
1341845824.501802 -0.061922435 -0.012031767 0.003896811 0.029892482 0.029558882 0.014754825 0.999006987
1341845824.533723 -0.063444167 -0.011737091 0.004162984 0.028127274 0.027774300 0.019278118 0.999032438
1341845824.565735 -0.064743444 -0.011737454 0.004281286 0.026164085 0.025455557 0.022404823 0.999082327
1341845824.601758 -0.065360412 -0.012550137 0.004610413 0.025245102 0.023411419 0.025754677 0.999075234
1341845824.633861 -0.066586137 -0.011822623 0.004950417 0.025325293 0.021879673 0.030050471 0.998987913
1341845824.665789 -0.069947258 -0.012801428 0.006450941 0.024274271 0.022513827 0.033520967 0.998889446
1341845824.701769 -0.071443513 -0.013287880 0.007000124 0.024661349 0.020287091 0.035847008 0.998846948
1341845824.733585 -0.071938574 -0.013106195 0.007400126 0.026104590 0.017796796 0.037469637 0.998798192
1341845824.769643 -0.073114052 -0.010487292 0.006875518 0.026629061 0.016817227 0.038708020 0.998754084
1341845824.801632 -0.075496785 -0.011903008 0.007502569 0.021713033 0.015028266 0.038280021 0.998918056
1341845824.833654 -0.075283848 -0.014544159 0.007621722 0.021331329 0.011678942 0.037526857 0.998999655
1341845824.869926 -0.064095289 -0.012111360 0.004029594 0.026551154 0.001338839 0.036525674 0.998979032
1341845824.902071 -0.065686233 -0.010609979 0.003583601 0.026815053 0.001195406 0.036809459 0.998961747
1341845824.933752 -0.065552175 -0.012327423 0.004221573 0.025770143 0.000624623 0.034002058 0.999089241
1341845824.969855 -0.065968946 -0.011206586 0.003562604 0.026980765 0.001933442 0.032360584 0.999110162
1341845825.001907 -0.066507578 -0.011387290 0.003104039 0.025292182 0.004955961 0.031889576 0.999159038
1341845825.037975 -0.068389900 -0.012071104 0.004379118 0.024457673 0.008883648 0.030332373 0.999201119
1341845825.075793 -0.071174689 -0.014395448 0.005097096 0.025294807 0.009629209 0.031251974 0.999145031
1341845825.107881 -0.069291271 -0.014824071 0.003871449 0.030887200 0.007366923 0.034281276 0.998907626
1341845825.143675 -0.069713309 -0.012992471 0.003513822 0.035354231 0.009269461 0.033048294 0.998785257
1341845825.175707 -0.072516769 -0.014015821 0.003513641 0.035056278 0.012484612 0.029515116 0.998871386
1341845825.211865 -0.073603921 -0.014026314 0.003714678 0.036295362 0.013265666 0.028628094 0.998842895
1341845825.243814 -0.073518604 -0.015656907 0.004037217 0.037194204 0.014467507 0.029647596 0.998763382
1341845825.275795 -0.075014099 -0.014617995 0.004010100 0.040600207 0.016653705 0.030500654 0.998570979
1341845825.311665 -0.077142395 -0.014914469 0.003401989 0.040890537 0.016244823 0.030967005 0.998551488
1341845825.343650 -0.077161118 -0.013670244 0.003107220 0.041716974 0.014082095 0.032645736 0.998496652
1341845825.379771 -0.078386776 -0.014454430 0.003453806 0.038899120 0.014575290 0.033314981 0.998581231
1341845825.411924 -0.079766273 -0.014598743 0.003862654 0.039683353 0.013762823 0.035187252 0.998497725
1341845825.443786 -0.081401996 -0.011651780 0.003874050 0.038512930 0.012108474 0.036263168 0.998526454
1341845825.480278 -0.082868680 -0.014024300 0.003002327 0.033089008 0.008468037 0.038501568 0.998674631
1341845825.511636 -0.083151616 -0.013441397 0.002972996 0.032111030 0.004556224 0.040261995 0.998662651
1341845825.547911 -0.083900340 -0.013133964 0.003993491 0.030110953 0.002390190 0.041291039 0.998690486
1341845825.579744 -0.083852313 -0.014297015 0.004371039 0.028480127 0.000836826 0.045012340 0.998580039
1341845825.611784 -0.085311681 -0.013942463 0.006042681 0.030379001 0.000695824 0.048936348 0.998339534
1341845825.648004 -0.083648734 -0.013738260 0.004451142 0.031552397 -0.001090321 0.046631467 0.998413146
1341845825.679708 -0.081964575 -0.014000191 0.003407513 0.032778602 -0.000950978 0.046200212 0.998393834
1341845825.711937 -0.085090362 -0.013687422 0.002168844 0.033324249 -0.001606192 0.046205778 0.998374641
1341845825.747617 -0.084851764 -0.012326708 0.003350357 0.032975566 -0.004779163 0.043821819 0.998483539
1341845825.779688 -0.086506426 -0.012117920 0.003771452 0.030245475 -0.006098444 0.041992031 0.998641431
1341845825.815954 -0.086720936 -0.012252939 0.004288798 0.027577929 -0.008843173 0.038879514 0.998824120
1341845825.847829 -0.088073380 -0.012696173 0.003398644 0.025624959 -0.009193828 0.036325496 0.998969138
1341845825.879767 -0.089291811 -0.013588604 0.003980447 0.024466768 -0.011527477 0.037395928 0.998934448
1341845825.915646 -0.088768378 -0.012849881 0.003510835 0.025116820 -0.013421563 0.038146101 0.998866320
1341845825.947881 -0.089882992 -0.012797376 0.003513591 0.024426507 -0.012727052 0.038822152 0.998866439
1341845825.979700 -0.090987802 -0.012869704 0.004043785 0.023879107 -0.013829305 0.041832577 0.998743534
1341845826.015845 -0.091596089 -0.012624550 0.003370412 0.023862133 -0.014948936 0.043527249 0.998655319
1341845826.047945 -0.091425300 -0.013562195 0.003314709 0.022931220 -0.015618714 0.042953044 0.998691738
1341845826.079731 -0.093198784 -0.012992639 0.003024392 0.024501216 -0.015395627 0.044774175 0.998577952
1341845826.115655 -0.092803843 -0.013157673 0.003744794 0.024232194 -0.018089289 0.046079207 0.998479962
1341845826.147949 -0.092317678 -0.012750519 0.002637829 0.024990741 -0.017714070 0.041295443 0.998677313
1341845826.183767 -0.093653664 -0.012444402 0.003091604 0.023886740 -0.016829923 0.036501274 0.998906314
1341845826.215780 -0.093760505 -0.012797176 0.003107166 0.022472734 -0.018183220 0.035762686 0.998942137
1341845826.247732 -0.092596121 -0.013031215 0.002424620 0.021840723 -0.020473571 0.039548296 0.998769104
1341845826.283763 -0.093535505 -0.013592660 0.001775718 0.020548390 -0.022472767 0.044707220 0.998535931
1341845826.315658 -0.093126491 -0.013423811 0.002421773 0.020541215 -0.026139293 0.046684548 0.998356342
1341845826.347773 -0.093661420 -0.013036256 0.001994409 0.019751588 -0.027585462 0.046796024 0.998328149
1341845826.383718 -0.094468303 -0.013891152 0.001797394 0.018011181 -0.029902199 0.047293413 0.998270929
1341845826.415712 -0.094593234 -0.014646269 0.002240638 0.017577155 -0.032402184 0.049555298 0.998090863
1341845826.447806 -0.094652556 -0.014551810 0.002497202 0.018714847 -0.034669016 0.049006127 0.998021185
1341845826.483677 -0.094551399 -0.013894771 0.001765100 0.018945659 -0.035475831 0.048258431 0.998024881
1341845826.515677 -0.095403478 -0.014552243 0.001502718 0.018179566 -0.036350019 0.051841434 0.997828007
1341845826.551684 -0.094012290 -0.013529927 0.001006964 0.017750805 -0.037668604 0.050800376 0.997840345
1341845826.583716 -0.095209353 -0.014053194 0.001397931 0.015731724 -0.036163025 0.048429821 0.998047769
1341845826.615875 -0.096417718 -0.014083174 0.002211740 0.014429514 -0.038451612 0.051258091 0.997840643
1341845826.651722 -0.095156543 -0.013834519 0.001845177 0.014714813 -0.039870065 0.055211533 0.997569859
1341845826.683753 -0.096173689 -0.012748403 0.001067024 0.012523740 -0.039617486 0.053258009 0.997716010
1341845826.715643 -0.095848151 -0.012744537 0.001191423 0.008380978 -0.040978745 0.049394991 0.997903109
1341845826.751884 -0.096467316 -0.011993688 0.001442053 0.005374089 -0.040041193 0.051000565 0.997881114
1341845826.783713 -0.096536152 -0.011656105 0.002757522 0.002376521 -0.041326482 0.052993044 0.997736573
1341845826.819713 -0.094329260 -0.010455881 0.000458106 -0.000756624 -0.040874179 0.050223090 0.997900963
1341845826.851701 -0.096461371 -0.010642659 0.003110652 -0.005687062 -0.036286268 0.049453452 0.998100877
1341845826.884460 -0.096446089 -0.011539491 0.002867539 -0.007584671 -0.038017068 0.055789985 0.997689664
1341845826.919662 -0.094038397 -0.009933255 -0.000208521 -0.008933396 -0.038466513 0.056444451 0.997624457
1341845826.945792 -0.094529122 -0.008946022 0.001605555 -0.017336851 -0.031901225 0.046914749 0.998238862
1341845826.981873 -0.097525723 -0.009890695 0.003744684 -0.021343751 -0.031208016 0.050324481 0.998017013
1341845827.013745 -0.095392801 -0.007980798 0.003338764 -0.021274300 -0.033630542 0.058234900 0.997509480
1341845827.045694 -0.092401370 -0.005456730 -0.001005465 -0.025407765 -0.031157324 0.061391138 0.997303784
1341845827.082458 -0.096164212 -0.007335493 0.003396498 -0.035664342 -0.024670478 0.053072676 0.997648597
1341845827.113645 -0.096235394 -0.008468927 0.004900893 -0.036888115 -0.027728742 0.057393182 0.997284532
1341845827.145773 -0.093780711 -0.007052917 0.003532976 -0.036895532 -0.028451014 0.058716923 0.997186840
1341845827.182474 -0.094613254 -0.007594713 0.005485076 -0.042267904 -0.023910102 0.051986236 0.997466385
1341845827.213974 -0.095255367 -0.010134991 0.006375447 -0.043350048 -0.023592269 0.051450353 0.997455299
1341845827.251751 -0.093743622 -0.008498238 0.006147999 -0.038901061 -0.024327580 0.055910919 0.997380972
1341845827.282532 -0.092483647 -0.003791785 0.004163457 -0.039231174 -0.022343064 0.055844694 0.997418225
1341845827.313888 -0.094005182 -0.008539426 0.007682564 -0.048340622 -0.017266411 0.052405979 0.997305691
1341845827.349700 -0.094203129 -0.009177217 0.007450607 -0.043666333 -0.019961631 0.059620935 0.997065783
1341845827.381963 -0.092778251 -0.006977381 0.007170193 -0.042066924 -0.020576164 0.058776259 0.997172177
1341845827.413850 -0.092687711 -0.007544774 0.007524504 -0.043698020 -0.018247334 0.054433167 0.997393906
1341845827.449725 -0.093400374 -0.008572442 0.008297497 -0.043108374 -0.017592613 0.051862046 0.997568309
1341845827.488394 -0.092897452 -0.009533649 0.007893172 -0.040658481 -0.019890092 0.054403082 0.997492611
1341845827.555964 -0.091980301 -0.007721531 0.008106815 -0.037376601 -0.018326135 0.051904000 0.997784078
1341845827.583227 -0.091602914 -0.008963213 0.008020472 -0.037348859 -0.019129558 0.052707791 0.997727931
1341845827.623688 -0.090891905 -0.008975991 0.008003721 -0.034559567 -0.019495331 0.056066420 0.997638285
1341845827.656212 -0.090542167 -0.006685413 0.006455931 -0.033765271 -0.018705653 0.054044716 0.997792125
1341845827.687624 -0.089387514 -0.007704848 0.007692247 -0.038778584 -0.016526425 0.046182361 0.998043239
1341845827.723697 -0.089114964 -0.009431314 0.008735076 -0.038898725 -0.014508013 0.047849130 0.997991383
1341845827.755778 -0.088749684 -0.008478437 0.008309978 -0.036274079 -0.013798920 0.051784210 0.997903883
1341845827.791657 -0.086983293 -0.008480949 0.007467262 -0.036399338 -0.011879892 0.051036257 0.997962534
1341845827.823845 -0.086576752 -0.008780004 0.008438146 -0.036825333 -0.007946357 0.049504176 0.998063147
1341845827.855606 -0.086264551 -0.009933672 0.008766744 -0.035619792 -0.006844954 0.051790763 0.997999072
1341845827.891685 -0.084301896 -0.010270133 0.008164852 -0.033124864 -0.004965961 0.053336602 0.998014688
1341845827.923824 -0.099158980 -0.009441583 0.012942054 -0.031108139 0.012709815 0.056354746 0.997845113
1341845827.959777 -0.099361345 -0.009870013 0.013458685 -0.031349417 0.016023001 0.056420647 0.997786164
1341845827.991672 -0.097853102 -0.009188965 0.013724371 -0.029330481 0.017686030 0.058378160 0.997706831
1341845828.023726 -0.096430495 -0.008637670 0.013005849 -0.030438753 0.021064505 0.058036972 0.997627914
1341845828.059622 -0.095764078 -0.009056837 0.013899502 -0.031618208 0.024502082 0.057755060 0.997529089
1341845828.091720 -0.095237620 -0.008778426 0.014412634 -0.031349245 0.026419090 0.058457062 0.997447789
1341845828.127612 -0.094448164 -0.008261085 0.014870242 -0.031255443 0.027818881 0.059081513 0.997375846
1341845828.159638 -0.082877867 -0.007890747 0.010233033 -0.032721978 0.020866042 0.057006843 0.997619212
1341845828.191711 -0.082193412 -0.008541900 0.011050507 -0.033064492 0.023138734 0.054678984 0.997688115
1341845828.227644 -0.081180908 -0.008154757 0.010435695 -0.031604383 0.024300734 0.054671835 0.997708201
1341845828.259785 -0.080441169 -0.008101307 0.011046984 -0.031230604 0.026780054 0.057814956 0.997479260
1341845828.291687 -0.079559147 -0.008303290 0.011269345 -0.030002309 0.028100032 0.060105946 0.997345269
1341845828.327803 -0.078568429 -0.007146644 0.010920450 -0.028502040 0.029545544 0.059874296 0.997361422
1341845828.359694 -0.077360213 -0.006873172 0.011377526 -0.029437901 0.030926542 0.059796806 0.997296989
1341845828.395928 -0.076345421 -0.007380033 0.011224093 -0.029613262 0.033165433 0.060834840 0.997157037
1341845828.427803 -0.073870674 -0.006795451 0.011473441 -0.029318692 0.032671835 0.060097851 0.997226715
1341845828.459660 -0.072187424 -0.007290984 0.011411995 -0.029394222 0.033196982 0.060168888 0.997202933
1341845828.495761 -0.071368165 -0.006627318 0.011200934 -0.028058903 0.035208598 0.061468147 0.997093081
1341845828.527686 -0.071304925 -0.005496978 0.011360995 -0.029193845 0.036970537 0.060914498 0.997030735
1341845828.595750 -0.068807110 -0.006066787 0.011739327 -0.030141629 0.038506586 0.060116068 0.996992886
1341845828.621731 -0.067752354 -0.005252121 0.011713210 -0.030495787 0.039716966 0.060626093 0.996903718
1341845828.654055 -0.066932082 -0.006270686 0.012339941 -0.032349963 0.041432545 0.060541961 0.996780574
1341845828.689681 -0.067455947 -0.005800147 0.012451576 -0.030847883 0.043726508 0.061277144 0.996685266
1341845828.721870 -0.066977695 -0.005430696 0.011807875 -0.031190081 0.043900669 0.061704211 0.996640623
1341845828.757706 -0.065704919 -0.005507923 0.011826185 -0.031828661 0.044208184 0.063485242 0.996494949
1341845828.789650 -0.065901235 -0.005652704 0.012349051 -0.031155407 0.044952441 0.066462092 0.996288836
1341845828.821914 -0.064788289 -0.004840740 0.011915361 -0.030391930 0.043195862 0.068791851 0.996231973
1341845828.857781 -0.063974619 -0.004752162 0.011932589 -0.031262860 0.042575456 0.069469988 0.996184647
1341845828.889770 -0.063266754 -0.004766406 0.011812996 -0.031341087 0.042281993 0.070475370 0.996124089
1341845828.931671 -0.062991574 -0.004727941 0.011985618 -0.031300180 0.041461680 0.070226341 0.996177435
1341845828.957606 -0.062312640 -0.005116361 0.011968923 -0.031179423 0.039446943 0.069636308 0.996304452
1341845828.989696 -0.060954705 -0.004462303 0.012585873 -0.029290413 0.038117670 0.068732329 0.996476293
1341845829.025626 -0.059783403 -0.003437842 0.012191545 -0.028568016 0.036531594 0.067793138 0.996621013
1341845829.063840 -0.058023419 -0.003732042 0.011522254 -0.029807042 0.035690047 0.065679923 0.996756732
1341845829.089737 -0.057649538 -0.003398554 0.010841665 -0.029595543 0.036409859 0.065728009 0.996733785
1341845829.125754 -0.056259036 -0.003801118 0.010643132 -0.030340586 0.035555322 0.066082701 0.996718824
1341845829.158048 -0.053836726 -0.003450762 0.011192305 -0.029563032 0.035803664 0.065318905 0.996783614
1341845829.193669 -0.053517811 -0.004142048 0.010786044 -0.028165501 0.037588611 0.067057684 0.996642888
1341845829.225742 -0.052949771 -0.004695372 0.010253930 -0.024929382 0.037569426 0.069390677 0.996570110
1341845829.257763 -0.051634248 -0.004560099 0.009961500 -0.022249868 0.036453113 0.070158422 0.996621251
1341845829.293851 -0.050343230 -0.004319855 0.009647020 -0.019815071 0.035522770 0.068916917 0.996792853
1341845829.325861 -0.050047938 -0.005092095 0.009187560 -0.018053580 0.034699842 0.067776293 0.996933460
1341845829.357901 -0.048891321 -0.005092536 0.009150953 -0.014852443 0.031577706 0.067810275 0.997087777
1341845829.393704 -0.047020718 -0.004348751 0.008858544 -0.012500935 0.029654462 0.066317998 0.997279406
1341845829.425831 -0.047055606 -0.003905515 0.007590297 -0.012374941 0.028637893 0.063593626 0.997488141
1341845829.461720 -0.045427073 -0.005266238 0.008536629 -0.013302187 0.026268193 0.063798003 0.997528374
1341845829.493662 -0.044647757 -0.005609268 0.008533879 -0.007642319 0.023898961 0.067304462 0.997416914
1341845829.525846 -0.043865349 -0.003310378 0.007243292 -0.005407825 0.021697292 0.065506034 0.997601569
1341845829.561864 -0.044379205 -0.002695387 0.007255685 -0.007793245 0.023482762 0.063328244 0.997685969
1341845829.593763 -0.043493960 -0.004673894 0.007635825 -0.010277345 0.024342701 0.062658042 0.997685194
1341845829.625785 -0.043593068 -0.005489965 0.007271095 -0.005526176 0.023358354 0.064923383 0.997601509
1341845829.661787 -0.041954622 -0.003289558 0.006840462 -0.001756658 0.020336762 0.064853832 0.997685969
1341845829.693835 -0.038946215 -0.001176420 0.006142187 -0.003454995 0.020286631 0.061520882 0.997893631
1341845829.729747 -0.039835911 -0.003609224 0.007105170 -0.007822623 0.022979727 0.056596983 0.998101950
1341845829.761817 -0.042447191 -0.005409134 0.007275433 -0.004996553 0.020306887 0.055688299 0.998229146
1341845829.793840 -0.037590358 -0.003614326 0.006453663 -0.000912779 0.011761915 0.055743121 0.998375416
1341845829.829803 -0.040539622 -0.002200906 0.008158745 0.000888906 0.016077289 0.053505473 0.998437703
1341845829.861640 -0.042716641 -0.002779325 0.007691070 -0.000640911 0.015807509 0.051334228 0.998556197
1341845829.897840 -0.040411837 -0.005071449 0.008365139 -0.000457921 0.008834105 0.053862061 0.998509228
1341845829.929703 -0.037206862 -0.002637948 0.007369764 0.004368322 0.007640964 0.055224903 0.998435140
1341845829.962023 -0.038541038 -0.002097995 0.006922503 0.002819258 0.010127018 0.055572882 0.998399258
1341845829.997954 -0.039081071 -0.005372405 0.007613830 0.003071954 0.007088913 0.056266051 0.998385906
1341845830.029819 -0.034625046 -0.004051599 0.007231438 0.010220604 0.004148460 0.056864977 0.998320937
1341845830.061836 -0.034962952 -0.000804325 0.006580492 0.012494138 0.006299919 0.057225790 0.998263180
1341845830.097885 -0.033664387 -0.003364563 0.006631528 0.008944928 0.006377358 0.057878207 0.998263180
1341845830.129668 -0.032551602 -0.005340701 0.006819219 0.012956585 0.006702718 0.058741931 0.998166621
1341845830.165590 -0.034040928 -0.002213171 0.005206261 0.018297505 0.006014057 0.060719512 0.997969031
1341845830.197779 -0.032375764 -0.003374467 0.006027524 0.016391298 -0.000069678 0.065774888 0.997699857
1341845830.229883 -0.028813032 -0.002322912 0.006575039 0.019253839 -0.001029761 0.066477828 0.997601569
1341845830.265730 -0.030029261 -0.000898326 0.006071604 0.018521164 0.000862463 0.066477358 0.997615635
1341845830.297873 -0.029079702 -0.003345974 0.006258895 0.016845286 -0.002468577 0.069954440 0.997404873
1341845830.329863 -0.025999868 -0.001995353 0.006052875 0.020472586 -0.005031131 0.071909562 0.997188330
1341845830.365740 -0.026021319 -0.000817783 0.005379430 0.020815669 -0.004756910 0.071887575 0.997184157
1341845830.397779 -0.024146268 -0.001267369 0.005876970 0.019424899 -0.007689978 0.071125336 0.997248530
1341845830.433725 -0.020999234 -0.001314543 0.005890795 0.019895418 -0.008348746 0.067872144 0.997460663
1341845830.465762 -0.021854158 -0.000857484 0.005152063 0.020938821 -0.006295248 0.066756561 0.997529685
1341845830.507859 -0.020782944 -0.001868069 0.005152611 0.021536902 -0.009042260 0.068133734 0.997402728
1341845830.534080 -0.016009519 -0.001187371 0.005193170 0.024270404 -0.010319768 0.067755632 0.997353315
1341845830.565943 -0.016202796 0.000278413 0.004754747 0.024242517 -0.005249993 0.066631727 0.997469246
1341845830.597841 -0.016350921 -0.001058804 0.004026215 0.022577161 -0.005624964 0.068452775 0.997382998
1341845830.633627 -0.011875817 -0.001140683 0.005324388 0.024449296 -0.008262082 0.069561310 0.997243762
1341845830.665700 -0.011453872 0.000338581 0.004157103 0.025750445 -0.005934123 0.068649560 0.997290790
1341845830.701788 -0.010291267 0.000345054 0.003918212 0.024596693 -0.005487727 0.067482904 0.997402072
1341845830.733901 -0.008215324 0.001340380 0.004195224 0.023688715 -0.004151207 0.064015366 0.997659087
1341845830.765759 -0.008892913 0.000650120 0.004979184 0.021000609 -0.000409639 0.059977468 0.997978687
1341845830.801839 -0.007075473 -0.000635672 0.005138423 0.019448750 0.001388740 0.057904217 0.998131692
1341845830.833774 -0.006747426 -0.000981813 0.005080983 0.020886716 0.004095919 0.057055216 0.998144090
1341845830.865751 -0.005305194 0.000826943 0.004321625 0.022437377 0.004209951 0.056072388 0.998165667
1341845830.901883 -0.002061578 0.000272127 0.003581009 0.020589530 0.004943904 0.052355733 0.998403966
1341845830.933811 -0.002515740 -0.001151880 0.003237840 0.020520175 0.007275146 0.050779734 0.998472571
1341845830.969705 -0.001920725 0.000221603 0.002851562 0.022514090 0.006610275 0.050744936 0.998435974
1341845831.001855 0.000108488 0.000991841 0.002685886 0.021465985 0.005651758 0.048018783 0.998599768
1341845831.033886 0.001532438 -0.000011576 0.002376818 0.019669101 0.006188041 0.044984173 0.998774886
1341845831.069727 0.001313008 -0.000226181 0.002821981 0.020083755 0.007778988 0.043559480 0.998818696
1341845831.101853 0.002360079 0.000638002 0.002469857 0.021187425 0.007529929 0.043858331 0.998784661
1341845831.137817 0.005356527 0.001313758 0.001958730 0.020406442 0.007726614 0.043127697 0.998831272
1341845831.169942 0.004520329 0.000242548 0.002415576 0.018763829 0.010567759 0.041092370 0.998923242
1341845831.201715 0.005633547 -0.000124348 0.002745587 0.020148464 0.009530257 0.042914536 0.998830080
1341845831.237723 0.007180998 0.000580104 0.002179143 0.023041010 0.008906339 0.044196233 0.998717427
1341845831.269903 0.007332055 0.000916461 0.001871797 0.022583639 0.009205495 0.043701526 0.998746932
1341845831.301755 0.006877106 0.000579867 0.002323190 0.021919629 0.006842997 0.043417148 0.998793125
1341845831.337779 0.008438726 -0.000014271 0.001734389 0.022349361 0.002525710 0.043066364 0.998818994
1341845831.369742 0.010804840 0.000462798 0.000931340 0.023530427 -0.001719414 0.042318508 0.998825550
1341845831.405710 0.013865929 0.001885028 0.001182381 0.023148017 -0.003645686 0.040744584 0.998894751
1341845831.437646 0.013846245 0.000614034 0.001456963 0.020864144 -0.000872609 0.037872083 0.999064386
1341845831.469752 0.013637793 -0.000553244 0.001710557 0.020958185 -0.000221720 0.038150150 0.999052167
1341845831.505745 0.015676085 0.000740603 0.001511555 0.022672340 -0.002276114 0.038150892 0.999012172
1341845831.537844 0.019472992 0.002558360 0.000954381 0.020569989 -0.001025081 0.035313934 0.999163985
1341845831.569610 0.017901259 0.000667380 0.001461419 0.016256353 0.002987025 0.032471556 0.999336004
1341845831.605848 0.020029351 -0.000140857 0.000784525 0.015554927 0.001932619 0.033606231 0.999312222
1341845831.637789 0.021514039 0.001695001 0.001613470 0.015354482 0.002537938 0.033339985 0.999322891
1341845831.673597 0.023370186 0.002469183 0.000864021 0.010142004 0.004817979 0.032445904 0.999410391
1341845831.705652 0.023278307 0.000255769 0.001738116 0.005802644 0.009735920 0.032464936 0.999408603
1341845831.737705 0.024796488 0.000973787 0.001240149 0.006455285 0.012098713 0.036568493 0.999237061
1341845831.773629 0.025439115 0.001732680 0.001823216 0.006600729 0.013114084 0.039859429 0.999097407
1341845831.805810 0.027751548 0.002697784 0.000863751 0.004374401 0.014650262 0.040630460 0.999057233
1341845831.837719 0.027940052 0.002573194 0.001095220 0.001248829 0.016054954 0.041449774 0.999010801
1341845831.873791 0.028787771 0.002324613 0.001609405 0.000289913 0.014981058 0.043091543 0.998958766
1341845831.905728 0.030026978 0.003877922 0.001647171 -0.001626875 0.016592028 0.042310476 0.998965383
1341845831.941628 0.030620947 0.002757333 0.001718377 -0.004332954 0.018237930 0.040936247 0.998985887
1341845831.973784 0.033336885 0.003070804 0.001665270 -0.004407064 0.018704847 0.040557414 0.998992383
1341845832.005729 0.034851212 0.003515544 0.001989098 -0.003877046 0.020342745 0.039334513 0.999011457
1341845832.041627 0.035433680 0.004258717 0.001392420 -0.004586312 0.023388255 0.037904214 0.998997092
1341845832.073865 0.037146736 0.004132215 0.001767637 -0.006191564 0.025591638 0.035819966 0.999011338
1341845832.109730 0.037138980 0.003068769 0.001814668 -0.006283225 0.025611231 0.036035221 0.999002516
1341845832.141683 0.036773607 0.004039316 0.001679825 -0.004256870 0.026759291 0.038016368 0.998909652
1341845832.173988 0.037522797 0.005422612 0.001795096 -0.004531701 0.028847367 0.035873272 0.998929620
1341845832.209956 0.037378881 0.004233368 0.001783266 -0.006043359 0.027771631 0.035756722 0.998956263
1341845832.241796 0.039195839 0.004917237 0.001463265 -0.004762322 0.024766793 0.037111439 0.998992801
1341845832.273776 0.041290157 0.006500706 0.001340197 -0.005300771 0.024456613 0.035778169 0.999046385
1341845832.309916 0.041197997 0.006769719 0.001460486 -0.008457866 0.026251951 0.034521673 0.999023259
1341845832.341687 0.041888054 0.006085070 0.001342961 -0.010461650 0.024604352 0.035977583 0.998994887
1341845832.377708 0.042975251 0.007394796 0.001779897 -0.010671423 0.023203423 0.037225880 0.998980463
1341845832.409802 0.044505872 0.007213953 0.001012604 -0.012950552 0.021146350 0.037488919 0.998989344
1341845832.442187 0.045502387 0.007125739 0.001218737 -0.014192269 0.020116217 0.037685256 0.998986363
1341845832.477743 0.046476979 0.007453381 0.000852923 -0.014912381 0.019733397 0.038075358 0.998968720
1341845832.509635 0.047621015 0.007654145 0.000778072 -0.016100554 0.019421002 0.039015751 0.998920083
1341845832.541586 0.049022302 0.008246975 0.000675063 -0.016814169 0.019836864 0.039743707 0.998871446
1341845832.577871 0.049544640 0.008371389 0.000089616 -0.017251555 0.020092275 0.040881742 0.998812973
1341845832.609738 0.050702695 0.008592034 -0.000262226 -0.017269799 0.019273205 0.041814372 0.998790205
1341845832.645699 0.051517565 0.009602367 -0.000160993 -0.017377015 0.019834960 0.041652385 0.998784125
1341845832.677817 0.051727828 0.010058649 0.000184096 -0.019479733 0.020021552 0.040959790 0.998770237
1341845832.710177 0.047219630 0.009032221 0.000677926 -0.021894088 0.025788343 0.042891037 0.998506904
1341845832.745710 0.048142064 0.009463608 0.001019922 -0.021624645 0.026788471 0.044284496 0.998425543
1341845832.777849 0.048808675 0.009815109 0.001037193 -0.022291351 0.028101560 0.046357956 0.998280704
1341845832.810110 0.049778454 0.010163622 0.000929918 -0.023302972 0.029142151 0.047812585 0.998159111
1341845832.845797 0.050612666 0.010748136 0.001176211 -0.024563001 0.030903084 0.047781602 0.998077452
1341845832.877696 0.051175993 0.010444232 0.001210710 -0.025541006 0.032336749 0.048903909 0.997953117
1341845832.913787 0.052189704 0.011109527 0.000823026 -0.024695013 0.032228261 0.050144657 0.997916341
1341845832.945664 0.053299319 0.011397496 0.000069696 -0.026184283 0.033715729 0.048994053 0.997886360
1341845832.978015 0.053506959 0.010089730 -0.000304100 -0.027620111 0.034850799 0.048864618 0.997815013
1341845833.013959 0.054799557 0.011402864 -0.000054215 -0.026651585 0.033711452 0.050251536 0.997811615
1341845833.045857 0.056311227 0.012002082 -0.000281085 -0.027959986 0.034236323 0.049622621 0.997789443
1341845833.077785 0.057381146 0.011885566 -0.000720798 -0.029729078 0.035838459 0.049199067 0.997702956
1341845833.113636 0.058841120 0.011220659 -0.000411363 -0.030091025 0.036974575 0.048993200 0.997660816
1341845833.145767 0.060126659 0.012603619 -0.001573602 -0.029538218 0.038436610 0.049589470 0.997592628
1341845833.181891 0.062359173 0.013464105 -0.001810122 -0.032741472 0.039754312 0.047621448 0.997536838
1341845833.213878 0.062096652 0.012201280 -0.002054227 -0.035034582 0.042425763 0.046607278 0.997396827
1341845833.245714 0.062832221 0.011223001 -0.001766579 -0.034018267 0.040282626 0.048072636 0.997451305
1341845833.281847 0.065883614 0.011321400 -0.001742816 -0.030632863 0.039258130 0.050516583 0.997481048
1341845833.313771 0.066734888 0.013081163 -0.002057726 -0.027614029 0.042048085 0.050904416 0.997435808
1341845833.349756 0.067612216 0.013144922 -0.002766150 -0.028900180 0.042780727 0.051115047 0.997357428
1341845833.381840 0.069809370 0.012855376 -0.003072694 -0.029664952 0.044504717 0.051102176 0.997260153
1341845833.414644 0.070048712 0.013400747 -0.003174161 -0.029893914 0.047818068 0.049876008 0.997162044
1341845833.449819 0.069851547 0.012558711 -0.001826639 -0.031577807 0.047767185 0.051101170 0.997050524
1341845833.488616 0.072333932 0.012852402 -0.002201998 -0.030123753 0.046406757 0.051621705 0.997132957
1341845833.513810 0.072573185 0.013455747 -0.003905499 -0.030938299 0.048222873 0.049993049 0.997104824
1341845833.549835 0.072058320 0.012276187 -0.001407288 -0.033910975 0.047903851 0.049986336 0.997023880
1341845833.581733 0.072295219 0.011257330 -0.002951653 -0.031374644 0.046832774 0.051115137 0.997100592
1341845833.617817 0.072925426 0.013052287 -0.003734265 -0.029951099 0.046101309 0.052438956 0.997109711
1341845833.649899 0.073275678 0.013165274 -0.003315093 -0.032536391 0.044860099 0.051779225 0.997119784
1341845833.681671 0.074208550 0.011895739 -0.002040941 -0.032774426 0.044630941 0.050678849 0.997178793
1341845833.717606 0.072986238 0.013141941 -0.002395375 -0.030580120 0.043932546 0.052915048 0.997163415
1341845833.752940 0.074484222 0.013689080 -0.003165541 -0.032642271 0.040542297 0.053260256 0.997223198
1341845833.783771 0.075281337 0.013496505 -0.003184181 -0.034862597 0.041462012 0.051681865 0.997193277
1341845833.817827 0.073908202 0.013534997 -0.001720795 -0.035677690 0.042086836 0.051454034 0.997150064
1341845833.849860 0.073722638 0.012783129 -0.002524807 -0.036073316 0.040601019 0.052818794 0.997126102
1341845833.885667 0.074518308 0.013078316 -0.003566103 -0.035203613 0.041765634 0.052081779 0.997147858
1341845833.917724 0.074012555 0.013697258 -0.003332173 -0.036976736 0.043054506 0.051513501 0.997058392
1341845833.949675 0.073823214 0.011992875 -0.002291840 -0.037683751 0.042382784 0.051487535 0.997062027
1341845833.985662 0.075070307 0.012828987 -0.004059544 -0.035113402 0.043070953 0.051237848 0.997139215
1341845834.018158 0.073858142 0.013929992 -0.003928838 -0.036663193 0.044742588 0.050144397 0.997065425
1341845834.049769 0.073119082 0.012597227 -0.002691830 -0.039062038 0.043765347 0.048600294 0.997094154
1341845834.085753 0.073834725 0.013150204 -0.003068005 -0.038318880 0.043106653 0.047130369 0.997222245
1341845834.117837 0.073206350 0.012950407 -0.003171541 -0.039892763 0.044860125 0.045119736 0.997176170
1341845834.153871 0.072332509 0.012858715 -0.002919520 -0.040538475 0.045662072 0.045285232 0.997106254
1341845834.185736 0.071994692 0.012848754 -0.002981369 -0.041297860 0.046324335 0.043792613 0.997111201
1341845834.217802 0.070563421 0.013357569 -0.002815981 -0.041788071 0.047606438 0.042325288 0.997093737
1341845834.253824 0.069119573 0.014419172 -0.003501076 -0.044201016 0.046329115 0.041409001 0.997088373
1341845834.285756 0.068498611 0.012374146 -0.001840863 -0.048551269 0.044509627 0.038750421 0.997075737
1341845834.321783 0.067837127 0.011473026 -0.000462226 -0.046888191 0.044666022 0.038968947 0.997139871
1341845834.355135 0.066536814 0.011178078 -0.001504656 -0.041104939 0.045384705 0.042508781 0.997217953
1341845834.385801 0.065827832 0.012212174 -0.002515960 -0.037782192 0.045948140 0.043524377 0.997279763
1341845834.421748 0.064276248 0.012295197 -0.003070155 -0.038185250 0.047477886 0.042001598 0.997258067
1341845834.453840 0.061994247 0.011527494 -0.002927734 -0.039210316 0.047333475 0.040194418 0.997299612
1341845834.485639 0.061467856 0.011188474 -0.002310099 -0.039573207 0.045495767 0.037902534 0.997460544
1341845834.521785 0.060424924 0.011353269 -0.002465547 -0.038768530 0.045552976 0.036471430 0.997542858
1341845834.553727 0.058642711 0.011277695 -0.002355388 -0.039220620 0.046438005 0.036800135 0.997472346
1341845834.589787 0.055482816 0.010551698 -0.000287402 -0.039570425 0.045672655 0.036964074 0.997487783
1341845834.621791 0.055739485 0.010621873 -0.002068681 -0.037862770 0.042464815 0.037609160 0.997671664
1341845834.653808 0.055210024 0.011981766 -0.003162611 -0.038919039 0.042820189 0.035366461 0.997697830
1341845834.689847 0.054167271 0.011334106 -0.001105760 -0.042684529 0.041864082 0.031138903 0.997725308
1341845834.721856 0.051773746 0.009750769 -0.000007239 -0.043982830 0.039678819 0.030896908 0.997765720
1341845834.753919 0.051426720 0.008667139 -0.001082572 -0.041649405 0.037233189 0.031471591 0.997942150
1341845834.789834 0.050570033 0.010135386 -0.001679532 -0.039665684 0.037775435 0.030974859 0.998018146
1341845834.821826 0.047744066 0.009710116 -0.001219290 -0.041259807 0.038557056 0.030659990 0.997933328
1341845834.857804 0.046156097 0.009184520 -0.001133951 -0.041924011 0.036136638 0.030491000 0.998001397
1341845834.889796 0.045265410 0.008906410 -0.001500719 -0.042207353 0.034554757 0.029436424 0.998077154
1341845834.921771 0.043740820 0.008468051 -0.001064480 -0.041462295 0.033364430 0.028667383 0.998171270
1341845834.957942 0.041717343 0.008560641 -0.001358162 -0.040346265 0.030939575 0.028901055 0.998288393
1341845834.989806 0.040198088 0.008361077 -0.001042263 -0.039549105 0.028543083 0.027966937 0.998418272
1341845835.021804 0.038435768 0.007826803 -0.001587637 -0.038724948 0.026598860 0.028643673 0.998485088
1341845835.058003 0.036746204 0.007271139 -0.001548731 -0.037069101 0.025005700 0.028615508 0.998589873
1341845835.089820 0.034704700 0.007731586 -0.001958532 -0.035411667 0.023441810 0.029385243 0.998665631
1341845835.125663 0.032540385 0.007948144 -0.001766343 -0.035619322 0.020736841 0.029968129 0.998700738
1341845835.157750 0.031637147 0.007493193 -0.001959039 -0.037094720 0.018022399 0.029480301 0.998714209
1341845835.189830 0.029248640 0.005959337 -0.001348239 -0.036130264 0.016934300 0.028814193 0.998788059
1341845835.225912 0.028752020 0.006091790 -0.000555667 -0.032106150 0.012510104 0.030590598 0.998937905
1341845835.258001 0.027430443 0.007257084 -0.000857944 -0.030597968 0.010941352 0.029946791 0.999023139
1341845835.290164 0.025299592 0.006856729 -0.000083514 -0.031933788 0.009721556 0.028246339 0.999043465
1341845835.325788 0.022919459 0.005413091 0.000273217 -0.031179728 0.007480232 0.028460803 0.999080539
1341845835.363902 0.022065204 0.006102611 -0.000067444 -0.029112047 0.005546794 0.027477514 0.999182999
1341845835.431742 0.016947716 0.006049420 -0.000496027 -0.028818255 0.002027371 0.025361255 0.999260843
1341845835.460771 0.020111697 0.005041576 -0.000838975 -0.029085910 -0.005365510 0.024355814 0.999265730
1341845835.493790 0.016316451 0.004563410 -0.000506413 -0.026633108 -0.004000404 0.025871573 0.999302447
1341845835.527633 0.014114061 0.005181451 -0.001038741 -0.025058828 -0.005347932 0.026785547 0.999312758
1341845835.561788 0.012772324 0.005462966 -0.001189172 -0.025981456 -0.010193495 0.026847111 0.999249876
1341845835.594173 0.016057087 0.005158980 -0.000990064 -0.027092185 -0.014429655 0.025643580 0.999199748
1341845835.625859 0.011556366 0.003578373 0.000408698 -0.025930960 -0.011452327 0.025496732 0.999272883
1341845835.661923 0.009049074 0.003758082 0.000712578 -0.021298552 -0.013825904 0.028854722 0.999261022
1341845835.693994 0.010479216 0.004365133 -0.000041924 -0.018310782 -0.016810875 0.030643806 0.999221206
1341845835.725724 0.008857219 0.003929556 -0.000023120 -0.016668625 -0.013860247 0.030348416 0.999304295
1341845835.761816 0.005599612 0.003184828 -0.000209003 -0.014140625 -0.013626618 0.032061603 0.999292970
1341845835.793927 0.005616758 0.004377345 -0.000531674 -0.011109570 -0.016903996 0.035453223 0.999166608
1341845835.829809 0.006618773 0.004770282 -0.001287690 -0.011502780 -0.017951962 0.034403358 0.999180555
1341845835.868224 0.004535780 0.002915828 -0.001064371 -0.012052841 -0.016505372 0.034520864 0.999194980
1341845835.903857 0.002326916 0.003026799 -0.001865858 -0.009205183 -0.019353317 0.038123757 0.999043167
1341845835.935727 0.002853246 0.003889336 -0.001575561 -0.008001726 -0.021067996 0.038345650 0.999010384
1341845835.967812 0.001597413 0.003044178 -0.001750307 -0.008336497 -0.018794326 0.037288852 0.999092996
1341845836.003789 -0.000875946 0.001549649 -0.002028563 -0.005991949 -0.018248767 0.040055998 0.999012768
1341845836.035920 -0.002527650 0.002769925 -0.001341226 -0.002429907 -0.018217368 0.041540992 0.998967767
1341845836.067671 -0.003348271 0.003093855 -0.001752469 -0.002343026 -0.016245745 0.040513605 0.999044180
1341845836.104034 -0.004302321 0.001974413 -0.002318190 -0.001421411 -0.017160496 0.039862625 0.999056756
1341845836.135769 -0.006539083 0.002355247 -0.003117518 0.001118263 -0.019920619 0.040567692 0.998977542
1341845836.172097 -0.006677644 0.003560418 -0.003434042 0.001359758 -0.023002777 0.039694425 0.998946130
1341845836.203642 -0.007163168 0.002796864 -0.002911383 -0.000485261 -0.022087146 0.038442258 0.999016523
1341845836.235687 -0.009918963 0.001317811 -0.002619005 0.000580081 -0.020862700 0.039362594 0.999006987
1341845836.271774 -0.011476401 0.001485866 -0.003175477 0.003730867 -0.024171911 0.041765608 0.998827994
1341845836.303797 -0.011136202 0.002579485 -0.003820669 0.005068885 -0.026662908 0.043189786 0.998698175
1341845836.335742 -0.011195373 0.002643249 -0.003617323 0.003788144 -0.025445307 0.042823281 0.998751402
1341845836.372549 -0.013135759 0.000316134 -0.003505107 0.003850046 -0.022331115 0.045417830 0.998711050
1341845836.403992 -0.014008829 0.001809639 -0.003527221 0.008192175 -0.021945430 0.049299926 0.998509288
1341845836.435705 -0.013544771 0.002112289 -0.003729218 0.009213192 -0.020415610 0.050947674 0.998450100
1341845836.471817 -0.015624931 0.002750854 -0.004120784 0.010032470 -0.015931292 0.050034605 0.998570025
1341845836.503945 -0.018335428 0.002272391 -0.003785534 0.009939716 -0.014914860 0.051437642 0.998515308
1341845836.539832 -0.018635413 0.003116503 -0.003633823 0.010846693 -0.016906986 0.052540652 0.998416722
1341845836.571973 -0.018550053 0.003280108 -0.004029607 0.009882271 -0.017313452 0.052667115 0.998413086
1341845836.604373 -0.019717757 0.003192736 -0.004644749 0.008174099 -0.016269011 0.051102277 0.998527467
1341845836.639724 -0.019941472 0.001539021 -0.004472738 0.005594073 -0.016990030 0.050340720 0.998571932
1341845836.672049 -0.020280484 -0.000077536 -0.004400128 0.006799867 -0.017384095 0.048921280 0.998628139
1341845836.704020 -0.021235311 -0.000724879 -0.004079570 0.008982840 -0.016654838 0.048334476 0.998651922
1341845836.739779 -0.021135598 -0.003859226 -0.003549850 0.012015706 -0.018183036 0.049417261 0.998540401
1341845836.771652 -0.020179296 -0.005189721 -0.002827971 0.020422565 -0.018281985 0.051823258 0.998280048
1341845836.803601 -0.021239718 -0.003739684 -0.003884509 0.027788738 -0.015906055 0.052524816 0.998106182
1341845836.839643 -0.023684248 -0.005250830 -0.004358643 0.029710291 -0.015620432 0.053826097 0.997985959
1341845836.871771 -0.021533445 -0.006009709 -0.003820678 0.033126906 -0.018534120 0.054014377 0.997818410
1341845836.907663 -0.020623792 -0.005916500 -0.003535758 0.034754924 -0.016645016 0.056590281 0.997653544
1341845836.939824 -0.022824749 -0.008454922 -0.003499757 0.034231625 -0.013844688 0.059186179 0.997563779
1341845836.971802 -0.021585548 -0.008954707 -0.003026311 0.036789849 -0.015657788 0.060133874 0.997389197
1341845837.007714 -0.018974936 -0.006509817 -0.001893843 0.035962757 -0.014170358 0.060470920 0.997421205
1341845837.039752 -0.021261426 -0.011115058 -0.002128975 0.028323788 -0.007097328 0.060686018 0.997729719
1341845837.071715 -0.023216363 -0.014855715 -0.000441758 0.030623492 -0.004759145 0.059965711 0.997719228
1341845837.107691 -0.021983324 -0.013692103 -0.000849901 0.033474386 -0.004429088 0.061187554 0.997554958
1341845837.139763 -0.020282576 -0.016714957 -0.001983048 0.032048918 -0.002372774 0.061037883 0.997617960
1341845837.171636 -0.023162445 -0.018611250 -0.000649367 0.035618577 0.002463153 0.056097884 0.997786701
1341845837.207675 -0.024156434 -0.018102622 -0.001825115 0.036609612 0.000934038 0.054074612 0.997865140
1341845837.239749 -0.020539258 -0.021234278 -0.003169609 0.033209994 -0.002760723 0.049090877 0.998238206
1341845837.275755 -0.020740701 -0.024253478 -0.002594674 0.033386707 -0.000818232 0.043747358 0.998484254
1341845837.307686 -0.023854733 -0.028202614 -0.001634844 0.035736721 0.001382969 0.047052518 0.998251975
1341845837.339628 -0.022820046 -0.028525585 -0.001287847 0.041297592 -0.001475723 0.049443990 0.997921646
1341845837.375710 -0.021291995 -0.029672069 -0.001058051 0.045301799 -0.001207627 0.046940520 0.997869194
1341845837.407709 -0.018972453 -0.025648022 -0.003865116 0.048817661 -0.000292097 0.044378787 0.997821271
1341845837.439656 -0.019236926 -0.027095778 -0.005177472 0.042032849 0.002585860 0.041763894 0.998239636
1341845837.475671 -0.018332185 -0.030707523 -0.004115786 0.037407398 0.003443068 0.039379623 0.998517931
1341845837.507973 -0.016710857 -0.031428810 -0.005645474 0.037198287 0.006323273 0.038436413 0.998548448
1341845837.543708 -0.017470531 -0.032796238 -0.005257903 0.033005219 0.011284498 0.037406903 0.998691142
1341845837.575706 -0.017849356 -0.036255084 -0.004414337 0.030467210 0.013128107 0.033367407 0.998892426
1341845837.607609 -0.017388757 -0.037705593 -0.004709306 0.030978020 0.015438542 0.030961208 0.998921096
1341845837.643704 -0.018045394 -0.041029401 -0.004104832 0.030388027 0.018907024 0.028828299 0.998943448
1341845837.675706 -0.018483097 -0.043043133 -0.004393057 0.032267906 0.020916706 0.026164245 0.998917758
1341845837.711803 -0.017097268 -0.039621908 -0.004626559 0.037665632 0.021755431 0.025016433 0.998740315
1341845837.743935 -0.017154461 -0.040697690 -0.005082315 0.037199076 0.024517680 0.023288568 0.998735547
1341845837.775698 -0.017436532 -0.043342877 -0.005004317 0.038682792 0.027170356 0.021908469 0.998641789
1341845837.811909 -0.016071232 -0.041333891 -0.005914905 0.040565327 0.029258033 0.022270847 0.998500109
1341845837.843915 -0.016479291 -0.042563189 -0.005299373 0.037244704 0.032226119 0.021552453 0.998553872
1341845837.879790 -0.016789498 -0.045757029 -0.004788999 0.037045419 0.034567177 0.019473072 0.998525679
1341845837.911946 -0.017455606 -0.046149835 -0.004487970 0.041186243 0.035890937 0.021736069 0.998270035
1341845837.946188 -0.016844163 -0.045506742 -0.005694403 0.043787852 0.035042357 0.023812065 0.998142064
1341845837.979709 -0.014437635 -0.045384888 -0.005505523 0.043297142 0.036155455 0.022778986 0.998147905
1341845838.012063 -0.015337517 -0.044945911 -0.005448281 0.041687842 0.041085877 0.019623084 0.998092651
1341845838.041927 -0.016228318 -0.045550719 -0.004960261 0.037491146 0.042200893 0.017914625 0.998244762
1341845838.073905 -0.017002024 -0.049181923 -0.002821027 0.035086196 0.041910958 0.015129030 0.998390436
1341845838.105792 -0.016249655 -0.049825702 -0.003961706 0.037359383 0.042477071 0.016209641 0.998267114
1341845838.141667 -0.016151488 -0.049014442 -0.004886721 0.037897766 0.042724736 0.016791921 0.998226643
1341845838.173678 -0.015222264 -0.048714083 -0.005158205 0.035576936 0.042797800 0.013005613 0.998365402
1341845838.205767 -0.014363504 -0.048699327 -0.005927752 0.030950813 0.044738460 0.007190848 0.998493254
1341845838.241893 -0.015834931 -0.053302016 -0.003205996 0.022182684 0.047584433 0.004901825 0.998608828
1341845838.273791 -0.017696854 -0.056084197 -0.000174830 0.018802758 0.047864169 0.002378067 0.998674035
1341845838.309852 -0.017546713 -0.056822814 -0.001473925 0.019245487 0.045213062 0.002012230 0.998789966
1341845838.341805 -0.017305022 -0.058232807 -0.000525596 0.018364109 0.043397315 0.004232870 0.998880148
1341845838.373872 -0.016466904 -0.059932020 -0.000885794 0.019165698 0.043277077 0.005157720 0.998865962
1341845838.409713 -0.016726810 -0.058965519 -0.000884062 0.020590572 0.043155041 0.007321874 0.998829365
1341845838.441818 -0.016387114 -0.058714304 -0.002173663 0.018716674 0.042319521 0.009438407 0.998884201
1341845838.473754 -0.015303730 -0.059966508 -0.001414757 0.015851619 0.042184278 0.008181118 0.998950601
1341845838.509713 -0.015713435 -0.061622426 -0.000842309 0.014284194 0.043559667 0.005214764 0.998935103
1341845838.541649 -0.016870325 -0.063310213 0.000089049 0.014126355 0.044192471 0.005064669 0.998910308
1341845838.577804 -0.015557529 -0.065304592 -0.001599535 0.015911892 0.043214429 0.001944353 0.998937190
1341845838.609807 -0.014875539 -0.065719068 -0.001977889 0.018196920 0.044704299 -0.001131709 0.998833895
1341845838.641690 -0.014966806 -0.065978378 -0.002437280 0.019987604 0.046722900 -0.001167762 0.998707175
1341845838.677850 -0.016042059 -0.066499323 -0.002426122 0.020330749 0.047773242 -0.002126075 0.998649001
1341845838.709635 -0.014331841 -0.065598831 -0.003084951 0.020865785 0.047174856 -0.002865483 0.998664558
1341845838.745913 -0.011550269 -0.063935339 -0.005118305 0.016483614 0.050014548 -0.004487376 0.998602331
1341845838.777723 -0.014552598 -0.066394284 -0.003028730 0.008341821 0.054943860 -0.006954246 0.998430371
1341845838.809656 -0.015193751 -0.068360925 -0.002208909 0.005378214 0.053588949 -0.007646856 0.998519301
1341845838.845874 -0.013096064 -0.068906769 -0.002156642 0.005945912 0.051876985 -0.007334128 0.998608828
1341845838.877695 -0.011318103 -0.066819839 -0.004189597 0.003065309 0.054624408 -0.007905189 0.998470962
1341845838.909636 -0.012484614 -0.069569312 -0.002449581 -0.002876101 0.058205124 -0.011412425 0.998235285
1341845838.945837 -0.013715222 -0.071544640 -0.001348666 -0.004041394 0.058759265 -0.013847090 0.998167992
1341845838.977758 -0.012710609 -0.071772665 -0.002284310 -0.002019156 0.058361080 -0.012306558 0.998217642
1341845839.013907 -0.010628022 -0.071764797 -0.003067131 -0.001251641 0.059546489 -0.012267603 0.998149395
1341845839.046225 -0.011612164 -0.070877716 -0.002723506 -0.001779110 0.062695622 -0.014627955 0.997923911
1341845839.077750 -0.012922585 -0.071494617 -0.001707754 -0.004828002 0.061912201 -0.016110023 0.997939885
1341845839.113934 -0.012425733 -0.074603319 -0.001267333 -0.006127303 0.059447430 -0.015589645 0.998090863
1341845839.145852 -0.010894377 -0.074075937 -0.002082479 -0.002560017 0.058608994 -0.012974591 0.998193443
1341845839.177741 -0.009492166 -0.073533125 -0.003046494 -0.002402404 0.058279946 -0.011086921 0.998235822
1341845839.214000 -0.008884266 -0.075181551 -0.002373134 -0.002839118 0.059617262 -0.012492329 0.998139083
1341845839.246198 -0.008478547 -0.075909212 -0.002900674 -0.000723205 0.061676912 -0.011583993 0.998028696
1341845839.281774 -0.007619974 -0.074954771 -0.003027820 0.000360993 0.062843949 -0.009688525 0.997976303
1341845839.314004 -0.006121608 -0.076348945 -0.003649050 -0.000316627 0.064996600 -0.011510886 0.997819006
1341845839.345945 -0.007994864 -0.076705836 -0.003352460 0.000285039 0.068016335 -0.012867750 0.997601151
1341845839.381741 -0.008017031 -0.077475756 -0.003212644 0.001577681 0.067568541 -0.009001521 0.997672737
1341845839.413801 -0.005953776 -0.078470610 -0.003552779 0.003377588 0.067400657 -0.006815492 0.997696996
1341845839.445714 -0.005621361 -0.076872014 -0.004077479 0.005812652 0.069283478 -0.006862225 0.997556448
1341845839.481741 -0.005362231 -0.076139964 -0.004298436 0.004944615 0.070196547 -0.007022755 0.997496188
1341845839.514001 -0.004182184 -0.077816784 -0.003911237 0.002504043 0.071162798 -0.007986261 0.997429609
1341845839.549791 -0.005245706 -0.078569598 -0.003011804 0.003971545 0.073490940 -0.007804396 0.997257411
1341845839.587666 -0.005000291 -0.077240214 -0.003604722 0.005650858 0.073054031 -0.006193708 0.997292757
1341845839.614403 -0.003059390 -0.077987731 -0.004133358 0.004644747 0.073337220 -0.006947490 0.997272193
1341845839.649739 -0.004554578 -0.072020859 -0.003699718 0.009248411 0.077012695 -0.007939957 0.996955574
1341845839.681817 -0.006177821 -0.071196690 -0.004022268 0.009305822 0.077137306 -0.006785360 0.996953964
1341845839.713876 -0.004861304 -0.071436159 -0.003636796 0.008304555 0.075126313 -0.006938861 0.997115314
1341845839.749808 -0.004031430 -0.071296789 -0.003714183 0.008233957 0.076018997 -0.007177547 0.997046530
1341845839.781785 -0.005260752 -0.070370384 -0.004589302 0.007577003 0.077284649 -0.005872739 0.996962965
1341845839.817825 -0.005500132 -0.070797540 -0.003997454 0.005537086 0.075855806 -0.006150256 0.997084439
1341845839.849994 -0.004882275 -0.069698274 -0.004032287 0.005146351 0.075164586 -0.005946720 0.997140110
1341845839.881829 -0.006553150 -0.068365589 -0.002908550 0.003332353 0.075999476 -0.006219307 0.997082889
1341845839.917855 -0.007607860 -0.068536550 -0.002983153 0.000940167 0.074715897 -0.006330863 0.997184336
1341845839.950283 -0.007095074 -0.073672511 -0.002599241 -0.004563913 0.071526513 -0.005942099 0.997410536
1341845839.985757 -0.007035926 -0.072166346 -0.002151962 -0.006178223 0.069463208 -0.004934455 0.997553170
1341845840.017660 -0.007534210 -0.065991536 -0.002505657 -0.006417524 0.068558820 -0.006587194 0.997604668
1341845840.049741 -0.008818235 -0.066054046 -0.002720097 -0.010970058 0.068045899 -0.007991800 0.997589886
1341845840.085650 -0.009101343 -0.067000896 -0.002289601 -0.014608838 0.065562397 -0.006987544 0.997717023
1341845840.117698 -0.009066307 -0.070238583 -0.001565514 -0.018424040 0.063669279 -0.005117562 0.997787833
1341845840.149796 -0.009650677 -0.067681700 -0.001403738 -0.020333853 0.062906146 -0.003601627 0.997805774
1341845840.186069 -0.009222161 -0.062567957 -0.001720548 -0.022089630 0.062015977 -0.003587765 0.997824252
1341845840.217657 -0.009525902 -0.061240256 -0.001641123 -0.025715485 0.062769257 -0.004325403 0.997687340
1341845840.253694 -0.011623212 -0.061313469 -0.000270139 -0.029585604 0.063575231 -0.003691218 0.997531593
1341845840.285914 -0.012162851 -0.060359117 -0.000502844 -0.031269148 0.060730368 -0.002461622 0.997661293
1341845840.317753 -0.011964918 -0.058984198 -0.000104747 -0.033491723 0.058681034 -0.001093418 0.997714221
1341845840.353861 -0.011087417 -0.058012854 -0.000235260 -0.035667729 0.057820458 0.000872467 0.997689247
1341845840.385775 -0.012026690 -0.056520160 -0.000012128 -0.038118698 0.058858965 -0.001242885 0.997537494
1341845840.417676 -0.012597390 -0.055153437 0.000201548 -0.041468468 0.057805445 -0.002470912 0.997463167
1341845840.453598 -0.012848736 -0.056407139 0.001290438 -0.044616308 0.056774139 -0.002613060 0.997386217
1341845840.485943 -0.012908804 -0.055371307 0.001263404 -0.044902731 0.056991741 -0.002545868 0.997361124
1341845840.521810 -0.013997548 -0.054141812 0.001141742 -0.045842372 0.057174210 -0.002279205 0.997308612
1341845840.553677 -0.014651142 -0.052864250 0.001508539 -0.047872301 0.055229936 -0.000455179 0.997325301
1341845840.585765 -0.014277764 -0.053122114 0.001649585 -0.049599517 0.053736161 -0.001559758 0.997321367
1341845840.621850 -0.014723779 -0.051532421 0.001456430 -0.049967714 0.053756088 -0.002747189 0.997299314
1341845840.653789 -0.015762636 -0.050574679 0.001511478 -0.053956110 0.053255688 -0.004142080 0.997113526
1341845840.685850 -0.016159939 -0.051867347 0.002383086 -0.056329321 0.052093275 -0.006900793 0.997028410
1341845840.721832 -0.017327748 -0.052396372 0.002561348 -0.054631170 0.052444980 -0.008905485 0.997088611
1341845840.753824 -0.019076819 -0.051722016 0.002707884 -0.051090203 0.049672358 -0.005341628 0.997443676
1341845840.789783 -0.017623112 -0.051281136 0.001959186 -0.048419200 0.046068456 -0.003952080 0.997756302
1341845840.821733 -0.017124169 -0.049431574 0.001372144 -0.046104968 0.047130749 -0.005422330 0.997809410
1341845840.853661 -0.018523017 -0.048668470 0.001099140 -0.045995597 0.048685100 -0.004892288 0.997742593
1341845840.889737 -0.018463477 -0.048348747 0.001551879 -0.046350561 0.046667967 -0.002982908 0.997830033
1341845840.921786 -0.017203188 -0.046978805 0.000904914 -0.046150748 0.046607647 -0.002955701 0.997842252
1341845840.957782 -0.017675310 -0.044946861 0.001492508 -0.047600642 0.049580980 -0.004466587 0.997625172
1341845840.989777 -0.018558098 -0.044765219 0.002026333 -0.050345439 0.051308353 -0.004451252 0.997403145
1341845841.021755 -0.018973259 -0.045521446 0.002843999 -0.050247833 0.052078363 -0.003908901 0.997370422
1341845841.057797 -0.018836530 -0.045446180 0.002941848 -0.046605654 0.053035427 -0.004090855 0.997496068
1341845841.089861 -0.018807128 -0.043250788 0.002359880 -0.041719485 0.055033151 -0.004107057 0.997604132
1341845841.127763 -0.019846039 -0.042240545 0.002320295 -0.040457726 0.055890534 -0.006258782 0.997597218
1341845841.157767 -0.019786200 -0.040962573 0.002294450 -0.038807660 0.054690432 -0.010578329 0.997692823
1341845841.189794 -0.019981362 -0.040758386 0.002715734 -0.037148699 0.054710116 -0.014395634 0.997707129
1341845841.225871 -0.020184383 -0.039797474 0.002599849 -0.033540923 0.054249804 -0.016638832 0.997825205
1341845841.257769 -0.020337701 -0.038019251 0.002539648 -0.029851830 0.053979248 -0.017867055 0.997935832
1341845841.289834 -0.020302566 -0.036312014 0.001897825 -0.028236782 0.052836079 -0.016322743 0.998070419
1341845841.325856 -0.019753560 -0.034021750 0.001801853 -0.028970027 0.052085742 -0.014881248 0.998111367
1341845841.357778 -0.020435477 -0.033948939 0.003054743 -0.031375580 0.051820226 -0.015160568 0.998048306
1341845841.389747 -0.022164939 -0.034218118 0.003852449 -0.029536983 0.049543671 -0.013341064 0.998245955
1341845841.425648 -0.020985780 -0.033914167 0.004004913 -0.023797870 0.046108752 -0.009422695 0.998608470
1341845841.457784 -0.020661559 -0.035947885 0.004378821 -0.017501373 0.044901319 -0.003246647 0.998832822
1341845841.493636 -0.020612057 -0.032522179 0.003623471 -0.012018288 0.044048246 -0.000485211 0.998956978
1341845841.525800 -0.019348184 -0.029823253 0.003151620 -0.013406224 0.043382905 0.001647191 0.998967230
1341845841.557776 -0.020123748 -0.029581944 0.003964293 -0.016793068 0.044305116 0.001308033 0.998876035
1341845841.593697 -0.020916240 -0.029437959 0.005258611 -0.018935187 0.043380003 0.003477842 0.998873115
1341845841.625800 -0.020378448 -0.029544678 0.005682387 -0.017173935 0.041470528 0.005199389 0.998978555
1341845841.657778 -0.019934624 -0.027671775 0.005559243 -0.013713365 0.041523349 0.006699012 0.999020994
1341845841.693890 -0.020735480 -0.026598129 0.005153586 -0.012351394 0.041540302 0.008623405 0.999023259
1341845841.725831 -0.020254834 -0.026339883 0.005602277 -0.012933732 0.040617459 0.009393347 0.999046922
1341845841.761977 -0.020518024 -0.025436150 0.005554179 -0.012104503 0.040326405 0.007438724 0.999085546
1341845841.793705 -0.020986477 -0.023352649 0.005831233 -0.012970575 0.039556205 0.007864859 0.999102175
1341845841.825907 -0.021270495 -0.023854438 0.006619780 -0.015698094 0.037794575 0.007723119 0.999132335
1341845841.862456 -0.021497874 -0.024061937 0.007283480 -0.015393560 0.036203008 0.008031701 0.999193609
1341845841.893840 -0.021731561 -0.024026947 0.007118347 -0.010939685 0.034118306 0.011269122 0.999294400
1341845841.925729 -0.021214139 -0.021948319 0.006511464 -0.006797524 0.031863153 0.014236814 0.999367714
1341845841.961799 -0.020464292 -0.021434860 0.006378913 -0.006963077 0.030858658 0.014172678 0.999399006
1341845841.994063 -0.020103209 -0.019874221 0.006574012 -0.006345700 0.031970866 0.011974839 0.999396920
1341845842.030345 -0.022453595 -0.018399091 0.005977682 -0.008520093 0.033083450 0.010937276 0.999356449
1341845842.061842 -0.021463068 -0.019760437 0.006352261 -0.010494266 0.030278461 0.012721729 0.999405444
1341845842.095648 -0.020886924 -0.018275613 0.006145653 -0.009322933 0.029680442 0.013622998 0.999423087
1341845842.130144 -0.021443291 -0.017595667 0.006167053 -0.009796931 0.030501064 0.015068130 0.999373138
1341845842.168651 -0.021386700 -0.016004942 0.006382564 -0.009584977 0.030449301 0.017397648 0.999338925
1341845842.204415 -0.021423548 -0.016147116 0.006549764 -0.010070967 0.030617408 0.017952513 0.999319196
1341845842.236995 -0.022327982 -0.015336633 0.006988447 -0.008201211 0.029905396 0.019741392 0.999324143
1341845842.272903 -0.022997241 -0.014653446 0.006697435 -0.006150016 0.026261050 0.022925489 0.999373257
1341845842.298056 -0.020652626 -0.013341292 0.006172999 -0.003969110 0.023982383 0.024763316 0.999397755
1341845842.330531 -0.021473277 -0.011509751 0.006436684 -0.001915091 0.025665730 0.024679417 0.999364078
1341845842.362365 -0.022354960 -0.009475171 0.005739924 -0.003054217 0.024550034 0.025228288 0.999375522
1341845842.399606 -0.021270312 -0.009468107 0.006482079 -0.006604637 0.023140881 0.026109956 0.999369383
1341845842.439754 -0.021172617 -0.009593576 0.006759745 -0.007723575 0.023741594 0.025808206 0.999355137
1341845842.472222 -0.022369552 -0.008938729 0.007550311 -0.007821210 0.024374902 0.026760045 0.999314070
1341845842.506051 -0.022274185 -0.009096813 0.007465396 -0.007895155 0.022153720 0.027608043 0.999342144
1341845842.539739 -0.021325599 -0.008664597 0.007604650 -0.007341728 0.021617711 0.026668254 0.999383569
1341845842.572817 -0.021836173 -0.008420143 0.007404148 -0.006855214 0.022878923 0.024585970 0.999412358
1341845842.597810 -0.022595536 -0.008434594 0.008358296 -0.005879178 0.022668388 0.024769882 0.999418855
1341845842.671782 -0.021731295 -0.005930568 0.007624421 -0.001492676 0.021840286 0.025666138 0.999430835
1341845842.697738 -0.022896297 -0.005714120 0.008592322 -0.002254413 0.022430250 0.028311409 0.999344945
1341845842.733828 -0.022722855 -0.005392194 0.008405979 -0.000134769 0.020966362 0.031887185 0.999271512
1341845842.772554 -0.022189027 -0.003250189 0.007965157 0.002070046 0.020190248 0.034022000 0.999214947
1341845842.803667 -0.023083784 -0.001833201 0.007875415 0.000202495 0.020286892 0.036378410 0.999132097
1341845842.839779 -0.022236355 -0.002058461 0.007558565 -0.001516687 0.020446673 0.036447220 0.999125183
1341845842.871951 -0.023156758 -0.001057791 0.007895967 -0.001408138 0.022141900 0.034838792 0.999146640
1341845842.903766 -0.023500426 0.000278974 0.007464136 -0.002527839 0.021040002 0.035306256 0.999151826
1341845842.939694 -0.023008438 0.000438890 0.008105573 -0.005010342 0.021196373 0.034426190 0.999169827
1341845842.971703 -0.023769392 0.000330308 0.008044866 -0.004751477 0.022367751 0.033245143 0.999185562
1341845843.003637 -0.024716901 0.001828693 0.007654313 -0.003895267 0.021109665 0.035397898 0.999142706
1341845843.039687 -0.023011182 0.002434444 0.008202159 -0.004023383 0.018967610 0.038398389 0.999074340
1341845843.071786 -0.023293341 0.003436669 0.008129634 -0.003286136 0.021097854 0.038124509 0.999044836
1341845843.103725 -0.024959842 0.003648906 0.007985514 -0.003232006 0.021791499 0.039810788 0.998964369
1341845843.139742 -0.024791703 0.004762571 0.008013279 -0.000891418 0.018358069 0.042563394 0.998924673
1341845843.171825 -0.024083046 0.006711808 0.008408507 -0.001320693 0.017648043 0.041047513 0.999000430
1341845843.207907 -0.024422204 0.007633590 0.008021467 -0.004141185 0.018741274 0.036596071 0.999145806
1341845843.240014 -0.025313808 0.008291384 0.008879188 -0.007755619 0.018324861 0.033010922 0.999256849
1341845843.281910 -0.025640031 0.008281643 0.008918981 -0.008864862 0.016225366 0.032589983 0.999297798
1341845843.307930 -0.025327411 0.009773483 0.009182016 -0.008109549 0.014672327 0.032585751 0.999328315
1341845843.339844 -0.025098691 0.010472172 0.010071570 -0.007402129 0.014062946 0.033670548 0.999306619
1341845843.407961 -0.024978856 0.013726061 0.009784501 -0.002271492 0.017496698 0.035832424 0.999202073
1341845843.437885 -0.025298450 0.014502881 0.010334831 -0.003415492 0.017722039 0.037536737 0.999132216
1341845843.469698 -0.023919042 0.016210025 0.010419389 -0.003325546 0.019181499 0.036715444 0.999136090
1341845843.501755 -0.025530204 0.017858492 0.011091905 -0.004803778 0.023034422 0.035621028 0.999088287
1341845843.537749 -0.026311042 0.018072054 0.011710541 -0.005902789 0.021084454 0.039141905 0.998993754
1341845843.570240 -0.024482682 0.020814223 0.011076749 -0.005602668 0.019984012 0.038930699 0.999026358
1341845843.601912 -0.025983490 0.021360289 0.011917335 -0.009726870 0.022065623 0.035970405 0.999061882
1341845843.637854 -0.025407676 0.022670027 0.012538787 -0.011728685 0.021092311 0.036147404 0.999055028
1341845843.669935 -0.024759877 0.022638697 0.012687562 -0.012732263 0.022711936 0.037080470 0.998973012
1341845843.705705 -0.024719151 0.025164528 0.013076800 -0.010928299 0.025666365 0.037936609 0.998890698
1341845843.738087 -0.025331195 0.025209162 0.013066374 -0.013438363 0.028235687 0.039833929 0.998716891
1341845843.769868 -0.024437569 0.023481134 0.012612103 -0.013136673 0.028957481 0.042641301 0.998584270
1341845843.805741 -0.024227161 0.025391491 0.012830477 -0.010877202 0.030493552 0.045518469 0.998438716
1341845843.837731 -0.023780191 0.026556462 0.012295675 -0.011393051 0.032804448 0.045607261 0.998355687
1341845843.869723 -0.023888232 0.026613791 0.013087600 -0.012419922 0.035824608 0.044132128 0.998305917
1341845843.905817 -0.023958001 0.026348883 0.013020197 -0.010263989 0.037015073 0.046187412 0.998193979
1341845843.937846 -0.023335317 0.029135982 0.013680615 -0.005423591 0.037963640 0.050060436 0.998009682
1341845843.973843 -0.021860225 0.031070024 0.013497481 -0.002450494 0.041871931 0.051094733 0.997812629
1341845844.005877 -0.023814423 0.029576136 0.013666877 -0.002761288 0.046560649 0.051227044 0.997597277
1341845844.037839 -0.023956658 0.030721173 0.013439141 -0.000216397 0.045525361 0.050843403 0.997668445
1341845844.073843 -0.022445763 0.032451484 0.013340591 -0.000389035 0.046033598 0.047591925 0.997805476
1341845844.105844 -0.023006691 0.032043401 0.013295031 -0.001054753 0.049151991 0.044195618 0.997812450
1341845844.137727 -0.023700532 0.032809775 0.013257237 -0.000031237 0.050117921 0.043177206 0.997809589
1341845844.173729 -0.023224439 0.033024058 0.013293792 0.001418057 0.049852964 0.042858474 0.997835577
1341845844.205772 -0.023097046 0.035459988 0.012777815 0.001117556 0.050817322 0.040802795 0.997873485
1341845844.241826 -0.023536207 0.033988856 0.014357986 -0.000395103 0.050705384 0.041131996 0.997866213
1341845844.273743 -0.022575801 0.035973597 0.014546379 0.007400660 0.049048778 0.045605790 0.997727215
1341845844.305737 -0.023432219 0.039241020 0.013855634 0.010825953 0.049674720 0.048066746 0.997549415
1341845844.341702 -0.023702659 0.041606531 0.013599600 0.009367290 0.049211167 0.047914933 0.997594416
1341845844.373700 -0.023752792 0.042018209 0.013938860 0.005186975 0.049152687 0.045890193 0.997722983
1341845844.409780 -0.024174821 0.043820582 0.013983814 0.004579926 0.048781030 0.047809836 0.997654080
1341845844.441868 -0.023633920 0.044704739 0.014168489 0.002520042 0.047417160 0.050754536 0.997581661
1341845844.473633 -0.022928711 0.045974120 0.014835304 0.000670193 0.048129156 0.050961260 0.997539997
1341845844.509732 -0.024113106 0.047163758 0.014548512 -0.000270874 0.050517756 0.051568624 0.997390866
1341845844.541734 -0.024269259 0.044810567 0.013190798 -0.004966448 0.050017178 0.053393755 0.997307777
1341845844.573798 -0.024328584 0.049550723 0.014686641 -0.005286143 0.048108902 0.053855449 0.997375131
1341845844.609774 -0.023798021 0.046537679 0.013929456 -0.009383985 0.048439335 0.054047730 0.997318625
1341845844.641742 -0.024804374 0.047142521 0.014679068 -0.009558287 0.046779588 0.055608708 0.997310400
1341845844.677619 -0.025389081 0.050424732 0.014319535 -0.004367693 0.042103928 0.059616312 0.997323453
1341845844.709820 -0.025010856 0.050252751 0.013304825 -0.006033462 0.039287712 0.060053196 0.997403443
1341845844.741764 -0.025962340 0.051298302 0.014621429 -0.008333682 0.035947572 0.059831493 0.997526228
1341845844.778110 -0.026602579 0.054302435 0.014371262 -0.008426537 0.032844227 0.058887411 0.997688591
1341845844.811162 -0.027356109 0.051923573 0.014657457 -0.010932328 0.029088235 0.057060100 0.997887015
1341845844.842336 -0.027899798 0.054741058 0.013640952 -0.012377006 0.023746459 0.055662073 0.998090506
1341845844.883762 -0.027918790 0.054985575 0.015828554 -0.014741388 0.021004867 0.053703807 0.998227119
1341845844.911668 -0.028650351 0.056190822 0.016492361 -0.013893712 0.017698854 0.053428426 0.998318136
1341845844.947016 -0.028953638 0.057618238 0.016781794 -0.012912763 0.011508347 0.053285465 0.998429477
1341845844.977793 -0.028417341 0.059098978 0.016571755 -0.012788510 0.009052438 0.048459411 0.998702228
1341845845.009670 -0.028739061 0.058916010 0.015885983 -0.015006614 0.007968834 0.045094479 0.998838186
1341845845.045698 -0.029726075 0.059906747 0.016631540 -0.013634892 0.003982856 0.042671885 0.998988152
1341845845.077748 -0.027468115 0.061105125 0.015199888 -0.014002807 0.000094688 0.039427485 0.999124289
1341845845.109679 -0.027093282 0.060402319 0.014403142 -0.017111130 0.001332997 0.034255628 0.999265730
1341845845.145640 -0.026396386 0.059016760 0.016668808 -0.019269122 0.000399453 0.033384468 0.999256730
1341845845.177719 -0.025167247 0.060085595 0.016101453 -0.017782856 -0.000398971 0.033251237 0.999288678
1341845845.213604 -0.024614528 0.062062331 0.015636599 -0.018034844 0.002260725 0.031903349 0.999325633
1341845845.245741 -0.025552874 0.062131200 0.016361129 -0.020501070 0.004955792 0.031486083 0.999281585
1341845845.277905 -0.024945809 0.061987795 0.017225394 -0.019859660 0.004736069 0.032893129 0.999250352
1341845845.314159 -0.024983928 0.064497843 0.015787978 -0.018118035 0.004609729 0.032582160 0.999294162
1341845845.345748 -0.024496039 0.065168962 0.017099833 -0.019829277 0.004576187 0.031785347 0.999287486
1341845845.381704 -0.025006128 0.066222809 0.016788905 -0.020324128 0.004223814 0.031098468 0.999300718
1341845845.413648 -0.024941642 0.066963211 0.017029034 -0.021387547 0.002674728 0.031747781 0.999263465
1341845845.445777 -0.025120631 0.068251491 0.016443713 -0.020952109 0.000496546 0.031391960 0.999287367
1341845845.481809 -0.025173429 0.070554480 0.015887918 -0.023516787 0.000313215 0.025843520 0.999389291
1341845845.514332 -0.025108261 0.069480754 0.017032461 -0.027279086 -0.000887633 0.025229236 0.999309063
1341845845.545717 -0.025227632 0.071579099 0.016888434 -0.026391668 -0.003128817 0.026068453 0.999306798
1341845845.581658 -0.024592379 0.073412538 0.017106900 -0.027703434 -0.005462508 0.024771037 0.999294281
1341845845.613959 -0.023935307 0.074417509 0.016286522 -0.030818803 -0.004746933 0.022317745 0.999264538
1341845845.649696 -0.024578717 0.074508637 0.017618654 -0.035045516 -0.004543444 0.022863837 0.999113798
1341845845.682034 -0.025617333 0.073455952 0.017343163 -0.035380471 -0.006427059 0.024588311 0.999050736
1341845845.714232 -0.023723295 0.078575969 0.015893754 -0.031422790 -0.008403433 0.024596522 0.999168158
1341845845.751971 -0.024053713 0.078637071 0.017393781 -0.037588708 -0.007584201 0.021316256 0.999037147
1341845845.787747 -0.024109256 0.076801620 0.017898917 -0.042008922 -0.007179694 0.019653980 0.998898089
1341845845.820616 -0.024625577 0.078201674 0.017546089 -0.040753826 -0.007481409 0.020783845 0.998925030
1341845845.887653 -0.023031374 0.080910087 0.017793231 -0.042235669 -0.007895715 0.017763425 0.998918533
1341845845.917680 -0.024277994 0.080326296 0.017864287 -0.044320371 -0.005183456 0.018016044 0.998841465
1341845845.949895 -0.022548655 0.082209140 0.018350590 -0.042206619 -0.005746613 0.019247225 0.998906970
1341845845.981855 -0.022928096 0.084435180 0.018043850 -0.041798811 -0.003251204 0.019119881 0.998937845
1341845846.017822 -0.022516113 0.083394960 0.018918369 -0.045001671 -0.002769308 0.019528147 0.998792171
1341845846.049788 -0.023999397 0.085630551 0.018387739 -0.040548995 -0.000155631 0.019421576 0.998988748
1341845846.081697 -0.024543663 0.086917438 0.017946620 -0.040276222 -0.000276510 0.019409170 0.999000013
1341845846.117753 -0.023781104 0.087851465 0.018233802 -0.041852500 -0.002030692 0.018449651 0.998951375
1341845846.149729 -0.023697969 0.088976987 0.018528946 -0.041861471 -0.003034943 0.020696903 0.998904407
1341845846.185551 -0.023807002 0.091057211 0.017992755 -0.041688144 -0.004226294 0.022801857 0.998861492
1341845846.217670 -0.023069752 0.092884466 0.018387392 -0.042893823 -0.004621669 0.023542367 0.998791516
1341845846.249670 -0.026077079 0.093056999 0.017606376 -0.047120549 -0.000467479 0.025536679 0.998562634
1341845846.285621 -0.024373962 0.092179276 0.017941674 -0.050911970 -0.003597108 0.026943028 0.998333156
1341845846.318706 -0.023342550 0.096217498 0.017578397 -0.049756274 -0.003630578 0.025502592 0.998429179
1341845846.349746 -0.024275282 0.096012369 0.017727990 -0.054296754 -0.001599286 0.026186997 0.998180091
1341845846.385823 -0.023771266 0.095784210 0.017459687 -0.055792809 -0.002969000 0.028965162 0.998017728
1341845846.417804 -0.022609502 0.097543851 0.017418211 -0.057689711 -0.002596598 0.028146995 0.997934341
1341845846.453757 -0.024851957 0.097115003 0.017331460 -0.061879832 0.000269210 0.031449340 0.997587979
1341845846.485915 -0.023837894 0.098452330 0.017497988 -0.062912181 -0.001930739 0.032780025 0.997478724
1341845846.517804 -0.022513924 0.099683970 0.016756482 -0.064034320 -0.000583291 0.031145150 0.997461379
1341845846.553866 -0.023141950 0.100912757 0.016869145 -0.067970388 0.001037564 0.030779073 0.997211933
1341845846.585802 -0.022461616 0.099603511 0.017868528 -0.070950285 -0.000469179 0.031061064 0.996996045
1341845846.621952 -0.022171378 0.100955583 0.016566472 -0.071107715 0.000833678 0.029320003 0.997037292
1341845846.653735 -0.022151252 0.100555956 0.016730467 -0.074387699 0.000822887 0.029092206 0.996804595
1341845846.687048 -0.021326277 0.100248866 0.017218936 -0.074797109 0.000594516 0.027948305 0.996806860
1341845846.721930 -0.021506634 0.100245856 0.016720738 -0.074670903 0.002595449 0.026030235 0.996865094
1341845846.755684 -0.022099709 0.098849155 0.016360618 -0.075862356 0.003035458 0.025877044 0.996777833
1341845846.785987 -0.021916695 0.098152101 0.016634088 -0.074616201 0.003196821 0.025897335 0.996870875
1341845846.821760 -0.021925053 0.097512886 0.016263014 -0.073685154 0.004986355 0.023908053 0.996982455
1341845846.853756 -0.021572027 0.095282905 0.016235525 -0.073626697 0.004208399 0.024672756 0.996971726
1341845846.889724 -0.021838574 0.091239817 0.017227860 -0.071665987 0.003266394 0.024873603 0.997113109
1341845846.921756 -0.022081256 0.092138559 0.016646123 -0.066008769 0.004008905 0.023357719 0.997537553
1341845846.953776 -0.022900507 0.090365991 0.016572816 -0.064706601 0.005326428 0.023453387 0.997614503
1341845846.989607 -0.023495065 0.088655323 0.016542593 -0.061153099 0.004429151 0.024253108 0.997823834
1341845847.021791 -0.023791982 0.088482223 0.016442735 -0.055580735 0.004004709 0.023122085 0.998178422
1341845847.053671 -0.024194377 0.088362828 0.015931655 -0.053254977 0.003810343 0.021325689 0.998345912
1341845847.089677 -0.024396513 0.083411992 0.015876539 -0.056431621 0.000928995 0.022464525 0.998153269
1341845847.121825 -0.023021813 0.083021536 0.016736358 -0.049120281 -0.002222249 0.019146034 0.998606861
1341845847.157737 -0.021325864 0.080875933 0.016501028 -0.046509698 -0.003146257 0.021028662 0.998691499
1341845847.189613 -0.021472428 0.079094581 0.016734939 -0.043596953 -0.001865310 0.022787170 0.998787582
1341845847.221790 -0.020402687 0.078387737 0.016635992 -0.039355811 -0.000736460 0.023522943 0.998948097
1341845847.257718 -0.022256380 0.076942451 0.015563074 -0.037503392 0.003533368 0.023030164 0.999024808
1341845847.289652 -0.021456769 0.074300937 0.015886428 -0.036971271 0.002306167 0.024430940 0.999014974
1341845847.321777 -0.020813854 0.073152736 0.015269081 -0.034188088 0.002689135 0.022293895 0.999163151
1341845847.357899 -0.021859167 0.071954660 0.014916612 -0.032286674 0.005311389 0.021667542 0.999229670
1341845847.390176 -0.021780593 0.069575451 0.014339396 -0.030763026 0.005106627 0.020927725 0.999294519
1341845847.425786 -0.021466743 0.070047826 0.013790679 -0.029700495 0.006455649 0.017903106 0.999377668
1341845847.460315 -0.021798979 0.067683935 0.012990362 -0.029390067 0.007949949 0.018186614 0.999370933
1341845847.489945 -0.022077020 0.066425763 0.012490799 -0.028910063 0.007066391 0.019108733 0.999374390
1341845847.525805 -0.022412753 0.064860433 0.011568063 -0.029679952 0.005692985 0.017655971 0.999387264
1341845847.557741 -0.021739654 0.065136909 0.010203226 -0.032098524 0.003144186 0.013078276 0.999394178
1341845847.593782 -0.022157175 0.060420796 0.011353976 -0.038066607 0.002050507 0.009976524 0.999223292
1341845847.625656 -0.021553790 0.057160795 0.010755227 -0.036532149 0.001261798 0.011286847 0.999267936
1341845847.657670 -0.021300182 0.056614410 0.009705561 -0.033740375 0.001004702 0.013806920 0.999334753
1341845847.693751 -0.020779291 0.055222414 0.009149956 -0.033325635 0.000768096 0.014688689 0.999336302
1341845847.725684 -0.020373045 0.053618513 0.008731021 -0.033907920 0.001885381 0.014160571 0.999322891
1341845847.757787 -0.021326382 0.051552732 0.008733833 -0.033692177 0.002737021 0.016674969 0.999289393
1341845847.793826 -0.021873821 0.052136522 0.007446229 -0.031148544 0.001407761 0.018261284 0.999346972
1341845847.825684 -0.021242419 0.050785810 0.008041063 -0.032608937 0.000384422 0.017842907 0.999308825
1341845847.861928 -0.022042468 0.049433038 0.007434094 -0.033013567 0.000238571 0.018105252 0.999290884
1341845847.893697 -0.022428581 0.047776751 0.007725657 -0.033873532 -0.002247786 0.021418562 0.999194026
1341845847.925644 -0.021750161 0.046647739 0.006865126 -0.031238127 -0.004538252 0.023375195 0.999228299
1341845847.961946 -0.021299310 0.045757644 0.006362503 -0.031888027 -0.003967761 0.023212880 0.999213994
1341845847.993685 -0.022348834 0.044412576 0.006649953 -0.031481680 -0.004218188 0.025396626 0.999172688
1341845848.025620 -0.021518169 0.043565650 0.006136511 -0.031101014 -0.006161381 0.026510967 0.999145627
1341845848.061715 -0.021581439 0.042482127 0.006044027 -0.030526780 -0.005941693 0.027462961 0.999138951
1341845848.093689 -0.022248823 0.041879836 0.005482527 -0.030734081 -0.006783195 0.027749203 0.999119282
1341845848.132119 -0.022157665 0.040035568 0.005331444 -0.031816002 -0.009271951 0.026634689 0.999095798
1341845848.167711 -0.021306984 0.039635140 0.004982062 -0.031195601 -0.010007317 0.023916153 0.999177039
1341845848.200502 -0.022420291 0.038346041 0.004556114 -0.031916127 -0.008619423 0.022225453 0.999206245
1341845848.232265 -0.022138212 0.037217900 0.004740329 -0.032651469 -0.010849054 0.023736311 0.999126017
1341845848.267873 -0.021267131 0.035954677 0.004349264 -0.031892151 -0.011690146 0.024118425 0.999131918
1341845848.301135 -0.021667683 0.036025383 0.002771118 -0.031864978 -0.010508318 0.023488950 0.999160886
1341845848.335735 -0.022199402 0.034535177 0.003070210 -0.036521181 -0.011840499 0.024779202 0.998955429
1341845848.367757 -0.021140287 0.032701384 0.003244080 -0.038838599 -0.014221516 0.024040282 0.998855054
1341845848.399644 -0.021589004 0.032161262 0.002683745 -0.038785316 -0.014465415 0.023152420 0.998874545
1341845848.435802 -0.022970237 0.030937104 0.002046782 -0.040044881 -0.017301001 0.025077386 0.998733282
1341845848.467705 -0.019826857 0.030628625 0.000739667 -0.040663268 -0.020379119 0.023271929 0.998693943
1341845848.503759 -0.020606682 0.029804714 0.001206639 -0.041806780 -0.016445724 0.021619277 0.998756409
1341845848.536036 -0.021520302 0.028417071 0.001586720 -0.042930856 -0.016637534 0.024611220 0.998636305
1341845848.567958 -0.020843558 0.028205341 0.001350392 -0.042310320 -0.018727141 0.026096959 0.998588026
1341845848.603657 -0.020594914 0.027535861 0.001117759 -0.042887583 -0.018084960 0.025162296 0.998599231
1341845848.635797 -0.021719608 0.026713353 0.000563458 -0.043492347 -0.017862627 0.024876606 0.998584211
1341845848.671815 -0.021215431 0.024306221 0.001262843 -0.043586660 -0.019715063 0.026555128 0.998502016
1341845848.703677 -0.020347174 0.023436951 0.000914400 -0.038702905 -0.019439310 0.027375497 0.998686552
1341845848.735781 -0.021055283 0.022435812 0.000583989 -0.035712473 -0.017662419 0.029100981 0.998782158
1341845848.771647 -0.021247970 0.021962700 0.000494484 -0.033486240 -0.017471589 0.031568993 0.998787642
1341845848.803783 -0.020421717 0.021908749 -0.000031982 -0.031234181 -0.016559497 0.032451805 0.998847842
1341845848.839757 -0.020197818 0.022976959 -0.000840513 -0.031444911 -0.013613519 0.030319754 0.998952746
1341845848.871829 -0.020438952 0.021998176 0.000315291 -0.036675468 -0.010844950 0.027733637 0.998883426
1341845848.903622 -0.018975656 0.017791949 0.001707917 -0.037822112 -0.008039196 0.026939332 0.998888969
1341845848.940608 -0.018534653 0.019018617 0.003474907 -0.026102988 -0.002424260 0.030466948 0.999191940
1341845848.972843 -0.019838409 0.020054743 0.003257107 -0.021051737 0.002461486 0.033223495 0.999223173
1341845849.008613 -0.020406788 0.020682085 0.002671415 -0.018647343 0.005017711 0.032201242 0.999294817
1341845849.044290 -0.019931830 0.020848058 0.004019471 -0.016904488 0.008094999 0.029343100 0.999393642
1341845849.072005 -0.021018231 0.020647671 0.004325387 -0.015675895 0.009945061 0.030492641 0.999362588
1341845849.101927 -0.019725930 0.022132056 0.005347714 -0.014622348 0.009449411 0.029680388 0.999407828
1341845849.133777 -0.017924821 0.021930240 0.005860199 -0.016752282 0.013762415 0.026019886 0.999426305
1341845849.165908 -0.019693775 0.021410784 0.007866441 -0.017119111 0.019469926 0.025120843 0.999348164
1341845849.201651 -0.020506293 0.021013562 0.008991973 -0.015318157 0.019939564 0.027430497 0.999307394
1341845849.233648 -0.019254088 0.021831408 0.009719424 -0.013896282 0.019945668 0.027560333 0.999324560
1341845849.265690 -0.019520303 0.022638639 0.010978448 -0.014831631 0.022630176 0.025442187 0.999310076
1341845849.301701 -0.021161102 0.022944814 0.012731121 -0.016760416 0.023591775 0.024664197 0.999276817
1341845849.333730 -0.021052446 0.022575490 0.014084358 -0.017753819 0.021715535 0.024159841 0.999314547
1341845849.369727 -0.020960215 0.023146709 0.015408198 -0.018513067 0.021092381 0.022984670 0.999341846
1341845849.401811 -0.021358814 0.022045687 0.017218193 -0.019742422 0.020351052 0.024191679 0.999305189
1341845849.433692 -0.020491216 0.022457091 0.018186238 -0.017914785 0.019978685 0.023231937 0.999369860
1341845849.469648 -0.021552831 0.022708179 0.019553535 -0.018783575 0.021145420 0.022839151 0.999338984
1341845849.501641 -0.021175509 0.022439362 0.021321388 -0.019582342 0.019901812 0.023204466 0.999340773
1341845849.533689 -0.021400042 0.022546550 0.022627585 -0.019079540 0.021071039 0.022701405 0.999338090
1341845849.569780 -0.021985620 0.023397340 0.024177097 -0.019691657 0.021909241 0.021844331 0.999327302
1341845849.601759 -0.021541411 0.022775473 0.025874665 -0.022235166 0.021749098 0.021787243 0.999278665
1341845849.637837 -0.021274824 0.022690749 0.027895916 -0.021094874 0.024058595 0.021161806 0.999263942
1341845849.669719 -0.021728761 0.023256237 0.029359942 -0.020231547 0.025974520 0.021435320 0.999228001
1341845849.701927 -0.021235516 0.023373868 0.031023977 -0.020603955 0.027478224 0.021042766 0.999188483
1341845849.737804 -0.021344507 0.023307508 0.033112127 -0.020807002 0.030667473 0.019625925 0.999120355
1341845849.769688 -0.022627583 0.023535181 0.034564804 -0.020772584 0.032361876 0.020183479 0.999056458
1341845849.805874 -0.022812828 0.023298580 0.036685139 -0.021163819 0.030454682 0.021442469 0.999082029
1341845849.838002 -0.022132413 0.024011901 0.037412342 -0.020842103 0.029604463 0.019882225 0.999146581
1341845849.873756 -0.021985490 0.024557089 0.039134849 -0.022902988 0.030927634 0.017470324 0.999106467
1341845849.905773 -0.022906087 0.023432460 0.041097246 -0.024923669 0.031276997 0.017215982 0.999051630
1341845849.942380 -0.021698220 0.023293404 0.041939266 -0.023713477 0.030658450 0.017819932 0.999089718
1341845849.969808 -0.022129921 0.024547871 0.043858554 -0.022923097 0.034295209 0.015785871 0.999024153
1341845850.006040 -0.023359183 0.023801049 0.045169797 -0.024695193 0.035253767 0.014297401 0.998970926
1341845850.038041 -0.023108087 0.023851100 0.046705872 -0.024989940 0.034330487 0.012208626 0.999023438
1341845850.073843 -0.022490609 0.023642095 0.047827519 -0.023825863 0.034269169 0.012511203 0.999050260
1341845850.106258 -0.023395419 0.024339201 0.048906766 -0.023171458 0.035569768 0.010848918 0.999039650
1341845850.137727 -0.024464622 0.024728082 0.050337654 -0.024925882 0.034217622 0.008296587 0.999069095
1341845850.173748 -0.024218930 0.024084497 0.051958360 -0.027183129 0.031347286 0.006515194 0.999117613
1341845850.205888 -0.023887668 0.024050321 0.052869391 -0.027533056 0.029793631 0.006797077 0.999153674
1341845850.242190 -0.024359694 0.024433097 0.054702383 -0.027590716 0.028893409 0.007361228 0.999174535
1341845850.276369 -0.023979627 0.024312155 0.056028496 -0.028524972 0.026574751 0.006856041 0.999216259
1341845850.311979 -0.023872666 0.024574859 0.057139065 -0.029043347 0.025508981 0.005551176 0.999237180
1341845850.343827 -0.024028191 0.024989374 0.058177549 -0.030872345 0.024184380 0.004161836 0.999222040
1341845850.380151 -0.023865744 0.024116511 0.059715487 -0.033025879 0.023913747 0.002846841 0.999164343
1341845850.412359 -0.023281207 0.023556815 0.062086366 -0.032695763 0.024246659 0.003251127 0.999165893
1341845850.447279 -0.023207141 0.023901632 0.063377470 -0.031978440 0.025558228 0.005142981 0.999148488
1341845850.511722 -0.022169759 0.023387255 0.065441944 -0.028446294 0.027585736 0.010958132 0.999154508
1341845850.541836 -0.022314930 0.024053572 0.066747956 -0.026928142 0.029751955 0.012096372 0.999121308
1341845850.573894 -0.022465698 0.023528945 0.067459382 -0.026574600 0.030225163 0.012336987 0.999113619
1341845850.609794 -0.022542886 0.023998564 0.067102000 -0.024093755 0.030855272 0.012049619 0.999160767
1341845850.641744 -0.022741821 0.024024040 0.068774201 -0.024195870 0.030328920 0.011015921 0.999186337
1341845850.673755 -0.021822819 0.023122979 0.070103548 -0.023492243 0.029273290 0.009872970 0.999246597
1341845850.709784 -0.021241698 0.023714280 0.071344100 -0.022614686 0.030469112 0.008743879 0.999241590
1341845850.741802 -0.022401433 0.023368029 0.072756276 -0.022072924 0.030522693 0.009476107 0.999245405
1341845850.777740 -0.021290174 0.023768919 0.073348381 -0.021453993 0.028528146 0.010396759 0.999308646
1341845850.809756 -0.021238048 0.023603978 0.074362323 -0.021022666 0.029342469 0.010310099 0.999295115
1341845850.841900 -0.021480624 0.024397671 0.075562246 -0.020836756 0.028883755 0.010057257 0.999314964
1341845850.877766 -0.021338440 0.024082862 0.076533973 -0.022285061 0.028110500 0.009419036 0.999311984
1341845850.909781 -0.021121655 0.024612861 0.076396160 -0.021965539 0.029182740 0.009109861 0.999291241
1341845850.941758 -0.021343680 0.024838246 0.077547178 -0.023064462 0.030153926 0.009193698 0.999236882
1341845850.977762 -0.021700276 0.024600565 0.078875251 -0.023516722 0.029704859 0.011512712 0.999215722
1341845851.009834 -0.021220218 0.025329849 0.079216838 -0.022963786 0.028508615 0.013860242 0.999233663
1341845851.045751 -0.021086652 0.025689527 0.080301680 -0.024097079 0.029046519 0.014518607 0.999182105
1341845851.077894 -0.020804927 0.024814086 0.082230248 -0.024124995 0.029287666 0.017386241 0.999128640
1341845851.109747 -0.021034587 0.026075436 0.082336523 -0.022202497 0.029201809 0.018141001 0.999162257
1341845851.145889 -0.021101864 0.026700413 0.083224207 -0.024652937 0.027848929 0.015958911 0.999180675
1341845851.177904 -0.020126591 0.026471261 0.084663674 -0.026823403 0.027892908 0.012935481 0.999167264
1341845851.209882 -0.021259205 0.027233617 0.085745640 -0.027659224 0.029363936 0.011384235 0.999121189
1341845851.251733 -0.021544229 0.026533898 0.087010570 -0.030835966 0.026302567 0.010592833 0.999122202
1341845851.277783 -0.019560141 0.026064832 0.088259138 -0.030487949 0.024089016 0.010335672 0.999191344
1341845851.313813 -0.019993873 0.026712382 0.089345157 -0.028280346 0.026846023 0.010787786 0.999181271
1341845851.345834 -0.021122830 0.026523849 0.090473853 -0.027420938 0.025947612 0.013304169 0.999198616
1341845851.377718 -0.020480661 0.026971567 0.090914741 -0.024835208 0.022924693 0.016404504 0.999294043
1341845851.413805 -0.020321270 0.028304204 0.091118068 -0.024244141 0.022424154 0.016013956 0.999326289
1341845851.445896 -0.021600962 0.027656538 0.092258610 -0.028227078 0.021464249 0.013675876 0.999277472
1341845851.478163 -0.021031233 0.027874807 0.092804238 -0.028121928 0.017449860 0.014878975 0.999341428
1341845851.514640 -0.020386012 0.029062442 0.092543684 -0.028798213 0.016975949 0.014835908 0.999330938
1341845851.546201 -0.020806897 0.029018570 0.093446963 -0.031551193 0.018211812 0.015424351 0.999217153
1341845851.581975 -0.020248506 0.028096195 0.094647177 -0.032919124 0.017731514 0.018687652 0.999125957
1341845851.616214 -0.020383034 0.028236227 0.095475718 -0.030129187 0.019096421 0.024205094 0.999070406
1341845851.645895 -0.020983221 0.029721219 0.096121773 -0.030101750 0.018949697 0.026835004 0.999006867
1341845851.681977 -0.020329939 0.028226040 0.096841320 -0.031432759 0.017069494 0.026678918 0.999003947
1341845851.714139 -0.020100199 0.028937720 0.097193979 -0.029261954 0.017675474 0.026661640 0.999059796
1341845851.745927 -0.020978509 0.029274769 0.097765073 -0.029702639 0.016447149 0.027917227 0.999033451
1341845851.781911 -0.020143596 0.029139536 0.098209754 -0.030475670 0.013907383 0.026285484 0.999093056
1341845851.813848 -0.019314473 0.029045012 0.098518409 -0.029699091 0.014867729 0.024319192 0.999152362
1341845851.849910 -0.019861154 0.029070472 0.099008091 -0.029671870 0.015449662 0.022493189 0.999187112
1341845851.881832 -0.018831855 0.027037457 0.099117942 -0.029033018 0.013809201 0.021291533 0.999256253
1341845851.913735 -0.017898150 0.029059283 0.098276511 -0.023406096 0.015656866 0.018799184 0.999426663
1341845851.949904 -0.018586924 0.028467584 0.098922960 -0.025869956 0.017549150 0.015124409 0.999396801
1341845851.982005 -0.017124441 0.027379042 0.098335654 -0.024342144 0.017000642 0.013024236 0.999474287
1341845852.017909 -0.016944954 0.028191378 0.097896621 -0.022621641 0.019352218 0.012020341 0.999484539
1341845852.050012 -0.016619442 0.028076069 0.097180463 -0.023376044 0.021413254 0.010047506 0.999446929
1341845852.082035 -0.016357811 0.027611628 0.096994340 -0.023987133 0.024794819 0.008657665 0.999367237
1341845852.121076 -0.016234891 0.027981613 0.096108012 -0.022610907 0.027705316 0.009565080 0.999314606
1341845852.163838 -0.015721373 0.027694039 0.095631666 -0.023920102 0.030790372 0.010225597 0.999187291
1341845852.190660 -0.016258413 0.027679041 0.095144346 -0.022636361 0.034003105 0.011789890 0.999095798
1341845852.223981 -0.016349440 0.027342517 0.094696499 -0.023173900 0.034306072 0.012582904 0.999063432
1341845852.257664 -0.016492032 0.026683416 0.094023645 -0.021870153 0.034058437 0.013175482 0.999093652
1341845852.286726 -0.016973566 0.027667070 0.093085714 -0.021389527 0.034115631 0.013604616 0.999096394
1341845852.317924 -0.017341735 0.027200432 0.092714615 -0.023386423 0.031785149 0.014596554 0.999114454
1341845852.349834 -0.016814571 0.026989227 0.092131384 -0.023920897 0.030667234 0.016264470 0.999110997
1341845852.385657 -0.018287981 0.026678169 0.091388591 -0.023732832 0.030480227 0.018567877 0.999081075
1341845852.417731 -0.017776435 0.027113954 0.090095796 -0.024746250 0.026789570 0.019002395 0.999154091
1341845852.449741 -0.017265501 0.026292393 0.089685827 -0.026643299 0.026596462 0.017714027 0.999134123
1341845852.485861 -0.018522887 0.026730726 0.088309459 -0.026491333 0.026300984 0.015871476 0.999176919
1341845852.517876 -0.018523222 0.026649652 0.086777054 -0.028989319 0.023778265 0.013889742 0.999200344
1341845852.553887 -0.018719716 0.025694788 0.085858539 -0.028376093 0.022381673 0.016507329 0.999210358
1341845852.585754 -0.019543594 0.026610935 0.084607996 -0.027304649 0.021491589 0.018488578 0.999225080
1341845852.617891 -0.019861959 0.026162727 0.083193615 -0.028934609 0.019450014 0.018284306 0.999224782
1341845852.653840 -0.019456271 0.026478818 0.081626184 -0.028662860 0.018000180 0.017691663 0.999270439
1341845852.685926 -0.020250952 0.026287794 0.080394417 -0.029763876 0.019080674 0.016769549 0.999234140
1341845852.717821 -0.021086616 0.026198657 0.079306640 -0.030152194 0.017915644 0.019431902 0.999195814
1341845852.753958 -0.020229895 0.026487036 0.077405028 -0.029319411 0.017084649 0.022305997 0.999175131
1341845852.785766 -0.020935249 0.026910253 0.076141916 -0.030576073 0.020162888 0.022063151 0.999085486
1341845852.822784 -0.021995282 0.025885003 0.075063631 -0.031465519 0.020326817 0.023684295 0.999017417
1341845852.853750 -0.021378040 0.026721032 0.073282018 -0.030985529 0.019408692 0.023748474 0.999049187
1341845852.885924 -0.021934390 0.025970971 0.071966544 -0.032093365 0.022512225 0.022642981 0.998974741
1341845852.921581 -0.022865640 0.026454140 0.070753917 -0.030960303 0.023460256 0.022301888 0.998996377
1341845852.953977 -0.022024022 0.025683416 0.069658026 -0.030565089 0.023990341 0.022252288 0.998997033
1341845852.989721 -0.023721060 0.027283307 0.067077652 -0.026230078 0.027376644 0.020714426 0.999066293
1341845853.021716 -0.024632914 0.027578427 0.067302175 -0.030425513 0.024874566 0.017558381 0.999073207
1341845853.053750 -0.024166364 0.026335733 0.065988153 -0.031051926 0.022351744 0.017335769 0.999117434
1341845853.089814 -0.024752446 0.027815873 0.064365797 -0.030096166 0.022278598 0.016949991 0.999154925
1341845853.121864 -0.025156846 0.027045023 0.063571937 -0.033351686 0.021171601 0.015726237 0.999095678
1341845853.159690 -0.024971915 0.026101613 0.062330876 -0.032111336 0.020750949 0.016686609 0.999129534
1341845853.195824 -0.025669541 0.026941864 0.060724754 -0.029653335 0.021136908 0.018095439 0.999172926
1341845853.227731 -0.025761239 0.027258372 0.059415724 -0.030213069 0.020074634 0.017415944 0.999190092
1341845853.263703 -0.025648091 0.026036683 0.058043770 -0.030201204 0.020752134 0.017181903 0.999180675
1341845853.296490 -0.026574461 0.026373327 0.056314822 -0.027421219 0.022368748 0.017065357 0.999227941
1341845853.327753 -0.027671019 0.026596781 0.054605242 -0.026247488 0.021342618 0.017896499 0.999267399
1341845853.363891 -0.026808105 0.026059911 0.053564474 -0.025913682 0.019683821 0.018629508 0.999296784
1341845853.395726 -0.027103906 0.026413336 0.051770139 -0.023599973 0.022068847 0.017642919 0.999322176
1341845853.463774 -0.028790155 0.025583133 0.048839983 -0.024467792 0.021319579 0.016961800 0.999329329
1341845853.489803 -0.028631011 0.026679764 0.047038693 -0.023160541 0.021601507 0.015318781 0.999380946
1341845853.525799 -0.030049512 0.026487876 0.046042260 -0.025421342 0.021985022 0.014189113 0.999334335
1341845853.557770 -0.029941764 0.025867755 0.044333935 -0.025300035 0.019650821 0.015112996 0.999372482
1341845853.589705 -0.029965285 0.026281392 0.042357758 -0.024239736 0.019435324 0.015544318 0.999396384
1341845853.625908 -0.030921379 0.026800524 0.041266046 -0.024018649 0.019579930 0.015774554 0.999395311
1341845853.657783 -0.031011060 0.026541682 0.040019475 -0.024555463 0.018423298 0.016549207 0.999391675
1341845853.689930 -0.030624192 0.026249487 0.037892457 -0.022929192 0.018781049 0.017986262 0.999398828
1341845853.725779 -0.031513061 0.027147450 0.036379717 -0.021435257 0.020492930 0.018296953 0.999392748
1341845853.757962 -0.031874042 0.026586540 0.034817874 -0.021840688 0.020988652 0.019508479 0.999350786
1341845853.793750 -0.032098405 0.026480353 0.032920003 -0.019751977 0.021230362 0.021978600 0.999337852
1341845853.825783 -0.032744840 0.027202435 0.031572755 -0.019218115 0.021677265 0.021110203 0.999357402
1341845853.857700 -0.033738527 0.027076632 0.030965498 -0.019803364 0.021579560 0.019888965 0.999373138
1341845853.893805 -0.034025878 0.027053215 0.029314628 -0.018858157 0.019481577 0.019315451 0.999445736
1341845853.925836 -0.033444047 0.028358115 0.027261013 -0.019458914 0.018102707 0.015375042 0.999528527
1341845853.957735 -0.033859156 0.027285770 0.027073566 -0.022487605 0.019598804 0.011324462 0.999490857
1341845853.993852 -0.034950767 0.026847698 0.026710594 -0.020563237 0.020183137 0.013485094 0.999493897
1341845854.025830 -0.034696441 0.027675761 0.024402708 -0.018317964 0.018531924 0.015733702 0.999536693
1341845854.061903 -0.034142587 0.029151462 0.023334762 -0.020133728 0.019332301 0.012079849 0.999537408
1341845854.093760 -0.035659142 0.027598847 0.023422005 -0.022616573 0.021372387 0.008882652 0.999476314
1341845854.125736 -0.036901392 0.028263578 0.021770626 -0.020252125 0.018926542 0.010146426 0.999564230
1341845854.161837 -0.035637423 0.029544288 0.020550294 -0.020057844 0.015372485 0.009826511 0.999632359
1341845854.193844 -0.035069194 0.030283185 0.019641638 -0.022429725 0.017127074 0.007602827 0.999572814
1341845854.229884 -0.036566496 0.029530019 0.019051915 -0.024538359 0.018780984 0.008552520 0.999485850
1341845854.261692 -0.036760513 0.030139770 0.018044742 -0.024215797 0.016733466 0.013427674 0.999476492
1341845854.293781 -0.035891674 0.030535258 0.016827637 -0.024418993 0.016332822 0.016816720 0.999426901
1341845854.330249 -0.036456995 0.031655882 0.015674602 -0.025203697 0.018719967 0.016842164 0.999365151
1341845854.361687 -0.037561890 0.031084081 0.014945132 -0.028716777 0.019499540 0.017032068 0.999252200
1341845854.393726 -0.037220024 0.030181864 0.015007345 -0.028999628 0.018040298 0.019603731 0.999224305
1341845854.429762 -0.036378454 0.031160969 0.013114303 -0.027717890 0.019626686 0.019316874 0.999236405
1341845854.462072 -0.036996949 0.030659253 0.013472762 -0.029995101 0.022959875 0.018667148 0.999111950
1341845854.497796 -0.037457876 0.029377112 0.013628922 -0.027795123 0.023665164 0.022495843 0.999080241
1341845854.529719 -0.037338864 0.030566597 0.011926626 -0.024192099 0.023947565 0.023025280 0.999155223
1341845854.561884 -0.037601005 0.030793246 0.011759072 -0.026055662 0.025417877 0.020183103 0.999133468
1341845854.597860 -0.038734075 0.029991213 0.012184483 -0.027167274 0.025016489 0.016235519 0.999185920
1341845854.629736 -0.038252350 0.030167717 0.011298697 -0.026995094 0.022518706 0.012883398 0.999298871
1341845854.662835 -0.037640247 0.029733621 0.011221197 -0.027758546 0.021818794 0.011034582 0.999315619
1341845854.697815 -0.037808921 0.028844481 0.011150419 -0.027453549 0.021788374 0.012354873 0.999309242
1341845854.729806 -0.037845172 0.028699540 0.010685547 -0.024756124 0.021159247 0.012848736 0.999386966
1341845854.765688 -0.037325006 0.029235957 0.009002363 -0.022875497 0.019798944 0.011999030 0.999470234
1341845854.797997 -0.037110422 0.029387286 0.008431486 -0.023126410 0.020841748 0.009276668 0.999472201
1341845854.829779 -0.038365483 0.028987991 0.007796110 -0.023419058 0.021210415 0.008239215 0.999466777
1341845854.865670 -0.037896670 0.028640620 0.006562694 -0.023053667 0.018714119 0.006794956 0.999535978
1341845854.897712 -0.036421716 0.029364619 0.004702228 -0.023709081 0.018457612 0.004423126 0.999538720
1341845854.930302 -0.037426919 0.028400071 0.004573736 -0.026162593 0.021496432 0.003878157 0.999419034
1341845854.965801 -0.038100220 0.028489552 0.003538822 -0.025338359 0.021397695 0.006602615 0.999428093
1341845854.997629 -0.037236851 0.029181894 0.001931287 -0.025317647 0.020485630 0.007246286 0.999443233
1341845855.033841 -0.037361450 0.028896309 0.001373047 -0.026655959 0.022846883 0.007307030 0.999356866
1341845855.065777 -0.039176684 0.028602168 0.000003543 -0.026384424 0.023770645 0.010255312 0.999316573
1341845855.097795 -0.039889384 0.030092092 -0.001459424 -0.026006786 0.019965969 0.012840710 0.999379873
1341845855.133841 -0.038496006 0.029666634 -0.001846071 -0.028012173 0.017125944 0.012926399 0.999377251
1341845855.165831 -0.039794076 0.029433347 -0.002663183 -0.029249821 0.017376741 0.011247358 0.999357760
1341845855.201780 -0.041515522 0.029242013 -0.002902836 -0.030008309 0.014291399 0.011858331 0.999377131
1341845855.233747 -0.039410479 0.029788762 -0.003822603 -0.030371340 0.009056527 0.011817260 0.999427795
1341845855.265823 -0.038816392 0.028686430 -0.003704451 -0.031193232 0.008792615 0.011603937 0.999407291
1341845855.301716 -0.040028229 0.028294485 -0.004145211 -0.029284034 0.009672921 0.013404964 0.999434412
1341845855.333726 -0.040471017 0.028343465 -0.004876537 -0.026685614 0.008249780 0.017513728 0.999456406
1341845855.365773 -0.040337868 0.029173030 -0.006201119 -0.025210692 0.006373914 0.020442618 0.999452770
1341845855.401892 -0.039519582 0.028660161 -0.006423108 -0.025819125 0.006354154 0.021549517 0.999414146
1341845855.433652 -0.040791258 0.028161451 -0.007074023 -0.024267703 0.007173485 0.022993986 0.999415278
1341845855.469817 -0.041384548 0.028487464 -0.007894824 -0.022756526 0.005220785 0.025101081 0.999412239
1341845855.502750 -0.040810660 0.028244890 -0.009060094 -0.022454778 0.003190195 0.025615102 0.999414563
1341845855.533846 -0.040497929 0.028215939 -0.010014253 -0.021883154 0.003838470 0.022358714 0.999503136
1341845855.569986 -0.041649513 0.028018868 -0.010617949 -0.022225276 0.004646893 0.019963911 0.999542832
1341845855.601707 -0.042145785 0.026575068 -0.010574934 -0.021758469 0.003177748 0.019869417 0.999560773
1341845855.633953 -0.041759454 0.027148305 -0.011763687 -0.018823162 0.001564256 0.018595118 0.999648690
1341845855.669628 -0.042096395 0.028588554 -0.012489716 -0.018612279 0.001775034 0.015146744 0.999710441
1341845855.701786 -0.042936150 0.027169272 -0.012037764 -0.021323351 0.000353436 0.013704092 0.999678671
1341845855.737762 -0.042645562 0.026521632 -0.012210170 -0.019722573 -0.001941391 0.014441025 0.999699295
1341845855.769674 -0.043473713 0.027452381 -0.013192358 -0.018291900 -0.003223829 0.015349015 0.999709666
1341845855.802152 -0.042509776 0.027760435 -0.013465063 -0.019111929 -0.005673873 0.014615957 0.999694407
1341845855.837801 -0.042482313 0.026591735 -0.013129533 -0.020189321 -0.005786686 0.012929207 0.999695837
1341845855.869788 -0.042603094 0.026590401 -0.014236446 -0.018620145 -0.005574532 0.012570868 0.999732077
1341845855.901958 -0.042763062 0.027218288 -0.015609746 -0.018086063 -0.005318718 0.013352997 0.999733150
1341845855.937711 -0.042140622 0.026491417 -0.015882606 -0.018338183 -0.005735542 0.013794109 0.999720216
1341845855.969840 -0.041795067 0.026649060 -0.016607460 -0.017417887 -0.004672163 0.013688379 0.999743700
1341845856.005711 -0.042203248 0.027053323 -0.017504891 -0.017091207 -0.003487866 0.014485415 0.999742925
1341845856.038077 -0.041992258 0.026341606 -0.017435243 -0.017500781 -0.003093272 0.016927067 0.999698758
1341845856.069815 -0.042124178 0.027551126 -0.018888839 -0.015545792 -0.002126293 0.019373065 0.999689162
1341845856.105773 -0.042972166 0.028930770 -0.019807845 -0.017509697 -0.001272785 0.020264542 0.999640524
1341845856.137725 -0.042456191 0.028158536 -0.019763814 -0.020560848 -0.002472697 0.021621492 0.999551713
1341845856.169966 -0.041347675 0.029410673 -0.021119459 -0.021650050 -0.002634274 0.021656636 0.999527574
1341845856.205833 -0.041996144 0.029591167 -0.020599579 -0.025240576 -0.000911649 0.021778984 0.999443710
1341845856.237587 -0.042813227 0.028434843 -0.021445999 -0.027056951 -0.001180621 0.023657516 0.999353230
1341845856.273683 -0.042016398 0.029474130 -0.022142291 -0.026982848 -0.001733686 0.024133751 0.999343038
1341845856.305723 -0.042012107 0.029186646 -0.022311326 -0.028043211 -0.000156033 0.024763055 0.999299943
1341845856.337653 -0.042726018 0.029220983 -0.022823891 -0.028506236 0.000453308 0.025591794 0.999265850
1341845856.373714 -0.043037638 0.028111635 -0.023326220 -0.028325975 -0.000547994 0.027540365 0.999219120
1341845856.405678 -0.042489044 0.029381372 -0.024145236 -0.026566267 -0.001876977 0.028156558 0.999248683
1341845856.441799 -0.042827621 0.029642330 -0.024516258 -0.027583910 -0.001544667 0.025859505 0.999283731
1341845856.473680 -0.043509956 0.028700201 -0.024676291 -0.028905559 -0.001951458 0.024238881 0.999286294
1341845856.505768 -0.043170650 0.029092159 -0.025351191 -0.028203992 -0.003830804 0.023825351 0.999310851
1341845856.541718 -0.042067580 0.030101268 -0.025833305 -0.029270492 -0.003342794 0.022363588 0.999315739
1341845856.573678 -0.043272071 0.028570903 -0.024967806 -0.031252064 -0.001342515 0.022304470 0.999261737
1341845856.605758 -0.043612573 0.028855246 -0.025324883 -0.029730599 -0.002511788 0.024899505 0.999244630
1341845856.641782 -0.042149421 0.028450741 -0.025365300 -0.029126154 -0.003072005 0.025895143 0.999235511
1341845856.673977 -0.042441264 0.029848441 -0.026610525 -0.027611108 -0.000471791 0.025178341 0.999301493
1341845856.709876 -0.044010662 0.029303767 -0.025874542 -0.030034488 0.000566346 0.025802530 0.999215603
1341845856.741736 -0.043367915 0.027489984 -0.025098266 -0.029120563 -0.001924285 0.029068034 0.999151289
1341845856.773960 -0.042200036 0.029911423 -0.027793724 -0.025540166 -0.001208493 0.027905229 0.999283552
1341845856.809797 -0.044052251 0.030075833 -0.027480448 -0.028917704 0.001343964 0.025545595 0.999254405
1341845856.841746 -0.043813076 0.028961744 -0.026766594 -0.030603070 -0.000772946 0.025292845 0.999211252
1341845856.873762 -0.043120496 0.029892419 -0.028183371 -0.030574316 -0.001019075 0.025048682 0.999218047
1341845856.915904 -0.043316502 0.030701855 -0.027998056 -0.032271866 0.000108162 0.024339462 0.999182761
1341845856.942391 -0.043149441 0.030272219 -0.027977081 -0.035004210 0.000472902 0.024086988 0.999096751
1341845856.977900 -0.043048277 0.029837726 -0.027730064 -0.035796102 0.000715049 0.025722295 0.999027789
1341845857.009735 -0.042758059 0.029710509 -0.027988773 -0.035348669 0.000537543 0.028912673 0.998956561
1341845857.041737 -0.042180020 0.029771874 -0.028481375 -0.034123540 0.000750580 0.031095924 0.998933494
1341845857.077896 -0.042556956 0.030438766 -0.029572319 -0.032857798 0.002058136 0.031171143 0.998971701
1341845857.109633 -0.042900428 0.030732272 -0.030717559 -0.033738345 0.002177563 0.029683722 0.998987436
1341845857.141583 -0.042072497 0.030220093 -0.030831978 -0.035566825 0.001727052 0.027652098 0.998983204
1341845857.178255 -0.041071966 0.029959381 -0.031246904 -0.035594039 0.003318048 0.023993600 0.999072731
1341845857.209846 -0.042132575 0.030158509 -0.032536052 -0.036328897 0.005421706 0.021413047 0.999095738
1341845857.245767 -0.042217724 0.028977051 -0.032208055 -0.037444219 0.004808012 0.021536086 0.999055088
1341845857.277737 -0.041355390 0.029038526 -0.033444099 -0.035970334 0.004771400 0.020328663 0.999134719
1341845857.309994 -0.041579321 0.028919972 -0.033993740 -0.035128105 0.005950736 0.019707825 0.999170721
1341845857.345862 -0.041939970 0.029549936 -0.035015650 -0.035066884 0.006208179 0.019201290 0.999181211
1341845857.377787 -0.041540738 0.028286938 -0.034197111 -0.035749689 0.005808911 0.018847160 0.999166191
1341845857.413693 -0.042244818 0.029340221 -0.036016073 -0.033875365 0.005949718 0.018654265 0.999234259
1341845857.445790 -0.042741068 0.029750697 -0.036121134 -0.035583280 0.005091898 0.018895030 0.999175131
1341845857.477853 -0.041719317 0.028585669 -0.035065319 -0.036611605 0.003450841 0.019502291 0.999133289
1341845857.513902 -0.041428890 0.029384987 -0.036496695 -0.035226092 0.004209623 0.018098604 0.999206603
1341845857.545992 -0.041606437 0.028512854 -0.036193307 -0.036806665 0.004737184 0.018001573 0.999149024
1341845857.577776 -0.040925652 0.027827865 -0.036144603 -0.035972554 0.004628096 0.018579884 0.999169350
1341845857.613882 -0.039861605 0.027848007 -0.035619028 -0.033875652 0.006015806 0.019222936 0.999223053
1341845857.646056 -0.039514646 0.027749661 -0.036900762 -0.032099739 0.008247734 0.020893617 0.999232233
1341845857.681834 -0.039177950 0.027425058 -0.036789488 -0.031314611 0.010194655 0.022488074 0.999204576
1341845857.713765 -0.037496682 0.026447924 -0.037956256 -0.029814586 0.013065839 0.021821519 0.999231815
1341845857.745825 -0.038264044 0.026477737 -0.038593981 -0.027330652 0.016875111 0.022223005 0.999236941
1341845857.781799 -0.038161617 0.026741199 -0.039887521 -0.025973329 0.017601704 0.023056710 0.999241710
1341845857.813817 -0.036883105 0.026900191 -0.039673828 -0.026319483 0.018338036 0.022104474 0.999240935
1341845857.846046 -0.036920544 0.026441816 -0.040077142 -0.026490666 0.020560581 0.021806689 0.999199688
1341845857.881939 -0.037166025 0.027658544 -0.042123534 -0.026813867 0.021150641 0.021640394 0.999182343
1341845857.913666 -0.036744919 0.028071625 -0.043494031 -0.030797618 0.020560397 0.019298291 0.999127805
1341845857.949845 -0.037537586 0.027305309 -0.042953465 -0.034546204 0.019601021 0.017506568 0.999057472
1341845857.982166 -0.037792142 0.027121285 -0.043438241 -0.036676541 0.017469358 0.017291188 0.999024868
1341845858.013803 -0.037211835 0.026629893 -0.043544348 -0.038588312 0.014726383 0.018455056 0.998976231
1341845858.050247 -0.036602624 0.026938232 -0.044386562 -0.039057672 0.012851919 0.019820135 0.998957694
1341845858.081715 -0.036810555 0.029078210 -0.044890046 -0.040653616 0.012561952 0.018896824 0.998915613
1341845858.113782 -0.036946613 0.028162895 -0.045245390 -0.045683064 0.011004361 0.018939223 0.998715818
1341845858.149725 -0.036470395 0.028780131 -0.046548665 -0.047837663 0.009637934 0.019711861 0.998614073
1341845858.181831 -0.036681306 0.027874133 -0.045660455 -0.051297735 0.009168891 0.021182926 0.998416603
1341845858.217730 -0.036778413 0.027775973 -0.046065520 -0.051686183 0.006927571 0.023184955 0.998370171
1341845858.281842 -0.035987690 0.028191641 -0.046396069 -0.054642130 0.006921314 0.017865062 0.998322189
1341845858.317768 -0.036638629 0.027448110 -0.046810813 -0.054767188 0.005022736 0.018554442 0.998314142
1341845858.349904 -0.035988297 0.028198147 -0.046939753 -0.053931635 0.002159331 0.018222271 0.998376012
1341845858.381855 -0.034708899 0.028246319 -0.047626726 -0.054333679 0.002192626 0.016668728 0.998381317
1341845858.417827 -0.035353169 0.027214944 -0.047037017 -0.054690395 0.004069874 0.016247461 0.998362899
1341845858.449872 -0.036105450 0.027375689 -0.048001152 -0.052276909 0.003412036 0.016737003 0.998486519
1341845858.485842 -0.035557017 0.027994856 -0.048443221 -0.051886722 0.002002368 0.014953222 0.998539031
1341845858.517682 -0.035475411 0.027355015 -0.048424374 -0.052517012 0.001675991 0.013276400 0.998530388
1341845858.549803 -0.035715625 0.027143963 -0.048484158 -0.051838741 0.000957925 0.012370913 0.998578370
1341845858.585823 -0.035453271 0.027291007 -0.048970718 -0.051092274 -0.000438093 0.012513264 0.998615444
1341845858.618138 -0.034399800 0.028147770 -0.049895287 -0.051683135 -0.000442629 0.010189493 0.998611450
1341845858.654134 -0.035527155 0.027353246 -0.049554404 -0.053567197 0.001442439 0.009095146 0.998521805
1341845858.685756 -0.035900638 0.027471349 -0.049826566 -0.053309094 0.000269836 0.011511069 0.998511672
1341845858.717690 -0.034230113 0.027505785 -0.050615516 -0.053370204 -0.000611251 0.011822538 0.998504639
1341845858.753674 -0.034379788 0.028395850 -0.051849570 -0.054209344 0.002037767 0.010001171 0.998477399
1341845858.785618 -0.035318784 0.027734837 -0.050566949 -0.057655420 0.003653102 0.009970948 0.998280048
1341845858.817756 -0.034842614 0.026553726 -0.050278094 -0.057542767 0.002366997 0.012089739 0.998266995
1341845858.853864 -0.033746704 0.027366346 -0.051360082 -0.055604070 0.002504129 0.012195923 0.998375237
1341845858.885702 -0.034082528 0.027764946 -0.051841289 -0.057206236 0.004287177 0.009780589 0.998305261
1341845858.922000 -0.034381941 0.026406605 -0.051333703 -0.059123948 0.004349177 0.008822267 0.998202205
1341845858.954158 -0.033496674 0.026051937 -0.051700734 -0.058035597 0.003891182 0.008348930 0.998272002
1341845858.985944 -0.032937519 0.026934987 -0.053004537 -0.057373725 0.005400023 0.007392305 0.998310804
1341845859.021830 -0.033891931 0.027903570 -0.053724896 -0.059747644 0.007271810 0.005825832 0.998170018
1341845859.053720 -0.033414062 0.026897425 -0.052953113 -0.062894315 0.006975794 0.004761868 0.997984469
1341845859.085862 -0.033063345 0.026430732 -0.053808603 -0.063529551 0.007551432 0.005249118 0.997937620
1341845859.121873 -0.032840710 0.027618786 -0.054639041 -0.064576030 0.008536885 0.004979232 0.997863829
1341845859.153800 -0.032537874 0.026717382 -0.053978004 -0.067197934 0.009294179 0.004475351 0.997686327
1341845859.189853 -0.032557927 0.026619004 -0.053961534 -0.066810660 0.009652297 0.004164775 0.997710288
1341845859.221654 -0.032286707 0.026952723 -0.054635793 -0.067110702 0.010422294 0.002430797 0.997688115
1341845859.253689 -0.031860255 0.026674455 -0.055164486 -0.068909377 0.011578605 -0.001370393 0.997554779
1341845859.289745 -0.032112908 0.026456516 -0.055058103 -0.071121983 0.013192063 -0.004412507 0.997370601
1341845859.321911 -0.032017305 0.025519701 -0.054787114 -0.072179206 0.013319146 -0.005942088 0.997285068
1341845859.353758 -0.030798562 0.025702188 -0.054744959 -0.071387023 0.013807721 -0.006617001 0.997331202
1341845859.389950 -0.030800400 0.025221249 -0.055457182 -0.071397372 0.015926892 -0.006965938 0.997296453
1341845859.421715 -0.030423874 0.024624789 -0.056516401 -0.071461886 0.017470496 -0.009016057 0.997249544
1341845859.457807 -0.030453356 0.024451578 -0.056851957 -0.071628064 0.019896915 -0.011200325 0.997170031
1341845859.489859 -0.030605376 0.024475031 -0.056964800 -0.071971841 0.021552928 -0.011467306 0.997107863
1341845859.521735 -0.030733693 0.023605214 -0.056772579 -0.072332263 0.022923611 -0.012031381 0.997044504
1341845859.557712 -0.029945428 0.023531830 -0.057590168 -0.070189916 0.023849085 -0.011810865 0.997178555
1341845859.589783 -0.029970912 0.023689996 -0.057891775 -0.070508003 0.025584979 -0.013551820 0.997090936
1341845859.625646 -0.029542195 0.022829244 -0.058135558 -0.070754752 0.027737148 -0.014403284 0.997003973
1341845859.657759 -0.029063663 0.022995908 -0.059060629 -0.069609635 0.031111725 -0.014234111 0.996987402
1341845859.689869 -0.030011576 0.023595577 -0.057711165 -0.069274001 0.034063961 -0.012668734 0.996935427
1341845859.725812 -0.030145284 0.022110077 -0.057097398 -0.067666069 0.034382507 -0.009875756 0.997066498
1341845859.757824 -0.028537622 0.022857442 -0.058630444 -0.064475507 0.035384834 -0.009066697 0.997250497
1341845859.789818 -0.029339768 0.022518869 -0.058157358 -0.063302204 0.038291592 -0.009383318 0.997215390
1341845859.825831 -0.030041855 0.022008078 -0.057434525 -0.060401026 0.038206559 -0.008385377 0.997407496
1341845859.857647 -0.029032882 0.022339538 -0.058973745 -0.056652725 0.037523091 -0.006946729 0.997664392
1341845859.893646 -0.028608851 0.023665152 -0.059533503 -0.055243954 0.038551498 -0.006693609 0.997705936
1341845859.925740 -0.029094262 0.023397539 -0.059350878 -0.055984609 0.039204888 -0.008727564 0.997623444
1341845859.957775 -0.029971890 0.022716682 -0.057888191 -0.055893935 0.038430281 -0.010733513 0.997639120
1341845859.993847 -0.029674370 0.022283668 -0.058241423 -0.052924387 0.036105182 -0.011607965 0.997878075
1341845860.025774 -0.029617220 0.023109442 -0.058952563 -0.051078651 0.034932945 -0.012521490 0.998004973
1341845860.057745 -0.031175833 0.022445470 -0.059353057 -0.050327722 0.032116979 -0.013984984 0.998118281
1341845860.093794 -0.030358393 0.022684924 -0.058736861 -0.049354915 0.027534736 -0.014620955 0.998294652
1341845860.125763 -0.029937059 0.021827534 -0.058842186 -0.047730032 0.025137674 -0.015833681 0.998418391
1341845860.161703 -0.031002838 0.022969531 -0.059132662 -0.045736790 0.022899089 -0.016192451 0.998559713
1341845860.193724 -0.031095192 0.021655275 -0.058597583 -0.045549162 0.017852370 -0.017421920 0.998650610
1341845860.225730 -0.030553441 0.021632943 -0.058190443 -0.042383354 0.014090638 -0.020770596 0.998786092
1341845860.261716 -0.030614974 0.022286547 -0.058886528 -0.040025186 0.011474480 -0.023671653 0.998852313
1341845860.294553 -0.032080222 0.020778773 -0.058775984 -0.038888846 0.007794023 -0.025117993 0.998897374
1341845860.325872 -0.031013023 0.020851841 -0.058868501 -0.034655001 0.002183709 -0.026216634 0.999053001
1341845860.361673 -0.030451659 0.021401623 -0.059102692 -0.033089824 -0.000413744 -0.027282218 0.999079823
1341845860.393714 -0.031042868 0.020900248 -0.059140690 -0.030702649 -0.003098470 -0.027833743 0.999136150
1341845860.429768 -0.031401668 0.022111500 -0.060365479 -0.029477518 -0.006288890 -0.028944245 0.999126494
1341845860.461780 -0.030449277 0.021280134 -0.059920024 -0.030292507 -0.010588386 -0.029303078 0.999055326
1341845860.493718 -0.029903069 0.021547288 -0.059802510 -0.029761530 -0.012740721 -0.028283317 0.999075592
1341845860.529831 -0.030313006 0.022011386 -0.060422935 -0.029682431 -0.014536778 -0.027236786 0.999082446
1341845860.567950 -0.029532695 0.022849081 -0.061030455 -0.030557942 -0.016412370 -0.027277524 0.999025941
1341845860.604131 -0.029495403 0.022278897 -0.060978543 -0.032913413 -0.017141690 -0.029239941 0.998883307
1341845860.638227 -0.030001385 0.022177186 -0.060523674 -0.034078214 -0.017562931 -0.029865935 0.998818457
1341845860.668441 -0.030459577 0.021991720 -0.060115118 -0.034606498 -0.019276408 -0.028150763 0.998818457
1341845860.706028 -0.029925911 0.022004271 -0.060045503 -0.033621099 -0.021375969 -0.026168985 0.998863280
1341845860.736338 -0.030205281 0.023106301 -0.061878067 -0.033629928 -0.022471683 -0.024751328 0.998875082
1341845860.772400 -0.031178622 0.022725938 -0.060762264 -0.035980873 -0.025814770 -0.023029421 0.998753548
1341845860.803824 -0.029756876 0.023254953 -0.061318357 -0.036328614 -0.029271483 -0.023641512 0.998631299
1341845860.871717 -0.031259015 0.022832658 -0.060363378 -0.039273154 -0.031919591 -0.023470484 0.998442709
1341845860.899176 -0.029933309 0.023035629 -0.061713345 -0.038656600 -0.035126615 -0.023562515 0.998356938
1341845860.929775 -0.029897850 0.023604859 -0.061147053 -0.039108396 -0.035038527 -0.025806986 0.998286963
1341845860.965899 -0.030500306 0.022703659 -0.060253777 -0.039878871 -0.035835885 -0.027226441 0.998190463
1341845860.997827 -0.030316371 0.022544134 -0.059932720 -0.038835406 -0.037534654 -0.026883142 0.998178482
1341845861.029961 -0.029506179 0.022447234 -0.061305877 -0.037396275 -0.038937904 -0.026581908 0.998187721
1341845861.065806 -0.029177204 0.023368035 -0.061139502 -0.037994273 -0.038293995 -0.028204393 0.998145521
1341845861.097631 -0.029490294 0.022031343 -0.060335338 -0.038199570 -0.037920892 -0.029127184 0.998125434
1341845861.133786 -0.028717004 0.022821894 -0.060966641 -0.036882404 -0.037376545 -0.029396269 0.998187661
1341845861.165622 -0.029270377 0.023365928 -0.060438465 -0.037810747 -0.035911445 -0.030165590 0.998183727
1341845861.197704 -0.029309446 0.022222215 -0.059938010 -0.038361158 -0.035152890 -0.029406002 0.998212397
1341845861.233683 -0.028677765 0.022526234 -0.060598500 -0.037016090 -0.033976842 -0.030132296 0.998282254
1341845861.265692 -0.029557025 0.022021953 -0.059825771 -0.037279733 -0.032791536 -0.029035008 0.998344600
1341845861.297700 -0.029351903 0.022600574 -0.060287893 -0.036243945 -0.033628665 -0.027015127 0.998411596
1341845861.333616 -0.028862514 0.022985252 -0.059926510 -0.037106358 -0.032251853 -0.028169848 0.998393416
1341845861.365694 -0.030240929 0.022162599 -0.058015905 -0.037532788 -0.030907478 -0.028572556 0.998408556
1341845861.407792 -0.029595260 0.022286028 -0.059902400 -0.035928767 -0.032432199 -0.026670204 0.998471856
1341845861.440894 -0.029232671 0.022010745 -0.059223358 -0.036451943 -0.032489527 -0.026672473 0.998450935
1341845861.472256 -0.029460564 0.021714866 -0.059292905 -0.035250638 -0.032055173 -0.026969705 0.998500109
1341845861.507634 -0.029581163 0.022509817 -0.059166010 -0.034939062 -0.032188516 -0.027822442 0.998483360
1341845861.539675 -0.029770728 0.021421127 -0.058223378 -0.034995593 -0.032777332 -0.028454836 0.998444438
1341845861.571790 -0.029204939 0.022274293 -0.058726061 -0.033788372 -0.032174371 -0.029087471 0.998487413
1341845861.607759 -0.029356219 0.021883223 -0.058658835 -0.034668077 -0.032116421 -0.029065570 0.998459756
1341845861.639739 -0.029082555 0.021185232 -0.057637475 -0.034115460 -0.032343119 -0.029200999 0.998467505
1341845861.671875 -0.029145448 0.021564441 -0.057506029 -0.032312371 -0.031922467 -0.028458606 0.998562455
1341845861.707829 -0.029273771 0.020732060 -0.056903381 -0.031231347 -0.031951152 -0.028626529 0.998591125
1341845861.739782 -0.027662838 0.021065537 -0.058910672 -0.029591877 -0.032227173 -0.032038968 0.998528540
1341845861.775717 -0.027753366 0.021698430 -0.058026787 -0.030657066 -0.030583195 -0.037102465 0.998372793
1341845861.807676 -0.028481746 0.020261666 -0.056592468 -0.031509396 -0.030372215 -0.038082082 0.998315811
1341845861.839701 -0.028422138 0.020598436 -0.056812163 -0.029444486 -0.031911310 -0.036217157 0.998400211
1341845861.875772 -0.028070081 0.020964498 -0.056706272 -0.028922761 -0.033219289 -0.035219580 0.998408496
1341845861.907742 -0.027323630 0.021081081 -0.056403048 -0.028680751 -0.033858225 -0.034333836 0.998424888
1341845861.939697 -0.027812954 0.020977737 -0.056157604 -0.028514843 -0.034143072 -0.032996610 0.998465002
1341845861.975661 -0.027106481 0.020748142 -0.056674115 -0.027963018 -0.035838116 -0.033798616 0.998394370
1341845862.007930 -0.026409553 0.021125888 -0.056542452 -0.028476089 -0.035576798 -0.035716001 0.998322487
1341845862.039647 -0.026744826 0.019862207 -0.055392787 -0.028367124 -0.034269929 -0.035453696 0.998380661
1341845862.075738 -0.026568100 0.019778611 -0.055548698 -0.025664743 -0.033223111 -0.033747889 0.998548269
1341845862.107644 -0.025613798 0.020527733 -0.056346942 -0.023651594 -0.031979170 -0.034055527 0.998628139
1341845862.143904 -0.024784226 0.021733943 -0.057447642 -0.024482602 -0.028591752 -0.037114486 0.998601854
1341845862.175702 -0.026128372 0.021286607 -0.056296192 -0.027339695 -0.026485762 -0.037823003 0.998559177
1341845862.207672 -0.025280721 0.021775302 -0.056959011 -0.028531125 -0.026132595 -0.039247938 0.998480201
1341845862.243827 -0.025217962 0.022749353 -0.057147939 -0.031874757 -0.023812035 -0.041165378 0.998359859
1341845862.275754 -0.026774216 0.021709133 -0.054973517 -0.036053460 -0.022847414 -0.040645827 0.998261511
1341845862.311739 -0.026299721 0.020965880 -0.054322023 -0.036136273 -0.024016794 -0.036434457 0.998393655
1341845862.343750 -0.025173608 0.020971175 -0.054647323 -0.035102502 -0.023604257 -0.032653317 0.998571157
1341845862.375792 -0.024563784 0.020907478 -0.055034488 -0.034415714 -0.021229496 -0.030143347 0.998727322
1341845862.411748 -0.024586065 0.020526061 -0.054807555 -0.033347953 -0.018179690 -0.028710393 0.998865902
1341845862.443696 -0.024180667 0.020100892 -0.054194786 -0.031362254 -0.015635157 -0.025082100 0.999071002
1341845862.479688 -0.024060529 0.020248715 -0.054575205 -0.028808145 -0.013543348 -0.021851402 0.999254286
1341845862.511723 -0.022971103 0.021696074 -0.055675473 -0.027131679 -0.011060051 -0.022441961 0.999318719
1341845862.543776 -0.024104480 0.021324854 -0.054933805 -0.028446633 -0.008173312 -0.023480678 0.999286056
1341845862.579869 -0.023900837 0.020635266 -0.054545060 -0.027761329 -0.007952693 -0.022315171 0.999333858
1341845862.611759 -0.022735978 0.020821139 -0.055762261 -0.026914624 -0.007162045 -0.020952268 0.999392450
1341845862.647939 -0.022418752 0.021933252 -0.056169137 -0.026809305 -0.004851128 -0.021396222 0.999399781
1341845862.679727 -0.023538757 0.021018047 -0.055102415 -0.027738485 -0.002584137 -0.022178015 0.999365807
1341845862.712299 -0.022788957 0.021173103 -0.055323713 -0.026510565 -0.002164257 -0.021077251 0.999423921
1341845862.747743 -0.022118518 0.021404305 -0.055275433 -0.026486432 -0.000444769 -0.022423251 0.999397516
1341845862.779732 -0.023443703 0.020518847 -0.054533508 -0.026199380 0.002177134 -0.023559883 0.999376714
1341845862.815767 -0.023672206 0.021030787 -0.055632543 -0.024245860 0.002258300 -0.023966171 0.999416173
1341845862.847856 -0.024051994 0.021358291 -0.055365346 -0.023749294 0.001577775 -0.024616845 0.999413550
1341845862.879714 -0.024234803 0.020995233 -0.055751409 -0.023443315 0.000843634 -0.025059028 0.999410689
1341845862.915725 -0.024513617 0.021355713 -0.055737995 -0.023120670 -0.000120200 -0.025558751 0.999405921
1341845862.947913 -0.023704873 0.020692747 -0.055732377 -0.022550331 -0.000838989 -0.024739789 0.999439180
1341845862.983749 -0.022861591 0.021270167 -0.056959379 -0.020674188 0.000287224 -0.024244390 0.999492228
1341845863.015854 -0.023831353 0.022078300 -0.056784526 -0.021098603 0.002041268 -0.024756353 0.999468744
1341845863.048281 -0.024304597 0.021056322 -0.055721868 -0.021856524 0.001498008 -0.024875917 0.999450445
1341845863.083795 -0.023292897 0.021821626 -0.056656733 -0.020607861 0.001423962 -0.025770841 0.999454439
1341845863.115808 -0.024354385 0.021962771 -0.056566782 -0.021726072 0.002112047 -0.026680660 0.999405682
1341845863.151916 -0.024615057 0.020976519 -0.056419685 -0.021680180 0.000796755 -0.026114648 0.999423504
1341845863.183716 -0.023976970 0.021624174 -0.057248302 -0.020735675 0.000122719 -0.025350580 0.999463558
1341845863.215844 -0.024080837 0.021711042 -0.057900462 -0.021133058 0.000388056 -0.025912061 0.999440730
1341845863.251883 -0.023968237 0.021839786 -0.057317633 -0.021911174 0.000612883 -0.026119914 0.999418437
1341845863.283627 -0.024332648 0.021357846 -0.056675889 -0.022766689 0.001171239 -0.025964733 0.999402881
1341845863.315718 -0.024263447 0.021731429 -0.057360929 -0.022375384 0.001185672 -0.025217474 0.999430835
