1712732388.5728705 0.0015747412107884884 0.009938256815075874 -0.008206333965063095 -0.0031885160133242607 -0.0031039768364280462 -0.0037465740460902452 0.9999831318855286
1712732388.667869 -0.00022013878333382308 0.0055337930098176 0.0018388245953246951 -0.003626541467383504 -0.0018007244216278195 -0.0023148602340370417 0.9999892115592957
1712732388.772579 -0.0012933681719005108 0.000798756314907223 -0.011611844412982464 -0.002550139557570219 -0.0034874833654612303 -0.0012302004033699632 0.9999899864196777
1712732388.8670595 0.0008764220983721316 -0.008781219832599163 -0.011844566091895103 -0.007342129480093718 -0.0034196393098682165 -0.0013104636454954743 0.9999664425849915
1712732388.9619415 -0.004688740242272615 0.007311670109629631 -0.004989895969629288 -0.0028397073037922382 -0.0029761670157313347 -0.0019892756827175617 0.9999895691871643
1712732389.0796883 0.0006630350835621357 0.0025853728875517845 -0.01198852714151144 -0.0036948174238204956 -0.0034100792836397886 -0.0014077818486839533 0.9999863505363464
1712732389.169465 -0.020142512395977974 0.013923515565693378 0.008753749541938305 -0.0015281076775863767 -0.0007040017517283559 -0.003663938958197832 0.9999918937683105
1712732389.264532 -0.00396556593477726 0.0024272934533655643 -0.01121228002011776 -0.004174868576228619 -0.0036536024417728186 -0.002025590045377612 0.9999826550483704
1712732389.3711648 -0.0029844262171536684 2.525663330743555e-05 -0.010225615464150906 -0.00420717615634203 -0.0031721657142043114 -0.00226063234731555 0.999983549118042
1712732389.4700048 -0.002830810844898224 0.0022721479181200266 -0.0069790310226380825 -0.005684478208422661 -0.002981374505907297 -0.001556665520183742 0.9999781847000122
1712732389.5718338 -0.0024901763536036015 0.0023289478849619627 -0.002378016710281372 -0.00347178359515965 -0.00235735229216516 6.291907993727364e-06 0.9999911785125732
1712732389.6655254 -0.00297205476090312 -0.006514373701065779 -0.0112909572198987 -0.0063727060332894325 -0.003023819997906685 -0.00010798734001582488 0.9999751448631287
1712732389.765615 -0.002215353073552251 0.004295538179576397 -0.014539210125803947 -0.004162827972322702 -0.0038432558067142963 -0.0008199965814128518 0.9999836087226868
1712732389.8636196 -0.0034730848856270313 -0.007349246181547642 -0.010692303068935871 -0.007105694618076086 -0.003615311812609434 -0.0033508313354104757 0.9999626278877258
1712732389.96873 -0.00403561582788825 -0.001645050710067153 -0.011935603804886341 -0.006796080619096756 -0.003888524603098631 -0.0010323695605620742 0.9999688267707825
1712732390.0683737 -0.006510612089186907 0.0028430044185370207 -0.005390079692006111 -0.004172749351710081 -0.0030227184761315584 -0.0023919425439089537 0.9999839663505554
1712732390.1727123 -0.000593224074691534 0.0072809732519090176 -0.014337575063109398 -0.004878000821918249 -0.003669481258839369 -0.0019296938553452492 0.9999794960021973
1712732390.2651849 0.004762234631925821 0.0012736604548990726 -0.005788871087133884 -0.005591687746345997 -0.002994698705151677 -0.0018377018859609962 0.9999781847000122
1712732390.3695154 0.004409590736031532 -0.0018562190234661102 -0.010566377080976963 -0.003969975281506777 -0.003385391319170594 -0.0018443919252604246 0.9999846816062927
1712732390.4684534 0.002526261145249009 -0.0008358450140804052 -0.013325897976756096 -0.005379464942961931 -0.0035991244949400425 -0.0027619441971182823 0.9999752640724182
1712732390.5583518 -0.002060703933238983 0.001224667183123529 -0.011207018978893757 -0.00499578844755888 -0.0036758508067578077 -0.0022425130009651184 0.999978244304657
1712732390.6671517 0.00304513331502676 0.0012032572412863374 -0.007929538376629353 -0.005032724235206842 -0.0033621923066675663 -0.0024850128684192896 0.9999786019325256
1712732390.7678442 -0.00396555894985795 -0.0010152450995519757 -0.008000980131328106 -0.0066035157069563866 -0.003294225549325347 -0.0019479527836665511 0.9999708533287048
1712732390.862019 -0.0032392286229878664 0.004254656843841076 -0.0073386793956160545 -0.0039031091146171093 -0.0033059155102819204 -0.002390726935118437 0.999984085559845
1712732390.9597805 -0.013742242939770222 0.004818769637495279 -0.007641500327736139 -0.0034273320343345404 -0.0028537861071527004 -0.0021160906180739403 0.9999878406524658
1712732391.0780334 0.00039855323848314583 0.006325854454189539 -0.008667261339724064 -0.004371877294033766 -0.003255668096244335 -0.0017853555036708713 0.999983549118042
1712732391.1634626 -0.0010948203271254897 0.005625345278531313 -0.014631586149334908 -0.003520932514220476 -0.0037784830201417208 -0.002007517032325268 0.999984622001648
1712732391.266283 0.0011839049402624369 -0.0014204051112756133 -0.011762610636651516 -0.006062215194106102 -0.003272478235885501 -0.00299349008128047 0.9999718070030212
1712732391.3663778 -0.002794231753796339 0.0020766491070389748 -0.004835130181163549 -0.004065962973982096 -0.002998584182932973 -0.0022544702515006065 0.9999847412109375
1712732391.470749 -0.0018235566094517708 0.008994300849735737 0.0025046318769454956 -0.001632591476663947 -0.0020259320735931396 -0.0019013757118955255 0.9999948143959045
1712732391.5668697 -0.0035645083989948034 -0.0011455967323854566 -0.004606872797012329 -0.0060444422997534275 -0.002983050188049674 -0.0015443097800016403 0.9999760985374451
1712732391.6664016 -0.004081052262336016 0.004596339538693428 -0.005293064285069704 -0.003723089350387454 -0.0029628321062773466 -0.0033862991258502007 0.9999829530715942
1712732391.7697573 -0.000989918247796595 -0.004015015903860331 -0.01729763299226761 -0.005662438925355673 -0.004110258538275957 -0.0015910323709249496 0.999974250793457
1712732391.8620245 -0.0017174874665215611 0.0021300301887094975 -0.011593855917453766 -0.004570989403873682 -0.0036558236461132765 -0.001190756680443883 0.9999821782112122
1712732391.9606242 -0.0008128882036544383 -0.006025904323905706 -0.011455496773123741 -0.005595897324383259 -0.003617078298702836 -0.0018549272790551186 0.9999760985374451
1712732392.068679 -0.003669769736006856 0.007682796102017164 -0.008897216059267521 -0.00491303438320756 -0.0033023166470229626 -0.003983702976256609 0.9999745488166809
1712732392.1630554 -0.010250679217278957 0.002487668301910162 -0.01108693890273571 -0.0048652030527591705 -0.003626152640208602 -0.002478732028976083 0.9999785423278809
1712732392.266543 0.0033725148532539606 0.002989159431308508 -0.012452317401766777 -0.0035794409923255444 -0.003832565387710929 -0.003507644170895219 0.9999801516532898
1712732392.366445 0.00301055284217 -0.0009684823453426361 -0.010610044002532959 -0.00415513152256608 -0.003642862429842353 -0.0021229677367955446 0.9999825358390808
1712732392.4688344 -0.0059778401628136635 -0.0003247279964853078 -0.006138902623206377 -0.004906193818897009 -0.002746457001194358 -0.001515753916464746 0.9999830722808838
1712732392.566289 0.002503630006685853 0.0024424102157354355 -0.0056893243454396725 -0.002964653540402651 -0.002772294683381915 -0.0038971842732280493 0.9999842047691345
1712732392.6700475 -0.0025555237662047148 -0.0006493236869573593 -0.010416040197014809 -0.005415141582489014 -0.0035597728565335274 -0.0017500149551779032 0.9999775290489197
1712732392.7665489 0.002123922808095813 0.0011144818272441626 -0.004072651732712984 -0.003769001690670848 -0.0025300919078290462 -0.0035272014793008566 0.9999834895133972
1712732392.8638449 -0.0031897234730422497 -0.007144544739276171 -0.014957248233258724 -0.009054011665284634 -0.004005785100162029 -0.0011630310909822583 0.9999503493309021
1712732392.9620054 -0.013345029205083847 -0.004728931002318859 -0.0002468123857397586 -0.007240407634526491 -0.0022232739720493555 -0.0007507333066314459 0.9999710917472839
1712732393.063949 0.0029049264267086983 -0.003718848107382655 -0.009515080600976944 -0.005054114386439323 -0.0035918185021728277 -0.0024923894088715315 0.999977707862854
1712732393.1684272 0.004653108771890402 0.0021486955229192972 -0.014338950626552105 -0.0044648670591413975 -0.004072306677699089 -0.0014001050731167197 0.9999808073043823
1712732393.2686315 -0.010272564366459846 -0.005294585134834051 -0.002981065073981881 -0.005588079337030649 -0.002539421431720257 -0.00015948609507177025 0.999981164932251
1712732393.3690844 -0.007390154991298914 -0.008138122037053108 -0.013709161430597305 -0.0072608208283782005 -0.0039803823456168175 -0.0009652578737586737 0.999965250492096
1712732393.4709055 -0.0023678934667259455 0.0033250036649405956 -0.002463872078806162 -0.004935044329613447 -0.002791617764160037 -0.001542324316687882 0.9999827742576599
1712732393.5647671 -0.001995788887143135 0.0028523204382508993 -0.00619765417650342 -0.004552523139864206 -0.0028586341068148613 -0.0017084924038499594 0.9999841451644897
1712732393.6693022 -0.01795707643032074 0.001546502928249538 -0.006678579840809107 -0.004049929324537516 -0.002688741311430931 0.0006848697667010128 0.9999879598617554
1712732393.7746723 -0.005337669979780912 -0.001692992984317243 -0.012299515306949615 -0.005860532633960247 -0.0033883785363286734 0.0003749333554878831 0.9999770522117615
1712732393.8780813 -0.0012232051230967045 0.0018863908480852842 -0.0051223826594650745 -0.004739755764603615 -0.0030520183499902487 -0.0019367204513400793 0.9999822974205017
1712732393.9631364 -0.00371169182471931 0.0015016701072454453 -0.006782985758036375 -0.004907289054244757 -0.003150183241814375 -0.0030371644534170628 0.9999784231185913
1712732394.067255 -0.010770045220851898 0.007780798245221376 -0.007868357002735138 -0.004043170250952244 -0.0027971318922936916 -0.0034501035697758198 0.9999819993972778
1712732394.1691778 0.0003903554752469063 -0.0015640031779184937 -0.009168202057480812 -0.005247991066426039 -0.0033961362205445766 -0.001872351160272956 0.99997878074646
1712732394.2666981 -0.0017574055818840861 0.0018250090070068836 -0.007896631956100464 -0.004483191762119532 -0.0032000956125557423 0.000141292461194098 0.999984860420227
1712732394.371224 -0.008922438137233257 0.003265064675360918 -0.003128542099148035 -0.00458259042352438 -0.002631045877933502 -0.0011277631856501102 0.9999854564666748
1712732394.467389 -0.010486924089491367 6.59448342048563e-05 -0.006511813495308161 -0.004897511564195156 -0.003125872230157256 -0.0018011616775766015 0.9999815821647644
1712732394.5623498 -0.005762971937656403 -0.0029867447447031736 -0.0100862430408597 -0.006957498379051685 -0.0029759728349745274 -0.0003181759384460747 0.9999713897705078
1712732394.6664662 -0.002247270429506898 -0.003816440934315324 -0.010757854208350182 -0.005958172492682934 -0.003816874697804451 -0.0009317415533587337 0.9999746084213257
1712732394.770189 0.00018131612159777433 0.010207579471170902 -0.009390580467879772 -0.0034054385032504797 -0.0037793046794831753 -0.003153544384986162 0.9999821186065674
1712732394.8670833 -0.0009721371461637318 -0.0013629499590024352 -0.0051674316637218 -0.0055948281660676 -0.002941541140899062 -0.0003164508379995823 0.9999800324440002
1712732394.978179 -0.004934045951813459 -0.002026827074587345 -0.008710873313248158 -0.004876814782619476 -0.003357319626957178 -0.0008857122156769037 0.9999821186065674
1712732395.0653586 0.005518255289644003 -0.0031530100386589766 -0.013672862201929092 -0.0052045127376914024 -0.004533277824521065 -0.0005832699243910611 0.9999760389328003
1712732395.163544 -0.0013284272281453013 -0.0019020504551008344 -0.008973179385066032 -0.005429791286587715 -0.004134443122893572 -0.00028881014441139996 0.9999766945838928
1712732395.2647452 0.010403201915323734 -0.0026941229589283466 -0.013102693483233452 -0.0055053262040019035 -0.0048729232512414455 -0.0009409138583578169 0.9999725818634033
1712732395.3731718 0.01582176797091961 -0.0004409627290442586 -0.009085592813789845 -0.005917410831898451 -0.004627757705748081 -0.0010943408124148846 0.9999712705612183
1712732395.4677656 0.015717215836048126 0.0006507227080874145 -0.004036578815430403 -0.004495219327509403 -0.004021553788334131 -0.0031915681902319193 0.9999767541885376
1712732395.5652325 0.018595241010189056 -0.0053664399310946465 -0.012559136375784874 -0.0050710043869912624 -0.004561122041195631 -0.001170894829556346 0.9999760985374451
1712732395.6766763 0.033162448555231094 -0.006870782934129238 -0.007544815540313721 -0.007591754663735628 -0.0021721222437918186 0.00011590034409891814 0.9999688863754272
1712732395.7733073 0.028459342196583748 -0.0054572285152971745 0.0005409393343143165 -0.006505146156996489 -0.0017725436482578516 -0.0002913129283115268 0.9999772906303406
1712732395.8687959 0.028148435056209564 -0.013858706690371037 0.001754950499162078 -0.009018545970320702 -0.0018233833834528923 -0.0013478629989549518 0.9999567866325378
1712732395.959328 0.02830016426742077 0.0007334985421039164 -0.006481695920228958 -0.003958569839596748 -0.003544204169884324 -0.0009463939932174981 0.9999854564666748
1712732396.0702538 0.028951074928045273 -0.0069525460712611675 -0.0021959792356938124 -0.005179528146982193 -0.0026611294597387314 -0.0015369000611826777 0.9999818801879883
1712732396.1740792 0.034418731927871704 0.0030670694541186094 -0.006244680844247341 -0.005286617204546928 -0.005087519995868206 -0.002673821523785591 0.9999695420265198
1712732396.269366 0.05279624089598656 -0.0047088852152228355 -0.009521333500742912 -0.007069969084113836 -0.00469629280269146 -0.0023526623845100403 0.999961256980896
1712732396.375513 0.06688860803842545 0.003911825828254223 -0.003619241761043668 -0.005480398423969746 -0.002833030419424176 -0.003105863695964217 0.9999761581420898
1712732396.5006447 0.07297006249427795 0.004213449079543352 0.001279883086681366 -0.004694295581430197 -0.00023785802477505058 -0.0007586823776364326 0.9999886751174927
1712732396.5651116 0.062380798161029816 -0.006598577834665775 0.002258653286844492 -0.0070150247775018215 -0.002551289740949869 -0.0010455787414684892 0.9999716281890869
1712732396.6823888 0.0586107037961483 -0.0010388355003669858 -0.006332975812256336 -0.007620778400450945 -0.004148599226027727 -0.002527273492887616 0.9999592304229736
1712732396.7664707 0.0691763311624527 -0.0012571115512400866 -0.0017517002997919917 -0.005562777165323496 -0.0033388352021574974 -0.0045178853906691074 0.9999687671661377
1712732396.8732936 0.08201935142278671 -0.0007352532702498138 0.008775565773248672 -0.0059029278345406055 -0.003560699988156557 -0.008392123505473137 0.9999410510063171
1712732396.968741 0.0889642983675003 0.004086208529770374 -0.004646015353500843 -0.005758225452154875 -0.006125010084360838 -0.012463418766856194 0.9998869895935059
1712732397.09353 0.10675112903118134 -0.0062706260941922665 -0.0003410445060580969 -0.004358350299298763 -0.005886061582714319 -0.01999388448894024 0.9997733235359192
1712732397.1747954 0.12451788038015366 -0.0032300653401762247 0.005897446069866419 -0.004629282280802727 -0.0062425145879387856 -0.023369716480374336 0.9996967315673828
1712732397.277588 0.1417706310749054 -0.011040882207453251 0.009175059385597706 -0.0038432832807302475 -0.006238335743546486 -0.02357667125761509 0.9996951818466187
1712732397.3717282 0.16838207840919495 -0.010908393189311028 0.010658621788024902 -0.0022600707598030567 -0.006683130282908678 -0.023729367181658745 0.9996936321258545
1712732397.4812944 0.18236544728279114 -0.007765637245029211 0.004423163831233978 -0.001794487121514976 -0.006657817866653204 -0.023246053606271744 0.9997060298919678
1712732397.57511 0.20722874999046326 -0.016411295160651207 0.003565298393368721 -0.003451375989243388 -0.004761507734656334 -0.02489544078707695 0.9996727705001831
1712732397.6799676 0.23288293182849884 -0.016031304374337196 0.0027709936257451773 -0.005289677530527115 -0.003916724119335413 -0.025879234075546265 0.9996434450149536
1712732397.7763948 0.25938183069229126 -0.02037479542195797 0.00023860047804191709 -0.00518110953271389 -0.004362994804978371 -0.026025570929050446 0.9996383190155029
1712732397.8786979 0.27065300941467285 -0.01199431624263525 0.009435326792299747 -0.004820636007934809 -0.0017807037802413106 -0.026168623939156532 0.9996443390846252
1712732398.0003295 0.28623461723327637 -0.008885961025953293 0.01928767003118992 -0.0050455364398658276 -0.00013012457930017263 -0.025079654529690742 0.9996727108955383
1712732398.0723355 0.31322890520095825 -0.010319025255739689 0.00858351681381464 -0.006051437929272652 -0.001499236561357975 -0.027046896517276764 0.9996147155761719
1712732398.173225 0.32738739252090454 -0.014459388330578804 0.010549476370215416 -0.007211393676698208 -0.0021467353217303753 -0.022913239896297455 0.9997091293334961
1712732398.2724512 0.351217120885849 -0.023493556305766106 0.0014109257608652115 -0.005141323432326317 -0.0033370230812579393 -0.026165077462792397 0.9996388554573059
1712732398.3701751 0.3703712821006775 -0.013318467885255814 0.0080593042075634 -0.003994302358478308 -0.0023989230394363403 -0.027121422812342644 0.9996212720870972
1712732398.4781055 0.394686222076416 -0.031109821051359177 0.0015076844720169902 -0.00719593046233058 -0.002970298985019326 -0.026961036026477814 0.999606192111969
1712732398.5738707 0.3982917070388794 -0.011689859442412853 0.015433616004884243 -0.0019504906376823783 -0.0003085930657107383 -0.027665147557854652 0.9996153116226196
1712732398.6708941 0.41496413946151733 -0.026904599741101265 0.0023173207882791758 -0.00521636800840497 0.0011166040785610676 -0.029323548078536987 0.999555766582489
1712732398.7736757 0.41574883460998535 -0.020681658759713173 0.001340527436695993 -0.0025626521091908216 -0.001320183859206736 -0.029396092519164085 0.9995636940002441
1712732398.8644311 0.4084402024745941 -0.021071314811706543 0.0007642333512194455 -0.0038134062197059393 -0.0019335534889250994 -0.028003336861729622 0.9995987415313721
1712732398.9643674 0.4170045256614685 -0.020885175094008446 -0.0022827463690191507 -0.003613910870626569 -0.0018378911772742867 -0.027656883001327515 0.9996092915534973
1712732399.0706913 0.41401001811027527 -0.018043259158730507 0.0014386959373950958 -0.0026152420323342085 -0.001311635714955628 -0.02859353832900524 0.9995868802070618
1712732399.167336 0.4103572964668274 -0.01998286508023739 -0.001705467002466321 -0.0029144117143005133 -0.002191186649724841 -0.0277448371052742 0.9996083974838257
1712732399.2732723 0.41948258876800537 -0.019963338971138 0.0037152504082769156 -0.0031413519755005836 -0.0011563781881704926 -0.02732599340379238 0.9996210336685181
1712732399.3778079 0.41867679357528687 -0.020792465656995773 0.009040211327373981 -0.001857283990830183 -0.000653084076475352 -0.028747202828526497 0.9995848536491394
1712732399.4792914 0.43170756101608276 -0.01757471077144146 0.00651596300303936 -0.003625216195359826 -0.0009057078859768808 -0.027631208300590515 0.9996112585067749
1712732399.5642111 0.42258739471435547 -0.020253708586096764 0.0015473651001229882 -0.0027022389695048332 -0.0015038804849609733 -0.028094733133912086 0.9996005296707153
1712732399.673654 0.44336050748825073 -0.019476138055324554 0.00019819778390228748 -0.001975696999579668 -0.0019391635432839394 -0.02932659350335598 0.9995660781860352
1712732399.779974 0.45050352811813354 -0.020922746509313583 0.0027854868676513433 -0.003358732210472226 -0.0011355613823980093 -0.026574071496725082 0.9996406435966492
1712732399.8734138 0.46222984790802 -0.027968183159828186 0.002966164378449321 -0.0032794459257274866 -0.000935987860430032 -0.026464318856596947 0.9996439814567566
1712732399.9801366 0.4750252366065979 -0.0256141796708107 0.008193224668502808 -0.004199259914457798 0.00031448560184799135 -0.02803892269730568 0.9995980262756348
1712732400.0668252 0.4815118610858917 -0.028126655146479607 0.009182561188936234 -0.002557146130129695 0.0005247701774351299 -0.027567561715841293 0.9996165037155151
1712732400.1847484 0.4988625943660736 -0.03231222182512283 0.0018162415362894535 -0.0030961481388658285 -0.0005526309250853956 -0.02811460942029953 0.999599814414978
1712732400.2729568 0.5000584125518799 -0.029364855960011482 0.006274049635976553 -0.00342952786013484 -0.000241155328694731 -0.02580135129392147 0.9996612668037415
1712732400.3789825 0.5198068618774414 -0.026595957577228546 0.00042635321733541787 -0.002062454354017973 -0.0015823099529370666 -0.02586914226412773 0.9996620416641235
1712732400.478493 0.5242659449577332 -0.027363836765289307 -0.0020601414144039154 -0.004030847921967506 -0.0013765631010755897 -0.024818602949380875 0.9996829628944397
1712732400.5731018 0.5312349796295166 -0.01775752380490303 -0.002211491810157895 -0.0008837095811031759 -0.0007278568809852004 -0.028172658756375313 0.9996023774147034
1712732400.6709316 0.517476499080658 -0.02347179688513279 -0.0005323974182829261 -0.002519747707992792 -0.0016427444061264396 -0.025101549923419952 0.9996804594993591
1712732400.783541 0.5239834785461426 -0.02540588192641735 0.0035992588382214308 -0.003388947108760476 -0.001264594029635191 -0.02817082218825817 0.9995966553688049
1712732400.8704906 0.5275492668151855 -0.024457700550556183 0.0009187542018480599 -0.0021137611474841833 -0.001081512775272131 -0.026057492941617966 0.9996576905250549
1712732400.9683135 0.531360387802124 -0.022084681317210197 -0.0017069161403924227 -0.0019271663622930646 -0.0016646991716697812 -0.02578691765666008 0.999664306640625
1712732401.075655 0.527135968208313 -0.01644895412027836 -0.00015541270840913057 5.9209385653957725e-05 -0.0016145023982971907 -0.02803526446223259 0.9996055960655212
1712732401.169876 0.5115371942520142 -0.021409953013062477 0.0023656676057726145 -0.0016007832018658519 -0.0010877675376832485 -0.02718709595501423 0.9996285438537598
1712732401.2701693 0.5245358943939209 -0.03480598330497742 -0.0006297501968219876 -0.0028067685198038816 -0.0014233730034902692 -0.025109613314270973 0.9996798038482666
1712732401.3832812 0.5250524878501892 -0.02952864021062851 0.0037432268727570772 -0.0030641306657344103 -0.0008933062781579792 -0.027231978252530098 0.9996241331100464
1712732401.472233 0.5084496140480042 -0.024390975013375282 0.00510431407019496 -0.003340028924867511 -0.0008547878242097795 -0.02616867795586586 0.9996516704559326
1712732401.5830104 0.5252915620803833 -0.026063671335577965 -0.007580190896987915 -0.003075668355450034 -0.0025236415676772594 -0.026872418820858 0.9996309280395508
1712732401.6637075 0.5249256491661072 -0.028490716591477394 0.005846260115504265 -0.0029778287280350924 -0.000777514826040715 -0.027037829160690308 0.9996296763420105
1712732401.7761762 0.5269327759742737 -0.02448325976729393 0.003510365728288889 -0.002977748867124319 -0.0015716933412477374 -0.026635464280843735 0.999639630317688
1712732401.8712525 0.5366725325584412 -0.02471504732966423 -0.000638315046671778 -0.002433942863717675 -0.0017910164315253496 -0.027457164600491524 0.999618411064148
1712732401.9656844 0.5415024161338806 -0.023416055366396904 0.005070323124527931 -0.003185180015861988 -0.0007517728372476995 -0.026411328464746475 0.9996458888053894
1712732402.0897746 0.550399124622345 -0.026411302387714386 -0.0009719854569993913 -0.004133287351578474 -0.0012207967229187489 -0.02569751627743244 0.9996604919433594
1712732402.1757019 0.5644621849060059 -0.026167379692196846 -0.00016669307660777122 -0.0032608280889689922 -0.0006468493374995887 -0.027684392407536507 0.9996111989021301
1712732402.2797003 0.549858570098877 -0.022789200767874718 -0.0031512908171862364 -0.004064267501235008 -0.0010489163687452674 -0.02511492744088173 0.9996757507324219
1712732402.386448 0.5840088129043579 -0.0232634749263525 -0.002970295026898384 -0.00471059326082468 -0.0006108137313276529 -0.02729947119951248 0.9996160268783569
1712732402.4707766 0.5903813242912292 -0.024982497096061707 -0.0007775286212563515 -0.004618203267455101 -0.0002690090041141957 -0.025935661047697067 0.9996529817581177
1712732402.581517 0.5982626080513 -0.018704384565353394 -0.007676422595977783 -0.00395625177770853 -0.0016166127752512693 -0.023062333464622498 0.9997248649597168
1712732402.6875145 0.5962225794792175 -0.025072826072573662 -0.001853357651270926 -0.005276449490338564 -0.0012702395906671882 -0.0261843241751194 0.9996424913406372
1712732402.7813127 0.6254557371139526 -0.027678826823830605 -0.009371396154165268 -0.005329854786396027 -0.002907465910539031 -0.026524411514401436 0.9996297955513
1712732402.878933 0.6522996425628662 -0.029072172939777374 -0.0037864232435822487 -0.005604463629424572 -0.002810346195474267 -0.02479707822203636 0.9996728301048279
1712732402.974996 0.6598722338676453 -0.025935351848602295 -0.003766770241782069 -0.004339730367064476 -0.0034653169568628073 -0.02493276633322239 0.9996737241744995
1712732403.078258 0.6703194379806519 -0.031074456870555878 0.0024010746274143457 -0.007117918226867914 -0.003213260555639863 -0.02244163677096367 0.999717652797699
1712732403.1879513 0.7044950127601624 -0.03498569875955582 0.013349090702831745 -0.0057339537888765335 -0.002861762186512351 -0.02625729702413082 0.9996346831321716
1712732403.2785141 0.7270442247390747 -0.03261604160070419 3.4863165637943894e-05 -0.0035916545893996954 -0.0045225960202515125 -0.024825161322951317 0.9996751546859741
1712732403.3763254 0.7526493668556213 -0.03662841022014618 -0.0027030145283788443 -0.004431389272212982 -0.004091074224561453 -0.02430863305926323 0.9996863007545471
1712732403.4793134 0.7488269805908203 -0.04179979860782623 -0.0027131023816764355 -0.0065288422629237175 -0.0031196644995361567 -0.02264290861785412 0.9997175335884094
1712732403.5813618 0.7521570324897766 -0.03475125506520271 0.003825100604444742 -0.0035716805141419172 -0.0034619164653122425 -0.025293344631791115 0.9996677041053772
1712732403.6660254 0.7398380637168884 -0.03754584491252899 0.0037936042062938213 -0.003084019524976611 -0.0037903080228716135 -0.02537675015628338 0.9996660351753235
1712732403.7690918 0.7054153084754944 -0.028061922639608383 -0.002133971080183983 -0.0024917793925851583 -0.0040306695736944675 -0.021949918940663338 0.9997478723526001
1712732403.8783364 0.7641650438308716 -0.036447666585445404 -0.004826579242944717 -0.002204278949648142 -0.00497957319021225 -0.024903299286961555 0.9996750950813293
1712732403.9803436 0.7336061000823975 -0.03696870431303978 0.006184983532875776 -0.003846722887828946 -0.003311076434329152 -0.024711882695555687 0.9996817708015442
1712732404.0842106 0.73036128282547 -0.038824405521154404 -0.002834382699802518 -0.0028231507167220116 -0.004364319145679474 -0.024824392050504684 0.999678373336792
1712732404.1743822 0.7514029145240784 -0.034574996680021286 -0.0018018377013504505 -0.0037300679832696915 -0.004408234264701605 -0.024439621716737747 0.9996846914291382
1712732404.2731385 0.7514259219169617 -0.03059214912354946 0.00434787105768919 -0.0023859692737460136 -0.003675937419757247 -0.022184554487466812 0.9997443556785583
1712732404.368053 0.7630074620246887 -0.03786914423108101 0.003225765423849225 -0.002187656005844474 -0.004413074813783169 -0.027580779045820236 0.999607503414154
1712732404.4806619 0.7647829651832581 -0.03494898974895477 -0.0031053826678544283 -0.002282197354361415 -0.005218489095568657 -0.02472980134189129 0.9996780157089233
1712732404.5591474 0.7602784633636475 -0.030455829575657845 0.005009903106838465 -0.0015992450062185526 -0.004691196605563164 -0.025875190272927284 0.9996529817581177
1712732404.6678982 0.7688027620315552 -0.0315125435590744 0.0025287054013460875 -0.0013767603086307645 -0.005562125239521265 -0.026048259809613228 0.9996443390846252
1712732404.7688842 0.7750678658485413 -0.02881135232746601 0.008315629325807095 -0.0013162958202883601 -0.004694364033639431 -0.02501489780843258 0.9996751546859741
1712732404.8658535 0.7824207544326782 -0.03372809290885925 0.006322931963950396 -0.0011151536600664258 -0.004828316159546375 -0.02626519277691841 0.9996427893638611
1712732404.9752371 0.7937027215957642 -0.03478856757283211 0.009839830920100212 -0.0035512722097337246 -0.0042159357108175755 -0.029249340295791626 0.9995569586753845
1712732405.0693989 0.801954448223114 -0.041367948055267334 0.004473784938454628 -0.002882105065509677 -0.004212911240756512 -0.02947148121893406 0.9995526075363159
1712732405.164809 0.8211585879325867 -0.029586637392640114 0.0017603260930627584 -0.0030759875662624836 -0.0049646939150989056 -0.02842288836836815 0.9995788931846619
1712732405.2764616 0.8384724259376526 -0.022355303168296814 0.013817593455314636 -0.003937479108572006 -0.003893730230629444 -0.024376068264245987 0.9996875524520874
1712732405.3827507 0.8482889533042908 -0.044929128140211105 -0.0014643070753663778 -0.005336376838386059 -0.00656826002523303 -0.026871846988797188 0.9996030926704407
1712732405.4740214 0.8678486943244934 -0.03075527958571911 -0.00027930736541748047 -0.002462150063365698 -0.006354256067425013 -0.02681650221347809 0.9996172189712524
1712732405.5712683 0.8724369406700134 -0.039193760603666306 0.01005737204104662 -0.0036733499728143215 -0.005084524396806955 -0.02728261984884739 0.9996080994606018
1712732405.6732795 0.9009394645690918 -0.04362265765666962 0.005110667087137699 -0.0027026759926229715 -0.006204862613230944 -0.02985100820660591 0.9995315074920654
1712732405.7790024 0.9119249582290649 -0.04670276865363121 0.004317975603044033 -0.002733544446527958 -0.007209535222500563 -0.025171596556901932 0.9996534585952759
1712732405.881236 0.9288095235824585 -0.050526801496744156 0.004863706883043051 -0.002164046512916684 -0.007597712799906731 -0.026746952906250954 0.9996110200881958
1712732405.9749103 0.9528958797454834 -0.0537065789103508 0.00588859710842371 -0.0006491862586699426 -0.0072857108898460865 -0.028411878272891045 0.9995695352554321
1712732406.101781 0.9794775247573853 -0.05086389556527138 -0.005243501625955105 -0.002931763883680105 -0.008131485432386398 -0.025089895352721214 0.999647855758667
1712732406.167394 0.9964550137519836 -0.05219415947794914 -0.007094114553183317 0.0009822570718824863 -0.0063985432498157024 -0.02841835469007492 0.999575138092041
1712732406.2727258 1.0179237127304077 -0.05106457695364952 -2.8932021450600587e-05 -0.00114130275323987 -0.0036478715483099222 -0.025537479668855667 0.9996665716171265
1712732406.363984 1.0405381917953491 -0.05059048533439636 -0.003252670168876648 -0.0021491204388439655 -0.003685692325234413 -0.02558888867497444 0.9996634721755981
1712732406.489866 1.0720230340957642 -0.052304573357105255 -0.008285687305033207 -0.004743414465337992 -0.0027740783989429474 -0.02740582264959812 0.9996092915534973
1712732406.5824761 1.0902245044708252 -0.05426720529794693 -0.007025773171335459 -0.0028907570522278547 -0.0013228891184553504 -0.0272938534617424 0.9996224045753479
1712732406.6811984 1.116925835609436 -0.05856673792004585 -0.00727394362911582 -0.004693290218710899 -0.001794146141037345 -0.026672301813960075 0.9996315836906433
1712732406.772465 1.151285171508789 -0.06404870003461838 -0.007465163245797157 -0.003632152685895562 -0.0022587149869650602 -0.028653591871261597 0.9995802640914917
1712732406.8776636 1.1752893924713135 -0.06445761770009995 -0.005359869450330734 -0.0021449297200888395 -0.001860843040049076 -0.026834601536393166 0.9996358752250671
1712732406.9830346 1.1968053579330444 -0.06473655253648758 -0.0015837812097743154 0.0006242413655854762 -0.0004321116430219263 -0.02850128524005413 0.9995934963226318
1712732407.0757933 1.2286924123764038 -0.07474932074546814 -0.0033304609823971987 -0.0005616825656034052 0.00018743483815342188 -0.027494410052895546 0.9996218085289001
1712732407.1804538 1.2480366230010986 -0.06827756017446518 -0.00408354913815856 0.0006902357563376427 0.0007807589136064053 -0.025911103934049606 0.9996637105941772
1712732407.2789004 1.2739266157150269 -0.06551967561244965 0.0032878899946808815 0.000622280000243336 0.0018597538582980633 -0.02653256617486477 0.999646008014679
1712732407.3696907 1.290466547012329 -0.0727355107665062 -0.0018191100098192692 0.0007710634963586926 0.0005167116178199649 -0.028643453493714333 0.9995892643928528
1712732407.480904 1.3385872840881348 -0.0719255805015564 -0.007399028167128563 -0.0002790807920973748 0.0006076239515095949 -0.03159352019429207 0.999500572681427
1712732407.5790496 1.372709035873413 -0.07937917858362198 -0.004738212563097477 -0.0014639691216871142 0.001393994432874024 -0.031143253669142723 0.9995129108428955
1712732407.6738012 1.4143857955932617 -0.0755293220281601 -0.008351307362318039 -0.0020355801098048687 7.273414666997269e-05 -0.03062034212052822 0.9995290040969849
1712732407.773168 1.4474376440048218 -0.08434976637363434 -0.009129457175731659 -0.005567833315581083 -0.0016513778828084469 -0.029854658991098404 0.9995374083518982
1712732407.8713932 1.4859123229980469 -0.08857304602861404 0.0005165221518836915 -0.0046461839228868484 -0.0017579684499651194 -0.029278045520186424 0.9995589852333069
1712732407.9863007 1.494581937789917 -0.08395157009363174 0.008491077460348606 5.3133033361518756e-05 -0.0009055680129677057 -0.028305919840931892 0.9995989203453064
1712732408.078732 1.5663228034973145 -0.08620811998844147 -0.002011894015595317 -0.0019008169183507562 -0.002058621495962143 -0.028210541233420372 0.9995980858802795
1712732408.200885 1.5963897705078125 -0.07999666780233383 -0.0017942455597221851 -0.0003558388852979988 0.003784449305385351 -0.027523143216967583 0.9996140003204346
1712732408.282927 1.5929216146469116 -0.08446244150400162 -0.0024280063807964325 0.0006829918129369617 -0.00025462949997745454 -0.029397524893283844 0.9995675086975098
1712732408.3761249 1.5935355424880981 -0.08533836156129837 -0.0007426043739542365 -0.00029266017372719944 -0.0022093195002526045 -0.029944652691483498 0.9995490908622742
1712732408.4695 1.5883833169937134 -0.08724157512187958 -0.006824641488492489 -0.0009365963633172214 -0.0025639755185693502 -0.029032688587903976 0.9995747208595276
1712732408.5782242 1.6079559326171875 -0.08189839124679565 -0.003247990505769849 0.0008219577139243484 -0.00265107792802155 -0.02886945940554142 0.9995793700218201
1712732408.6725588 1.5932621955871582 -0.07402542978525162 -0.00015408224135171622 -0.0009529225644655526 -0.002455595415085554 -0.024546900764107704 0.9996952414512634
1712732408.78397 1.6012181043624878 -0.07954949140548706 0.00044087652349844575 -0.000680029857903719 -0.0027273164596408606 -0.02374914474785328 0.9997140169143677
1712732408.8772202 1.618537187576294 -0.07521282136440277 -0.000900358019862324 -0.0003221580700483173 -0.0036594674456864595 -0.022601045668125153 0.9997377991676331
1712732408.962071 1.627320647239685 -0.07486490160226822 0.0014319750480353832 -0.0009314607013948262 -0.0035559176467359066 -0.021174218505620956 0.9997690916061401
1712732409.0775127 1.6367225646972656 -0.07673174142837524 0.004205871839076281 -0.0006063360488042235 -0.003900502109900117 -0.02024591714143753 0.9997872710227966
1712732409.168427 1.6499274969100952 -0.0859445109963417 -0.0020774409640580416 -0.001180833438411355 -0.005306461825966835 -0.021576544269919395 0.9997525215148926
1712732409.2707903 1.648795247077942 -0.07835191488265991 0.002638267818838358 -0.0015957590658217669 -0.003832620568573475 -0.020197508856654167 0.9997873902320862
1712732409.3648496 1.6660168170928955 -0.08182258158922195 0.004101856611669064 -0.001214990159496665 -0.00492143165320158 -0.0197572261095047 0.9997919797897339
1712732409.4812844 1.6657518148422241 -0.07761155813932419 0.0023861415684223175 0.0010464700171723962 -0.007025041617453098 -0.015250778757035732 0.9998584985733032
1712732409.5871234 1.7071459293365479 -0.08214130997657776 0.0016955864848569036 -0.001071266015060246 -0.008135995827615261 -0.010395885445177555 0.9999122619628906
1712732409.6790423 1.710273265838623 -0.07209182530641556 0.005898839794099331 0.0016866045771166682 -0.007561702746897936 -0.00589715363457799 0.9999526143074036
1712732409.7805908 1.7469862699508667 -0.08250901103019714 0.0029585587326437235 0.0028296131640672684 -0.007037185598164797 -0.007482958026230335 0.9999432563781738
1712732409.8663259 1.751990795135498 -0.07730361074209213 -0.0008785848622210324 0.0038444267120212317 -0.006856022402644157 -0.0069243148900568485 0.9999451041221619
1712732409.9683206 1.7705649137496948 -0.07416027784347534 0.0031495667062699795 0.0023542761337012053 -0.0051608458161354065 -0.005922167096287012 0.9999663829803467
1712732410.068543 1.7895700931549072 -0.0737929493188858 0.0034634345211088657 0.0013598647201433778 -0.00441403966397047 -0.005753873381763697 0.9999727606773376
1712732410.1693485 1.8256902694702148 -0.06986390799283981 0.0017424082616344094 0.0009177674073725939 -0.004236063454300165 -0.006777066737413406 0.999967634677887
1712732410.2793458 1.8597506284713745 -0.0715034008026123 0.005740176420658827 0.0007309122593142092 -0.002535525243729353 -0.006150451488792896 0.9999775886535645
1712732410.3713999 1.8636322021484375 -0.06421122699975967 0.0025815514381974936 0.00044423973304219544 -0.0013264280278235674 -0.005045853089541197 0.9999863505363464
1712732410.4756227 1.8879344463348389 -0.061978016048669815 0.004682615399360657 0.0014851806918159127 -0.001219858997501433 -0.0039730556309223175 0.9999903440475464
1712732410.5753717 1.9053709506988525 -0.07856307923793793 -0.00036055894452147186 -0.001252324553206563 -0.002685246290639043 -0.0041623711585998535 0.999987006187439
1712732410.6713533 1.943345308303833 -0.06431150436401367 0.0014070123434066772 0.0012491497909650207 -0.0017480007372796535 -0.002917570760473609 0.9999935030937195
1712732410.7703464 1.9695593118667603 -0.0698700100183487 0.005207709036767483 0.0023792609572410583 -0.0002691995177883655 -0.0026927818544209003 0.9999935626983643
1712732410.8795524 1.9632982015609741 -0.06628706306219101 -0.0001360595488222316 0.005137148778885603 -0.0010396174620836973 -0.0029465919360518456 0.9999819993972778
1712732410.9692738 1.9607566595077515 -0.07659206539392471 0.00490415608510375 0.002342714462429285 0.0011006827699020505 -0.001032206928357482 0.9999961853027344
1712732411.084812 2.0037481784820557 -0.08447640389204025 0.005695410538464785 0.0016148684080690145 0.002015049336478114 0.002035524696111679 0.9999945759773254
1712732411.1725905 2.0729715824127197 -0.0740170106291771 0.0012641819193959236 0.001809254172258079 0.0008215609122999012 -0.0020595998503267765 0.9999959468841553
1712732411.286581 2.1206936836242676 -0.07229702919721603 0.0010632178746163845 0.0008832657476887107 0.0008397849160246551 -0.0008253243868239224 0.9999989867210388
1712732411.3816714 2.1545395851135254 -0.076564721763134 0.0013986629201099277 0.00030402111588045955 0.0006698145298287272 -0.0004203646385576576 0.9999996423721313
1712732411.4832516 2.180842399597168 -0.08209829032421112 0.0030755619518458843 0.0001825799117796123 0.0005009673768654466 0.0010815451387315989 0.9999993443489075
1712732411.5770555 2.209059476852417 -0.07913289219141006 0.003516041673719883 -0.000981877907179296 0.00022650390747003257 0.0005171941593289375 0.9999994039535522
1712732411.667274 2.2451863288879395 -0.06577757745981216 0.001886499347165227 -0.0020791334100067616 -0.0031422018073499203 0.0027248968835920095 0.9999891519546509
1712732411.7703032 2.2684412002563477 -0.08035517483949661 0.0051778568886220455 -0.0036118675488978624 -0.003538901684805751 0.005967383738607168 0.999969482421875
1712732411.8819714 2.2983434200286865 -0.08450286090373993 0.004376374185085297 -0.0016220241086557508 -0.0037885995116084814 0.007068413309752941 0.9999665021896362
1712732411.9824307 2.3285880088806152 -0.07436147332191467 0.004057032056152821 -0.0007371135870926082 -0.005142976995557547 0.005954164545983076 0.9999687671661377
1712732412.0873556 2.371201276779175 -0.07008913159370422 0.0031936129089444876 0.00020183665037620813 -0.004664279520511627 0.005453126039355993 0.999974250793457
1712732412.181091 2.3947978019714355 -0.08640795946121216 0.010021749883890152 -0.002754534361883998 -0.0005881065735593438 0.007135055027902126 0.999970555305481
1712732412.2692475 2.4290592670440674 -0.0711381584405899 0.006123727187514305 -0.00019379681907594204 0.0021457683760672808 0.007389493752270937 0.9999703764915466
1712732412.382456 2.449127197265625 -0.07074552774429321 0.0016883979551494122 -0.0008424203260801733 -0.00012324706767685711 0.009776907041668892 0.9999518394470215
1712732412.4928753 2.449289083480835 -0.06948654353618622 0.005312648601830006 -0.001988223986700177 -0.0017839097417891026 0.009969986043870449 0.9999468326568604
1712732412.5747652 2.4494857788085938 -0.07383929193019867 0.00643446808680892 -0.0018850467167794704 -0.0023946419823914766 0.00943102315068245 0.9999508857727051
1712732412.683064 2.4512786865234375 -0.07171803712844849 0.0045528654009103775 -0.00013394211418926716 -0.002578344428911805 0.007485620677471161 0.9999686479568481
1712732412.7696717 2.451525926589966 -0.0777566060423851 0.004515421576797962 -0.0021498515270650387 -0.002738717244938016 0.006515214219689369 0.9999727606773376
1712732412.879131 2.4485301971435547 -0.07477903366088867 0.0045090061612427235 -0.0008985245949588716 -0.003193377051502466 0.0070371185429394245 0.9999697804450989
1712732412.9748673 2.4611260890960693 -0.07405420392751694 0.004646710120141506 -0.00029404505039565265 -0.0029002982191741467 0.007117441855370998 0.9999704360961914
1712732413.060036 2.4756019115448 -0.07724803686141968 0.005391416139900684 -0.0008441447280347347 -0.003199326805770397 0.007844465784728527 0.9999638199806213
1712732413.171636 2.4725093841552734 -0.07521674782037735 0.006012497469782829 -0.0015069737564772367 -0.0028760989662259817 0.006129003595560789 0.9999759793281555
1712732413.2654932 2.481071949005127 -0.07982337474822998 0.004221784882247448 0.00038909714203327894 -0.0036292183212935925 0.00903097353875637 0.9999526143074036
1712732413.3688018 2.490241527557373 -0.07546401023864746 0.006382203195244074 -0.000825174676720053 -0.00342961261048913 0.008853284642100334 0.9999546408653259
1712732413.4728632 2.5055739879608154 -0.07057291269302368 0.005266309715807438 0.0011731188278645277 -0.0032121571712195873 0.008385766297578812 0.9999590516090393
1712732413.5742984 2.5107758045196533 -0.07469449937343597 0.003918664064258337 0.002410556422546506 -0.002901943866163492 0.00993973296135664 0.9999435544013977
1712732413.6784012 2.538092851638794 -0.07449783384799957 0.007856803014874458 -0.0007730618235655129 -0.001967701129615307 0.007897203788161278 0.999966561794281
1712732413.7728684 2.551565170288086 -0.060677461326122284 0.0053088003769516945 -0.00022611099120695144 -0.0015516650164499879 0.0037750182673335075 0.9999917149543762
1712732413.8668966 2.5695602893829346 -0.06433989107608795 0.005075633991509676 -0.0017878211801871657 -0.000267031166004017 0.0039222463965415955 0.999990701675415
1712732413.9890459 2.594686985015869 -0.06992693990468979 0.00479758158326149 -0.0015695865731686354 0.0009502071188762784 0.006383236031979322 0.9999780058860779
1712732414.0734694 2.61718487739563 -0.07985233515501022 0.0048467302694916725 -0.002894241362810135 0.0015686231199651957 0.005515311378985643 0.9999794363975525
1712732414.1835177 2.639960527420044 -0.07464929670095444 0.005432946141809225 -0.0035311367828398943 0.0021084891632199287 0.006577835883945227 0.9999699592590332
1712732414.2898715 2.657804012298584 -0.07916799932718277 0.006496652495115995 -0.005555782932788134 0.0034154399763792753 0.005897594150155783 0.9999613761901855
1712732414.3922386 2.6782479286193848 -0.07043569535017014 0.0031393086537718773 -0.003001726698130369 0.003076880006119609 0.006165725644677877 0.9999718070030212
1712732414.4839659 2.709503650665283 -0.07911009341478348 0.0054097301326692104 -0.001526611507870257 0.0027246051467955112 0.005401179194450378 0.9999805688858032
1712732414.5667171 2.7243354320526123 -0.07657148689031601 0.003249242203310132 -0.0022133279126137495 0.002728018444031477 0.006927101872861385 0.9999698996543884
1712732414.6712658 2.7552881240844727 -0.0697852075099945 0.0037983430083841085 -0.0012364690192043781 0.002817946020513773 0.008278971537947655 0.9999610185623169
1712732414.774821 2.7855112552642822 -0.0786084458231926 0.00520661985501647 -0.003476570127531886 0.0029017613269388676 0.006370210088789463 0.999969482421875
1712732414.8704507 2.8071541786193848 -0.06020096689462662 0.004342020954936743 -0.0005526098539121449 0.0026033276226371527 0.004164368845522404 0.999987781047821
1712732414.985237 2.846576690673828 -0.07570020854473114 0.006574403028935194 -0.0004356959543656558 0.0030898309778422117 0.0066671837121248245 0.999972939491272
1712732415.0816684 2.8898422718048096 -0.07494237273931503 0.006151622161269188 -0.0023875038605183363 0.003026362741366029 0.007781300228089094 0.999962329864502
1712732415.1952028 2.9069321155548096 -0.061725955456495285 0.004550870042294264 0.0007508098497055471 0.0035389610566198826 0.006151498295366764 0.9999746084213257
1712732415.2646964 2.9104321002960205 -0.06682102382183075 0.005385665223002434 -4.034963058074936e-05 0.006982993800193071 0.006157855503261089 0.9999566674232483
1712732415.37726 2.909446954727173 -0.09334307163953781 0.0046277400106191635 -0.0036419483367353678 0.005342744290828705 0.008221833035349846 0.999945342540741
1712732415.4924169 2.9024624824523926 -0.07409458607435226 0.0036091420333832502 -0.00030357629293575883 0.0038023495581001043 0.004547060001641512 0.9999824166297913
1712732415.5696294 2.9070217609405518 -0.09153876453638077 0.0030014088843017817 -0.0021519807633012533 0.0040079872123897076 0.008838405832648277 0.9999505877494812
1712732415.6707318 2.9215705394744873 -0.07152346521615982 0.0017588523915037513 -0.0010984321124851704 0.0040476759895682335 0.0046340120024979115 0.9999804496765137
1712732415.785393 2.908149480819702 -0.0651673823595047 0.005655722226947546 -0.0020451522432267666 0.0039021256379783154 0.0027512102387845516 0.9999865293502808
1712732415.872471 2.91328501701355 -0.06832660734653473 0.004104222171008587 -0.0025770775973796844 0.003892086911946535 0.0051813810132443905 0.9999756813049316
1712732415.979929 2.918640375137329 -0.06958236545324326 0.004268386401236057 -0.002553036203607917 0.0032512929756194353 0.0026915809139609337 0.9999878406524658
1712732416.0682914 2.926053285598755 -0.07420046627521515 0.004288903903216124 -0.0017911840695887804 0.0031844705808907747 0.007822959683835506 0.9999627470970154
1712732416.1678512 2.9436633586883545 -0.0867338627576828 0.003273453563451767 -0.0007135271443985403 0.002864799229428172 0.009552111849188805 0.9999500513076782
1712732416.274686 2.9534342288970947 -0.07480453699827194 0.004788655787706375 -0.0012377075618132949 0.001969825243577361 0.006290614604949951 0.9999775290489197
1712732416.3690047 2.9638800621032715 -0.0733659416437149 0.004439812619239092 -0.0027850319165736437 0.0025172897148877382 0.006915673613548279 0.9999690651893616
1712732416.4807858 2.9743852615356445 -0.08191362768411636 0.0045090727508068085 -0.002492212690412998 0.0019660675898194313 0.00743582658469677 0.9999673366546631
1712732416.5864847 2.982266902923584 -0.084971122443676 0.005308074876666069 -0.004343186505138874 0.002285316353663802 0.005631362088024616 0.9999721050262451
1712732416.6926072 3.005607843399048 -0.07219381630420685 0.0052852449007332325 -0.0024077945854514837 0.0010366514325141907 0.006423927377909422 0.9999759197235107
1712732416.770501 3.0203778743743896 -0.07810398936271667 0.004230530466884375 -0.0031956234015524387 -0.0010983512038365006 0.006501779425889254 0.9999731779098511
1712732416.8791177 3.032139539718628 -0.07232081145048141 0.00709913857281208 -0.004594122990965843 -0.002041068859398365 0.008033107966184616 0.9999551177024841
1712732416.9640806 3.0483932495117188 -0.06980644166469574 0.007376328110694885 -0.005042112432420254 -0.0017413408495485783 0.004953410476446152 0.999973475933075
1712732417.0677655 3.070552110671997 -0.06946518272161484 0.0037417802959680557 -0.002938088495284319 -0.001831753645092249 0.006325979251414537 0.9999740719795227
1712732417.17797 3.105081558227539 -0.0854589194059372 0.006310946773737669 -0.0018753299955278635 -0.0025830501690506935 0.013190414756536484 0.999907910823822
1712732417.2695513 3.1297667026519775 -0.0848141685128212 0.007888393476605415 -0.0036442300770431757 -0.0041456143371760845 0.009814049117267132 0.9999366998672485
1712732417.3839848 3.1479644775390625 -0.06991009414196014 0.007430344820022583 -0.0031214961782097816 -0.004310449585318565 0.006912056356668472 0.9999619722366333
1712732417.4817564 3.1732826232910156 -0.0686829686164856 0.007042742799967527 -0.0017048942390829325 -0.0048913550563156605 0.007450337987393141 0.9999588131904602
1712732417.5748997 3.1909377574920654 -0.07324554771184921 0.007634543348103762 -0.0041693528182804585 -0.003747368697077036 0.008670658804476261 0.9999467134475708
1712732417.6720374 3.222761631011963 -0.07070843875408173 0.009827242232859135 -0.005646267905831337 -0.004342296160757542 0.008505529724061489 0.9999384880065918
1712732417.7820575 3.241438627243042 -0.08391686528921127 0.008726503700017929 -0.002319686347618699 -0.007216386031359434 0.010123045183718204 0.9999200701713562
1712732417.8741496 3.266584634780884 -0.08120782673358917 0.012043299153447151 -0.004973448812961578 -0.00664034578949213 0.01104814000427723 0.9999045729637146
1712732417.9828856 3.302934408187866 -0.06676933169364929 0.013761419802904129 -0.002929100301116705 -0.007237802259624004 0.007517305668443441 0.9999412894248962
1712732418.0737164 3.320774793624878 -0.07061145454645157 0.012831978499889374 -0.003444396425038576 -0.006794251035898924 0.0061464156024158 0.9999521970748901
1712732418.1681416 3.3433756828308105 -0.055406298488378525 0.007166036404669285 -0.0011274070711806417 -0.0010867478558793664 0.005036941729485989 0.9999861717224121
1712732418.2770832 3.351240634918213 -0.07143448293209076 0.009444866329431534 -0.001003289595246315 -0.005784188397228718 0.006912725046277046 0.999958872795105
1712732418.3770897 3.3396048545837402 -0.07924312353134155 0.011327949352562428 -0.0019218437373638153 -0.006982909515500069 0.008151876740157604 0.9999406337738037
1712732418.4803975 3.3397815227508545 -0.05866333842277527 0.01205532904714346 -0.00027321974630467594 -0.006188248284161091 0.005735300946980715 0.9999644756317139
1712732418.5710237 3.3376972675323486 -0.06999917328357697 0.009732356294989586 -0.000836348976008594 -0.00664742523804307 0.006124161649495363 0.999958872795105
1712732418.673372 3.3329172134399414 -0.06675802916288376 0.011318329721689224 -0.0011576148681342602 -0.006514310371130705 0.006014565005898476 0.9999600052833557
1712732418.776499 3.338663101196289 -0.060140371322631836 0.011660960502922535 -0.001808741013519466 -0.006403130013495684 0.007494067773222923 0.9999497532844543
1712732418.8698475 3.339462995529175 -0.06485773622989655 0.008563140407204628 -0.0012328746961429715 -0.006341107189655304 0.007028216030448675 0.9999544024467468
1712732418.98176 3.3368465900421143 -0.06370113790035248 0.00791680347174406 -0.001091595971956849 -0.006245805416256189 0.004668031353503466 0.9999690651893616
1712732419.069823 3.3087120056152344 -0.06072016432881355 0.008945881389081478 -0.0020550857298076153 -0.0063241771422326565 0.0052114189602434635 0.9999642968177795
1712732419.1741683 3.3070127964019775 -0.06825808435678482 0.009908006526529789 -0.0017354454612359405 -0.00685923034325242 0.00799752026796341 0.99994295835495
1712732419.2825289 3.2945210933685303 -0.0681685209274292 0.00977268721908331 -0.00509790051728487 -0.006461923476308584 0.005205390974879265 0.9999525547027588
1712732419.3762476 3.2652156352996826 -0.08249977231025696 0.011454043909907341 -0.004766241181641817 -0.005815198179334402 0.009398547932505608 0.9999275803565979
1712732419.4811764 3.2527050971984863 -0.08261598646640778 0.009896677918732166 -0.00540467444807291 -0.006036185193806887 0.008542299270629883 0.9999306797981262
1712732419.576563 3.228929281234741 -0.0632234588265419 0.007102679461240768 -0.004824354313313961 -0.005569535307586193 0.005668105557560921 0.9999567866325378
1712732419.672082 3.214452028274536 -0.07067591696977615 0.00691065052524209 -0.005337073002010584 -0.00428563030436635 0.006555754225701094 0.9999550580978394
1712732419.7743678 3.2017529010772705 -0.0794105976819992 0.00892981793731451 -0.0038385591469705105 -0.0032753758132457733 0.006745570804923773 0.9999645948410034
1712732419.8633676 3.2084860801696777 -0.07347451895475388 0.007299176417291164 -0.0036210024263709784 -0.0031915907748043537 0.006982180755585432 0.9999640583992004
1712732419.9677246 3.1863973140716553 -0.0787825807929039 0.007176682353019714 -0.0026706599164754152 -0.0030189398676156998 0.00925316009670496 0.999949038028717
1712732420.0808809 3.1722471714019775 -0.09633689373731613 0.007463100831955671 -0.001840280252508819 -0.003569125896319747 0.010684945620596409 0.9999349117279053
1712732420.1954365 3.160832643508911 -0.05494885519146919 0.008072752505540848 -0.0022540318313986063 -0.0035474945325404406 0.004023325629532337 0.9999831318855286
1712732420.2767444 3.1401729583740234 -0.0691722109913826 0.00740424869582057 -0.0021551409736275673 -0.0035592340864241123 0.004410295747220516 0.9999816417694092
1712732420.372644 3.129582405090332 -0.06467770040035248 0.005843224469572306 -0.0019770546350628138 -0.0033011941704899073 0.004646101966500282 0.9999817609786987
1712732420.475773 3.109158515930176 -0.06062452495098114 0.007622962351888418 -0.0022674603387713432 -0.0015899352729320526 0.004240319132804871 0.9999872446060181
1712732420.5698214 3.0980608463287354 -0.06112135201692581 0.0045539564453065395 -0.0015688100829720497 -0.0011563061270862818 0.003966985270380974 0.9999902844429016
1712732420.6796873 3.072944164276123 -0.07094254344701767 0.005927500780671835 -0.004530825186520815 -0.0005591916851699352 0.005784864537417889 0.999972939491272
1712732420.7850437 3.0512940883636475 -0.06648630648851395 0.005873686168342829 -0.003940223716199398 -0.0010068808915093541 0.0060432846657931805 0.9999735355377197
1712732420.8737388 3.0384631156921387 -0.07131519913673401 0.006626694928854704 -0.004843027796596289 -0.001205090549774468 0.005676826927810907 0.9999715089797974
1712732420.9717052 3.0138742923736572 -0.0705156996846199 0.007438257336616516 -0.0036333641037344933 0.0005809481954202056 0.005964003503322601 0.9999755024909973
1712732421.0789633 2.9997403621673584 -0.06653431802988052 0.005059111397713423 -0.002689623972401023 0.00202761753462255 0.0033075481187552214 0.9999889135360718
1712732421.1668153 2.9836039543151855 -0.06098506599664688 0.0044943057000637054 -0.0025988388806581497 -0.00017962971469387412 0.00421726843342185 0.999987781047821
1712732421.2601416 2.9881038665771484 -0.06226491555571556 0.004266850650310516 -0.002768612466752529 0.0019562928937375546 0.004417588468641043 0.9999845623970032
1712732421.3684342 2.996100425720215 -0.0626581609249115 0.0030872670467942953 -0.0027212663553655148 0.00283280317671597 0.0032250264193862677 0.9999871253967285
1712732421.4867494 2.9900717735290527 -0.0793241560459137 0.004935238044708967 -0.00251194229349494 0.00247526029124856 0.00830853171646595 0.9999592900276184
1712732421.58211 2.986131191253662 -0.07276320457458496 0.003783958498388529 -0.0012804210418835282 0.0022007289808243513 0.00656110467389226 0.9999752640724182
1712732421.6734242 2.9904117584228516 -0.07573061436414719 0.00520137557759881 -0.003617976326495409 0.0029572921339422464 0.006196992471814156 0.9999698400497437
1712732421.7617786 2.9823784828186035 -0.08106443285942078 0.004837042652070522 -0.0033255647867918015 0.003526292508468032 0.005138870794326067 0.9999750852584839
1712732421.8668337 2.975330114364624 -0.06836003810167313 0.0046225907281041145 -0.0026063069235533476 0.003037942573428154 0.0035205630119889975 0.9999858736991882
1712732421.9740405 2.9709675312042236 -0.07296328991651535 0.004317475948482752 -0.0027402942068874836 0.003332769498229027 0.005171962548047304 0.9999773502349854
1712732422.0783994 2.967630386352539 -0.06299208849668503 0.0035974595230072737 -0.0009521743049845099 0.0028362583834677935 0.004326624795794487 0.9999861717224121
1712732422.1707497 2.951732635498047 -0.05768410861492157 0.002704673446714878 -0.001346460310742259 0.003241063794121146 0.004787256009876728 0.9999824166297913
1712732422.2641299 2.939673900604248 -0.061128612607717514 0.004588531330227852 -0.0011183092137798667 0.0037002498283982277 0.004763879347592592 0.9999812245368958
1712732422.3659465 2.9284682273864746 -0.08461150527000427 0.003408146556466818 -0.0021620579063892365 0.004054003860801458 0.0058843535371124744 0.9999721646308899
1712732422.475997 2.912656784057617 -0.07346761971712112 0.0044109211303293705 -0.002018067752942443 0.004105113912373781 0.008042491041123867 0.9999572038650513
1712732422.5784466 2.8989644050598145 -0.05988987162709236 0.0063947103917598724 -0.0015031002694740891 0.003950769547373056 0.0034551306162029505 0.9999850988388062
1712732422.6671906 2.8889718055725098 -0.08137717097997665 0.0034842456225305796 -0.0008050985052250326 0.0039189960807561874 0.0032598150428384542 0.9999867081642151
1712732422.7725623 2.868170976638794 -0.06851723790168762 0.005568112712353468 -0.00037992867873981595 0.00457684975117445 0.005536770913749933 0.9999741315841675
1712732422.8709624 2.859919786453247 -0.06212547421455383 0.005353141110390425 -0.00021191523410379887 0.003998668864369392 0.0032241304870694876 0.9999868273735046
1712732422.9785037 2.8483011722564697 -0.07900412380695343 0.0037753183860331774 0.000603077991399914 0.0035553784109652042 0.0078010763972997665 0.999963104724884
1712732423.0751603 2.818052053451538 -0.07823935896158218 0.0047879284247756 8.097280806396157e-05 0.0032505292911082506 0.005884530022740364 0.9999774694442749
1712732423.1787164 2.80568790435791 -0.07946409285068512 0.004121079109609127 -0.002419757191091776 0.0035859488416463137 0.006176359951496124 0.9999716281890869
1712732423.283244 2.7778890132904053 -0.07129967212677002 0.005170217249542475 -7.973966421559453e-05 0.00356687163002789 0.0072966646403074265 0.9999670386314392
1712732423.3687782 2.754735231399536 -0.07242941856384277 0.00590369151905179 -0.0023675300180912018 0.003962534945458174 0.005006158258765936 0.9999768733978271
1712732423.4859338 2.730349063873291 -0.07259422540664673 0.002161105629056692 -0.0019988748244941235 0.002821972593665123 0.005651239305734634 0.9999780654907227
1712732423.5752475 2.713559865951538 -0.06811786442995071 0.002803622279316187 -0.0020692141260951757 0.0031148716807365417 0.004141268786042929 0.9999844431877136
1712732423.6739824 2.6934893131256104 -0.07807646691799164 0.0027615183498710394 -0.0032722391188144684 0.0038044643588364124 0.004795738495886326 0.9999759197235107
1712732423.7689297 2.6654233932495117 -0.07305606454610825 0.002074710326269269 -0.0029562104027718306 0.0040597873739898205 0.004967131651937962 0.9999750852584839
1712732423.8713067 2.64284348487854 -0.07206679880619049 0.0035422714427113533 -0.0029826383106410503 0.002802954288199544 0.004652158357203007 0.9999808073043823
1712732423.977744 2.6141176223754883 -0.0737895667552948 0.004150969907641411 -0.0021955620031803846 0.0025722188875079155 0.0028191690798848867 0.9999903440475464
1712732424.076364 2.5894556045532227 -0.07215892523527145 0.005405799485743046 -0.0009057935094460845 0.0009873175295069814 0.0015093785477802157 0.9999979734420776
1712732424.181843 2.5501043796539307 -0.07509750127792358 0.007094920612871647 6.370231130858883e-05 -0.0008531968924216926 0.003097300184890628 0.9999948740005493
1712732424.281227 2.507270574569702 -0.07851530611515045 0.006247106473892927 0.00047373081906698644 -0.001984200906008482 0.0041314223781228065 0.9999894499778748
1712732424.3718102 2.4855713844299316 -0.07398869097232819 0.006308234762400389 -0.0011180535657331347 -0.0025211870670318604 0.0031385545153170824 0.9999912977218628
1712732424.495203 2.4618980884552 -0.05976490303874016 0.0038579709362238646 -1.9734870875254273e-05 -0.0025521102361381054 0.002908744616433978 0.9999925494194031
1712732424.5604885 2.429804801940918 -0.0630338191986084 0.004394067917019129 -0.0014264211058616638 -0.0009980780305340886 0.002451004460453987 0.9999955296516418
1712732424.68171 2.408226490020752 -0.06334150582551956 0.004684046842157841 -0.0010561897652223706 -0.0008988268091343343 0.0009037481504492462 0.9999986290931702
1712732424.780884 2.375901222229004 -0.06416106969118118 0.0028270131442695856 -0.0009520812891423702 -0.0030288647394627333 0.000952970003709197 0.9999945163726807
1712732424.8788843 2.340906858444214 -0.061693329364061356 0.0030423845164477825 -0.0004215832450427115 -0.0045438483357429504 0.0026911748573184013 0.9999859929084778
1712732424.9668055 2.303537607192993 -0.06296848505735397 0.004047880414873362 -0.0008178261923603714 -0.002586650662124157 0.0026127086021006107 0.9999929666519165
1712732425.0667233 2.273151159286499 -0.07598622888326645 0.003052253508940339 -0.0038759694434702396 -0.0027523795142769814 0.003940115682780743 0.9999809861183167
1712732425.1800413 2.244236469268799 -0.05965008959174156 0.0021200610790401697 -0.002953279996290803 -0.0021877617109566927 0.00024591779219917953 0.9999932646751404
1712732425.275143 2.21384859085083 -0.07274437695741653 0.0005899686948396266 -0.0013222050620242953 0.0006700238445773721 0.0016083898954093456 0.999997615814209
1712732425.3656795 2.179823637008667 -0.0677405595779419 0.0023875271435827017 -0.0009862526785582304 -0.0027545695193111897 0.001798561541363597 0.9999940991401672
1712732425.4723966 2.1644394397735596 -0.0684458315372467 0.0030886337626725435 0.00016543712990824133 -0.002549804514274001 0.0014525725273415446 0.9999957084655762
1712732425.57055 2.17435359954834 -0.07519205659627914 -1.6316531400661916e-05 -7.454694423358887e-05 0.0013303096638992429 0.001249255845323205 0.9999983310699463
1712732425.6768594 2.1787514686584473 -0.07149200886487961 0.0006601393688470125 -0.0005519991391338408 0.0007137178909033537 0.00032686334452591836 0.9999995827674866
1712732425.762856 2.186830997467041 -0.0755074992775917 0.0008499991963617504 0.0011431875173002481 0.0005725433002226055 9.350047184852883e-05 0.9999991655349731
1712732425.861468 2.179143190383911 -0.07458358258008957 0.0009252782911062241 0.00016183608386199921 0.0011675304267555475 -0.0004257528926245868 0.9999992251396179
1712732425.965029 2.18304705619812 -0.063013955950737 -0.0008850071462802589 0.001018111826851964 0.00037287455052137375 -0.0008543320000171661 0.9999990463256836
1712732426.072136 2.178658962249756 -0.06675979495048523 -0.0009527748334221542 -0.00010554525215411559 0.0006679385551251471 -0.0007293829694390297 0.9999995231628418
1712732426.1789052 2.1755869388580322 -0.060853298753499985 0.0022285575978457928 0.0012803924037143588 0.0012442178558558226 -0.00038768586819060147 0.9999983310699463
1712732426.2666814 2.1833627223968506 -0.07660680264234543 0.0001303126337006688 2.8963668228243478e-05 0.001535875373519957 -0.0007330406806431711 0.9999985694885254
1712732426.3742664 2.1839258670806885 -0.07741272449493408 0.0012444931780919433 -6.69691216899082e-05 0.0014009102014824748 -0.002729198429733515 0.9999952912330627
1712732426.4743314 2.1735081672668457 -0.06904874742031097 0.00016646159929223359 0.0009410689235664904 0.0016970011638477445 -0.0004286395269446075 0.9999980330467224
1712732426.5819201 2.1632800102233887 -0.07525745034217834 0.0015970430104061961 -0.0006302600959315896 0.0019537382759153843 -0.0013727897312492132 0.9999969601631165
1712732426.664775 2.1400444507598877 -0.07557172328233719 0.0012360599357634783 0.0008927989401854575 0.00207617599517107 -0.00207832851447165 0.9999952912330627
1712732426.7663393 2.1342451572418213 -0.07330426573753357 0.0006029994110576808 0.0005605688784271479 0.0017031349707394838 -0.0014583820011466742 0.9999973177909851
1712732426.8817742 2.1085996627807617 -0.060502827167510986 -0.0006089401431381702 0.0017535343067720532 0.0016087850090116262 0.0013041498605161905 0.9999963045120239
1712732426.979599 2.1087324619293213 -0.060055360198020935 -9.961870091501623e-05 0.0023346650414168835 0.0013138061622157693 0.0001587838924024254 0.9999964833259583
1712732427.066884 2.099688768386841 -0.06318023055791855 0.0011310450499877334 0.0017760044429451227 0.0019007496302947402 -0.00039665980148129165 0.999996542930603
1712732427.1759655 2.066657781600952 -0.06547357141971588 0.0018280420918017626 0.0021537826396524906 0.0019760094583034515 0.0006153096328489482 0.9999955296516418
1712732427.2688007 2.054781198501587 -0.06301762908697128 0.0017988152103498578 0.0018646353855729103 0.0019535848405212164 0.0019621308892965317 0.9999945163726807
1712732427.3695955 2.034350872039795 -0.06447910517454147 -0.0008157572592608631 0.0030885818414390087 0.000893697957508266 0.0011235249694436789 0.9999942779541016
1712732427.4897351 2.016619920730591 -0.0736582949757576 -0.0005480263498611748 0.0029147565364837646 6.229768041521311e-05 0.0026803361251950264 0.9999921321868896
1712732427.571639 2.0069973468780518 -0.07971247285604477 0.0007054666639305651 0.0019062882056459785 0.00029282920877449214 0.0019272222416475415 0.9999963641166687
1712732427.677578 1.9845889806747437 -0.07061735540628433 0.0035142130218446255 0.0031522437930107117 0.00043235928751528263 0.0003758406382985413 0.9999948740005493
1712732427.7741728 1.9751142263412476 -0.07504165917634964 0.0008064195862971246 0.0005488863098435104 -0.00015466577315237373 0.0011529474286362529 0.9999991655349731
1712732427.8618097 1.9538620710372925 -0.06683550775051117 0.0011445407290011644 0.0005771893193013966 -0.0007304648170247674 0.0012968977680429816 0.9999986886978149
1712732427.9789863 1.9274190664291382 -0.0699196383357048 0.001535629853606224 -0.0006402874132618308 -0.0010115980403497815 -0.000341904436936602 0.9999992847442627
1712732428.0688622 1.914551854133606 -0.07173806428909302 -0.0004100799560546875 -0.0016764448955655098 -0.0010662286076694727 -0.0006588531541638076 0.9999977946281433
1712732428.1775832 1.8817535638809204 -0.0821644514799118 3.244341860408895e-05 -0.003124988405033946 -0.00015344831626862288 0.0005782606895081699 0.9999949336051941
1712732428.271353 1.8588931560516357 -0.06248275935649872 0.0017929901368916035 -0.0005590552464127541 -0.0014848625287413597 0.00041077600326389074 0.9999987483024597
1712732428.3712578 1.8330382108688354 -0.07735387235879898 -2.9705543056479655e-05 0.00034898874582722783 -0.003436849219724536 0.00040084723150357604 0.9999940395355225
1712732428.4874067 1.8126217126846313 -0.06346850097179413 0.001926733530126512 0.00042269876576028764 -0.0037920684553682804 0.0007458204636350274 0.9999924898147583
1712732428.5661583 1.7682490348815918 -0.07880893349647522 0.001410473370924592 0.002581181237474084 -0.005394779611378908 -0.00022314007219392806 0.9999821782112122
1712732428.6832802 1.7424620389938354 -0.08085161447525024 0.0005192489479668438 0.002120426157489419 -0.006501415278762579 -0.0015650433488190174 0.9999754428863525
1712732428.775377 1.7192457914352417 -0.06166452169418335 0.002196814864873886 0.0010313892271369696 -0.006716436706483364 0.00012326646537985653 0.9999769926071167
1712732428.8799002 1.6942516565322876 -0.06733298301696777 -0.0004298065905459225 -0.0016913069412112236 -0.005566979758441448 -0.001290657906793058 0.9999822378158569
1712732428.9814954 1.6612811088562012 -0.06695756316184998 -0.0016072954749688506 -0.0002586869231890887 -0.004757266491651535 0.0007633736822754145 0.9999884366989136
1712732429.0763733 1.632897973060608 -0.06565568596124649 -0.002558034146204591 -0.0014615957625210285 -0.002671468537300825 0.00023111535119824111 0.9999954104423523
1712732429.179819 1.588183045387268 -0.07405483722686768 -0.005145177710801363 -3.895815825671889e-05 -0.0034528253600001335 0.00028520874911919236 0.9999939799308777
1712732429.276264 1.550870418548584 -0.06948921084403992 -0.004123751539736986 0.00018777733203023672 -0.003120478242635727 0.0007808462250977755 0.9999948740005493
1712732429.3794425 1.5211764574050903 -0.07135672122240067 -0.005028961692005396 0.0003611658466979861 -0.0015392213826999068 -4.3415398977231234e-05 0.9999988079071045
1712732429.4824927 1.49160635471344 -0.07179988920688629 -0.0037627636920660734 -0.002004636451601982 -0.0008751003770157695 -0.00027191219851374626 0.999997615814209
1712732429.5859401 1.4609088897705078 -0.0757637545466423 -0.006612878292798996 -0.001676228828728199 -0.0007623628480359912 -0.0012603497598320246 0.9999975562095642
1712732429.6734035 1.4269917011260986 -0.08004964888095856 -0.003490798408165574 -0.001967126037925482 0.0028706786688417196 -0.001278409850783646 0.9999932050704956
1712732429.7845235 1.3875600099563599 -0.07313502579927444 -0.004089957568794489 -1.4138709957478568e-05 0.002101789228618145 -0.0011398021597415209 0.9999971985816956
1712732429.8770313 1.3429912328720093 -0.07607243210077286 -0.004162090364843607 -0.00013146342826075852 0.002101912396028638 -0.0017264942871406674 0.9999963641166687
1712732429.9807909 1.3006532192230225 -0.07625750452280045 -0.002342966618016362 0.002986283740028739 0.0018959665903821588 -0.001569475862197578 0.9999924898147583
1712732430.0761583 1.2585002183914185 -0.07827018201351166 -0.005395485088229179 0.00029994227224960923 0.00016148727445397526 -0.0010067221010103822 0.9999994039535522
1712732430.1723793 1.2130920886993408 -0.07737534493207932 -0.009414805099368095 -0.0001634473737794906 -0.0001775481505319476 -0.00036571742384694517 1.0
1712732430.2849243 1.1681891679763794 -0.06782855093479156 -0.007070991210639477 -0.0022532721050083637 -0.001180739956907928 0.0005352174630388618 0.9999967217445374
1712732430.386539 1.1228758096694946 -0.06954258680343628 -0.01301099918782711 -0.003089308738708496 -0.0006043571047484875 -0.0012304192641749978 0.9999942779541016
1712732430.4849272 1.0621752738952637 -0.07262479513883591 -0.0068961516954004765 -0.001796692842617631 -0.0022910041734576225 -0.0015379725955426693 0.9999945759773254
1712732430.5784895 1.0089105367660522 -0.07529779523611069 -0.006487197708338499 3.326170190121047e-05 -0.0050215944647789 -0.0001997030631173402 0.9999873638153076
1712732430.6659384 0.963014543056488 -0.0673685371875763 -0.005154765211045742 -0.001070806523784995 -0.006913412362337112 0.00047501627705059946 0.9999755024909973
1712732430.7863333 0.9179248213768005 -0.07070538401603699 -0.007163219153881073 -0.00459563871845603 -0.00640792166814208 -0.0007285721367225051 0.9999687075614929
1712732430.8923838 0.8589471578598022 -0.06836219877004623 -0.010222941637039185 -0.004445172846317291 -0.0052324626594781876 0.0011866320855915546 0.9999758005142212
1712732430.9668818 0.807731568813324 -0.06587091088294983 -0.005552162416279316 -0.0030184348579496145 -0.005421167239546776 0.00019447453087195754 0.9999808073043823
1712732431.0819778 0.7635126709938049 -0.0686831921339035 -0.006436753552407026 -0.004451495595276356 -0.0037093181163072586 0.002041376894339919 0.9999812245368958
1712732431.1740482 0.6980006098747253 -0.06586141884326935 -0.011580334976315498 -0.006197300739586353 -0.004001309163868427 -5.5447762861149386e-05 0.9999728798866272
1712732431.2753065 0.6465990543365479 -0.07151257991790771 -0.01147688552737236 -0.004330557771027088 -0.0006310579483397305 0.0008808286511339247 0.9999899864196777
1712732431.37277 0.5868812799453735 -0.06830848008394241 -0.009895469062030315 -0.0040635825134813786 -0.001013131346553564 0.0005535019445233047 0.9999910593032837
1712732431.4683278 0.5393916368484497 -0.06974518299102783 -0.01123728509992361 -0.0018436620011925697 -0.0021756922360509634 0.001349924597889185 0.9999951124191284
1712732431.569296 0.4852037727832794 -0.06727806478738785 -0.011694328859448433 -0.0021864145528525114 -0.0036978060379624367 0.002191436244174838 0.9999884366989136
1712732431.6801062 0.3920769691467285 -0.06523044407367706 0.010599667206406593 -0.003826143452897668 -0.007623445708304644 -0.001468367176130414 0.9999625086784363
1712732431.7919705 0.37904074788093567 -0.06818115711212158 0.00043157697655260563 -0.0035756665747612715 -0.008028735406696796 -0.00017556489910930395 0.9999614357948303
1712732431.8700185 0.3945849537849426 -0.07378395646810532 -0.009125196374952793 -0.004403134807944298 -0.0050653512589633465 0.0006159057375043631 0.9999773502349854
1712732431.965773 0.40043342113494873 -0.0729166567325592 -0.011927708983421326 -0.0052575478330254555 -0.003709658281877637 -0.00034701908589340746 0.9999793171882629
1712732432.0714562 0.4014626145362854 -0.07443089783191681 -0.013265926390886307 -0.004706482402980328 -0.0050813122652471066 0.000364217470632866 0.9999759197235107
1712732432.1694877 0.40104225277900696 -0.0744430422782898 -0.017946431413292885 -0.0037039571907371283 -0.005199259612709284 2.1161562472116202e-05 0.9999796152114868
1712732432.267416 0.40113842487335205 -0.06681148707866669 -0.012756464071571827 -0.004201835952699184 -0.004794815555214882 -0.0003317017399240285 0.9999796152114868
1712732432.3799417 0.40328994393348694 -0.07944833487272263 -0.01420060358941555 -0.0028908411040902138 -0.0049195000901818275 0.0015602990752086043 0.9999825954437256
1712732432.4717393 0.3978283405303955 -0.06767284870147705 -0.006204239558428526 -0.004070750903338194 -0.0037367481272667646 -9.877408956526779e-06 0.9999847412109375
1712732432.571435 0.3930647671222687 -0.0694969892501831 -0.009604531340301037 -0.0033370957244187593 -0.004003394395112991 0.00039456941885873675 0.9999863505363464
1712732432.6650727 0.39314261078834534 -0.06750598549842834 -0.010667912662029266 -0.0028128179255872965 -0.004272063262760639 0.0006330562173388898 0.9999867081642151
1712732432.7768898 0.4455885887145996 -0.061020378023386 -0.004916771315038204 -0.004036984872072935 -0.003521969076246023 0.003403750713914633 0.9999798536300659
1712732432.8734834 0.38857778906822205 -0.07557877153158188 -0.013936168514192104 -0.004855812527239323 -0.004631118383258581 0.004106788896024227 0.9999690651893616
1712732432.976059 0.39164894819259644 -0.06878793239593506 -0.005321261938661337 -0.003453168086707592 -0.004203949123620987 0.0011098767863586545 0.9999845623970032
1712732433.078513 0.39427298307418823 -0.07109548896551132 -0.006353669334203005 -0.0017387792468070984 -0.00397387845441699 -0.00036244961665943265 0.9999905228614807
1712732433.1730776 0.4079214632511139 -0.07441633939743042 -0.007752630859613419 -0.002561571542173624 -0.003946101758629084 -0.0002225541538791731 0.9999889135360718
1712732433.2769444 0.4312880337238312 -0.07060319930315018 -0.01020998228341341 -0.0036706835962831974 -0.003909896593540907 0.0003463554894551635 0.9999855756759644
1712732433.3716314 0.4337199330329895 -0.06856399029493332 -0.012836133129894733 -0.0030112804379314184 -0.004405679181218147 -0.0005747825489379466 0.9999855756759644
1712732433.4878716 0.45569297671318054 -0.06001044437289238 -0.01940869353711605 -0.0024002466816455126 -0.004970775917172432 0.0022108801640570164 0.9999822974205017
1712732433.5732841 0.4839438796043396 -0.06965256482362747 -0.00867434311658144 -0.0024962176103144884 -0.0037060610484331846 0.00033302296651527286 0.9999899864196777
1712732433.6741834 0.4848301112651825 -0.07469034940004349 -0.011961979791522026 -0.0026566667947918177 -0.003503692802041769 0.0012120847823098302 0.9999896883964539
1712732433.792839 0.4860314726829529 -0.07079365104436874 -0.0008183390600606799 -0.0020523180719465017 -0.0015902533195912838 0.0018729193834587932 0.9999948740005493
1712732433.8721178 0.5043224692344666 -0.07244295626878738 -0.006231777835637331 -0.0019208709709346294 -0.0018859393894672394 0.0008119494887068868 0.9999960064888
1712732433.9854066 0.5198175311088562 -0.06990780681371689 -0.007620940450578928 -0.002853722544386983 -0.002239948371425271 0.0014136721147224307 0.9999924302101135
1712732434.0747964 0.5284466743469238 -0.0708250030875206 -0.008583367802202702 -0.0036591808311641216 -0.0017673688707873225 0.003085523843765259 0.9999870657920837
1712732434.1740453 0.5492989420890808 -0.06499684602022171 -0.0026505370624363422 -0.0032911908347159624 -0.001019760500639677 0.0010976839112117887 0.9999934434890747
1712732434.2669 0.562186598777771 -0.06532509624958038 -0.007911598309874535 -0.0036100877914577723 -0.001266451901756227 0.0012186308158561587 0.9999920129776001
1712732434.3748934 0.5872825980186462 -0.06417299062013626 -0.0024073454551398754 -0.0030676547903567553 -0.0007212604978121817 0.001744372071698308 0.9999935030937195
1712732434.473171 0.6087648868560791 -0.06306304037570953 -0.011986776255071163 -0.0036817453801631927 -0.001562735764309764 0.0014156777178868651 0.9999910593032837
1712732434.5816865 0.6361332535743713 -0.06767270714044571 -0.008328831754624844 -0.006052067503333092 -0.0014759295154362917 0.0026499733794480562 0.9999770522117615
1712732434.6654122 0.6596004962921143 -0.06477417051792145 -0.012368542142212391 -0.0060524786822497845 -0.004243785515427589 0.0030591608956456184 0.9999679923057556
1712732434.7766056 0.6880409121513367 -0.06375416368246078 -0.014951745979487896 -0.004739514552056789 -0.00588567927479744 0.0025675466749817133 0.9999682307243347
1712732434.8743694 0.7080175876617432 -0.0661681517958641 -0.004268744494765997 -0.00517950439825654 -0.004175851587206125 0.001875746762380004 0.9999760985374451
1712732434.9682872 0.7356611490249634 -0.06217542290687561 -0.009850854054093361 -0.002145548118278384 -0.005528968758881092 0.0028361042495816946 0.9999784827232361
1712732435.070199 0.7641072273254395 -0.0654975175857544 -0.0037489787209779024 -0.0020106930751353502 -0.0061380150727927685 0.00314619904384017 0.9999741911888123
1712732435.1876354 0.7875232696533203 -0.06776926666498184 -0.0022213507909327745 -0.0018147655064240098 -0.006776933092623949 0.0030208437237888575 0.9999707937240601
1712732435.2756555 0.8239643573760986 -0.07059559226036072 -0.0010798922739923 -0.004274516832083464 -0.0056203450076282024 0.0023508130107074976 0.9999722838401794
1712732435.3863735 0.8535242080688477 -0.06404316425323486 -0.003496203338727355 -0.00281519815325737 -0.006078813225030899 0.0021947429049760103 0.9999751448631287
1712732435.4842942 0.8777941465377808 -0.0668073296546936 -0.0012855398235842586 -0.002276672050356865 -0.006800956092774868 0.0020212316885590553 0.9999722838401794
1712732435.5822563 0.9107082486152649 -0.07008082419633865 -0.010916600935161114 -0.004803457297384739 -0.0037491638213396072 0.002027883194386959 0.9999794363975525
1712732435.6800673 0.9098078608512878 -0.07051069289445877 -0.009144709445536137 -0.0028922592755407095 -0.00606555538251996 0.003351191757246852 0.999971866607666
1712732435.7790177 0.9100422859191895 -0.06335508078336716 -0.010984950698912144 -0.00205153482966125 -0.007634524721652269 0.0018537233117967844 0.999967098236084
1712732435.8700938 0.9076623320579529 -0.06652935594320297 -0.0008497321396134794 -0.0026290686801075935 -0.006428211461752653 0.0027177236042916775 0.9999722242355347
1712732435.9819093 0.909122109413147 -0.0653495118021965 -0.003419005312025547 -0.0030790746677666903 -0.006227139383554459 0.0039335861802101135 0.9999681115150452
1712732436.068391 0.9097537994384766 -0.06317640841007233 -0.010282506234943867 -0.003683056216686964 -0.007476449012756348 0.003806644817814231 0.9999579787254333
1712732436.1711469 0.9111578464508057 -0.0671917051076889 -0.006775260902941227 -0.003001943463459611 -0.007969893515110016 0.003320904215797782 0.9999582767486572
1712732436.2793224 0.9108729362487793 -0.06822285801172256 -0.0036963913589715958 -0.0022784641478210688 -0.0071097733452916145 0.0022343178279697895 0.9999697208404541
1712732436.3705447 0.919164776802063 -0.0666147992014885 -0.004554457496851683 -0.0025354032404720783 -0.00764145702123642 0.004704557359218597 0.999956488609314
1712732436.4858017 0.9281004071235657 -0.06826917827129364 -0.002337920945137739 -0.0014876623172312975 -0.008058594539761543 0.0014889177400618792 0.9999653697013855
1712732436.5624955 0.9371944665908813 -0.06863590329885483 -0.004115465097129345 -0.0013738211710005999 -0.007812113966792822 0.0024040620774030685 0.9999657273292542
1712732436.675645 0.9465085864067078 -0.06482815742492676 -0.002044955501332879 -9.698681969894096e-05 -0.0075715468265116215 0.0036016979720443487 0.9999648928642273
1712732436.782829 0.9752174019813538 -0.07474576681852341 -0.0041162362322211266 -0.00043981970520690084 -0.007385795004665852 0.0038393232971429825 0.9999653100967407
1712732436.8666031 0.9867579936981201 -0.06671401858329773 -0.0013777794083580375 0.0002253829879919067 -0.006518464535474777 0.0036123914178460836 0.9999722838401794
1712732436.9681869 1.0029240846633911 -0.06906730681657791 -0.0031454493291676044 -0.0005745801609009504 -0.005846976302564144 0.0027768088039010763 0.9999788403511047
1712732437.0718005 1.023347020149231 -0.06983133405447006 0.0012993761338293552 0.00023657327983528376 -0.0036378975491970778 0.0016895398730412126 0.9999920129776001
1712732437.1841357 1.02717125415802 -0.0686929002404213 0.0014189159264788032 -0.0019879168830811977 -0.0027122970204800367 0.0023946904111653566 0.9999915361404419
1712732437.2734418 1.0485588312149048 -0.06588569283485413 -0.0020453124307096004 -0.0031147669069468975 -0.0018593068234622478 0.0013895417796447873 0.9999924302101135
1712732437.3694422 1.078810214996338 -0.06878796964883804 -0.00468607060611248 -0.0028870846144855022 -0.001018573879264295 0.0013443354982882738 0.9999944567680359
1712732437.484198 1.110422134399414 -0.06951608508825302 -0.008502095937728882 -0.004479194059967995 -0.001127521158196032 0.0014116077218204737 0.9999883770942688
1712732437.574843 1.1364768743515015 -0.07078617811203003 -0.01022475864738226 -0.002451157895848155 -0.00216377479955554 0.0016593110049143434 0.9999933242797852
1712732437.6774511 1.171380877494812 -0.07196977734565735 -0.0035670516081154346 -0.000931355229113251 -0.0008920844411477447 0.002776186214759946 0.9999953508377075
1712732437.781772 1.1929919719696045 -0.07518935203552246 -0.0006734337075613439 -0.0017792369471862912 -0.0004532639868557453 0.0026852639857679605 0.9999947547912598
1712732437.881533 1.2198200225830078 -0.07680616527795792 -0.002575463615357876 8.960028208093718e-05 -0.000603683409281075 0.002385720144957304 0.9999970197677612
1712732437.9817362 1.2388383150100708 -0.07557152956724167 -0.006152062211185694 -0.00036876555532217026 -0.0004652427160181105 0.0033437362872064114 0.9999942779541016
1712732438.0848987 1.274637222290039 -0.0731244683265686 -0.007152800913900137 0.0009068956132978201 0.0004221423587296158 0.0012410711497068405 0.9999987483024597
1712732438.1793778 1.3021827936172485 -0.0700996071100235 -0.003406677395105362 0.0017837162595242262 0.0012321717804297805 0.0009852517396211624 0.9999971985816956
1712732438.2765498 1.3462178707122803 -0.07449732720851898 -0.005694678518921137 -0.0006030705408193171 0.0015377096133306623 0.0008428383152931929 0.9999983310699463
1712732438.369381 1.3719557523727417 -0.0772351548075676 -0.001009759260341525 -0.0018938558641821146 0.002043338492512703 0.0009594293660484254 0.9999956488609314
1712732438.4776442 1.4128310680389404 -0.07210300862789154 -0.0055643594823777676 -0.0013958964264020324 0.0014038471272215247 0.0005515763186849654 0.9999979138374329
1712732438.5738719 1.4434843063354492 -0.06936409324407578 -0.004095461685210466 -0.0025425776839256287 -0.0019892158452421427 0.0007409030804410577 0.9999945759773254
1712732438.6775725 1.4771517515182495 -0.06855113804340363 -0.004531947895884514 -0.0008392718737013638 -0.0017981085693463683 0.0006598341860808432 0.9999978542327881
1712732438.7696633 1.5179390907287598 -0.0719543844461441 -0.0029269845690578222 -0.000293730670819059 -0.003271444933488965 0.00023564716684632003 0.9999946355819702
1712732438.879581 1.5550898313522339 -0.06442925333976746 -0.0008193752728402615 0.0005774432793259621 -0.004402664490044117 0.0020124458242207766 0.9999881386756897
1712732438.9780693 1.606652021408081 -0.06396028399467468 -0.0012448629131540656 -0.0005461318069137633 -0.0034152569714933634 0.0023171629291027784 0.9999913573265076
1712732439.074558 1.6445192098617554 -0.06775234639644623 0.0010674773948267102 -0.0007408352103084326 -0.006112990435212851 0.0018440291751176119 0.9999793767929077
1712732439.174877 1.6936955451965332 -0.05556350201368332 0.0021763353142887354 0.0014338603941723704 -0.007841451093554497 0.004386027809232473 0.9999586343765259
1712732439.2795358 1.7406924962997437 -0.06774947047233582 0.002089086454361677 0.0037549214903265238 -0.006954479031264782 0.005209614522755146 0.9999552369117737
1712732439.3753562 1.7760428190231323 -0.06681906431913376 -0.0004012882709503174 0.0003464108449406922 -0.004745579790323973 0.003207429777830839 0.9999836087226868
1712732439.4828455 1.822303295135498 -0.061320871114730835 0.0008311839192174375 -0.001095184008590877 -0.0023883385583758354 0.001600113115273416 0.9999952912330627
1712732439.5844176 1.8906432390213013 -0.06686738133430481 0.0005188431823626161 -0.0015484719770029187 -0.001469177077524364 0.0013906864915043116 0.9999967813491821
1712732439.666264 1.9352869987487793 -0.06698460876941681 0.002701299963518977 -7.541631202911958e-05 -0.0006733054760843515 0.0019057932076975703 0.9999980330467224
1712732439.77142 1.98157799243927 -0.08122777193784714 0.005821998696774244 -3.0063221856835298e-05 0.00022485549561679363 0.0017434163019061089 0.9999985098838806
1712732439.87942 2.0618603229522705 -0.07199374586343765 0.0025232688058167696 0.0017496980726718903 0.0009537131409160793 0.0008745853556320071 0.9999976754188538
1712732439.9767334 2.121882915496826 -0.05925488471984863 2.418354597466532e-05 0.00021524868498090655 0.0007287940825335681 0.0010724689345806837 0.9999991059303284
1712732440.0771375 2.168827533721924 -0.060307275503873825 0.0024676299653947353 -0.001553584006614983 0.0002634383854456246 0.0004091152222827077 0.9999987483024597
1712732440.1881504 2.2190074920654297 -0.06415527313947678 0.003645867807790637 -0.001874797628261149 -0.0020152630750089884 -0.0008631962118670344 0.9999958872795105
1712732440.2755225 2.2791857719421387 -0.0634445771574974 0.002660387894138694 -0.0004354137636255473 -0.0039588818326592445 0.0007623089477419853 0.9999918341636658
1712732440.3759055 2.3269808292388916 -0.060305412858724594 0.005290896166115999 -0.0010185609571635723 -0.005120748654007912 0.0016240833792835474 0.9999850988388062
1712732440.4829319 2.395519733428955 -0.06929139047861099 0.007327296771109104 -0.003978793974965811 -0.002395414048805833 0.0019644852727651596 0.9999873042106628
1712732440.5691462 2.4403018951416016 -0.07277362793684006 0.005653522443026304 -0.0003452962846495211 -0.0029292991384863853 0.0038071973249316216 0.9999884366989136
1712732440.6716404 2.496476173400879 -0.08039367198944092 0.006895704660564661 0.0008278784807771444 -0.0030987286008894444 0.002604830777272582 0.9999915361404419
1712732440.7830217 2.5656626224517822 -0.07389752566814423 0.0060993945226073265 -0.0014397893100976944 -0.00011315340816508979 -0.0015039921272546053 0.9999978542327881
1712732440.8767524 2.6242215633392334 -0.06789431720972061 0.0031392581295222044 -0.0030675986781716347 0.003041539341211319 0.0002666186774149537 0.9999906420707703
1712732440.9716651 2.6785831451416016 -0.05692954361438751 0.0026982903946191072 -0.0017568070907145739 0.0037035453133285046 5.617532951873727e-05 0.9999916553497314
1712732441.0697665 2.7353551387786865 -0.06729812175035477 0.003317429916933179 -0.0007416682201437652 0.0032817749306559563 -0.0013630642788484693 0.9999934434890747
1712732441.1636164 2.8115687370300293 -0.05867409706115723 0.003937380388379097 -0.0021804426796734333 0.005259950645267963 -0.0011411603773012757 0.9999831318855286
1712732441.2764974 2.8394088745117188 -0.07120535522699356 0.004134598188102245 -0.0013826582580804825 0.0044787051156163216 0.00045253694406710565 0.9999889135360718
1712732441.3791366 2.8340532779693604 -0.07836008071899414 0.004488512873649597 -0.0027750872541218996 0.004717731382697821 0.0012671164004132152 0.9999843239784241
1712732441.487962 2.827632188796997 -0.08553099632263184 0.004071827046573162 -0.0008565289317630231 0.003664381569251418 0.002755912719294429 0.9999891519546509
1712732441.573188 2.834564447402954 -0.05860598757863045 0.0031288941390812397 -0.0015506105264648795 0.003314158646389842 -0.001074287691153586 0.9999927282333374
1712732441.681856 2.8384416103363037 -0.06834756582975388 0.003546723397448659 -0.000961917859967798 0.003830596571788192 0.002409116132184863 0.9999892711639404
1712732441.7652736 2.843860626220703 -0.06643757969141006 0.0033379571978002787 -0.0003648778365459293 0.003936062566936016 0.002728677587583661 0.9999884963035583
1712732441.859879 2.841245651245117 -0.07232736796140671 0.005167348776012659 -0.0011910565663129091 0.003594865556806326 0.002681833691895008 0.9999892115592957
1712732441.9640272 2.8360025882720947 -0.07509975135326385 0.004467885009944439 -0.0013187337899580598 0.0035879546776413918 0.003458617953583598 0.9999867081642151
1712732442.0653107 2.8350958824157715 -0.07909081876277924 0.005389339290559292 -0.0023979214020073414 0.00400042999535799 0.002631752984598279 0.9999857544898987
1712732442.1810584 2.8112902641296387 -0.08490131795406342 0.005711784586310387 -0.0013058625627309084 0.0014422457898035645 0.003134811297059059 0.9999932646751404
1712732442.2701313 2.868278741836548 -0.07149488478899002 0.006839182693511248 0.0005106722819618881 -0.0007122674724087119 0.0042872303165495396 0.9999904036521912
1712732442.3848834 2.9491946697235107 -0.07564139366149902 0.0034602168016135693 -0.0005283108330331743 0.004440661519765854 0.007066577672958374 0.9999650120735168
1712732442.492706 2.9848783016204834 -0.08783720433712006 0.00369128561578691 -0.003705304581671953 0.004499832168221474 0.004803323652595282 0.9999714493751526
1712732442.588771 3.0088415145874023 -0.07153894007205963 0.00461977394297719 -0.0023503638803958893 0.0033798683434724808 0.005701588466763496 0.9999752640724182
1712732442.676054 3.0304996967315674 -0.08029939234256744 0.006479188334196806 -0.0035185853485018015 0.000446564081357792 0.005548651330173016 0.9999783039093018
1712732442.7762165 3.058868646621704 -0.09508148580789566 0.00591682456433773 -0.003927410580217838 -0.0019256967352703214 0.00603984110057354 0.9999721646308899
1712732442.8697586 3.0838558673858643 -0.08566248416900635 0.00612571369856596 -0.004049375187605619 -0.0010049414122477174 0.007620287127792835 0.9999622702598572
1712732442.990817 3.107107162475586 -0.0977460965514183 0.008093176409602165 -0.003065539291128516 -0.0025425611529499292 0.010102083906531334 0.9999410510063171
1712732443.08003 3.1435351371765137 -0.07451271265745163 0.007023055572062731 -0.00170600856654346 -0.00410064309835434 0.005301844794303179 0.9999760985374451
1712732443.1733313 3.185500383377075 -0.09174252301454544 0.008773960173130035 -0.0031826833728700876 -0.005174760706722736 0.007312136702239513 0.9999548196792603
1712732443.2857988 3.2056806087493896 -0.0740954726934433 0.005509939510375261 -0.0037092433776706457 -0.004087068140506744 0.005119534209370613 0.9999717473983765
1712732443.3715599 3.2465829849243164 -0.06690167635679245 0.010265499353408813 -0.005347775295376778 -0.006702285259962082 0.0033534637186676264 0.9999576210975647
1712732443.4735231 3.2862422466278076 -0.06871622055768967 0.010820485651493073 -0.0038860002532601357 -0.007069709710776806 0.005887095350772142 0.999950110912323
1712732443.5691657 3.3301262855529785 -0.0755695104598999 0.010451187379658222 -0.0018525433260947466 -0.007530447095632553 0.005160539876669645 0.9999566078186035
1712732443.6724448 3.369433879852295 -0.04760481417179108 0.009858733043074608 -0.002010134980082512 -0.006217451766133308 -0.0011072518536821008 0.9999780058860779
1712732443.772827 3.4212088584899902 -0.06373106688261032 0.007744790520519018 -0.004496745299547911 -0.0033966745249927044 0.00022931960120331496 0.9999842047691345
1712732443.8774447 3.4532315731048584 -0.061499886214733124 0.0070378463715314865 -0.004725632257759571 0.0034589837305247784 0.0025081548374146223 0.9999796748161316
1712732443.9699516 3.4518704414367676 -0.05598309636116028 0.009566182270646095 -0.004382725805044174 -0.000695742666721344 0.005424375645816326 0.9999754428863525
1712732444.0773933 3.4462876319885254 -0.0668364092707634 0.010497906245291233 -0.00490590650588274 -0.002661349019035697 0.006743676960468292 0.9999616742134094
1712732444.1937873 3.446995735168457 -0.06348017603158951 0.009457613341510296 -0.0033250837586820126 -0.0024676593020558357 0.004786562640219927 0.9999799728393555
1712732444.2759259 3.451963186264038 -0.06503958255052567 0.007274179719388485 -0.0038967400323599577 -0.002529633929952979 0.004846964031457901 0.9999774694442749
1712732444.3711092 3.4479498863220215 -0.06571687757968903 0.010276572778820992 -0.004978204611688852 -0.002685176907107234 0.0035285991616547108 0.9999777674674988
1712732444.4871356 3.4498701095581055 -0.0705321654677391 0.0064690629951655865 -0.0041002933867275715 -0.0016075631137937307 0.0038801883347332478 0.9999827742576599
1712732444.570959 3.436319351196289 -0.07679079473018646 0.006543646566569805 -0.004226156044751406 -0.0023859962821006775 0.0025649394374340773 0.9999849200248718
1712732444.6800976 3.4248580932617188 -0.05817214027047157 0.008922740817070007 -0.0028508154209703207 -0.0032352267298847437 -0.0002637755824252963 0.9999906420707703
1712732444.78025 3.4096946716308594 -0.06827487796545029 0.010136401280760765 -0.0034212456084787846 -0.003688202006742358 0.003663827432319522 0.999980628490448
1712732444.8703163 3.3792941570281982 -0.05544143170118332 0.009098346345126629 -0.0018089554505422711 -0.005127980373799801 0.0032389084808528423 0.9999800324440002
1712732444.9793253 3.3675644397735596 -0.043437909334897995 0.010459769517183304 -0.0010766563937067986 -0.006511588115245104 0.0010756480041891336 0.999977707862854
1712732445.0812066 3.3524365425109863 -0.07071468979120255 0.00911251362413168 -0.0008897981024347246 -0.006420564372092485 0.005617954768240452 0.9999632835388184
1712732445.1709428 3.340078353881836 -0.06841948628425598 0.008463406004011631 -0.0023321525659412146 -0.0067237005569040775 0.004549763165414333 0.9999644160270691
1712732445.2793288 3.3064517974853516 -0.05312078446149826 0.008509942330420017 -0.0028294711373746395 -0.006636005826294422 0.0028615230694413185 0.9999699592590332
1712732445.3670764 3.2856783866882324 -0.06995320320129395 0.010071725584566593 -0.004218337591737509 -0.005361953284591436 0.006817058194428682 0.99995356798172
1712732445.4685292 3.2639360427856445 -0.05600932613015175 0.008320985361933708 -0.004780679475516081 -0.005797799676656723 0.003954402171075344 0.9999639987945557
1712732445.596703 3.2416958808898926 -0.07143574953079224 0.0077288164757192135 -0.0031010876409709454 -0.003832372836768627 0.0056007904931902885 0.9999722242355347
1712732445.6693573 3.225862503051758 -0.07529035955667496 0.007939116097986698 -0.0035569469910115004 -0.0027392026968300343 0.006986062508076429 0.9999656081199646
1712732445.7839575 3.2046141624450684 -0.06607215106487274 0.008524542674422264 -0.0030755687039345503 -0.004288179334253073 0.00413214135915041 0.9999775290489197
1712732445.870516 3.1728920936584473 -0.07058896124362946 0.007603340782225132 -0.001988033065572381 -0.0034597693011164665 0.005037956405431032 0.9999794363975525
1712732445.9794455 3.143752098083496 -0.07486777007579803 0.006370177958160639 -0.0031371074728667736 -0.0019760695286095142 0.006052119191735983 0.99997478723526
1712732446.0809922 3.1180479526519775 -0.0805441290140152 0.005104765761643648 -0.003342808922752738 -0.00035297160502523184 0.005618215072900057 0.9999786615371704
1712732446.1615276 3.0913307666778564 -0.08158061653375626 0.006296482868492603 -0.003458227263763547 -0.00037597690243273973 0.00643611466512084 0.9999732971191406
1712732446.27319 3.05415678024292 -0.0815563052892685 0.005747177172452211 -0.003330772975459695 0.00043223437387496233 0.005498739890754223 0.9999793171882629
1712732446.363807 3.02760910987854 -0.07386716455221176 0.005882424768060446 -0.002252229256555438 0.0023441531229764223 0.004730984102934599 0.9999836087226868
1712732446.492362 2.9946675300598145 -0.07311399281024933 0.005366907455027103 -0.0029422123916447163 0.0030379081144928932 0.0035367021337151527 0.999984860420227
1712732446.5763462 2.97566294670105 -0.08862974494695663 0.004090519621968269 -0.0016143693355843425 0.003606318263337016 0.007123891729861498 0.9999668002128601
1712732446.6777015 2.940981149673462 -0.1090155839920044 0.004061624873429537 -0.0007111811428330839 0.004094630479812622 0.009286015294492245 0.999948263168335
1712732446.7696652 2.9182209968566895 -0.10126598179340363 0.005362996365875006 -0.0019598936196416616 0.004440728109329939 0.007265180349349976 0.9999618530273438
1712732446.8841712 2.854393482208252 -0.1046777218580246 0.006450640968978405 -0.004055432975292206 0.0035973142366856337 0.00755801098421216 0.9999567270278931
1712732446.971892 2.7900218963623047 -0.07249873876571655 0.0059518394991755486 -0.001714735641144216 0.0035513683687895536 0.0060590594075620174 0.9999738931655884
1712732447.0834348 2.7361373901367188 -0.06315259635448456 0.0049150786362588406 -0.0024127087090164423 0.004122306127101183 0.0037510418333113194 0.9999815821647644
1712732447.174707 2.712427854537964 -0.06493911147117615 0.0031428481452167034 -0.002419068943709135 0.004381944425404072 0.004422602243721485 0.999977707862854
1712732447.2711737 2.67799711227417 -0.07095731794834137 0.0031174668110907078 -0.0033236797899007797 0.004012394696474075 0.004494686145335436 0.9999763369560242
1712732447.3838177 2.636698007583618 -0.07568444311618805 0.005804989952594042 -0.00035204965388402343 0.0025939992628991604 0.0050731441006064415 0.9999837279319763
1712732447.4736354 2.5947694778442383 -0.08341407775878906 0.0065158819779753685 -0.0012575022410601377 0.0007761438610032201 0.00398248853161931 0.9999909996986389
1712732447.593313 2.547699451446533 -0.07900208979845047 0.005427634343504906 -0.00036201925831846893 -0.0015930383233353496 0.004258947912603617 0.9999896287918091
1712732447.6792989 2.5062313079833984 -0.07908094674348831 0.00525624817237258 -0.0017427923157811165 -0.0020005246624350548 0.0051497952081263065 0.9999832510948181
1712732447.7780037 2.462395668029785 -0.0608166828751564 0.006520519033074379 -0.002160907257348299 -0.0010783625766634941 0.003336748108267784 0.9999915361404419
1712732447.8766513 2.4193358421325684 -0.06354159861803055 0.004931431729346514 -0.0007612900226376951 -0.0006445904728025198 0.002209642669185996 0.999997079372406
1712732447.9709432 2.37208890914917 -0.0688287690281868 0.004476580303162336 -0.0010002825874835253 -0.0034075076691806316 0.002931445138528943 0.9999894499778748
1712732448.08803 2.3263731002807617 -0.05283075571060181 0.00486361188814044 -0.001308334176428616 -0.0023734646383672953 0.00330749386921525 0.9999908804893494
1712732448.1737382 2.2775280475616455 -0.057843782007694244 0.0030702927615493536 -0.000753890722990036 -0.0019007041119039059 0.00200628861784935 0.9999958872795105
1712732448.2686474 2.230990409851074 -0.06955534219741821 -0.0003697090724017471 -0.000863435270730406 -0.00017106253653764725 0.002280316548421979 0.9999970197677612
1712732448.370441 2.1764235496520996 -0.07050250470638275 0.0031616429332643747 0.0006237797788344324 0.0016153646865859628 0.0012669884599745274 0.9999977350234985
1712732448.4596667 2.12640380859375 -0.06766242533922195 0.007039199583232403 0.001898403512313962 -0.0019086847314611077 0.0003876502451021224 0.9999963045120239
1712732448.5762806 2.1275343894958496 -0.06834258884191513 0.0014991267817094922 0.0008805845864117146 -0.002890739357098937 -0.0006772403139621019 0.999995231628418
1712732448.684352 2.1335363388061523 -0.06892044097185135 0.002114691538736224 0.0016033097635954618 0.00019823147158604115 0.0020086898002773523 0.9999966621398926
1712732448.767843 2.1317291259765625 -0.07004178315401077 0.0010094072204083204 0.0020417633932083845 0.0021284346003085375 -0.000520981615409255 0.9999955296516418
1712732448.8800156 2.1316375732421875 -0.05783577635884285 0.0014896298525854945 0.0017997055547311902 0.0009839788544923067 0.0026059355586767197 0.9999945163726807
1712732448.9772651 2.1281394958496094 -0.07063505053520203 0.0026777731254696846 0.0014227747451514006 0.002095471601933241 0.0012145148357376456 0.9999960660934448
1712732449.0823176 2.119065284729004 -0.059311799705028534 0.0012926755007356405 0.003602721029892564 0.0018478534184396267 -0.0010918199550360441 0.999991238117218
1712732449.1763842 2.1128077507019043 -0.07660562545061111 -0.0007232290226966143 0.003779300954192877 0.0023985456209629774 0.0004077151243109256 0.999989926815033
1712732449.2679882 2.1021220684051514 -0.07415234297513962 0.0005993679515086114 0.0036434167996048927 0.002434027846902609 0.001436693943105638 0.99998939037323
1712732449.371788 2.0806386470794678 -0.06640791147947311 0.0006764285499230027 0.002448937389999628 0.002402538899332285 0.0014966288581490517 0.9999930262565613
1712732449.4783404 2.0729801654815674 -0.07903557270765305 0.0008904829737730324 0.002489310223609209 0.0015667270636186004 0.0020260107703506947 0.9999936819076538
1712732449.5794044 2.052363634109497 -0.06705142557621002 0.0030202423222362995 0.0016137216007336974 0.0009901957819238305 0.0018000788986682892 0.9999966025352478
1712732449.6699111 2.0389137268066406 -0.06991379708051682 0.001323022530414164 0.0008634821861051023 0.00023979654361028224 0.002359569538384676 0.9999967813491821
1712732449.767863 2.010369062423706 -0.06576501578092575 0.00031612865859642625 0.0004897019825875759 0.0002711437700781971 0.003066249191761017 0.9999951720237732
1712732449.8711238 1.9913610219955444 -0.07336857914924622 0.0019329770002514124 0.0011003948748111725 -0.0005479846149682999 0.0018379054963588715 0.999997615814209
1712732449.9743326 1.977549433708191 -0.07518273591995239 0.0023113128263503313 0.0008363654487766325 -0.00020734521967824548 0.0030832276679575443 0.9999949336051941
1712732450.0845509 1.9486913681030273 -0.08189478516578674 0.0022361206356436014 -0.001152385026216507 -0.00028298774850554764 0.0019047403475269675 0.9999974966049194
1712732450.1711583 1.919057011604309 -0.06543373316526413 -0.00131055130623281 -0.0014257743023335934 -0.000621558865532279 0.0010503986850380898 0.9999982714653015
1712732450.2629735 1.8925858736038208 -0.07760139554738998 -0.001530385110527277 -0.0003748445014934987 -0.0005944969598203897 0.0022436045110225677 0.9999972581863403
1712732450.3659818 1.8718373775482178 -0.07093256711959839 -0.004024131689220667 2.3287793737836182e-05 -0.0036750873550772667 0.0016443738713860512 0.9999919533729553
1712732450.4869537 1.852278470993042 -0.06755354255437851 -0.000981487799435854 0.0024907831102609634 -0.004161663819104433 0.0032219081185758114 0.9999830722808838
1712732450.5803053 1.82943856716156 -0.07472043484449387 0.0015191383427008986 0.0022248621098697186 -0.005924160126596689 0.0024377484805881977 0.9999770522117615
1712732450.6694052 1.7879014015197754 -0.07846325635910034 0.0004828220990020782 0.002058733254671097 -0.006439398042857647 0.0016567379934713244 0.9999758005142212
1712732450.7811437 1.750346064567566 -0.07538001239299774 -0.0018486371263861656 -0.00048107182374224067 -0.0066641345620155334 0.0014287771191447973 0.9999766945838928
1712732450.8699372 1.7256430387496948 -0.07663579285144806 -0.003284112550318241 -0.0014409159775823355 -0.005091160070151091 0.0006867676274850965 0.9999858140945435
1712732450.9785132 1.6284008026123047 -0.08654376864433289 -0.0024534333497285843 -0.0016435255529358983 -0.002736632479354739 -0.0008224926423281431 0.9999945759773254
1712732451.079945 1.5958914756774902 -0.07763940095901489 -0.003131948411464691 0.0007363791228272021 -0.0037577273324131966 -0.0002777105546556413 0.9999926686286926
1712732451.172411 1.5400116443634033 -0.07597818970680237 -0.004921560641378164 -1.3731137187278364e-05 -0.001890663057565689 0.0004303737950976938 0.9999980926513672
1712732451.2835214 1.4872709512710571 -0.0771283507347107 -0.006676149554550648 -0.0020729026291519403 -3.9929682316142134e-06 0.0023344180081039667 0.9999951124191284
1712732451.3853445 1.4440759420394897 -0.07578399777412415 -0.0041625467129051685 -0.002936281729489565 0.00038387501263059676 0.0016069969860836864 0.9999943375587463
1712732451.4827704 1.4176231622695923 -0.07864160090684891 -0.004514793399721384 -0.0009641959331929684 0.002766342367976904 0.001388044678606093 0.9999947547912598
1712732451.5751727 1.360703706741333 -0.07640132308006287 -0.00472323689609766 0.0003633701417129487 0.0025544418022036552 0.00035725816269405186 0.9999966025352478
1712732451.6814072 1.2628552913665771 -0.07902973890304565 -0.004582383204251528 0.0020679584704339504 0.002747702645137906 0.0025084493681788445 0.9999909400939941
1712732451.7829576 1.245067834854126 -0.07921237498521805 -0.006617947015911341 0.0005208926741033792 -0.00010832801490323618 0.0024935707915574312 0.9999967217445374
1712732451.8692107 1.1929278373718262 -0.07846017926931381 -0.005559084005653858 -0.00012060945300618187 -0.0005209760274738073 0.0032422966323792934 0.9999946355819702
1712732451.968281 1.146580457687378 -0.079794742166996 -0.004324343521147966 -0.0023465005215257406 -0.00018570113752502948 0.003459405619651079 0.999991238117218
1712732452.0640292 1.0786330699920654 -0.07553396373987198 -0.009217316284775734 -0.0019113600719720125 -0.001998152816668153 0.00134694529697299 0.9999952912330627
1712732452.1757603 1.0043692588806152 -0.08099497109651566 -0.006456912960857153 -0.0017904265550896525 -0.004092881456017494 0.0036831768229603767 0.9999832510948181
1712732452.2817955 0.9586858749389648 -0.07524440437555313 -0.005884345155209303 -0.0007701518479734659 -0.0068258000537753105 0.0015314953634515405 0.9999752044677734
1712732452.372375 0.8904784321784973 -0.07258014380931854 -0.007706745527684689 -0.003622281365096569 -0.005851877387613058 0.0028913277201354504 0.9999721050262451
1712732452.4796362 0.8400338888168335 -0.0749785527586937 -0.003395525738596916 -0.003520413301885128 -0.004629977513104677 0.0031221327371895313 0.9999781847000122
1712732452.566725 0.7827246785163879 -0.07847090810537338 -0.002154343295842409 -0.0034353977534919977 -0.005089124199002981 0.002248624339699745 0.9999786019325256
1712732452.6670456 0.7235797643661499 -0.07233810424804688 -0.0054185474291443825 -0.003908592741936445 -0.001804580446332693 0.0031377135310322046 0.9999858140945435
1712732452.7705142 0.6672831177711487 -0.07446678727865219 -0.016304224729537964 -0.005797724239528179 -0.0033015639055520296 0.0018445292953401804 0.9999760389328003
1712732452.8759286 0.6111661791801453 -0.07138198614120483 -0.0034338715486228466 -0.0026976242661476135 0.000741836556699127 0.003792325733229518 0.9999889731407166
1712732452.9783607 0.5559695959091187 -0.07829593867063522 -0.009374873712658882 -0.0022167593706399202 -0.001162366010248661 0.004427006933838129 0.9999870657920837
1712732453.069497 0.4961783289909363 -0.07741271704435349 -0.0004310395452193916 -0.0011841686209663749 -0.000819139473605901 0.003393413731828332 0.9999932050704956
1712732453.1931078 0.4257960021495819 -0.0796172171831131 -0.005744225811213255 -0.004219305235892534 -0.002686865860596299 0.00016032261191867292 0.9999875426292419
1712732453.2801273 0.3674202859401703 -0.08523616939783096 -0.0042629786767065525 -0.004157654009759426 -0.002899167826399207 0.001891636406071484 0.9999853372573853
1712732453.376215 0.30541741847991943 -0.07511241734027863 0.00798205565661192 -0.006531690713018179 -0.0012349581811577082 0.00209560664370656 0.9999756813049316
1712732453.4774551 0.24769917130470276 -0.07689439505338669 0.015782494097948074 -0.0036088901106268167 -0.006415995303541422 0.0020514160860329866 0.9999707937240601
1712732453.5788133 0.22769375145435333 -0.07706351578235626 -0.009781166911125183 -0.0026661898009479046 -0.010805637575685978 7.570323214167729e-05 0.9999380707740784
1712732453.6758835 0.23498371243476868 -0.08324120193719864 -0.013391285203397274 -0.004082387778908014 -0.008015737868845463 0.0015643556835129857 0.9999582767486572
1712732453.778531 0.23609915375709534 -0.08097345381975174 -0.008312474004924297 -0.0026545242872089148 -0.004834285005927086 0.0014440028462558985 0.9999838471412659
1712732453.871775 0.24027280509471893 -0.0812157616019249 -0.005764685571193695 -0.0034473182167857885 -0.00557583337649703 0.0003518112644087523 0.9999785423278809
1712732453.9817057 0.24291038513183594 -0.08169513195753098 -0.00487214932218194 -0.005219642538577318 -0.00533693004399538 -0.0002977109106723219 0.9999721050262451
1712732454.062588 0.24554798007011414 -0.08084549754858017 -0.002706385450437665 -0.0038200910203158855 -0.005017627961933613 -0.00029602227732539177 0.9999800324440002
1712732454.1663132 0.24164515733718872 -0.08294741064310074 -0.0063302163034677505 -0.004734108690172434 -0.005373233929276466 0.0012277066707611084 0.9999735951423645
1712732454.2744884 0.24532946944236755 -0.07671590149402618 -0.007665375247597694 -0.003406031522899866 -0.005511739291250706 0.0011853276519104838 0.9999783635139465
1712732454.3664243 0.2412722408771515 -0.07723398506641388 -0.00639401376247406 -0.004118494689464569 -0.005389670375734568 0.0007867485983297229 0.9999767541885376
1712732454.460873 0.23329868912696838 -0.09010443091392517 -0.005897839087992907 -0.004763057455420494 -0.0050720591098070145 -0.0011023409897461534 0.9999751448631287
1712732454.5648146 0.2731175422668457 -0.07815510779619217 -0.010431140661239624 -0.0035599300172179937 -0.006012764759361744 0.0007686166209168732 0.9999752640724182
1712732454.6765263 0.2505923807621002 -0.08513616025447845 -0.0007678171386942267 -0.004442963749170303 -0.00448736734688282 0.00021132800611667335 0.999980092048645
1712732454.7872608 0.24610194563865662 -0.0849500522017479 -0.007560919038951397 -0.004983820952475071 -0.005386608187109232 0.0016638163942843676 0.9999717473983765
1712732454.87067 0.24881982803344727 -0.08646519482135773 -0.004065965302288532 -0.004704869817942381 -0.005206389352679253 0.0022998126223683357 0.9999728202819824
1712732454.9748263 0.2453402429819107 -0.0871579647064209 -0.005658276379108429 -0.005627475678920746 -0.0053017702884972095 0.00221310555934906 0.999967634677887
1712732455.0693564 0.23913311958312988 -0.08077230304479599 -0.008428984321653843 -0.004021676257252693 -0.005696602165699005 0.0016085085226222873 0.9999744892120361
1712732455.1659942 0.24228566884994507 -0.08013835549354553 -0.0063328817486763 -0.003576677991077304 -0.005253336392343044 0.0005190946976654232 0.9999797344207764
1712732455.2604635 0.23521173000335693 -0.08253005146980286 -0.004750622436404228 -0.004419947508722544 -0.004994039423763752 0.00010786719940369949 0.9999778270721436
1712732455.3610504 0.23849107325077057 -0.0826578363776207 -0.002975212410092354 -0.0038616987876594067 -0.0050790575332939625 0.00044279650319367647 0.999979555606842
1712732455.4653668 0.24074581265449524 -0.08229038119316101 0.003962288610637188 -0.0041389549151062965 -0.0038914154283702374 0.00233322917483747 0.9999812245368958
1712732455.569477 0.2308962643146515 -0.08465829491615295 -0.0075955926440656185 -0.0036782193928956985 -0.005552365910261869 -0.000261812616372481 0.9999777674674988
1712732455.6712818 0.2386275678873062 -0.08348824083805084 -0.017945164814591408 -0.004284112714231014 -0.00708435196429491 -0.0008785080863162875 0.9999654293060303
1712732455.764088 0.23572257161140442 -0.08452918380498886 -0.008429845795035362 -0.00560796307399869 -0.00546739436686039 0.002842535497620702 0.999965250492096
1712732455.866823 0.2392171025276184 -0.07637462764978409 -0.004610322415828705 -0.0034971728455275297 -0.005246163811534643 0.002355204662308097 0.9999773502349854
1712732455.967453 0.23610162734985352 -0.0791744813323021 -0.004282284062355757 -0.002975710202008486 -0.005160326138138771 -0.0006520527531392872 0.9999820590019226
1712732456.067882 0.24342098832130432 -0.0885222852230072 -0.009413352236151695 -0.006358579732477665 -0.005787489004433155 0.0006431136280298233 0.9999629259109497
1712732456.1588254 0.24497517943382263 -0.08660659939050674 -0.011462758295238018 -0.004245283547788858 -0.006003172602504492 -0.00028964123339392245 0.999972939491272
1712732456.2667992 0.24166865646839142 -0.08207940310239792 -0.007608644664287567 -0.004702979698777199 -0.005465803202241659 0.00010369769006501883 0.9999740123748779
1712732456.3630676 0.23623080551624298 -0.08086509257555008 -0.012626416981220245 -0.005445227026939392 -0.005867353640496731 0.001114479498937726 0.9999673366546631
1712732456.485635 0.24167822301387787 -0.08188561350107193 -0.009840934537351131 -0.003514931071549654 -0.005714014172554016 0.0017578068654984236 0.9999759793281555
1712732456.5788233 0.24235732853412628 -0.088331438601017 -0.010220909491181374 -0.005862047430127859 -0.005592004396021366 0.0025139988865703344 0.9999640583992004
1712732456.6780488 0.23716416954994202 -0.08066274225711823 -0.005192003678530455 -0.0024324620608240366 -0.004919047933071852 -0.000935785414185375 0.9999845027923584
1712732456.760386 0.23658892512321472 -0.07992871850728989 -0.005048984661698341 -0.0029945592395961285 -0.00513533316552639 0.00031512934947386384 0.9999822974205017
1712732456.859779 0.2303759902715683 -0.07926382124423981 -0.01021111011505127 -0.0035465972032397985 -0.005518470890820026 0.00029078181250952184 0.9999784827232361
1712732456.9639745 0.22940079867839813 -0.08208887279033661 -0.0022484862711280584 -0.00323122669942677 -0.0044565885327756405 -0.001842722063884139 0.9999831914901733
1712732457.0680852 0.23616382479667664 -0.08151644468307495 -0.007386480923742056 -0.003260561265051365 -0.0053241136483848095 -0.0011833292664960027 0.9999798536300659
1712732457.1605864 0.2317110300064087 -0.07735908776521683 -0.008076520636677742 -0.0034170944709330797 -0.005176234990358353 -0.0005768478149548173 0.999980628490448
1712732457.269824 0.23548634350299835 -0.08181726187467575 0.0011960618430748582 -0.0011779234046116471 -0.004479820840060711 -0.0025514450389891863 0.9999860525131226
1712732457.364392 0.23563873767852783 -0.08622710406780243 -0.0052619618363678455 -0.004467534366995096 -0.004937096498906612 -0.0010547824203968048 0.9999772906303406
