1712732397.598003 0.001785321 0.000637955 0.041747220 -0.001040945 0.009571845 0.001530324 0.999952495
1712732397.628894 0.001644194 0.000668667 0.051801722 -0.001721506 0.009744775 0.000967209 0.999950588
1712732397.662999 0.001770154 0.000391552 0.046188723 -0.001552895 0.009666875 0.001099438 0.999951541
1712732397.696206 0.001248043 0.001050953 0.060736906 -0.000693777 0.010969874 0.000578914 0.999939442
1712732397.733542 0.001314872 0.000979986 0.062755935 -0.001117918 0.010824987 0.000759911 0.999940515
1712732397.764239 0.001812019 0.000637713 0.051988799 -0.001953874 0.009685747 0.000621193 0.999951005
1712732397.797307 0.000511811 0.001300323 0.069060385 -0.001940206 0.011316122 -0.000065958 0.999934137
1712732397.833473 0.001894046 0.000798869 0.055975586 -0.002655972 0.009924500 -0.000091584 0.999947250
1712732397.868889 0.000709131 0.001251279 0.073263787 -0.002839658 0.012019526 -0.000938698 0.999923289
1712732397.895612 0.000356532 0.001585969 0.075252347 -0.002929900 0.012231510 -0.001096152 0.999920309
1712732397.929306 0.000315218 0.002100446 0.076531880 -0.002497501 0.012333088 -0.001144176 0.999920189
1712732397.960226 0.000988581 0.001719738 0.078083031 -0.002567689 0.012501603 -0.001779381 0.999917030
1712732397.993973 0.001963615 0.000829554 0.069782279 -0.003284911 0.012019888 -0.001578264 0.999921143
1712732398.027813 0.001296090 0.001474417 0.081848636 -0.002822574 0.013265721 -0.001532865 0.999906898
1712732398.065120 0.001033133 0.002029281 0.083991721 -0.002220853 0.013278260 -0.001382685 0.999908447
1712732398.096143 0.001218387 0.001378965 0.085085548 -0.002534591 0.012854304 -0.001340769 0.999913275
1712732398.133082 0.001713222 0.001802301 0.087555736 -0.002188536 0.012755029 -0.001601599 0.999915004
1712732398.167647 0.001665897 0.001123022 0.088523388 -0.002362414 0.012879122 -0.001350151 0.999913394
1712732398.202517 0.002128579 0.001288653 0.090838052 -0.002058655 0.012930912 -0.000793076 0.999914050
1712732398.233729 0.002355538 0.000706388 0.076267004 -0.002317312 0.012125499 -0.000239883 0.999923766
1712732398.270057 0.001791840 0.001172191 0.086303383 -0.002117926 0.013247886 -0.000683746 0.999909818
1712732398.295580 0.002208271 0.001238602 0.088926785 -0.002081114 0.013259524 -0.000756396 0.999909639
1712732398.328606 0.002288488 0.001101431 0.090146646 -0.002343914 0.013306662 -0.000531636 0.999908566
1712732398.363525 0.001864530 0.000728425 0.092739545 -0.002772332 0.013566632 -0.000304478 0.999904156
1712732398.396331 0.002131228 0.000906067 0.094542690 -0.002501711 0.013236547 0.000190647 0.999909341
1712732398.434532 0.002247336 0.001127596 0.096509591 -0.002249911 0.013283043 0.000734531 0.999909043
1712732398.475810 0.002309219 0.000885222 0.098903619 -0.002489405 0.013658218 0.000725682 0.999903381
1712732398.494957 0.002418336 0.000851604 0.101144366 -0.002538743 0.014068183 0.001255397 0.999897063
1712732398.534183 0.002293688 0.000512740 0.103471436 -0.003164279 0.014360911 0.001426336 0.999890924
1712732398.568295 0.003911607 0.002142890 0.103621788 -0.003847119 0.013945228 0.001575337 0.999894142
1712732398.596134 0.003685756 0.001749330 0.106836446 -0.007984111 0.015507758 0.001470677 0.999846816
1712732398.630455 0.003364456 0.001172744 0.099117830 -0.008306448 0.015416636 0.002035108 0.999844611
1712732398.661560 0.003244239 0.000958097 0.098554052 -0.007145524 0.014773153 0.002447472 0.999862373
1712732398.697185 0.003040537 0.001379368 0.108278260 -0.005309546 0.014835293 0.002063582 0.999873817
1712732398.735450 0.003165793 0.001854977 0.107352875 -0.004453433 0.014293294 0.002445315 0.999884963
1712732398.761778 0.003013793 0.001568063 0.106928490 -0.004415433 0.013958694 0.002180875 0.999890447
1712732398.797513 0.003082933 0.001837215 0.106280863 -0.003658773 0.013368065 0.002012082 0.999901950
1712732398.832210 0.003410052 0.001028783 0.096813999 -0.003907893 0.012577697 0.002032037 0.999911249
1712732398.869332 0.003469442 0.001152028 0.096521832 -0.003835875 0.012944818 0.002283072 0.999906301
1712732398.901087 0.003220767 0.001744642 0.105755776 -0.003844413 0.013495073 0.002098566 0.999899387
1712732398.935247 0.002833446 0.002058418 0.106318913 -0.003732862 0.013596696 0.002086497 0.999898493
1712732398.966852 0.002772321 0.001712423 0.106637336 -0.004181013 0.013521134 0.002020955 0.999897838
1712732399.001305 0.003034714 0.001467573 0.106529862 -0.004430323 0.013388144 0.001856158 0.999898851
1712732399.035938 0.003737608 0.001358994 0.097595818 -0.004576833 0.012636533 0.002232432 0.999907196
1712732399.059822 0.003139706 0.001186633 0.097950049 -0.004547196 0.013034255 0.002138083 0.999902427
1712732399.097754 0.002822386 0.001136681 0.097896703 -0.004478662 0.013102502 0.001977067 0.999902189
1712732399.137335 0.003152080 0.000745818 0.097871341 -0.004211827 0.013014529 0.002189594 0.999904037
1712732399.160052 0.003514914 0.001856407 0.097778454 -0.003155924 0.012939607 0.002532989 0.999908149
1712732399.200557 0.002976058 0.000896395 0.098518617 -0.004805045 0.013354098 0.002234609 0.999896824
1712732399.232896 0.003433449 0.001370562 0.098998323 -0.003839810 0.012974177 0.002511654 0.999905348
1712732399.264507 0.003430157 0.001601993 0.099458709 -0.003882126 0.012953000 0.002433228 0.999905646
1712732399.299673 0.002936202 0.001126465 0.100603268 -0.004480483 0.013292963 0.002717351 0.999897957
1712732399.331569 0.003378720 0.001521172 0.101120710 -0.004216873 0.013023859 0.002868567 0.999902189
1712732399.365023 0.003221310 0.001317362 0.102112427 -0.004516123 0.013158293 0.002858272 0.999899149
1712732399.400319 0.003150806 0.001071276 0.102960922 -0.004644564 0.013234632 0.002815714 0.999897718
1712732399.429482 0.003021725 0.000943063 0.103870936 -0.004476722 0.013261386 0.002619276 0.999898612
1712732399.461860 0.003124280 0.001180791 0.104325555 -0.004074619 0.013100996 0.002848099 0.999901891
1712732399.498346 0.003299861 0.001258878 0.105341464 -0.004212314 0.013023860 0.002492656 0.999903262
1712732399.526501 0.003017087 0.001098298 0.106448904 -0.004338768 0.013231234 0.002611658 0.999899685
1712732399.564175 0.002997666 0.001274743 0.107318841 -0.004348762 0.013332023 0.002667605 0.999898136
1712732399.595832 0.003433543 0.001674065 0.116904318 -0.004221440 0.013598982 0.002306989 0.999895990
1712732399.632181 0.003315168 0.001675271 0.117899351 -0.004154858 0.013762081 0.002190577 0.999894321
1712732399.663902 0.003611310 0.001832309 0.118727744 -0.003656138 0.013496204 0.002808933 0.999898314
1712732399.696812 0.003499231 0.001849409 0.119779058 -0.003667217 0.013472386 0.002897127 0.999898374
1712732399.730325 0.003676367 0.001805032 0.120535247 -0.003888087 0.013377608 0.002822703 0.999899030
1712732399.763056 0.003660085 0.001847943 0.121862717 -0.004101577 0.013393222 0.002873766 0.999897838
1712732399.801718 0.003609762 0.002118927 0.122999132 -0.004044380 0.013332216 0.003099858 0.999898136
1712732399.829586 0.003625218 0.001273458 0.120813616 -0.005052787 0.013145941 0.002732453 0.999897182
1712732399.872842 0.003422053 0.001086044 0.122463621 -0.005335137 0.013331924 0.002640432 0.999893427
1712732399.899581 0.003450871 0.000921309 0.123249836 -0.005206054 0.013295710 0.003000497 0.999893546
1712732399.933113 0.003846164 0.001527727 0.124734208 -0.005168774 0.013136378 0.003085202 0.999895632
1712732399.968318 0.003610084 0.001760760 0.126565620 -0.005136270 0.013334420 0.003073286 0.999893248
1712732399.999226 0.003890866 0.001607026 0.128187954 -0.005374510 0.013366363 0.003194855 0.999891162
1712732400.030303 0.003873044 0.001765584 0.129835039 -0.005463389 0.013340315 0.003017608 0.999891579
1712732400.068916 0.004010729 0.002014887 0.131189167 -0.005364894 0.013418488 0.002907115 0.999891400
1712732400.098173 0.003781225 0.001623958 0.132825613 -0.005696780 0.013552645 0.002663395 0.999888420
1712732400.134775 0.003943306 0.001337912 0.124214925 -0.005687245 0.013046857 0.002812003 0.999894798
1712732400.171322 0.003957516 0.000960397 0.125800759 -0.005753893 0.013041683 0.002430504 0.999895453
1712732400.199849 0.004086912 0.001456725 0.127400488 -0.004750564 0.012809349 0.002527865 0.999903560
1712732400.228305 0.004014846 0.001148934 0.128740177 -0.005132351 0.012930457 0.002053126 0.999901175
1712732400.263393 0.003985468 0.001122916 0.130207986 -0.005294959 0.012925284 0.002010758 0.999900460
1712732400.298995 0.004062661 0.001616853 0.131907463 -0.004392906 0.012755677 0.002261453 0.999906480
1712732400.335439 0.003369486 0.000752682 0.132933736 -0.005142218 0.013046644 0.001814899 0.999900103
1712732400.366903 0.003805282 0.001061054 0.134762079 -0.004620384 0.012465930 0.001974357 0.999909759
1712732400.396981 0.004013114 0.001429300 0.135903150 -0.004007762 0.012449569 0.001878093 0.999912739
1712732400.431696 0.004224286 0.001996292 0.136630177 -0.004451174 0.012517860 0.001892166 0.999909997
1712732400.467306 0.004205929 0.001995225 0.137661442 -0.005766013 0.012684550 0.001950337 0.999901116
1712732400.498358 0.004080975 0.001861344 0.138314903 -0.007224959 0.012841843 0.001853138 0.999889791
1712732400.527982 0.003846985 0.001399059 0.137448147 -0.005960380 0.013056040 0.002237541 0.999894559
1712732400.564945 0.004532385 0.002340462 0.135552421 -0.004405539 0.012545178 0.002509856 0.999908507
1712732400.601897 0.004609578 0.001763243 0.135310769 -0.004932894 0.012567563 0.002190281 0.999906480
1712732400.632013 0.004499584 0.001854747 0.134455413 -0.004200905 0.012774018 0.002224955 0.999907136
1712732400.678160 0.004260961 0.001629221 0.134395674 -0.004028460 0.012798500 0.002293668 0.999907434
1712732400.700205 0.004425479 0.001945143 0.133685827 -0.003261604 0.012756160 0.002554032 0.999910116
1712732400.730968 0.004618105 0.001996479 0.133925632 -0.004135777 0.012606039 0.002397823 0.999909163
1712732400.764192 0.004006303 0.001983762 0.134690613 -0.004270313 0.012955468 0.002077757 0.999904871
1712732400.801357 0.004486533 0.002070402 0.134721592 -0.004301768 0.012535418 0.002194089 0.999909818
1712732400.837344 0.003959602 0.001730916 0.134845555 -0.004781025 0.012784337 0.001994364 0.999904871
1712732400.872499 0.003861034 0.001805106 0.134937048 -0.004744306 0.012927017 0.002120407 0.999902964
1712732400.903349 0.003877556 0.001896737 0.134853974 -0.004555089 0.013021091 0.002015246 0.999902844
1712732400.935611 0.004513849 0.002193230 0.134726077 -0.004160371 0.012523327 0.002285236 0.999910355
1712732400.964009 0.004464873 0.001941658 0.134767890 -0.004398652 0.012537284 0.002123275 0.999909520
1712732401.001795 0.004518413 0.002018159 0.134569392 -0.004225887 0.012507261 0.002089068 0.999910772
1712732401.033839 0.004502015 0.002093935 0.134420902 -0.004181118 0.012684253 0.001947040 0.999908984
1712732401.064307 0.004398124 0.001959549 0.134584367 -0.004261681 0.012829535 0.002124637 0.999906421
1712732401.099032 0.004347752 0.001861125 0.134612441 -0.004405970 0.012773254 0.002027549 0.999906719
1712732401.133312 0.004316869 0.002024244 0.134697124 -0.004344571 0.012887659 0.002093694 0.999905348
1712732401.175529 0.004566377 0.001880341 0.134490147 -0.004477064 0.012682592 0.001954733 0.999907672
1712732401.202280 0.004401681 0.002025722 0.134650871 -0.004325254 0.012777981 0.002062650 0.999906898
1712732401.231364 0.004561108 0.002031762 0.134605378 -0.004247978 0.012680321 0.002151060 0.999908328
1712732401.283615 0.004339512 0.002062197 0.134719640 -0.004272720 0.012804080 0.002177612 0.999906540
1712732401.307133 0.004504089 0.001879987 0.134541079 -0.004407886 0.012663196 0.002161835 0.999907851
1712732401.334241 0.004474739 0.002022828 0.134632066 -0.004221353 0.012669111 0.002089260 0.999908686
1712732401.371637 0.004506966 0.002362710 0.134676784 -0.003999379 0.012562364 0.002167876 0.999910772
1712732401.404261 0.004453495 0.001758622 0.134725079 -0.004455750 0.012771760 0.002085034 0.999906361
1712732401.434574 0.004286740 0.002012698 0.134749651 -0.003925644 0.012976037 0.002397852 0.999905229
1712732401.465512 0.004011913 0.002032637 0.134689495 -0.004340680 0.013027158 0.002134447 0.999903500
1712732401.504831 0.004591831 0.002095602 0.135079861 -0.004294440 0.012559657 0.002183657 0.999909520
1712732401.532592 0.004372956 0.001879597 0.135385320 -0.004088500 0.012947457 0.002187461 0.999905527
1712732401.567037 0.004380500 0.001962448 0.135184556 -0.004175975 0.013122519 0.002028134 0.999903142
1712732401.605381 0.004366926 0.002167755 0.135683700 -0.003820484 0.013034505 0.002039974 0.999905765
1712732401.634817 0.004177235 0.001845155 0.136237323 -0.004241564 0.013191768 0.001749312 0.999902487
1712732401.671045 0.004166138 0.002062478 0.136405215 -0.004103517 0.013302958 0.001773666 0.999901593
1712732401.698550 0.004253399 0.001933622 0.137046769 -0.003868626 0.013363096 0.001917730 0.999901474
1712732401.737505 0.004192943 0.001928240 0.137379870 -0.003748769 0.013414052 0.002008131 0.999901056
1712732401.773052 0.004257131 0.001674354 0.138044968 -0.003671995 0.013476059 0.001859610 0.999900758
1712732401.804695 0.004530010 0.002097622 0.138744876 -0.003639129 0.013247699 0.001901951 0.999903917
1712732401.831416 0.003950939 0.001900241 0.139698908 -0.004016377 0.013628433 0.001524679 0.999897897
1712732401.862930 0.004168962 0.001823658 0.140453741 -0.004205074 0.013562673 0.001635954 0.999897838
1712732401.903600 0.004226587 0.001731696 0.141493708 -0.004385488 0.013434702 0.001600440 0.999898851
1712732401.932134 0.004117115 0.001649201 0.142449692 -0.004402577 0.013650562 0.001337453 0.999896288
1712732401.965776 0.004135071 0.001952916 0.143337876 -0.003916242 0.013760556 0.001222219 0.999896944
1712732401.999611 0.004011268 0.002096471 0.144549638 -0.004261372 0.013796704 0.001229006 0.999894977
1712732402.034497 0.004127566 0.002316923 0.145858169 -0.004462452 0.013618296 0.001094734 0.999896765
1712732402.070394 0.004157207 0.002482813 0.146965072 -0.004533802 0.013534050 0.000880230 0.999897778
1712732402.103869 0.004072419 0.002495837 0.148213416 -0.004705521 0.013536437 0.000862065 0.999896944
1712732402.135931 0.004597374 0.003314646 0.149747908 -0.004264521 0.013053847 0.001275034 0.999904931
1712732402.170089 0.004359919 0.003073968 0.150961682 -0.004329911 0.013096034 0.001020832 0.999904394
1712732402.203840 0.004462519 0.003272633 0.151924849 -0.004190906 0.013071902 0.000954079 0.999905348
1712732402.233418 0.004279849 0.002902962 0.153275818 -0.004651809 0.013294091 0.000589116 0.999900639
1712732402.276639 0.003846617 0.002703228 0.155140340 -0.005084349 0.013578707 0.000620507 0.999894738
1712732402.299830 0.004240019 0.003329732 0.156582639 -0.004574666 0.013225964 0.001005922 0.999901593
1712732402.338904 0.004039795 0.003165360 0.158020675 -0.004765525 0.013409786 0.000885571 0.999898374
1712732402.365599 0.003813900 0.002996129 0.159514397 -0.004993752 0.013561337 0.000816654 0.999895275
1712732402.404685 0.004004382 0.001803410 0.158006772 -0.006047619 0.013461129 0.000254027 0.999891102
1712732402.436713 0.003853357 0.001674708 0.159116894 -0.006109711 0.013655541 -0.000042551 0.999888122
1712732402.469342 0.004023633 0.001910283 0.160709068 -0.005658567 0.013491995 -0.000068445 0.999893010
1712732402.501905 0.003877861 0.001748212 0.162122533 -0.005691507 0.013521008 -0.000418814 0.999892354
1712732402.532762 0.003764551 0.001588437 0.163477585 -0.005616131 0.013529513 -0.000430586 0.999892652
1712732402.565323 0.003944461 0.001459205 0.165104419 -0.005539165 0.013372028 -0.000707053 0.999895036
1712732402.597214 0.003679140 0.001277109 0.166763321 -0.005547944 0.013492664 -0.000787681 0.999893308
1712732402.633231 0.003449443 0.001115841 0.168196589 -0.005771067 0.013570873 -0.001151951 0.999890625
1712732402.668151 0.003097901 0.000887997 0.170344800 -0.005932328 0.013493832 -0.001227501 0.999890685
1712732402.705684 0.004366334 0.002234397 0.172209665 -0.004180250 0.012388972 -0.000784003 0.999914229
1712732402.733938 0.002790100 0.000625565 0.173548847 -0.005140523 0.013517835 -0.001284202 0.999894619
1712732402.765524 0.002735184 0.000700082 0.175292656 -0.005134855 0.013700185 -0.001388059 0.999891996
1712732402.800607 0.004061284 0.001966834 0.177601814 -0.003816225 0.012611258 -0.000372093 0.999913216
1712732402.834750 0.004257214 0.001840527 0.178870708 -0.003719797 0.012441643 -0.000269723 0.999915659
1712732402.865653 0.005501078 0.002712387 0.181315303 -0.002879489 0.011541312 0.000090462 0.999929309
1712732402.897509 0.005322225 0.002638438 0.182754844 -0.002709509 0.011668539 0.000379907 0.999928176
1712732402.931850 0.005254718 0.002753682 0.184630826 -0.002241936 0.011829621 0.000005075 0.999927521
1712732402.964190 0.004295915 0.002094925 0.186006770 -0.002685237 0.012480480 -0.000645917 0.999918342
1712732403.008483 0.004220349 0.002007405 0.187713996 -0.002619906 0.012460312 -0.000944729 0.999918520
1712732403.035536 0.004309007 0.001702509 0.187516034 -0.002484322 0.012473882 -0.000613710 0.999918938
1712732403.069496 0.004412119 0.001371890 0.189428493 -0.002361855 0.012390947 -0.000903072 0.999920070
1712732403.102868 0.004419809 0.001369411 0.190816611 -0.002112029 0.012237665 -0.000912941 0.999922514
1712732403.139214 0.004366563 0.001417263 0.192601040 -0.002012566 0.012277983 -0.000585317 0.999922454
1712732403.164741 0.004353085 0.001275886 0.194297403 -0.002049087 0.012428157 -0.000515679 0.999920607
1712732403.203717 0.004575809 0.001169266 0.195932567 -0.002045457 0.012284667 -0.000216617 0.999922454
1712732403.231240 0.004620371 0.001593774 0.198232606 -0.001823930 0.012438515 0.000000001 0.999921024
1712732403.264299 0.004922911 0.001819987 0.199411735 -0.002340073 0.012245655 0.000543745 0.999922216
1712732403.302425 0.004981663 0.002036001 0.201905519 -0.002322162 0.012151963 0.001338085 0.999922633
1712732403.332641 0.005002761 0.002434046 0.203271493 -0.002209993 0.012023884 0.001686131 0.999923885
1712732403.372045 0.005355966 0.005762325 0.205124035 -0.002957828 0.011522724 0.001067331 0.999928713
1712732403.401333 0.006379534 0.002073466 0.207483470 -0.006438088 0.011022641 0.002808250 0.999914587
1712732403.436925 0.006223811 0.000016653 0.207202464 -0.004024232 0.011758054 0.003152039 0.999917865
1712732403.469789 0.004292028 0.003152360 0.204307213 -0.001678290 0.013043262 0.000702099 0.999913335
1712732403.499397 0.004649166 0.001662923 0.205229864 -0.003015687 0.012312473 0.001755561 0.999918163
1712732403.534460 0.005340979 0.002428318 0.204719514 -0.001575119 0.011505605 0.002133351 0.999930322
1712732403.570079 0.004897109 0.002214792 0.204533637 -0.002158074 0.012053307 0.001020741 0.999924600
1712732403.600995 0.004652332 0.002037827 0.204573303 -0.001913555 0.012485554 0.001276016 0.999919415
1712732403.634544 0.005273511 0.002700213 0.204789907 -0.001959349 0.011838511 0.001961332 0.999926150
1712732403.664584 0.005213589 0.002466877 0.205099568 -0.002091416 0.011745797 0.001995372 0.999926865
1712732403.698736 0.005359537 0.002547899 0.204951927 -0.002071979 0.011691984 0.002042325 0.999927461
1712732403.734248 0.004805465 0.002243060 0.204679370 -0.002115992 0.012103535 0.001375298 0.999923646
1712732403.764901 0.004931990 0.002167028 0.204538420 -0.002052625 0.011968917 0.001377965 0.999925315
1712732403.802134 0.005171967 0.002414215 0.205189005 -0.001998546 0.011830844 0.001952626 0.999926209
1712732403.836475 0.005372933 0.002233719 0.205035090 -0.002194804 0.011739456 0.001576470 0.999927461
1712732403.865505 0.005518856 0.002457842 0.204952955 -0.002011816 0.011634246 0.001957122 0.999928415
1712732403.903592 0.005227602 0.002478126 0.205096766 -0.002103338 0.011751719 0.001665187 0.999927402
1712732403.937127 0.005401196 0.002524314 0.205048919 -0.001977978 0.011613690 0.001899146 0.999928832
1712732403.965320 0.005114269 0.002376983 0.204951525 -0.002091011 0.011871388 0.001787444 0.999925792
1712732403.997132 0.005538178 0.002467572 0.204944476 -0.002015312 0.011540626 0.001972663 0.999929488
1712732404.033502 0.005171841 0.002436954 0.204735368 -0.002038180 0.011835705 0.001802287 0.999926329
1712732404.069259 0.005408765 0.002501211 0.205052629 -0.002029790 0.011586584 0.001855316 0.999929130
1712732404.105530 0.005373915 0.002644210 0.205489039 -0.001874126 0.011666137 0.001924421 0.999928355
1712732404.132866 0.004607505 0.002172020 0.204606190 -0.001968690 0.012141683 0.001323348 0.999923527
1712732404.165303 0.004859118 0.002202834 0.204549551 -0.001986625 0.012017705 0.001449618 0.999924779
1712732404.205247 0.005370884 0.001918508 0.204902619 -0.002206245 0.011681579 0.001816258 0.999927700
1712732404.233001 0.005240766 0.002403878 0.204945222 -0.001749142 0.012196780 0.001399863 0.999923110
1712732404.264627 0.004661495 0.002175658 0.205000803 -0.001977033 0.012681153 0.001302014 0.999916792
1712732404.301565 0.005482931 0.002030182 0.205584362 -0.001812436 0.012087613 0.001878595 0.999923587
1712732404.336203 0.005226823 0.002849697 0.205735907 -0.001416280 0.012495538 0.001896801 0.999919176
1712732404.369695 0.005543147 0.001877450 0.205960304 -0.001879230 0.012654779 0.001864999 0.999916494
1712732404.402401 0.005400578 0.001949106 0.206562951 -0.001790370 0.013035925 0.001906201 0.999911666
1712732404.430960 0.005483645 0.001888133 0.207040757 -0.002058767 0.012862680 0.002234720 0.999912739
1712732404.467484 0.005540885 0.001856844 0.207047820 -0.001598737 0.012873361 0.002257524 0.999913394
1712732404.500985 0.005430146 0.001860259 0.207184076 -0.001695608 0.013054279 0.002087387 0.999911189
1712732404.536399 0.004740783 0.001733964 0.207446352 -0.001354987 0.013674579 0.001551059 0.999904454
1712732404.563545 0.004624696 0.001759774 0.207594112 -0.001191489 0.014069713 0.001369722 0.999899387
1712732404.598599 0.004866382 0.001926020 0.208530143 -0.001082754 0.013952999 0.001919988 0.999900222
1712732404.631437 0.004739883 0.001953963 0.208803833 -0.001063614 0.014066479 0.002091235 0.999898314
1712732404.666407 0.004073951 0.001854882 0.209001064 -0.000407481 0.014576721 0.001375186 0.999892712
1712732404.703887 0.003752210 0.001925481 0.209802330 -0.000704908 0.014806475 0.001365767 0.999889255
1712732404.735763 0.003914835 0.002067680 0.210811764 -0.000785936 0.014720982 0.002024669 0.999889314
1712732404.769102 0.003120728 0.002009347 0.211269200 -0.000704541 0.015359547 0.001473741 0.999880731
1712732404.802105 0.002913079 0.002045465 0.211774990 -0.000688267 0.015602782 0.001349375 0.999877155
1712732404.833436 0.002629534 0.002094327 0.212473646 -0.000658262 0.015910873 0.000952264 0.999872804
1712732404.869606 0.002413637 0.002129365 0.213009536 -0.000603957 0.015940595 0.000874000 0.999872446
1712732404.900656 0.004112123 0.000702077 0.214426145 -0.001549722 0.015078474 0.001161196 0.999884486
1712732404.932450 0.004104563 0.000735837 0.214534611 -0.001925093 0.015019795 0.000427027 0.999885321
1712732404.964687 0.004083377 0.000748449 0.214713976 -0.002072143 0.014988430 0.000861923 0.999885201
1712732405.000764 0.003584996 0.000689755 0.217741266 -0.002273901 0.015624310 0.000914300 0.999874949
1712732405.035196 0.003284970 0.000693480 0.219655782 -0.002507456 0.016036399 -0.000013069 0.999868274
1712732405.069830 0.003182244 0.000686280 0.220193818 -0.002695513 0.015948394 -0.000091920 0.999869227
1712732405.103190 0.005172881 0.001956880 0.223516405 -0.001495359 0.014842513 0.000911878 0.999888361
1712732405.135597 0.004979994 0.001952276 0.224696711 -0.001339390 0.014784230 0.000427467 0.999889731
1712732405.167053 0.004770542 0.001945766 0.225956649 -0.001383387 0.015015697 0.000380120 0.999886274
1712732405.202201 0.006166913 0.002478004 0.228276998 -0.000953083 0.013978638 0.000673517 0.999901712
1712732405.232404 0.006453010 0.002622991 0.229561135 -0.000815411 0.013697482 0.000921375 0.999905467
1712732405.266120 0.006312292 0.002743274 0.231011495 -0.000591025 0.013635371 0.001108056 0.999906301
1712732405.297263 0.005441836 0.001814788 0.231975526 -0.000831811 0.014248926 0.000584770 0.999898016
1712732405.330880 0.005628751 0.001632370 0.233273000 -0.000167852 0.014321022 0.000572276 0.999897361
1712732405.367156 0.005847278 0.001835366 0.233701319 -0.000237721 0.014237967 0.000679377 0.999898374
1712732405.400648 0.005346937 0.001910734 0.235552445 -0.000289094 0.014603443 0.000653064 0.999893129
1712732405.432981 0.005575160 0.001700617 0.237199724 -0.000604795 0.014519640 0.000485900 0.999894321
1712732405.467128 0.005595574 0.001783234 0.238846928 -0.000844094 0.014660306 0.000853389 0.999891877
1712732405.507200 0.005607086 0.001496259 0.240705639 -0.000930601 0.014614698 0.000941113 0.999892354
1712732405.532396 0.005866915 0.001457565 0.242238730 -0.000664112 0.014299134 0.001003986 0.999897063
1712732405.567638 0.005884090 0.001431090 0.243767351 -0.000817670 0.014145295 0.001109371 0.999899089
1712732405.599477 0.006324830 0.001745987 0.245872617 -0.000543594 0.013832673 0.001382939 0.999903262
1712732405.634828 0.006024149 0.001508110 0.247590661 -0.000347617 0.013771857 0.001720221 0.999903619
1712732405.666811 0.005990527 0.001120497 0.249724373 -0.000299374 0.013689252 0.002094053 0.999904096
1712732405.699737 0.006190548 0.001395306 0.251170754 0.000294806 0.013431950 0.002030761 0.999907672
1712732405.732826 0.006420366 0.001910255 0.253571391 0.000892100 0.013319892 0.003067063 0.999906242
1712732405.765109 0.006855585 0.001624957 0.254989475 0.001466071 0.012907228 0.003200979 0.999910533
1712732405.803709 0.006792397 0.001594239 0.256793588 0.001682250 0.012979732 0.003061823 0.999909639
1712732405.838203 0.007010463 0.001457382 0.258634895 0.001330078 0.012964397 0.003517402 0.999908924
1712732405.876253 0.007030292 0.001360562 0.258813441 0.001040493 0.013102720 0.003859894 0.999906242
1712732405.909202 0.006954474 0.001308717 0.260915130 0.001091845 0.013198024 0.003651232 0.999905705
1712732405.938500 0.007523878 0.001300506 0.262422323 0.000999142 0.013040023 0.004316232 0.999905229
1712732405.967337 0.007383133 0.001200250 0.263831884 0.001005699 0.012954875 0.004413181 0.999905825
1712732406.005000 0.007627390 0.001729868 0.266030461 0.001223116 0.012782234 0.004800310 0.999906063
1712732406.034169 0.007655933 0.001813582 0.268103242 0.000619252 0.012692180 0.004751883 0.999908030
1712732406.068556 0.007626191 0.002435972 0.270806104 0.000297678 0.012854022 0.004917762 0.999905288
1712732406.097820 0.007690748 0.002433527 0.273172766 -0.000851494 0.012969907 0.004771228 0.999904156
1712732406.134412 0.007698059 0.002599427 0.277080983 -0.001639971 0.013225649 0.004901550 0.999899209
1712732406.170582 0.007706156 0.002520421 0.279162943 -0.002229595 0.013513325 0.004390003 0.999896586
1712732406.205300 0.007797854 0.002635809 0.282241285 -0.002573607 0.013472228 0.004266200 0.999896884
1712732406.232948 0.007695007 0.002737814 0.284297466 -0.002752774 0.013306156 0.003910316 0.999900043
1712732406.266369 0.007906127 0.002419256 0.287151545 -0.003019087 0.013140063 0.003698129 0.999902308
1712732406.301940 0.008003922 0.002787059 0.287412137 -0.002996218 0.013182176 0.003520684 0.999902427
1712732406.336812 0.007771677 0.002989444 0.289456308 -0.003482703 0.013386652 0.003229301 0.999899149
1712732406.367293 0.007590990 0.002858409 0.292163730 -0.004062698 0.013522686 0.003148360 0.999895394
1712732406.404690 0.007638712 0.002909882 0.294516504 -0.004191838 0.013792891 0.002482410 0.999893069
1712732406.435874 0.007715976 0.002877212 0.296779901 -0.004767032 0.013783221 0.002085609 0.999891520
1712732406.467455 0.007608246 0.002894612 0.299880356 -0.005462834 0.013857947 0.001849050 0.999887407
1712732406.504971 0.007471101 0.003098739 0.302707374 -0.005538600 0.013909724 0.001308161 0.999887109
1712732406.535595 0.007183231 0.003243370 0.305162400 -0.005957922 0.013984583 0.001402796 0.999883473
1712732406.568875 0.007668107 0.002609973 0.308131486 -0.006314329 0.013338356 0.001662990 0.999889731
1712732406.606194 0.007844232 0.002764516 0.310602933 -0.005951188 0.013203084 0.001632481 0.999893785
1712732406.635440 0.007637133 0.002758649 0.313441873 -0.005970625 0.013339149 0.002130840 0.999890983
1712732406.670388 0.008272121 0.002754191 0.315853089 -0.005817142 0.013188405 0.002567502 0.999892831
1712732406.704196 0.008210824 0.002700527 0.318615496 -0.005678191 0.013357411 0.002783512 0.999890864
1712732406.737436 0.007956087 0.002619252 0.321363688 -0.005508366 0.013560344 0.002771408 0.999889135
1712732406.771513 0.008608788 0.003371780 0.323094279 -0.005305079 0.013189803 0.003103493 0.999894142
1712732406.801658 0.008812821 0.003362138 0.325792789 -0.005328496 0.012904083 0.003672932 0.999895811
1712732406.838064 0.008896754 0.003305892 0.328907937 -0.005552432 0.012910662 0.004087196 0.999892890
1712732406.865629 0.009166616 0.003291448 0.331760883 -0.005476529 0.012892808 0.004848334 0.999890208
1712732406.900871 0.009331834 0.004128254 0.334475964 -0.005630932 0.012834190 0.005189810 0.999888420
1712732406.935363 0.009398107 0.003807880 0.337747723 -0.007050255 0.013130354 0.005493012 0.999873936
1712732406.969416 0.009529027 0.003468354 0.340998918 -0.007007870 0.013324533 0.005833373 0.999869704
1712732407.003783 0.009775120 0.003807577 0.343668938 -0.006800351 0.013303339 0.005551852 0.999872983
1712732407.034095 0.009736068 0.003623723 0.346724808 -0.007215253 0.013351611 0.005767175 0.999868214
1712732407.071412 0.009558355 0.003688081 0.349680424 -0.007388730 0.013380185 0.005947644 0.999865532
1712732407.103240 0.009784212 0.003605927 0.352663845 -0.007925599 0.013299908 0.006334573 0.999860108
1712732407.139969 0.009886348 0.003823432 0.355523735 -0.008001599 0.013195095 0.006438233 0.999860287
1712732407.172971 0.010223848 0.004282923 0.359084308 -0.008208221 0.013284176 0.006519776 0.999856889
1712732407.204112 0.010260996 0.003915204 0.362688899 -0.008536433 0.013651883 0.006398905 0.999849916
1712732407.233203 0.010273635 0.003899239 0.366036892 -0.008376445 0.013896215 0.006236793 0.999848902
1712732407.272687 0.010688093 0.003869158 0.369155794 -0.007862652 0.013650167 0.005979400 0.999858081
1712732407.304149 0.010374009 0.003403884 0.372234225 -0.007737420 0.013733961 0.006201294 0.999856532
1712732407.334042 0.010640076 0.003735832 0.374142349 -0.006970514 0.013390038 0.005906327 0.999868631
1712732407.369029 0.010699301 0.004773792 0.377510667 -0.006728543 0.013708843 0.005541154 0.999868095
1712732407.403446 0.010759901 0.004384163 0.380868107 -0.007674820 0.014120203 0.005247210 0.999857128
1712732407.437208 0.010852319 0.004495186 0.384268612 -0.007983177 0.014254197 0.004612607 0.999855936
1712732407.470942 0.010883771 0.004523334 0.387471735 -0.008559021 0.014299257 0.004553101 0.999850810
1712732407.501175 0.011102973 0.004224101 0.390925884 -0.008867099 0.014304601 0.004808048 0.999846876
1712732407.535438 0.011242028 0.004594370 0.394693732 -0.008608122 0.014422481 0.004753429 0.999847651
1712732407.569912 0.011563376 0.004651681 0.398156643 -0.008494124 0.014619414 0.004164043 0.999848425
1712732407.604980 0.011458199 0.004765046 0.402032763 -0.008313594 0.015229593 0.004203164 0.999840677
1712732407.641187 0.011325654 0.004525882 0.405524135 -0.007888776 0.015455679 0.003640316 0.999842882
1712732407.673178 0.011455768 0.004642590 0.408737540 -0.007143191 0.014986141 0.003557937 0.999855936
1712732407.703399 0.011368096 0.004720753 0.412874073 -0.006722927 0.014634967 0.003631410 0.999863803
1712732407.735804 0.011815451 0.004412111 0.416852087 -0.006211795 0.014309295 0.003849770 0.999870956
1712732407.769685 0.012094846 0.004447559 0.420694232 -0.005775141 0.014558129 0.003734795 0.999870360
1712732407.804815 0.011767799 0.004206220 0.423899829 -0.005740689 0.014872653 0.003035339 0.999868393
1712732407.843090 0.011281742 0.003660236 0.427285016 -0.005326262 0.014802141 0.002602285 0.999872863
1712732407.869992 0.011516226 0.004352450 0.431714475 -0.004451705 0.014284232 0.002925642 0.999883831
1712732407.909274 0.011593173 0.005160012 0.435013384 -0.004113260 0.014166765 0.003585040 0.999884784
1712732407.939881 0.012090313 0.004937725 0.439636678 -0.005260248 0.013972685 0.004733762 0.999877393
1712732407.974903 0.012922903 0.003759388 0.444358319 -0.005189655 0.013771442 0.005839249 0.999874651
1712732408.002095 0.012853511 0.004078977 0.447952330 -0.003650571 0.013951852 0.006185902 0.999876916
1712732408.039091 0.013231886 0.004763543 0.451774806 -0.003209561 0.013961883 0.005823932 0.999880433
1712732408.071106 0.012120370 0.008338278 0.453624308 -0.003964738 0.014675735 0.003515693 0.999878287
1712732408.104947 0.012927772 0.005979999 0.458772302 -0.012747938 0.014196342 0.004306240 0.999808669
1712732408.135460 0.013489969 0.001646767 0.460984051 -0.010931618 0.014624785 0.005560248 0.999817908
1712732408.168238 0.012290070 0.007453218 0.459748417 -0.006507011 0.015670775 0.003894076 0.999848485
1712732408.214564 0.013362853 0.004181602 0.462043703 -0.008926175 0.014935588 0.005172713 0.999835253
1712732408.236624 0.013480971 0.005521235 0.460024685 -0.005311359 0.015014018 0.004694765 0.999862194
1712732408.269023 0.012838434 0.005473934 0.459497482 -0.005856327 0.015500145 0.004436694 0.999852896
1712732408.309348 0.012915404 0.004775384 0.459572852 -0.005460102 0.015757432 0.004910246 0.999848902
1712732408.338461 0.012772534 0.005431965 0.458563268 -0.004836499 0.015911648 0.004823565 0.999850154
1712732408.368389 0.012989109 0.004908344 0.458860219 -0.005174582 0.015527573 0.004558839 0.999855697
1712732408.403600 0.013228412 0.005448150 0.458487332 -0.004750135 0.015352862 0.005104270 0.999857843
1712732408.436898 0.013292542 0.004935614 0.458420396 -0.005391153 0.015530152 0.004959852 0.999852598
1712732408.471491 0.012975731 0.005177696 0.458753109 -0.005206705 0.015968639 0.004975944 0.999846637
1712732408.501475 0.012843417 0.005396632 0.459052771 -0.005321921 0.015977098 0.005127209 0.999845088
1712732408.536735 0.013034874 0.004969868 0.459123075 -0.005409314 0.015576153 0.005025913 0.999851525
1712732408.568911 0.012077549 0.004292761 0.458838642 -0.004794787 0.015093178 0.005622182 0.999858856
1712732408.605184 0.011647187 0.005301451 0.458570868 -0.003959210 0.013356193 0.005364016 0.999888599
1712732408.634265 0.011922149 0.004882413 0.459271520 -0.004154164 0.011978826 0.005147229 0.999906421
1712732408.671735 0.011503014 0.005344074 0.459898323 -0.004307553 0.011398340 0.004785431 0.999914289
1712732408.704264 0.012199645 0.004217047 0.460894436 -0.004321795 0.010343071 0.005010847 0.999924600
1712732408.738459 0.011847053 0.005057668 0.461678952 -0.003802224 0.010372546 0.004697156 0.999927938
1712732408.771942 0.011852000 0.004589058 0.463606536 -0.004132041 0.010118936 0.004728427 0.999929130
1712732408.806707 0.011636180 0.004831839 0.464402258 -0.003672720 0.009804350 0.004631855 0.999934494
1712732408.838221 0.011800352 0.005002883 0.465603620 -0.003787746 0.009303774 0.004480787 0.999939501
1712732408.873817 0.011713230 0.005144972 0.467180848 -0.003458452 0.008819724 0.004369934 0.999945641
1712732408.906768 0.011556760 0.004463494 0.466784090 -0.003425910 0.008524388 0.004502769 0.999947667
1712732408.935957 0.011601295 0.004536268 0.467882723 -0.003241009 0.007881280 0.004368751 0.999954164
1712732408.969039 0.011786512 0.004641032 0.469693840 -0.002906713 0.007393373 0.004700124 0.999957442
1712732409.004397 0.011666760 0.004548828 0.470885873 -0.002559487 0.007046052 0.004667661 0.999961019
1712732409.034915 0.011694847 0.004658446 0.472146511 -0.002484836 0.006658447 0.004708238 0.999963701
1712732409.076042 0.011591274 0.004549040 0.473743081 -0.002201813 0.006405865 0.004677413 0.999966145
1712732409.108206 0.011622754 0.004835730 0.475191027 -0.001832292 0.006026409 0.004729798 0.999969006
1712732409.137209 0.011755724 0.005282394 0.476697236 -0.002264201 0.005920069 0.004483501 0.999969900
1712732409.171817 0.012086977 0.004624545 0.478166312 -0.003075637 0.006448698 0.004464817 0.999964535
1712732409.206190 0.011526326 0.004650161 0.479204178 -0.002705164 0.007161331 0.004551528 0.999960363
1712732409.236888 0.011616054 0.004676710 0.480276197 -0.002379948 0.006922749 0.004688170 0.999962211
1712732409.271537 0.011256437 0.004403747 0.481093049 -0.002078207 0.006665498 0.004949604 0.999963403
1712732409.306497 0.011516168 0.004650392 0.482033610 -0.001468811 0.006067741 0.004642730 0.999969721
1712732409.335570 0.010740089 0.004636113 0.483479053 -0.001214202 0.005975822 0.004551527 0.999971092
1712732409.372517 0.010435256 0.004270680 0.484691620 -0.000343168 0.004580918 0.004986344 0.999977052
1712732409.405210 0.010428118 0.003885231 0.486155421 -0.000143810 0.002900112 0.005481767 0.999980807
1712732409.435032 0.010093694 0.004176110 0.487830251 0.000272720 0.001336084 0.005426887 0.999984384
1712732409.476255 0.010048148 0.004383354 0.489529938 0.000866886 -0.000397701 0.005536948 0.999984205
1712732409.510915 0.010005695 0.004123747 0.491343558 0.001129557 -0.002202789 0.006127639 0.999978244
1712732409.552464 0.010067274 0.004309012 0.493490785 0.001119808 -0.003913677 0.006259333 0.999972165
1712732409.574830 0.009751200 0.003934107 0.493680835 0.001190647 -0.005247257 0.006533287 0.999964178
1712732409.609721 0.010175487 0.004252741 0.495811760 0.001347004 -0.006675373 0.007066001 0.999951899
1712732409.639466 0.010179402 0.004589028 0.498390943 0.001039862 -0.007201156 0.007127912 0.999948144
1712732409.672648 0.011236549 0.004034594 0.499487907 0.000013714 -0.007364949 0.007960373 0.999941230
1712732409.708377 0.010552645 0.004346279 0.502355158 0.000095504 -0.006480386 0.008097573 0.999946237
1712732409.739235 0.010353673 0.004060095 0.504042387 -0.000060696 -0.006235425 0.008264679 0.999946415
1712732409.772054 0.010311405 0.004493651 0.506270468 -0.000117563 -0.006301288 0.008522615 0.999943852
1712732409.808160 0.010494927 0.004453976 0.508366525 -0.000439753 -0.006371717 0.008760587 0.999941289
1712732409.838199 0.010203036 0.004665908 0.510069251 -0.000349471 -0.006381233 0.008284720 0.999945283
1712732409.869571 0.009650720 0.004943488 0.512225330 -0.000682297 -0.006318784 0.007689643 0.999950290
1712732409.906995 0.009665418 0.004712346 0.514315426 -0.001480284 -0.006638061 0.006983485 0.999952555
1712732409.935527 0.010026813 0.005144761 0.516094685 -0.001624423 -0.007071086 0.006879794 0.999950051
1712732409.970459 0.009802174 0.004413340 0.517899990 -0.002419536 -0.006973482 0.006768359 0.999949872
1712732410.011094 0.009698261 0.004616788 0.519800961 -0.002270321 -0.006982349 0.006510562 0.999951899
1712732410.040860 0.009725268 0.004920001 0.521774590 -0.002141692 -0.007298208 0.006276385 0.999951422
1712732410.073355 0.009210447 0.005086428 0.524116218 -0.002273810 -0.007493577 0.005948308 0.999951661
1712732410.106431 0.009323580 0.004972117 0.525958300 -0.002498515 -0.007848042 0.005703650 0.999949813
1712732410.140745 0.009166159 0.005161325 0.528448880 -0.002747485 -0.007624437 0.005373663 0.999952734
1712732410.179552 0.009168224 0.005542220 0.530477762 -0.003025514 -0.007835460 0.004847196 0.999952972
1712732410.208289 0.008522332 0.005431952 0.532480717 -0.003686941 -0.008034922 0.004609767 0.999950349
1712732410.236440 0.008633350 0.005603802 0.535423458 -0.003639902 -0.008375365 0.004078362 0.999950051
1712732410.271385 0.008403567 0.006189657 0.537201941 -0.003782056 -0.008257004 0.003882970 0.999951243
1712732410.309596 0.007925584 0.005582066 0.539752603 -0.005180605 -0.008067622 0.003371032 0.999948442
1712732410.341883 0.007756112 0.005787150 0.542533636 -0.004970201 -0.008194527 0.003556811 0.999947727
1712732410.375577 0.008434862 0.005718203 0.544215441 -0.005116720 -0.008603795 0.003732562 0.999942958
1712732410.414146 0.007878043 0.005539638 0.547248781 -0.005145636 -0.008510283 0.003832609 0.999943256
1712732410.446766 0.007891050 0.005702939 0.549635053 -0.004898229 -0.008847753 0.004296136 0.999939680
1712732410.478829 0.008080042 0.005568870 0.553010404 -0.004616551 -0.009059316 0.004694555 0.999937296
1712732410.504194 0.007960461 0.005978371 0.554655612 -0.003991327 -0.008805484 0.005001470 0.999940753
1712732410.543378 0.008153795 0.006115790 0.557137609 -0.004197399 -0.009123712 0.005200109 0.999936044
1712732410.570765 0.008212181 0.005499039 0.559908092 -0.004624298 -0.009276548 0.005021576 0.999933660
1712732410.602119 0.008426924 0.005823691 0.562368214 -0.004481501 -0.009273384 0.004826800 0.999935389
1712732410.636961 0.008227073 0.006388952 0.565191269 -0.005024917 -0.009223499 0.005397916 0.999930322
1712732410.672877 0.008301095 0.005747349 0.567794979 -0.006030703 -0.009513461 0.006031328 0.999918461
1712732410.704912 0.008470895 0.006358387 0.570487440 -0.005993620 -0.009681525 0.006395836 0.999914765
1712732410.737217 0.008981003 0.006115654 0.573103666 -0.006208469 -0.009821951 0.006616307 0.999910653
1712732410.773561 0.007920150 0.005802321 0.575260341 -0.006406864 -0.009412053 0.006765930 0.999912381
1712732410.810709 0.007925608 0.005467614 0.577428043 -0.006283599 -0.009496241 0.006741697 0.999912441
1712732410.839460 0.007681798 0.005844526 0.580236197 -0.006210763 -0.009666858 0.006629400 0.999912024
1712732410.870737 0.007251457 0.005553802 0.582846522 -0.006537065 -0.009851923 0.006638051 0.999908149
1712732410.910081 0.007221826 0.006089126 0.586103320 -0.006343066 -0.010084473 0.006636632 0.999907076
1712732410.939961 0.007020473 0.006168212 0.588360488 -0.006819974 -0.010221758 0.006844950 0.999901116
1712732410.972845 0.006890325 0.006243321 0.591593742 -0.007161239 -0.010633660 0.007366530 0.999890685
1712732411.008426 0.007629656 0.005862765 0.592869997 -0.007599365 -0.011300791 0.007680487 0.999877751
1712732411.038277 0.007498084 0.006116758 0.595862985 -0.007795374 -0.011276185 0.007902868 0.999874830
1712732411.075641 0.007389209 0.005862669 0.598245919 -0.007736723 -0.011417177 0.007745415 0.999874890
1712732411.104348 0.007307718 0.006000702 0.601296067 -0.007762340 -0.011391701 0.007614406 0.999876022
1712732411.138990 0.007029069 0.005745161 0.604834139 -0.007766398 -0.011557126 0.007224019 0.999876976
1712732411.181403 0.006711618 0.006648769 0.607672989 -0.007299100 -0.011841799 0.006898860 0.999879479
1712732411.206067 0.006597752 0.006102211 0.610885680 -0.008020991 -0.011953827 0.006064062 0.999878049
1712732411.244604 0.006026777 0.006124368 0.613479435 -0.008136388 -0.012244984 0.005958844 0.999874175
1712732411.271926 0.006284120 0.005893158 0.616941571 -0.008058003 -0.012777693 0.005916089 0.999868453
1712732411.308251 0.006158506 0.005896853 0.619757235 -0.007925581 -0.012888355 0.005629888 0.999869704
1712732411.341579 0.005958145 0.006220995 0.623592615 -0.007270040 -0.012880951 0.005909369 0.999873221
1712732411.373315 0.005757261 0.006580772 0.625991166 -0.007305603 -0.012815022 0.005678765 0.999875128
1712732411.408863 0.005285428 0.005516381 0.629357457 -0.007826986 -0.013049454 0.005272846 0.999870360
1712732411.441182 0.004716771 0.006079300 0.632183015 -0.007321239 -0.013351186 0.005038930 0.999871433
1712732411.476894 0.004893633 0.006252042 0.634959877 -0.007437912 -0.014216342 0.004984078 0.999858856
1712732411.507587 0.004852633 0.005899309 0.638077259 -0.007483440 -0.014573114 0.004605955 0.999855220
1712732411.539218 0.005003761 0.005580959 0.641559243 -0.007443621 -0.014685749 0.004130424 0.999855995
1712732411.573891 0.004424506 0.005220483 0.645479500 -0.006582789 -0.014826809 0.004011838 0.999860406
1712732411.607307 0.004339380 0.005752306 0.648417234 -0.005167287 -0.015178726 0.003477183 0.999865413
1712732411.641719 0.003965544 0.005140450 0.651466727 -0.004587921 -0.015307898 0.002693854 0.999868751
1712732411.677873 0.003290935 0.005560964 0.654918015 -0.003679754 -0.015759286 0.002151610 0.999866784
1712732411.712818 0.003387932 0.005447611 0.657892048 -0.003141764 -0.016569976 0.002198630 0.999855399
1712732411.737195 0.002940491 0.006637840 0.661537468 -0.002516304 -0.017185858 0.002550033 0.999845982
1712732411.774880 0.002887018 0.006966547 0.665027380 -0.002781341 -0.017607339 0.003173223 0.999836087
1712732411.808248 0.003225358 0.006248519 0.668695450 -0.003680544 -0.018001981 0.003903082 0.999823630
1712732411.839042 0.003124376 0.005979173 0.672269046 -0.003339278 -0.018102344 0.004169272 0.999821842
1712732411.887353 0.003070151 0.005554541 0.675457239 -0.002523120 -0.017957369 0.004342084 0.999826133
1712732411.914811 0.003086064 0.006037363 0.678558528 -0.001847707 -0.018378083 0.004218806 0.999820530
1712732411.941596 0.001830205 0.006435966 0.681993484 -0.001651347 -0.018144574 0.003552075 0.999827743
1712732411.975446 0.001428493 0.006380409 0.685509980 -0.001956163 -0.018516352 0.003450453 0.999820709
1712732412.008121 0.001421465 0.006446747 0.689002156 -0.002005359 -0.019072767 0.003685781 0.999809325
1712732412.041402 0.001307510 0.007015016 0.692954183 -0.001779672 -0.019457374 0.004088975 0.999800801
1712732412.074462 0.001179752 0.007565489 0.696426749 -0.002277179 -0.019545028 0.004164973 0.999797702
1712732412.111637 0.000909830 0.008100144 0.700410664 -0.003273814 -0.019404054 0.003721562 0.999799490
1712732412.142205 0.000714505 0.007607329 0.703546166 -0.004887294 -0.019608185 0.002926443 0.999791503
1712732412.172513 0.000353739 0.006679263 0.708109438 -0.005101489 -0.019921178 0.003065490 0.999783874
1712732412.207251 -0.000440925 0.006906816 0.712181032 -0.004210807 -0.020134969 0.003258776 0.999783099
1712732412.238935 0.000515014 0.013303525 0.714450300 -0.002455886 -0.021018052 0.003982919 0.999768198
1712732412.272976 -0.000201279 0.007955387 0.717282176 -0.010690567 -0.020752188 0.002379071 0.999724746
1712732412.309845 -0.000781463 0.005691131 0.719535768 -0.009272948 -0.020712061 0.002097448 0.999740362
1712732412.345936 -0.000596551 0.008014165 0.715770900 -0.006799462 -0.020828042 0.002402367 0.999757111
1712732412.375170 -0.000723781 0.006129383 0.716332853 -0.007308681 -0.021126542 0.002234399 0.999747634
1712732412.409172 -0.000292802 0.007599014 0.715085447 -0.004677199 -0.021360040 0.002661833 0.999757409
1712732412.441543 0.000134425 0.007214265 0.714757562 -0.005217384 -0.021209605 0.002663256 0.999757886
1712732412.475786 -0.000230199 0.006945807 0.713899314 -0.004449465 -0.020674549 0.002851523 0.999772370
1712732412.508338 -0.000271066 0.007384644 0.713624001 -0.003996514 -0.020992750 0.002895263 0.999767423
1712732412.549346 -0.000501015 0.007584492 0.713333845 -0.003848089 -0.021273997 0.002730737 0.999762595
1712732412.579941 0.000600803 0.007546200 0.716011226 -0.003965379 -0.021756422 0.003402183 0.999749660
1712732412.607519 0.000589362 0.006973527 0.716049671 -0.004412942 -0.021560157 0.003631554 0.999751270
1712732412.639295 0.001025150 0.007323417 0.716616392 -0.003879419 -0.021359833 0.003665687 0.999757648
1712732412.676384 0.000605775 0.006847901 0.716793716 -0.004264577 -0.020911733 0.003624284 0.999765694
1712732412.705446 0.000139727 0.007100638 0.717083693 -0.003874028 -0.020627735 0.003637684 0.999773085
1712732412.740337 0.000765166 0.006856286 0.718252480 -0.004260761 -0.021081572 0.003650512 0.999762058
1712732412.774240 0.000414110 0.007527907 0.719001174 -0.003801325 -0.020937571 0.003636548 0.999767005
1712732412.807567 0.000455458 0.007069190 0.720058382 -0.003973044 -0.021007922 0.003732347 0.999764502
1712732412.844873 0.000553233 0.006844561 0.719954491 -0.003612821 -0.020904249 0.003964454 0.999767184
1712732412.873296 0.000067047 0.006956793 0.720421076 -0.003640045 -0.020566400 0.003668561 0.999775171
1712732412.909043 0.000617621 0.007266409 0.720797300 -0.003573909 -0.020894913 0.003843067 0.999767959
1712732412.940874 0.000398231 0.007440730 0.721818149 -0.003365655 -0.020779826 0.003750479 0.999771416
1712732412.975043 0.000519184 0.006866726 0.722907245 -0.003747783 -0.020722581 0.003778771 0.999771118
1712732413.012163 0.000855820 0.007233053 0.723924100 -0.003252097 -0.020869952 0.003805275 0.999769747
1712732413.047629 0.000200832 0.007368696 0.724968374 -0.003270064 -0.020440418 0.003708459 0.999778867
1712732413.078955 -0.000196890 0.007532138 0.723653734 -0.003594236 -0.020355750 0.003386347 0.999780595
1712732413.113076 -0.000020247 0.006856817 0.724892795 -0.004316479 -0.020552242 0.003212162 0.999774277
1712732413.139637 0.000297379 0.006674551 0.725396097 -0.003933600 -0.020723119 0.003038924 0.999772906
1712732413.181888 -0.000406031 0.006768171 0.726557434 -0.003811621 -0.020204112 0.003014051 0.999784112
1712732413.211519 0.000171366 0.007323138 0.727263927 -0.003415949 -0.020453628 0.003435526 0.999779046
1712732413.240131 -0.000101551 0.007661067 0.729311943 -0.003120944 -0.020348605 0.003740499 0.999781072
1712732413.277550 0.000362392 0.007247677 0.729941666 -0.003164627 -0.020465123 0.003957685 0.999777734
1712732413.309405 -0.000246870 0.007668647 0.731658101 -0.002647429 -0.020270674 0.004001671 0.999783039
1712732413.342303 0.000436949 0.007414812 0.732351840 -0.002997800 -0.020673241 0.004107421 0.999773383
1712732413.374573 0.000197051 0.007462253 0.733710587 -0.003070670 -0.020570192 0.004446751 0.999773800
1712732413.407639 -0.000130688 0.007275651 0.735004783 -0.003456551 -0.020313950 0.004689339 0.999776721
1712732413.439801 0.000487199 0.007473867 0.735611498 -0.003629728 -0.020557866 0.005151628 0.999768853
1712732413.481537 -0.000556873 0.007441682 0.737982750 -0.003754582 -0.019990096 0.005383708 0.999778688
1712732413.513110 -0.000225076 0.007324625 0.738948524 -0.004154697 -0.020025041 0.005304248 0.999776781
1712732413.544736 -0.000446462 0.006558576 0.740530729 -0.004471463 -0.019731898 0.005413557 0.999780655
1712732413.579552 0.000017659 0.007175415 0.741565824 -0.003923384 -0.019877976 0.005675313 0.999778688
1712732413.611628 -0.000189264 0.007090273 0.743155241 -0.004374937 -0.019560236 0.005615172 0.999783337
1712732413.641040 -0.000326358 0.007278037 0.744870842 -0.004353482 -0.019192377 0.005531718 0.999791026
1712732413.675478 -0.000498358 0.006663167 0.746309638 -0.005019638 -0.018975468 0.005200937 0.999793828
1712732413.705858 -0.001061005 0.007116084 0.748235762 -0.005104503 -0.018543592 0.004981613 0.999802649
1712732413.738273 -0.000903782 0.007148736 0.749393463 -0.005349609 -0.018522788 0.004639223 0.999803364
1712732413.779870 -0.000916219 0.007217149 0.751019061 -0.005572896 -0.018445032 0.004017813 0.999806285
1712732413.812377 -0.000676300 0.007922031 0.752966881 -0.005645685 -0.018564956 0.004127744 0.999803245
1712732413.838152 -0.001288291 0.008109140 0.755101264 -0.006227229 -0.018166527 0.003639510 0.999809027
1712732413.877088 -0.001096346 0.008112136 0.757114708 -0.006736998 -0.018248485 0.003350531 0.999805152
1712732413.908623 -0.001720789 0.007993385 0.759555519 -0.007376882 -0.017764037 0.003146123 0.999810100
1712732413.943954 -0.001080350 0.008409411 0.760934412 -0.007380494 -0.017844412 0.002783953 0.999809682
1712732413.973386 -0.001637000 0.008085843 0.762504339 -0.007873150 -0.017470911 0.002372282 0.999813616
1712732414.007839 -0.002269786 0.008256763 0.764728308 -0.007875630 -0.017419254 0.001966263 0.999815345
1712732414.046251 -0.001864271 0.007894395 0.766446114 -0.008244492 -0.017934861 0.001641707 0.999803841
1712732414.081853 -0.001864535 0.008149914 0.768096030 -0.008220155 -0.017792154 0.001513720 0.999806821
1712732414.109442 -0.002119309 0.008400924 0.770768404 -0.008534784 -0.017666483 0.001328495 0.999806702
1712732414.141146 -0.002454465 0.007976516 0.772946000 -0.009111094 -0.017647656 0.000900248 0.999802351
1712732414.172905 -0.002963697 0.008450355 0.775574207 -0.009128671 -0.017457787 0.000727726 0.999805689
1712732414.206752 -0.003215366 0.008703001 0.778015375 -0.009419858 -0.017256845 0.000151298 0.999806702
1712732414.247473 -0.003322059 0.009134099 0.780368507 -0.009736375 -0.017095692 0.000214092 0.999806464
1712732414.281414 -0.003651508 0.008359615 0.782783866 -0.010744219 -0.017040508 0.000328848 0.999796987
1712732414.316174 -0.003198875 0.008440169 0.784876287 -0.010368771 -0.017371584 0.000653213 0.999795198
1712732414.351253 -0.003459587 0.007712015 0.787282705 -0.010463986 -0.017352333 0.000681542 0.999794424
1712732414.386316 -0.004487971 0.007646010 0.790303648 -0.010304422 -0.017045211 0.000561061 0.999801517
1712732414.412925 -0.004033029 0.007825918 0.792694211 -0.009731526 -0.017420398 0.001033523 0.999800384
1712732414.440602 -0.004801412 0.007473807 0.794989169 -0.009794238 -0.016801978 0.001079413 0.999810338
1712732414.482063 -0.004103849 0.007943531 0.797137141 -0.009797420 -0.016988939 0.001926118 0.999805808
1712732414.506503 -0.002460449 0.008019867 0.798558652 -0.010075417 -0.017837413 0.002627074 0.999786675
1712732414.540642 -0.002923092 0.008026519 0.801429212 -0.010310781 -0.017455040 0.002448427 0.999791503
1712732414.572745 -0.002696558 0.008502732 0.804120779 -0.009952089 -0.017566252 0.002918523 0.999791920
1712732414.609133 -0.001965307 0.008840137 0.806532800 -0.009598857 -0.018195746 0.003809945 0.999781132
1712732414.639336 -0.001752340 0.008485803 0.808507681 -0.009801240 -0.018374948 0.003428404 0.999777257
1712732414.683045 -0.002614512 0.008231270 0.811329722 -0.010082169 -0.017786816 0.003483745 0.999784946
1712732414.710810 -0.002995978 0.008275806 0.814183891 -0.009813966 -0.017595012 0.003478108 0.999791026
1712732414.744323 -0.003239135 0.008597021 0.816666782 -0.009702357 -0.017383857 0.003736995 0.999794841
1712732414.793833 -0.003998152 0.008328301 0.820174217 -0.009899730 -0.017027277 0.003531691 0.999799788
1712732414.814377 -0.003439366 0.008168387 0.822011769 -0.009711864 -0.017350897 0.003459608 0.999796331
1712732414.844747 -0.003499718 0.009303863 0.825095236 -0.009069215 -0.017292930 0.004263555 0.999800265
1712732414.878523 -0.004565311 0.008848397 0.828500390 -0.009377028 -0.016684450 0.003830515 0.999809504
1712732414.909110 -0.004437651 0.008713368 0.831016243 -0.009679493 -0.017015245 0.004037207 0.999800265
1712732414.940624 -0.004679882 0.009083361 0.834598720 -0.009762834 -0.017116731 0.004556073 0.999795496
1712732414.977873 -0.004590820 0.009236258 0.837459505 -0.009496117 -0.017314609 0.004941771 0.999792814
1712732415.010208 -0.003706080 0.009285823 0.839823246 -0.009413884 -0.017814782 0.005278972 0.999783039
1712732415.044940 -0.003343928 0.009765540 0.842748106 -0.009771305 -0.017837053 0.005392893 0.999778688
1712732415.074721 -0.004346306 0.009572665 0.846646905 -0.009998765 -0.016897973 0.004848832 0.999795437
1712732415.112566 -0.003675605 0.009914194 0.848662317 -0.009885731 -0.017248821 0.004848595 0.999790609
1712732415.144571 -0.003217995 0.011838558 0.850161254 -0.012449964 -0.017830441 0.004840365 0.999751866
1712732415.176926 -0.004329592 0.008112358 0.853096724 -0.013582204 -0.016739057 0.003447385 0.999761760
1712732415.212606 -0.004491860 0.012941537 0.854297876 -0.011582761 -0.016843533 0.004217875 0.999782145
1712732415.243729 -0.004709648 0.005724151 0.856210828 -0.015838703 -0.016887685 0.003868519 0.999724507
1712732415.278717 -0.004876404 0.010926595 0.854461074 -0.011426389 -0.016925501 0.003201775 0.999786377
1712732415.317710 -0.004819699 0.008492056 0.854246438 -0.012978867 -0.016898032 0.002994928 0.999768496
1712732415.339025 -0.004647104 0.009784556 0.853477180 -0.010766275 -0.016713772 0.003681359 0.999795616
1712732415.374887 -0.004344111 0.009545828 0.852606475 -0.011207263 -0.016808819 0.003203467 0.999790847
1712732415.407969 -0.004520393 0.008737504 0.853081286 -0.011279924 -0.016389955 0.002987597 0.999797583
1712732415.439764 -0.004718371 0.009594364 0.853074431 -0.010401195 -0.016309753 0.003333928 0.999807298
1712732415.474287 -0.004751746 0.009807703 0.853003919 -0.010271922 -0.016359316 0.003723489 0.999806464
1712732415.508552 -0.004754815 0.009871368 0.853346825 -0.010671356 -0.016469581 0.003375113 0.999801695
1712732415.544093 -0.004599119 0.009560515 0.853315175 -0.011203779 -0.016490865 0.003138145 0.999796331
1712732415.579836 -0.005578441 0.009702319 0.853815317 -0.011023346 -0.016000248 0.003118903 0.999806404
1712732415.611777 -0.004694159 0.009654507 0.853777051 -0.011140264 -0.016936434 0.003174388 0.999789476
1712732415.641798 -0.004547321 0.009237288 0.853586614 -0.011254406 -0.016960984 0.003084122 0.999788046
1712732415.673807 -0.004587762 0.009593945 0.853496015 -0.010690907 -0.016564947 0.002977458 0.999801219
1712732415.708827 -0.004906206 0.009164760 0.853826106 -0.010645705 -0.015985053 0.003142147 0.999810636
1712732415.739553 -0.004631972 0.009784330 0.853923678 -0.010550881 -0.016239237 0.003001793 0.999808013
1712732415.775394 -0.004773343 0.009851755 0.854351759 -0.010490582 -0.016282326 0.003117677 0.999807596
1712732415.808579 -0.004827661 0.009830210 0.855108142 -0.010516927 -0.016321206 0.003111551 0.999806702
1712732415.847446 -0.005407460 0.009746770 0.855876505 -0.010445484 -0.015921626 0.002849611 0.999814630
1712732415.879276 -0.004783702 0.009042583 0.855896294 -0.010699731 -0.016194921 0.002727715 0.999807894
1712732415.912908 -0.005057340 0.009156876 0.856453717 -0.010122498 -0.015950818 0.002561712 0.999818265
1712732415.945444 -0.004619448 0.009098252 0.856741726 -0.010465737 -0.016327359 0.002405365 0.999809027
1712732415.979682 -0.005402842 0.009019059 0.858155608 -0.010380597 -0.015966302 0.002348358 0.999815941
1712732416.011951 -0.005526817 0.009338250 0.858671904 -0.009837618 -0.016040787 0.002207262 0.999820530
1712732416.043411 -0.005686696 0.008739939 0.859325647 -0.010306902 -0.015946774 0.002151576 0.999817431
1712732416.080731 -0.005786311 0.009529723 0.860564113 -0.009917442 -0.016033830 0.002120517 0.999820054
1712732416.109873 -0.005486928 0.009712270 0.861571372 -0.009722191 -0.016254870 0.002627834 0.999817193
1712732416.145805 -0.005868705 0.009542492 0.863154948 -0.009580320 -0.016097588 0.002347294 0.999821782
1712732416.176157 -0.005839528 0.008674583 0.864050090 -0.009960920 -0.016204868 0.002252886 0.999816597
1712732416.211375 -0.006661737 0.008600068 0.865764081 -0.009716016 -0.015594265 0.001988223 0.999829233
1712732416.247550 -0.006495708 0.009524978 0.867155731 -0.008977951 -0.015662346 0.002180975 0.999834657
1712732416.278470 -0.006349257 0.009534505 0.868399680 -0.009236864 -0.015750960 0.002101538 0.999831140
1712732416.313983 -0.006235943 0.009907837 0.870090663 -0.009117733 -0.015859012 0.002454729 0.999829710
1712732416.343675 -0.006109217 0.009732226 0.871161699 -0.009303376 -0.016076511 0.002300268 0.999824822
1712732416.379366 -0.005911983 0.009701424 0.872326851 -0.009164177 -0.016481524 0.002580828 0.999818921
1712732416.410352 -0.006492287 0.009734356 0.873924136 -0.008862733 -0.016196912 0.002107611 0.999827385
1712732416.443743 -0.005620284 0.009433609 0.874788463 -0.009065209 -0.016798265 0.002115969 0.999815583
1712732416.480752 -0.006375461 0.008721992 0.876786113 -0.009562800 -0.016546929 0.001832411 0.999815643
1712732416.520225 -0.006953139 0.009699517 0.878294230 -0.008896602 -0.016274374 0.001955928 0.999826074
1712732416.546099 -0.006238371 0.008950626 0.879452109 -0.009043886 -0.016716430 0.001612762 0.999818087
1712732416.574541 -0.006160522 0.009403346 0.881405830 -0.008470787 -0.016826050 0.001463434 0.999821544
1712732416.610173 -0.006072476 0.008380552 0.881832838 -0.008554749 -0.016948819 0.001080404 0.999819219
1712732416.644951 -0.005488996 0.008425831 0.883654833 -0.007822699 -0.017226474 0.001034119 0.999820530
1712732416.677300 -0.006152369 0.008188159 0.885727584 -0.007463815 -0.016863331 0.000698037 0.999829710
1712732416.710705 -0.006917593 0.008328636 0.887695670 -0.006827882 -0.016320953 0.000394212 0.999843478
1712732416.744060 -0.006590032 0.009070552 0.889335573 -0.005914375 -0.016559243 0.000125657 0.999845445
1712732416.776778 -0.006420256 0.008020609 0.890763044 -0.005789279 -0.016774498 -0.000342641 0.999842525
1712732416.812519 -0.008142155 0.009266563 0.889012575 -0.004741389 -0.015927710 0.000089503 0.999861956
1712732416.844898 -0.007670627 0.009219053 0.890218794 -0.004770701 -0.016505577 0.000081712 0.999852419
1712732416.876611 -0.006442789 0.008904384 0.891642094 -0.004880944 -0.017502641 0.000372881 0.999834895
1712732416.911572 -0.008811016 0.008951322 0.894406974 -0.005047434 -0.016200043 0.000087040 0.999856055
1712732416.941829 -0.007778939 0.009732521 0.896334350 -0.004750361 -0.017081426 0.000998196 0.999842346
1712732416.980407 -0.009417760 0.009306814 0.899057269 -0.005269021 -0.016422516 0.000607565 0.999851108
1712732417.007183 -0.007938805 0.008742128 0.900652409 -0.005621267 -0.017225374 0.001369982 0.999834895
1712732417.047460 -0.007466398 0.009838648 0.902196050 -0.005246809 -0.017329663 0.001539892 0.999834895
1712732417.077869 -0.008305613 0.008908934 0.904414713 -0.005757166 -0.016622227 0.001392130 0.999844313
1712732417.112854 -0.008177602 0.008862386 0.906436980 -0.004942242 -0.016795740 0.001926438 0.999844909
1712732417.146258 -0.008802827 0.009189459 0.908899665 -0.004258944 -0.016415862 0.002168473 0.999853849
1712732417.177336 -0.008355848 0.007980320 0.910981655 -0.004577300 -0.016567573 0.002138505 0.999850035
1712732417.211833 -0.008714178 0.008365756 0.912945151 -0.003383827 -0.016242130 0.002603059 0.999859035
1712732417.244086 -0.009061599 0.008637308 0.914871156 -0.002955832 -0.016010895 0.002392240 0.999864578
1712732417.279969 -0.009577762 0.008702952 0.917224765 -0.003164730 -0.015524974 0.002053776 0.999872386
1712732417.308187 -0.009090349 0.008371303 0.919547558 -0.003026004 -0.015580728 0.002009476 0.999872088
1712732417.341521 -0.009115142 0.008312185 0.921558917 -0.002948900 -0.015700424 0.002065772 0.999870300
1712732417.381156 -0.009473788 0.008798582 0.924239337 -0.001970212 -0.015797485 0.002043099 0.999871254
1712732417.412946 -0.008611749 0.008239809 0.925831974 -0.002279466 -0.016347589 0.002029932 0.999861717
1712732417.450863 -0.009299344 0.009397067 0.928366661 -0.001937206 -0.015629811 0.002469593 0.999872923
1712732417.481723 -0.009637754 0.010061353 0.931127131 -0.001747167 -0.015371223 0.002177558 0.999877989
1712732417.512831 -0.009266621 0.009142710 0.933270633 -0.003016099 -0.015572361 0.001416857 0.999873221
1712732417.541971 -0.009814494 0.009596704 0.936359227 -0.003406231 -0.014940282 0.001093315 0.999881983
1712732417.581115 -0.009906178 0.009243519 0.939275503 -0.003415810 -0.015077738 0.000765102 0.999880254
1712732417.616408 -0.010191256 0.009176236 0.941914618 -0.003055970 -0.015215966 0.001050847 0.999879062
1712732417.644419 -0.010646484 0.009225834 0.944091797 -0.002303050 -0.015160608 0.000758760 0.999882162
1712732417.682072 -0.010761199 0.008632256 0.946337581 -0.001619965 -0.015323630 0.000749432 0.999881029
1712732417.709032 -0.010602656 0.009018772 0.948917806 -0.000403460 -0.015489988 0.001014738 0.999879420
1712732417.748896 -0.010621745 0.008771418 0.951141775 -0.000185887 -0.015345747 0.001103817 0.999881625
1712732417.781212 -0.010711398 0.009114446 0.953602314 0.000288323 -0.015397665 0.001363783 0.999880552
1712732417.817771 -0.010613452 0.008974982 0.956089616 0.000173024 -0.015388880 0.001301367 0.999880791
1712732417.848697 -0.010462288 0.008922529 0.958578527 0.000010074 -0.015563755 0.001417612 0.999877930
1712732417.883282 -0.010678298 0.008635260 0.961188138 0.000139336 -0.015477637 0.001421584 0.999879241
1712732417.916758 -0.010526667 0.008559773 0.963754654 0.000313863 -0.015648019 0.001937600 0.999875724
1712732417.941168 -0.010519618 0.008431191 0.966251075 0.000274512 -0.015721614 0.002273744 0.999873817
1712732417.979304 -0.010617225 0.008583045 0.968605816 0.000480738 -0.015746189 0.003028731 0.999871373
1712732418.009903 -0.010838497 0.008888186 0.971471667 0.000433333 -0.015438370 0.003711774 0.999873877
1712732418.043544 -0.010137090 0.008687325 0.974217296 -0.000042835 -0.015902309 0.004079442 0.999865294
1712732418.077596 -0.010656305 0.008620735 0.976817131 0.000188419 -0.015130358 0.004165469 0.999876916
1712732418.114911 -0.010368105 0.009863631 0.978517711 -0.000369262 -0.015008176 0.003682689 0.999880612
1712732418.151995 -0.011332632 0.010606612 0.980946243 -0.006506658 -0.013943078 0.003075545 0.999876916
1712732418.179457 -0.011698942 0.007131823 0.983151078 -0.007487653 -0.013447793 0.003709281 0.999874711
1712732418.216896 -0.011553920 0.008311104 0.981941104 -0.003305335 -0.013523455 0.003661362 0.999896407
1712732418.245513 -0.011038800 0.008829297 0.979877353 -0.001585408 -0.014143461 0.004313967 0.999889433
1712732418.277456 -0.010968310 0.009334399 0.978979230 -0.000901583 -0.014369048 0.004082148 0.999888062
1712732418.308638 -0.010525891 0.009335039 0.978869379 -0.000525940 -0.014737269 0.004286544 0.999882162
1712732418.341742 -0.011158901 0.008908354 0.978573978 -0.000169495 -0.014054223 0.004284571 0.999892116
1712732418.376621 -0.010769451 0.009449093 0.978163540 0.001122761 -0.014318064 0.004491354 0.999886870
1712732418.417114 -0.010374041 0.009350747 0.978707850 0.000459040 -0.014749025 0.004482069 0.999881148
1712732418.445512 -0.010489520 0.009335592 0.978170216 -0.000268534 -0.014445750 0.004004942 0.999887645
1712732418.479737 -0.010830796 0.009737044 0.978703439 -0.000062093 -0.013908373 0.004068704 0.999895036
1712732418.513237 -0.011048790 0.009467334 0.978913665 -0.000401810 -0.013771404 0.004010701 0.999897063
1712732418.549284 -0.010753871 0.009729099 0.978978336 -0.000173512 -0.014238816 0.004358620 0.999889195
1712732418.595136 -0.011006710 0.009329567 0.978798807 -0.000470185 -0.014132832 0.003928866 0.999892354
1712732418.612651 -0.011041388 0.009270821 0.978677273 -0.000416894 -0.014175026 0.004174531 0.999890745
1712732418.647098 -0.010898901 0.009226770 0.978653133 -0.000327039 -0.014221659 0.004334293 0.999889493
1712732418.684300 -0.011250563 0.009241949 0.978565753 -0.000097541 -0.013798788 0.003977561 0.999896884
1712732418.714763 -0.011376470 0.009410536 0.978509128 0.000148015 -0.013731929 0.004135325 0.999897182
1712732418.748520 -0.011503323 0.009442956 0.978371143 0.000072185 -0.013635351 0.004268348 0.999897957
1712732418.779651 -0.010960510 0.009614992 0.978411913 -0.000053598 -0.014025790 0.004156257 0.999893010
1712732418.811368 -0.011341739 0.009547323 0.978678703 -0.000159028 -0.013739869 0.004276609 0.999896526
1712732418.846936 -0.011460611 0.009595864 0.978745878 -0.000252612 -0.013732531 0.004632517 0.999894977
1712732418.884438 -0.010460045 0.010843228 0.977756321 -0.000795562 -0.014864448 0.004522380 0.999879062
1712732418.916204 -0.010852475 0.009041308 0.977939427 -0.002509259 -0.014249751 0.004296231 0.999886096
1712732418.947877 -0.010514581 0.009063118 0.976591229 -0.001225739 -0.014257445 0.004388732 0.999888003
1712732418.977350 -0.011068736 0.009379719 0.974974692 -0.000757631 -0.014095871 0.004464463 0.999890447
1712732419.013281 -0.011068806 0.009724502 0.973571241 -0.000308187 -0.014664661 0.004202604 0.999883592
1712732419.044634 -0.010442911 0.009601834 0.971746147 -0.000425627 -0.015089422 0.004037630 0.999877989
1712732419.080905 -0.010831768 0.008964301 0.969780684 -0.000715541 -0.014636560 0.003530598 0.999886453
1712732419.113396 -0.011062636 0.009354499 0.968680859 -0.000072254 -0.014653359 0.003654378 0.999886036
1712732419.146292 -0.011434840 0.009855992 0.967230082 0.000518547 -0.014669018 0.003500878 0.999886215
1712732419.178527 -0.011453710 0.009464588 0.965587497 0.000004505 -0.014811032 0.002998031 0.999885917
1712732419.217626 -0.010876594 0.009046184 0.963586926 -0.000252881 -0.015244354 0.002205187 0.999881387
1712732419.246995 -0.010807081 0.009571463 0.961741388 0.000047638 -0.015138597 0.001795208 0.999883831
1712732419.286908 -0.010854905 0.009249835 0.960739434 -0.000241011 -0.015032507 0.001372337 0.999886036
1712732419.314585 -0.010811722 0.010053105 0.959109962 0.000199808 -0.015021289 0.001365099 0.999886215
1712732419.351282 -0.010445580 0.009511545 0.957133353 -0.000717794 -0.015138035 0.001247076 0.999884367
1712732419.380935 -0.010580418 0.009412438 0.955414236 -0.000762400 -0.014740611 0.001336504 0.999890208
1712732419.411100 -0.010229210 0.009391342 0.953303039 -0.000619833 -0.014974513 0.001430065 0.999886692
1712732419.444653 -0.010768156 0.009642241 0.951559424 -0.000468313 -0.014496389 0.001517641 0.999893665
1712732419.477738 -0.010139351 0.009394928 0.949056149 -0.000481617 -0.014978466 0.001765979 0.999886215
1712732419.513995 -0.010871540 0.010712699 0.947536349 0.000132058 -0.014848887 0.001308341 0.999888897
1712732419.545704 -0.010712469 0.009896004 0.945832670 -0.001004746 -0.014945762 0.000811519 0.999887466
1712732419.581271 -0.010158239 0.010489480 0.944341779 -0.001094044 -0.015150595 0.001071562 0.999884069
1712732419.618540 -0.010051404 0.010229293 0.942964494 -0.001984510 -0.014941504 0.000870677 0.999886096
1712732419.655602 -0.010398192 0.010616334 0.941718936 -0.001836752 -0.014384000 0.001066423 0.999894321
1712732419.680892 -0.010445034 0.010761362 0.940378428 -0.002108363 -0.014078078 0.001075059 0.999898136
1712732419.720531 -0.010057608 0.009602937 0.938843787 -0.003271848 -0.014130564 0.000964997 0.999894381
1712732419.750714 -0.009570373 0.010586410 0.937918603 -0.002656413 -0.014092861 0.001212010 0.999896467
1712732419.783003 -0.009475818 0.009877706 0.936828911 -0.003295502 -0.013711634 0.001420587 0.999899566
1712732419.811357 -0.009504192 0.010302431 0.935842574 -0.003163728 -0.013636442 0.001827709 0.999900341
1712732419.849135 -0.009555837 0.010292925 0.934628963 -0.003190739 -0.013627251 0.001857959 0.999900401
1712732419.877942 -0.009608028 0.010539597 0.933925390 -0.003408654 -0.013516946 0.001903765 0.999901056
1712732419.914254 -0.009682022 0.009486041 0.932550967 -0.004114487 -0.013202894 0.001792708 0.999902844
1712732419.945750 -0.009414051 0.009606034 0.930885375 -0.003817794 -0.013311022 0.001938079 0.999902248
1712732419.981325 -0.008679602 0.009825922 0.930102110 -0.003269194 -0.013887195 0.002508617 0.999895155
1712732420.023216 -0.009364290 0.010043669 0.928620160 -0.002953676 -0.013456420 0.002269587 0.999902606
1712732420.054970 -0.009506465 0.009603206 0.927656472 -0.003274835 -0.013311543 0.002390483 0.999903262
1712732420.089410 -0.009112326 0.009901489 0.925949395 -0.002824945 -0.013554942 0.002629965 0.999900699
1712732420.120782 -0.008283547 0.009910335 0.924172997 -0.002979507 -0.013958009 0.002595921 0.999894798
1712732420.149167 -0.008439605 0.010102084 0.922917366 -0.002926181 -0.013772562 0.002626344 0.999897480
1712732420.180917 -0.008150941 0.010079616 0.921072245 -0.002787116 -0.013976699 0.002621231 0.999895096
1712732420.217158 -0.008326921 0.009379286 0.919324756 -0.003332536 -0.013740300 0.002648070 0.999896586
1712732420.244283 -0.008952281 0.009914785 0.917972445 -0.002970714 -0.013208433 0.002454025 0.999905348
1712732420.278162 -0.008024712 0.010256100 0.916439772 -0.002978014 -0.013711606 0.002742354 0.999897838
1712732420.311741 -0.008042461 0.010231930 0.915181339 -0.003048920 -0.013655132 0.003110252 0.999897361
1712732420.349192 -0.008454849 0.010028319 0.913555622 -0.003426472 -0.013452970 0.002998545 0.999899149
1712732420.382780 -0.008305226 0.010258169 0.912133157 -0.003684121 -0.013645623 0.002940664 0.999895811
1712732420.412002 -0.008129097 0.010454720 0.910490274 -0.004083931 -0.013680645 0.002955592 0.999893725
1712732420.450333 -0.008026183 0.010419210 0.908838809 -0.004456475 -0.013775147 0.002874982 0.999891043
1712732420.483410 -0.008983118 0.010574218 0.907430887 -0.004617749 -0.013194325 0.002442928 0.999899387
1712732420.511402 -0.009296630 0.010563298 0.905926526 -0.005043066 -0.013202013 0.002029609 0.999898076
1712732420.548446 -0.009054668 0.010233761 0.904009104 -0.005602984 -0.013468279 0.001933748 0.999891758
1712732420.586072 -0.008433110 0.010586316 0.902229071 -0.005471234 -0.013857965 0.001880597 0.999887228
1712732420.618253 -0.009328353 0.010105259 0.900957227 -0.005829097 -0.013107304 0.001334910 0.999896228
1712732420.648359 -0.009276022 0.010228140 0.898950815 -0.005567804 -0.013286815 0.001170147 0.999895573
1712732420.694496 -0.008729333 0.010384929 0.897219062 -0.005695041 -0.013950948 0.001242561 0.999885738
1712732420.715036 -0.008494616 0.009683539 0.895279348 -0.005812314 -0.013936139 0.000339335 0.999886036
1712732420.744853 -0.008713862 0.009542515 0.893240869 -0.005522795 -0.013357166 0.000089957 0.999895632
1712732420.782149 -0.009034758 0.009803846 0.891297698 -0.005294825 -0.013218183 -0.000090277 0.999898672
1712732420.812217 -0.008220382 0.009900670 0.888871074 -0.005189812 -0.013657319 0.000157375 0.999893308
1712732420.845525 -0.008439243 0.009925561 0.886887789 -0.005395456 -0.013278854 0.000470673 0.999897242
1712732420.879261 -0.008481367 0.010690553 0.885602891 -0.005228675 -0.012890991 0.000681104 0.999903083
1712732420.915223 -0.007603704 0.011061189 0.882730961 -0.005835679 -0.013232399 0.001208925 0.999894679
1712732420.949585 -0.008565249 0.010749904 0.881526351 -0.007273520 -0.012720185 0.001282990 0.999891818
1712732420.987233 -0.007328147 0.010487176 0.878928363 -0.008226614 -0.013344022 0.001697085 0.999875784
1712732421.013810 -0.007767921 0.010662386 0.876889765 -0.008544242 -0.012921732 0.002166772 0.999877691
1712732421.047094 -0.007806535 0.011044513 0.874819517 -0.008636961 -0.012930268 0.002255467 0.999876618
1712732421.080264 -0.007936846 0.007552208 0.873301625 -0.009936516 -0.012924273 0.001939471 0.999865294
1712732421.114802 -0.007828462 0.008556093 0.871985018 -0.005936198 -0.013121444 0.002053023 0.999894261
1712732421.148847 -0.007381415 0.010099798 0.870664060 -0.005507063 -0.013626317 0.002154164 0.999889731
1712732421.187213 -0.007444338 0.011969596 0.870976329 -0.005531476 -0.013459781 0.002092357 0.999891996
1712732421.213347 -0.007933619 0.010172151 0.872052073 -0.007914157 -0.013249719 0.002116818 0.999878705
1712732421.252003 -0.007972299 0.010737705 0.872880578 -0.007951543 -0.013468372 0.002155492 0.999875426
1712732421.284391 -0.007183151 0.010305534 0.873412073 -0.009150174 -0.014040331 0.002082414 0.999857426
1712732421.316613 -0.007411379 0.011097008 0.873880863 -0.009438664 -0.013448263 0.001946187 0.999863148
1712732421.351804 -0.007872561 0.009511054 0.875858784 -0.010812190 -0.013199604 0.001884012 0.999852657
1712732421.383157 -0.007892321 0.010584150 0.875559211 -0.008865837 -0.013255081 0.002085262 0.999870718
1712732421.416156 -0.007745496 0.010074593 0.874985933 -0.009167863 -0.013455017 0.001863331 0.999865770
1712732421.446543 -0.007802968 0.010052988 0.874968767 -0.008935323 -0.013490492 0.001955669 0.999867201
1712732421.485610 -0.007505809 0.010301982 0.874497354 -0.008760142 -0.013617133 0.002073888 0.999866843
1712732421.520080 -0.007575284 0.010491005 0.874585927 -0.008743231 -0.013575259 0.002013988 0.999867618
1712732421.546528 -0.007129527 0.010346008 0.874696255 -0.009176834 -0.013891947 0.002017636 0.999859393
1712732421.582362 -0.007420930 0.010291813 0.875059724 -0.009322102 -0.013527796 0.002076964 0.999862969
1712732421.611536 -0.007735346 0.010704161 0.875119984 -0.009118278 -0.013390953 0.002190228 0.999866426
1712732421.651479 -0.007232264 0.009903902 0.874543846 -0.010082972 -0.013670241 0.002018753 0.999853730
1712732421.685399 -0.007500260 0.010095163 0.873868525 -0.010129976 -0.013208841 0.002220637 0.999859035
1712732421.713608 -0.007391694 0.009653339 0.873482585 -0.010339288 -0.013336508 0.002218982 0.999855220
1712732421.751042 -0.007549908 0.009897894 0.872834086 -0.009658244 -0.013164187 0.002077907 0.999864578
1712732421.783485 -0.007269837 0.010063428 0.872324884 -0.009595898 -0.013211166 0.002403246 0.999863863
1712732421.812796 -0.007493140 0.009485705 0.871382773 -0.010142953 -0.013057824 0.001984456 0.999861360
1712732421.847462 -0.007240675 0.009778066 0.870776832 -0.010247761 -0.013309095 0.001986252 0.999856949
1712732421.882441 -0.007074818 0.009773412 0.869736910 -0.010001572 -0.013312632 0.002032807 0.999859393
1712732421.915665 -0.007446778 0.010433337 0.869451404 -0.009744790 -0.012980916 0.002184848 0.999865890
1712732421.944459 -0.007462126 0.009832755 0.868558526 -0.009995560 -0.013043764 0.002487140 0.999861896
1712732421.986316 -0.007238084 0.009768782 0.867333055 -0.009929745 -0.013093284 0.002351708 0.999862254
1712732422.018951 -0.006798192 0.009648361 0.866091192 -0.010009092 -0.013425628 0.002627471 0.999856412
1712732422.047155 -0.007065483 0.010428675 0.865539253 -0.009850941 -0.013185467 0.002673524 0.999861002
1712732422.082735 -0.006612279 0.009528365 0.864821553 -0.010571508 -0.013509074 0.002629502 0.999849439
1712732422.115888 -0.006636001 0.010175087 0.863591373 -0.009946079 -0.013329061 0.002845862 0.999857724
1712732422.158272 -0.006573722 0.009932162 0.862657607 -0.010094666 -0.013431979 0.002949223 0.999854505
1712732422.184859 -0.006108007 0.010065321 0.861207604 -0.010144204 -0.013840184 0.003287582 0.999847353
1712732422.215461 -0.006312414 0.010151803 0.860166013 -0.010232076 -0.013586781 0.003149589 0.999850392
1712732422.254356 -0.006291858 0.009915406 0.858822644 -0.010406030 -0.013689876 0.003003486 0.999847710
1712732422.283398 -0.006508774 0.010110368 0.857408881 -0.010625544 -0.013687306 0.002786964 0.999846041
1712732422.315360 -0.006620826 0.010006832 0.856737256 -0.010743961 -0.013647789 0.002773271 0.999845386
1712732422.347804 -0.006662291 0.009449486 0.855059028 -0.010869591 -0.013428894 0.002577740 0.999847472
1712732422.381268 -0.007015188 0.009599601 0.854005158 -0.010797353 -0.013236344 0.002539084 0.999850929
1712732422.419834 -0.006118187 0.009539432 0.852502346 -0.010832753 -0.013798309 0.003172176 0.999841094
1712732422.462459 -0.006703463 0.010020656 0.851634860 -0.010791298 -0.013450863 0.002928650 0.999847114
1712732422.484148 -0.006205073 0.009707369 0.850445271 -0.010716360 -0.013646233 0.003254849 0.999844193
1712732422.514992 -0.006669364 0.010510035 0.848742187 -0.009953619 -0.013201718 0.003572679 0.999857008
1712732422.548732 -0.005397962 0.009317836 0.846379399 -0.010670047 -0.013976750 0.003855535 0.999838054
1712732422.582878 -0.006124055 0.010032856 0.845543504 -0.010109629 -0.013540477 0.004581026 0.999846756
1712732422.614002 -0.006058253 0.009639741 0.843876600 -0.010355041 -0.013658308 0.004611176 0.999842465
1712732422.645352 -0.005739077 0.010850699 0.841777146 -0.009964550 -0.014114192 0.005289587 0.999836802
1712732422.685315 -0.005846489 0.009846114 0.840689540 -0.011089354 -0.014210101 0.005148293 0.999824286
1712732422.716624 -0.005452546 0.008973368 0.838992357 -0.011483245 -0.014469943 0.005384719 0.999814928
1712732422.746430 -0.006350277 0.009379744 0.837472737 -0.011091999 -0.013953154 0.004961444 0.999828875
1712732422.782710 -0.005817898 0.009427606 0.835687101 -0.010748473 -0.014383181 0.005082901 0.999825895
1712732422.812899 -0.005558713 0.009530151 0.833836615 -0.010609625 -0.014664637 0.005029598 0.999823511
1712732422.852344 -0.005369144 0.009485199 0.832281828 -0.010726748 -0.014743088 0.005274589 0.999819875
1712732422.881255 -0.006171890 0.008778271 0.830563426 -0.011148245 -0.014330597 0.004487523 0.999825180
1712732422.918586 -0.005748463 0.009439748 0.828942537 -0.010180005 -0.014626849 0.004876529 0.999829412
1712732422.953054 -0.005085461 0.008804680 0.825995088 -0.010252839 -0.015143328 0.004270555 0.999823630
1712732422.984302 -0.006171674 0.009140796 0.825205326 -0.009944364 -0.014477369 0.004146426 0.999837220
1712732423.017439 -0.005979293 0.009316703 0.822979450 -0.009929786 -0.014300860 0.004319319 0.999839127
1712732423.054256 -0.005692843 0.009591879 0.820397377 -0.009952997 -0.014646684 0.004108781 0.999834776
1712732423.080544 -0.005021306 0.009645075 0.818625212 -0.010156540 -0.015315979 0.004528906 0.999820828
1712732423.116317 -0.004498639 0.009688533 0.816167712 -0.009807535 -0.015367002 0.004553211 0.999823511
1712732423.152020 -0.005313944 0.009894772 0.814564347 -0.009860274 -0.014866490 0.004602613 0.999830306
1712732423.179635 -0.005439897 0.009870234 0.813574195 -0.009851122 -0.015102157 0.004251736 0.999828458
1712732423.215136 -0.005618660 0.009610259 0.811685264 -0.009959302 -0.015120148 0.003878510 0.999828637
1712732423.249399 -0.006243334 0.009668095 0.809826314 -0.010030019 -0.014459151 0.003487767 0.999839067
1712732423.291597 -0.005690084 0.009415988 0.807624400 -0.010298819 -0.014534936 0.003614549 0.999834895
1712732423.318453 -0.005976254 0.009977681 0.805694878 -0.009693979 -0.014482573 0.003419991 0.999842346
1712732423.353822 -0.005061165 0.010099451 0.802673578 -0.010089221 -0.015172255 0.003094224 0.999829292
1712732423.385012 -0.005173969 0.010163754 0.801716447 -0.009969070 -0.015011192 0.003271937 0.999832273
1712732423.416071 -0.005209169 0.010048584 0.799164057 -0.009317101 -0.014822219 0.003711039 0.999839902
1712732423.449249 -0.005343556 0.010218197 0.795883536 -0.009184290 -0.015034640 0.003265231 0.999839485
1712732423.488073 -0.005107265 0.010200432 0.794185460 -0.009624504 -0.015056020 0.002913769 0.999836087
1712732423.513071 -0.005352191 0.009908278 0.792336702 -0.009490916 -0.014592462 0.002615809 0.999845088
1712732423.553816 -0.005452973 0.010540509 0.789604306 -0.009228270 -0.014682999 0.002361442 0.999846876
1712732423.587070 -0.004992944 0.010280180 0.787772775 -0.009756998 -0.015172415 0.002100416 0.999835134
1712732423.614144 -0.004717134 0.009151691 0.785216749 -0.010590410 -0.015016888 0.001152397 0.999830604
1712732423.658727 -0.004725865 0.009423488 0.782732189 -0.010704593 -0.014932607 0.000898214 0.999830842
1712732423.681076 -0.004874030 0.009126227 0.780580461 -0.011360941 -0.014812302 0.000532060 0.999825597
1712732423.715282 -0.004198328 0.008376432 0.778484583 -0.011767036 -0.014948406 0.000514420 0.999818921
1712732423.749497 -0.004503506 0.008138850 0.775952339 -0.011031899 -0.014293433 0.000848383 0.999836624
1712732423.784357 -0.003288809 0.008575590 0.772787631 -0.010135420 -0.014832698 0.001321958 0.999837756
1712732423.823725 -0.002689785 0.008237339 0.769257009 -0.010166920 -0.015145074 0.001404666 0.999832690
1712732423.854497 -0.002659253 0.007478470 0.768573165 -0.009849869 -0.014712929 0.001722635 0.999841750
1712732423.883530 -0.002877614 0.009124716 0.766210258 -0.008577572 -0.014262569 0.002190077 0.999859095
1712732423.919056 -0.002470991 0.008972553 0.763752103 -0.008995833 -0.014497936 0.002656287 0.999850929
1712732423.952735 -0.002396841 0.007908259 0.761544287 -0.009339183 -0.014234563 0.002905508 0.999850869
1712732423.981804 -0.002358413 0.008222294 0.758415103 -0.008320583 -0.013955495 0.003373642 0.999862373
1712732424.018558 -0.001694014 0.007465673 0.755442798 -0.008329785 -0.014070821 0.003736088 0.999859333
1712732424.047549 -0.002323587 0.006891933 0.752682149 -0.007622583 -0.013562396 0.004204997 0.999870181
1712732424.084831 -0.001578038 0.007241093 0.749822319 -0.006473482 -0.013549416 0.004885581 0.999875367
1712732424.119889 -0.001274591 0.006988395 0.746388912 -0.005941811 -0.013537070 0.005257415 0.999876916
1712732424.152719 -0.001254987 0.007006845 0.743287802 -0.005355216 -0.013556538 0.006020695 0.999875665
1712732424.190017 -0.000769721 0.008046957 0.740119815 -0.004467824 -0.014058209 0.006030662 0.999873042
1712732424.223302 -0.000687995 0.007837881 0.737344265 -0.004507171 -0.014516594 0.005721617 0.999868155
1712732424.254388 -0.001071737 0.006838508 0.734404445 -0.004611156 -0.014365186 0.004508599 0.999876022
1712732424.286827 -0.001243591 0.007714894 0.731550455 -0.003717064 -0.014429595 0.003809620 0.999881804
1712732424.321111 -0.000529211 0.007766264 0.728247285 -0.003647890 -0.014811415 0.003528574 0.999877453
1712732424.350705 -0.000304874 0.007575815 0.725637197 -0.003809437 -0.014670421 0.003010905 0.999880612
1712732424.392398 -0.000159304 0.007799122 0.723014235 -0.004215169 -0.014414969 0.003139427 0.999882340
1712732424.420987 -0.000126362 0.007547686 0.720311761 -0.004464243 -0.013981111 0.003310415 0.999886870
1712732424.452177 -0.000244231 0.007194830 0.717251658 -0.004473546 -0.013680050 0.003514201 0.999890327
1712732424.483410 -0.000604880 0.007945988 0.714282215 -0.004372897 -0.013582454 0.003295832 0.999892831
1712732424.514127 -0.000118208 0.008124325 0.711023271 -0.004668760 -0.013998366 0.003061657 0.999886513
1712732424.551958 -0.000526227 0.008222983 0.707816720 -0.005310942 -0.014125729 0.002423537 0.999883235
1712732424.582968 0.000313760 0.006707470 0.704382241 -0.006469410 -0.014419742 0.002153936 0.999872804
1712732424.619361 0.000543311 0.006953331 0.701400340 -0.005895067 -0.014034241 0.002590195 0.999880791
1712732424.654892 0.000931143 0.006893088 0.698220670 -0.005649885 -0.013595890 0.003459390 0.999885678
1712732424.684472 0.001181829 0.007021748 0.695212185 -0.005249618 -0.013516475 0.003933584 0.999887168
1712732424.716087 0.000654969 0.006304418 0.692279816 -0.004985258 -0.013476068 0.003709806 0.999889970
1712732424.760425 0.000345688 0.006346920 0.690345705 -0.004288386 -0.013650579 0.003003880 0.999893129
1712732424.794596 0.000767408 0.006622004 0.687237740 -0.003568418 -0.014060694 0.003054838 0.999890149
1712732424.823867 0.000645401 0.007079731 0.683895767 -0.002596851 -0.014103376 0.002965703 0.999892831
1712732424.852429 0.001086173 0.007353236 0.680290401 -0.002203062 -0.014089131 0.003148756 0.999893367
1712732424.885491 0.001123479 0.007600150 0.676686823 -0.002445504 -0.013776879 0.003071350 0.999897480
1712732424.916418 0.000964146 0.006855179 0.673032403 -0.003520097 -0.013461160 0.003035652 0.999898672
1712732424.952589 0.001176351 0.007519833 0.669560432 -0.003921803 -0.013803465 0.003172154 0.999891996
1712732424.984109 0.001136589 0.006325934 0.667000711 -0.004962856 -0.014062569 0.002767926 0.999884963
1712732425.018440 0.000759653 0.006439554 0.663581371 -0.004178713 -0.014041681 0.001899744 0.999890864
1712732425.052207 0.000643670 0.006597643 0.660326123 -0.004058746 -0.014012312 0.001547635 0.999892414
1712732425.084840 0.000668211 0.005930982 0.656651020 -0.004302121 -0.013831961 0.001073761 0.999894500
1712732425.125122 0.000860836 0.006816935 0.653600931 -0.004001746 -0.013374174 0.001656098 0.999901175
1712732425.152286 0.001522917 0.007111680 0.649593353 -0.004594896 -0.012990119 0.002091882 0.999902904
1712732425.196224 0.001765246 0.008057431 0.646088123 -0.005449750 -0.012646054 0.003100191 0.999900401
1712732425.221307 0.002013936 0.007055442 0.642459571 -0.007213156 -0.012793039 0.004057085 0.999883950
1712732425.254357 0.002224426 0.006555790 0.638710558 -0.007955118 -0.012910853 0.004240882 0.999876082
1712732425.288909 0.002999900 0.006496738 0.636442780 -0.007997161 -0.013308571 0.004279170 0.999870300
1712732425.318252 0.003442393 0.005610327 0.632808745 -0.008263310 -0.013273764 0.004389515 0.999868214
1712732425.348925 0.004256508 0.000190438 0.630309582 -0.007984005 -0.013105004 0.004078461 0.999873996
1712732425.381912 0.004434269 0.005704651 0.626024604 -0.002039868 -0.012429940 0.004468355 0.999910772
1712732425.417947 0.003994517 0.005319338 0.626943350 -0.004065149 -0.011628087 0.004467535 0.999914169
1712732425.453787 0.004406830 0.006810979 0.625280321 -0.003548793 -0.011752976 0.005127850 0.999911547
1712732425.487240 0.003664908 0.006761710 0.626865447 -0.005278701 -0.011738714 0.004769729 0.999905825
1712732425.517890 0.003713184 0.007134018 0.628141284 -0.006835979 -0.012102682 0.004566881 0.999893010
1712732425.548519 0.003924062 0.007361385 0.629430413 -0.007558907 -0.012089854 0.004359220 0.999888897
1712732425.587384 0.003817411 0.006943883 0.629799664 -0.009056202 -0.011991010 0.004630333 0.999876440
1712732425.623458 0.004237968 0.005820954 0.629785538 -0.009035106 -0.012245221 0.004703192 0.999873161
1712732425.656521 0.004084272 0.006313551 0.629502892 -0.007882094 -0.012071276 0.004483486 0.999886096
1712732425.681518 0.003556387 0.006368243 0.629259884 -0.007624684 -0.011873924 0.004575386 0.999889970
1712732425.720822 0.003557371 0.006597457 0.629187286 -0.007388607 -0.012026069 0.004649780 0.999889612
1712732425.753208 0.003357964 0.006547240 0.628828466 -0.007453999 -0.011898564 0.004550133 0.999891102
1712732425.784069 0.003321316 0.006942123 0.628940582 -0.007575357 -0.011851629 0.004502697 0.999890924
1712732425.817289 0.003755225 0.006493241 0.628792822 -0.007971806 -0.011961855 0.004254149 0.999887645
1712732425.849722 0.003960877 0.006672035 0.629677057 -0.007881647 -0.011966511 0.004649116 0.999886572
1712732425.883746 0.003876887 0.006430992 0.629621863 -0.007993669 -0.011998781 0.004968625 0.999883771
1712732425.917213 0.003796723 0.006499485 0.629451692 -0.007785683 -0.011965856 0.004986834 0.999885738
1712732425.956698 0.003761552 0.006649245 0.629685521 -0.007728499 -0.011957707 0.004940631 0.999886453
1712732425.981280 0.004218591 0.006843115 0.629158795 -0.007630645 -0.012156062 0.004913653 0.999884963
1712732426.019810 0.004250983 0.006635245 0.629346907 -0.007871075 -0.012155319 0.004920820 0.999883056
1712732426.053999 0.004006689 0.006522601 0.629190922 -0.007900476 -0.012071046 0.004947026 0.999883711
1712732426.090816 0.004040467 0.006561564 0.629400909 -0.007837059 -0.012045133 0.005078911 0.999883890
1712732426.116746 0.004015121 0.006257118 0.629180908 -0.007955869 -0.012015964 0.005142349 0.999882996
1712732426.149310 0.004342963 0.006245185 0.629051983 -0.007959467 -0.012181293 0.005005702 0.999881685
1712732426.184361 0.004018751 0.006645832 0.629213572 -0.007900930 -0.011987416 0.004818612 0.999885380
1712732426.213758 0.004277679 0.006641363 0.628854036 -0.008165998 -0.011937444 0.005091505 0.999882519
1712732426.249676 0.003900495 0.006477878 0.628233194 -0.008654214 -0.011660880 0.004967156 0.999882281
1712732426.287278 0.004187828 0.005992732 0.628234029 -0.008945542 -0.011979264 0.005047165 0.999875546
1712732426.316802 0.004322783 0.006662678 0.627233684 -0.008317160 -0.011886499 0.005055079 0.999882042
1712732426.358083 0.004433845 0.006542732 0.627475858 -0.008168304 -0.011992301 0.005233241 0.999881089
1712732426.390930 0.004379905 0.006561412 0.626301408 -0.008175526 -0.012054708 0.005217116 0.999880373
1712732426.419648 0.004095932 0.006293727 0.625256658 -0.008633781 -0.012001896 0.005168715 0.999877334
1712732426.461853 0.004357286 0.006358769 0.624495149 -0.008883682 -0.012088674 0.005240232 0.999873817
1712732426.483680 0.004261381 0.006495467 0.624130547 -0.008657428 -0.012193142 0.005422615 0.999873519
1712732426.519322 0.004318588 0.006558018 0.623475611 -0.008577195 -0.012285705 0.005379010 0.999873340
1712732426.557475 0.004255039 0.006616000 0.622348428 -0.008570028 -0.012240397 0.005154634 0.999875069
1712732426.586332 0.004192477 0.006217331 0.621621847 -0.008825692 -0.012184718 0.005106145 0.999873817
1712732426.620408 0.004560454 0.006503702 0.620762527 -0.008637975 -0.012256280 0.005428402 0.999872923
1712732426.648136 0.004766667 0.006177126 0.619538426 -0.009165036 -0.012335824 0.005616827 0.999866128
1712732426.691736 0.004843153 0.006221945 0.618662000 -0.008845205 -0.012350698 0.005727406 0.999868274
1712732426.715664 0.004376090 0.006225031 0.617818832 -0.008783948 -0.012154278 0.005553059 0.999872148
1712732426.755864 0.003988661 0.005879149 0.616316020 -0.008882425 -0.012051808 0.005515818 0.999872744
1712732426.783044 0.004237054 0.006783395 0.615058899 -0.008425367 -0.012239925 0.005764144 0.999873042
1712732426.818859 0.004216274 0.005712810 0.613668859 -0.009211474 -0.012267769 0.005713529 0.999866009
1712732426.850571 0.004561025 0.005983271 0.612116754 -0.008660253 -0.012377156 0.006158182 0.999867022
1712732426.891437 0.004429479 0.006097345 0.610702336 -0.008454734 -0.012136295 0.006293055 0.999870896
1712732426.915498 0.004659834 0.006404819 0.609712005 -0.008321387 -0.012220310 0.006638538 0.999868691
1712732426.949378 0.004210609 0.006470446 0.608394086 -0.008167946 -0.012192837 0.006678639 0.999870002
1712732426.990554 0.004403321 0.006489304 0.607075036 -0.008305825 -0.012378897 0.006982145 0.999864519
1712732427.021846 0.004918417 0.006910108 0.605703175 -0.008503116 -0.012700682 0.007178423 0.999857426
1712732427.057583 0.004645913 0.006260125 0.604825616 -0.009220241 -0.012623473 0.007352006 0.999850810
1712732427.087618 0.004583098 0.005984257 0.602917254 -0.009086815 -0.012596497 0.007429411 0.999851823
1712732427.114086 0.004847216 0.006589951 0.601461649 -0.008787694 -0.012717808 0.007401843 0.999853194
1712732427.162078 0.005056870 0.006230719 0.600166261 -0.008672869 -0.012796625 0.007255984 0.999854267
1712732427.188189 0.005311923 0.007173031 0.598898232 -0.008217867 -0.012938804 0.007466366 0.999854684
1712732427.224622 0.004945597 0.006203152 0.597209454 -0.008891768 -0.012793316 0.007326636 0.999851823
1712732427.253057 0.005241068 0.006453297 0.595372558 -0.008255576 -0.013012791 0.007149051 0.999855757
1712732427.287632 0.005072411 0.005874356 0.593398750 -0.008331477 -0.012947175 0.007148167 0.999855936
1712732427.317897 0.005100152 0.006100045 0.592154682 -0.007800149 -0.012941993 0.006756838 0.999863088
1712732427.349208 0.004951108 0.006131197 0.589477122 -0.007695129 -0.012934375 0.006576825 0.999865174
1712732427.384346 0.005258916 0.005746950 0.588255823 -0.007790499 -0.013158572 0.006236296 0.999863684
1712732427.416431 0.005054966 0.005792262 0.586506784 -0.007424129 -0.013153957 0.006266989 0.999866366
1712732427.454154 0.005077372 0.006108139 0.585028291 -0.007016799 -0.013133646 0.006383710 0.999868810
1712732427.491285 0.005289938 0.005782003 0.582943082 -0.007060742 -0.013216528 0.006017581 0.999869645
1712732427.520568 0.005044067 0.006281790 0.581457078 -0.006883511 -0.013184664 0.006450224 0.999868691
1712732427.554693 0.005084261 0.006038558 0.579267979 -0.007393748 -0.013027858 0.006151729 0.999868929
1712732427.589067 0.005130091 0.005439689 0.577482641 -0.007616999 -0.012957103 0.006386961 0.999866724
1712732427.620605 0.005124847 0.005724793 0.575205624 -0.007091376 -0.012939499 0.006212041 0.999871910
1712732427.653380 0.004602441 0.005778519 0.573439419 -0.007001408 -0.012794739 0.006042131 0.999875367
1712732427.685682 0.005532929 0.005811221 0.571341276 -0.006948632 -0.013155950 0.006273331 0.999869704
1712732427.714801 0.005481275 0.005550426 0.569251418 -0.007058798 -0.012925536 0.005969765 0.999873817
1712732427.753435 0.005430836 0.005470599 0.566948175 -0.006931990 -0.012844867 0.005647179 0.999877572
1712732427.787650 0.005363548 0.005738279 0.564775348 -0.006646913 -0.012940878 0.005360211 0.999879837
1712732427.817440 0.005275507 0.005463736 0.562791407 -0.006596165 -0.012820859 0.005152447 0.999882817
1712732427.851988 0.005683144 0.005376959 0.560962021 -0.006251108 -0.012849017 0.005077632 0.999885023
1712732427.884368 0.005458565 0.005525437 0.558663011 -0.005734839 -0.012741874 0.004903642 0.999890387
1712732427.924861 0.005609251 0.005610981 0.556410313 -0.005739152 -0.012990654 0.004701594 0.999888182
1712732427.955901 0.005617076 0.005901559 0.554221272 -0.005608733 -0.012723977 0.004705563 0.999892294
1712732427.989431 0.005434650 0.005422713 0.551893353 -0.005821002 -0.012567397 0.004569886 0.999893665
1712732428.021462 0.005664512 0.005614873 0.551539719 -0.005879083 -0.013015905 0.004208680 0.999889195
1712732428.065135 0.005889784 0.005772282 0.549832523 -0.005956786 -0.013201260 0.003927282 0.999887407
1712732428.084118 0.005652214 0.005381059 0.546679735 -0.006399714 -0.012919952 0.003385098 0.999890327
1712732428.117746 0.005817262 0.005268665 0.544359267 -0.006413590 -0.012831204 0.003211924 0.999891996
1712732428.152655 0.005974825 0.005862025 0.542472243 -0.006576288 -0.012657749 0.003165161 0.999893248
1712732428.185822 0.006239938 0.005015542 0.540745795 -0.006933530 -0.012427793 0.003461637 0.999892771
1712732428.220440 0.006058998 0.004719878 0.537566006 -0.005805767 -0.012148751 0.003685231 0.999902606
1712732428.255229 0.006079853 0.005074777 0.534286499 -0.004901838 -0.012081589 0.004021154 0.999906957
1712732428.283355 0.006711410 0.004572765 0.532084942 -0.004539826 -0.012326732 0.004466289 0.999903798
1712732428.320309 0.007203158 0.004493368 0.529393613 -0.003696465 -0.012321129 0.005201941 0.999903798
1712732428.357499 0.006906181 0.005578849 0.526807725 -0.003119026 -0.012075668 0.005265695 0.999908447
1712732428.389748 0.007357009 0.004415229 0.523884535 -0.003968382 -0.012116999 0.005684427 0.999902606
1712732428.421953 0.007656029 0.003879223 0.520611286 -0.003515436 -0.011881119 0.005935306 0.999905646
1712732428.456754 0.007265158 0.004824788 0.517927885 -0.002662642 -0.011630296 0.006213204 0.999909520
1712732428.493158 0.007722889 0.004032837 0.515399039 -0.002551114 -0.011619141 0.006808581 0.999906063
1712732428.522389 0.008062706 0.003632166 0.512093902 -0.001815925 -0.011502118 0.007578810 0.999903560
1712732428.558120 0.008082456 0.004099712 0.508881390 -0.001340284 -0.011519375 0.007816183 0.999902248
1712732428.586771 0.008165589 0.004278428 0.505771518 -0.000960729 -0.011661736 0.008258449 0.999897480
1712732428.615441 0.008458279 0.004101595 0.502459705 -0.000781880 -0.012313281 0.008191570 0.999890327
1712732428.665376 0.008031102 0.004175312 0.499390066 -0.000738591 -0.012471613 0.007483924 0.999893963
1712732428.686831 0.008173562 0.003945167 0.496741682 -0.000510179 -0.012696544 0.006701806 0.999896884
1712732428.725530 0.008252234 0.004248145 0.493496001 -0.000107347 -0.012859298 0.006045714 0.999899089
1712732428.754826 0.008253825 0.004373759 0.490008026 -0.000336214 -0.012926895 0.005134334 0.999903262
1712732428.788584 0.008515428 0.004818301 0.488252282 -0.000906476 -0.013014560 0.004611208 0.999904275
1712732428.820898 0.008346817 0.004550601 0.485614806 -0.001692920 -0.012707939 0.004257910 0.999908805
1712732428.855582 0.008313262 0.004415593 0.481880248 -0.001655035 -0.012533758 0.004634117 0.999909401
1712732428.887558 0.008373004 0.005056269 0.478621989 -0.001717772 -0.012775851 0.004472980 0.999906957
1712732428.919439 0.008930984 0.005215416 0.476011723 -0.002157643 -0.013275652 0.004331266 0.999900162
1712732428.961617 0.008485192 0.005466656 0.472734541 -0.002994913 -0.013156493 0.003851361 0.999901593
1712732428.992374 0.008865239 0.005498455 0.469480395 -0.003867573 -0.013185466 0.003308812 0.999900103
1712732429.018524 0.008917804 0.005125880 0.466243535 -0.004489116 -0.012787674 0.003734832 0.999901235
1712732429.061200 0.009095795 0.004821482 0.462982178 -0.004320759 -0.012436935 0.004166706 0.999904692
1712732429.091730 0.008731735 0.004644466 0.459530592 -0.004022594 -0.012267350 0.004879401 0.999904752
1712732429.124455 0.009165932 0.004774636 0.455685407 -0.003737832 -0.012724807 0.005240187 0.999898314
1712732429.157480 0.009361958 0.004971805 0.452431798 -0.003517261 -0.012911276 0.004971203 0.999898136
1712732429.190004 0.009639998 0.005217160 0.448947847 -0.003418812 -0.013031159 0.005308727 0.999895215
1712732429.221791 0.009567521 0.005299594 0.445689201 -0.003941651 -0.012875615 0.005246213 0.999895632
1712732429.257058 0.009633426 0.005329498 0.441774130 -0.004343695 -0.012778216 0.005141736 0.999895751
1712732429.287756 0.009579103 0.005563621 0.438203812 -0.004704205 -0.012678226 0.005291572 0.999894559
1712732429.317999 0.009756448 0.005687241 0.434703320 -0.005322011 -0.012880565 0.005107522 0.999889910
1712732429.364728 0.009537859 0.005014920 0.431870878 -0.006425603 -0.013102532 0.004523994 0.999883294
1712732429.386396 0.009623935 0.004416283 0.427997619 -0.006292622 -0.013568037 0.003714399 0.999881327
1712732429.418072 0.009761905 0.004172737 0.424085945 -0.006307756 -0.013673101 0.003218333 0.999881506
1712732429.452727 0.009900670 0.004436994 0.420867473 -0.005963550 -0.013190646 0.002966970 0.999890864
1712732429.486120 0.010108439 0.005322450 0.417266190 -0.005693013 -0.012549846 0.003282204 0.999899745
1712732429.522735 0.010603548 0.005203487 0.413094074 -0.006585798 -0.012133161 0.003729856 0.999897778
1712732429.558844 0.010460654 0.005756127 0.408837616 -0.007508997 -0.011930196 0.004282515 0.999891520
1712732429.586785 0.010531523 0.005541607 0.404982746 -0.008609149 -0.012118167 0.004684704 0.999878526
1712732429.626824 0.010790465 0.005134047 0.402006954 -0.009540970 -0.012172397 0.005075070 0.999867558
1712732429.671857 0.011084167 0.004734676 0.397230864 -0.009554191 -0.012201413 0.005480262 0.999864936
1712732429.694878 0.011569396 0.004852632 0.393553555 -0.009225484 -0.012214540 0.005261910 0.999869049
1712732429.720128 0.011355255 0.004793181 0.389074922 -0.009010491 -0.011931149 0.005258521 0.999874473
1712732429.757544 0.011501888 0.004959189 0.384767085 -0.009084455 -0.012172157 0.005480404 0.999869704
1712732429.789163 0.011093002 0.004419063 0.383664519 -0.009571409 -0.011977002 0.005746155 0.999865949
1712732429.823921 0.010979973 0.004597201 0.379663378 -0.009160295 -0.011822369 0.006287678 0.999868393
1712732429.853970 0.011662507 0.003989179 0.374625862 -0.008675848 -0.011893934 0.007147135 0.999866188
1712732429.884305 0.011753078 0.004920624 0.370923936 -0.008054394 -0.011959445 0.007646202 0.999866843
1712732429.919044 0.012121328 0.004298175 0.366230696 -0.008951966 -0.011963902 0.008250085 0.999854386
1712732429.957370 0.011892618 0.004153881 0.361672938 -0.008714490 -0.011749635 0.007680898 0.999863505
1712732429.990369 0.011821673 0.003736953 0.356628716 -0.008428166 -0.011844815 0.007125543 0.999868989
1712732430.024430 0.011704111 0.003638070 0.352377534 -0.007611495 -0.012213580 0.006856708 0.999872983
1712732430.059257 0.012033950 0.003895642 0.347380906 -0.006800512 -0.012636082 0.005929829 0.999879479
1712732430.094786 0.012169410 0.004359241 0.342940807 -0.006934393 -0.012565206 0.005925310 0.999879479
1712732430.119019 0.012766008 0.003880684 0.338101208 -0.007501221 -0.012622506 0.006106637 0.999873579
1712732430.156458 0.012375202 0.003554764 0.333273232 -0.007506473 -0.012625011 0.005714221 0.999875844
1712732430.187341 0.012382394 0.003429070 0.328194231 -0.006574932 -0.012906917 0.004963665 0.999882817
1712732430.219525 0.012455741 0.003500278 0.323529303 -0.005908734 -0.013005042 0.003914400 0.999890327
1712732430.262819 0.012317528 0.004337313 0.318728298 -0.005811913 -0.012721883 0.003380706 0.999896526
1712732430.287417 0.012404576 0.004331820 0.313010156 -0.006549608 -0.012804845 0.002666323 0.999893010
1712732430.322848 0.012272134 0.003834535 0.308216006 -0.007679082 -0.013176909 0.001944384 0.999881864
1712732430.360584 0.012892997 0.003355932 0.304070681 -0.007262969 -0.013131762 0.002071383 0.999885261
1712732430.392273 0.013391590 0.003061781 0.298885226 -0.005652919 -0.012517110 0.002776409 0.999901891
1712732430.425565 0.013415444 0.003393818 0.294791132 -0.004857046 -0.011926198 0.003438125 0.999911249
1712732430.458246 0.013605396 0.003202267 0.289561838 -0.004375911 -0.011954520 0.004730913 0.999907792
1712732430.486926 0.014224481 0.002408446 0.284447163 -0.003813969 -0.012224413 0.005538312 0.999902666
1712732430.529217 0.014207218 0.001916126 0.279459536 -0.002831169 -0.011903977 0.006301071 0.999905348
1712732430.553538 0.014084012 0.002148947 0.273887396 -0.001204409 -0.011632737 0.006977373 0.999907315
1712732430.584339 0.014013311 0.002278162 0.268243611 -0.000500438 -0.012233849 0.006625083 0.999903142
1712732430.620477 0.013771318 0.002236363 0.263142675 -0.000369000 -0.013113859 0.005186172 0.999900520
1712732430.658901 0.013792004 0.002479633 0.257698029 0.000109823 -0.013535332 0.003223167 0.999903202
1712732430.684722 0.014247110 0.002346719 0.253165573 -0.000443644 -0.013554281 0.002239181 0.999905586
1712732430.724255 0.014326253 0.002243216 0.248090968 -0.000947554 -0.012817597 0.002178808 0.999915123
1712732430.761635 0.014337641 0.002584408 0.243194580 -0.001028428 -0.012405222 0.002374117 0.999919713
1712732430.787746 0.013822881 0.002655703 0.236894652 -0.001847228 -0.012660176 0.001599961 0.999916911
1712732430.819406 0.014720533 0.002299663 0.232652098 -0.002738937 -0.013748257 0.001779981 0.999900162
1712732430.858686 0.015433962 0.002174844 0.227476329 -0.002169441 -0.013452648 0.002095756 0.999905050
1712732430.896087 0.015498804 0.001746771 0.221981779 -0.002236380 -0.012468117 0.002808577 0.999915838
1712732430.920339 0.015247285 0.002290006 0.216124132 -0.001459861 -0.012193585 0.002882427 0.999920487
1712732430.954762 0.015582806 0.001987756 0.211398587 -0.001410915 -0.012661621 0.003049780 0.999914229
1712732430.984611 0.015829775 0.002423289 0.205681860 -0.001553433 -0.012553108 0.003200137 0.999914944
1712732431.020141 0.016104069 0.002527121 0.200592801 -0.002600366 -0.012471935 0.002829957 0.999914885
1712732431.055244 0.015585737 0.002439599 0.195289522 -0.003761339 -0.012322512 0.001807840 0.999915361
1712732431.088156 0.016038952 0.001845708 0.190498337 -0.003322299 -0.012940381 0.001281288 0.999909937
1712732431.119092 0.016529022 0.002151499 0.184005991 -0.002720996 -0.012813251 0.000557076 0.999914110
1712732431.152804 0.016655052 0.002742094 0.178132534 -0.003594914 -0.012246317 0.000827501 0.999918282
1712732431.194668 0.016719379 0.003113677 0.172176987 -0.005215792 -0.011883307 0.001730204 0.999914289
1712732431.220216 0.016834535 0.002725220 0.166982189 -0.006743001 -0.011943368 0.002657623 0.999902427
1712732431.256497 0.016630450 0.002175210 0.161762863 -0.006654875 -0.011959386 0.002403717 0.999903440
1712732431.289955 0.017247993 0.002540356 0.155868351 -0.005600540 -0.012358212 0.002731238 0.999904275
1712732431.319026 0.017476825 0.002316892 0.151201427 -0.005849831 -0.012680950 0.002298351 0.999899924
1712732431.353393 0.017617293 0.002011505 0.145070925 -0.006290521 -0.012983129 0.002403013 0.999893069
1712732431.385393 0.017545385 0.002000663 0.139693394 -0.004966829 -0.012838063 0.003074780 0.999900579
1712732431.418828 0.018212374 0.001472884 0.132744074 -0.004426158 -0.013240486 0.003661545 0.999895930
1712732431.453326 0.018673729 0.001580122 0.127003878 -0.005679392 -0.013513049 0.004509266 0.999882460
1712732431.487449 0.018565148 0.001144919 0.120865867 -0.005539945 -0.013498157 0.004190689 0.999884784
1712732431.529352 0.018854771 0.001208135 0.115251079 -0.004393662 -0.013804156 0.003474702 0.999889076
1712732431.558822 0.018457325 0.001582632 0.109100237 -0.003238793 -0.013952635 0.003091468 0.999892652
1712732431.585748 0.018991997 0.001505841 0.102640457 -0.004248903 -0.014449053 0.002901969 0.999882400
1712732431.622771 0.018526692 -0.000218059 0.100971967 -0.003947632 -0.014353440 0.004933287 0.999877095
1712732431.658140 0.018927919 -0.000362746 0.091965295 0.005883791 -0.013351835 0.002006015 0.999891579
1712732431.689739 0.019619571 0.000373748 0.087231919 0.002034193 -0.013458717 0.002192396 0.999904990
1712732431.720806 0.019300209 0.000483466 0.087479547 0.001526851 -0.013258181 0.002423778 0.999908030
1712732431.755781 0.018972622 0.000423811 0.086363383 0.003075863 -0.013097656 0.002597387 0.999906123
1712732431.786554 0.019366195 0.000951662 0.085190684 0.001091524 -0.013685031 0.002146065 0.999903500
1712732431.821361 0.019047629 0.000973948 0.087016083 -0.000719897 -0.013875597 0.001976246 0.999901593
1712732431.856160 0.019280026 0.001380739 0.087049946 -0.001612897 -0.013829557 0.002136603 0.999900818
1712732431.889304 0.019160807 0.001390289 0.088645965 -0.003286624 -0.013539701 0.002134913 0.999900699
1712732431.919216 0.018801792 0.001408720 0.089435451 -0.003736577 -0.013264466 0.002483789 0.999902010
1712732431.961205 0.018721713 0.001109539 0.089641258 -0.003733055 -0.013318921 0.002217915 0.999901950
1712732431.997137 0.018721167 0.001142839 0.089532591 -0.002874165 -0.013309121 0.002060733 0.999905229
1712732432.029678 0.018861178 0.001006864 0.089005753 -0.002682920 -0.013556086 0.002160865 0.999902248
1712732432.057266 0.018915797 0.001126052 0.088753119 -0.002510543 -0.013593741 0.002049052 0.999902368
1712732432.088241 0.018962674 0.001218299 0.088628016 -0.002460152 -0.013587464 0.002120217 0.999902427
1712732432.122060 0.018939447 0.001336530 0.088788904 -0.002621248 -0.013565335 0.001990861 0.999902606
1712732432.155878 0.018835137 0.001341117 0.088918351 -0.002806166 -0.013451360 0.002096839 0.999903440
1712732432.189261 0.018822482 0.001216029 0.088918410 -0.002884141 -0.013496243 0.002168163 0.999902427
1712732432.217736 0.018875672 0.001237034 0.089107215 -0.002762626 -0.013545129 0.002317798 0.999901772
1712732432.256780 0.018767212 0.001334854 0.089074016 -0.002594118 -0.013449298 0.002196162 0.999903798
1712732432.288990 0.018908830 0.001252498 0.088993102 -0.002638121 -0.013594645 0.002317033 0.999901474
1712732432.320550 0.018857978 0.001251159 0.088835724 -0.002785358 -0.013502344 0.002136296 0.999902725
1712732432.358270 0.018737614 0.001330744 0.089105360 -0.002759080 -0.013432483 0.002178168 0.999903619
1712732432.390815 0.018744241 0.001125874 0.089157194 -0.002899782 -0.013454291 0.002040497 0.999903262
1712732432.427327 0.018918090 0.001154584 0.088850416 -0.002769470 -0.013541366 0.002033517 0.999902487
1712732432.463330 0.018983006 0.001393951 0.088859342 -0.002637380 -0.013615988 0.002162433 0.999901533
1712732432.490685 0.018856915 0.001298229 0.088838771 -0.002769039 -0.013482150 0.002108982 0.999903083
1712732432.523079 0.018853080 0.001212863 0.088884234 -0.002835681 -0.013434852 0.002135292 0.999903500
1712732432.553515 0.018968808 0.001346327 0.088971481 -0.002666655 -0.013567518 0.002076225 0.999902248
1712732432.588948 0.018904209 0.001247029 0.088881716 -0.002739876 -0.013556329 0.002191360 0.999901950
1712732432.618117 0.018721418 0.001369980 0.088891245 -0.002712718 -0.013440485 0.002181532 0.999903619
1712732432.653136 0.018856518 0.001187806 0.088883333 -0.002871908 -0.013459488 0.002091952 0.999903202
1712732432.686323 0.018795006 0.001215825 0.088930197 -0.002869310 -0.013420220 0.002167001 0.999903560
1712732432.721070 0.018839108 0.001147658 0.088911861 -0.002882627 -0.013441120 0.002111732 0.999903321
1712732432.755211 0.018725906 0.001231487 0.088826098 -0.002857992 -0.013353799 0.002239668 0.999904275
1712732432.784866 0.018664196 0.001436881 0.088777393 -0.002720204 -0.013318623 0.002239353 0.999905109
1712732432.821419 0.018710572 0.001314957 0.088852927 -0.002778740 -0.013376631 0.002124090 0.999904454
1712732432.856833 0.018774334 0.001152795 0.089129813 -0.002702342 -0.013404482 0.002104210 0.999904335
1712732432.892309 0.018801156 0.001207285 0.089120865 -0.002000175 -0.013357485 0.002189243 0.999906480
1712732432.921723 0.018797541 0.001328053 0.089063868 -0.002213037 -0.013220052 0.002388590 0.999907315
1712732432.957412 0.018842898 0.001176963 0.089992374 -0.002255030 -0.013235040 0.002286606 0.999907255
1712732432.990319 0.018921370 0.001187464 0.090343863 -0.002243164 -0.013237258 0.002575873 0.999906540
1712732433.025753 0.019022178 0.000987479 0.091095693 -0.002740342 -0.013217179 0.002303110 0.999906242
1712732433.064469 0.018796938 0.001151561 0.092171326 -0.002823949 -0.013061873 0.002693864 0.999907136
1712732433.093605 0.018907702 0.001129511 0.092920966 -0.002993468 -0.013015281 0.002467729 0.999907851
1712732433.119937 0.018858876 0.001158067 0.094122477 -0.002892337 -0.012932586 0.002593683 0.999908864
1712732433.159050 0.018867873 0.001235652 0.094748087 -0.002647219 -0.012894532 0.002826071 0.999909341
1712732433.191395 0.018779684 0.001075382 0.095674440 -0.002853327 -0.012912522 0.002675297 0.999908984
1712732433.224679 0.018858243 0.001010842 0.096797451 -0.002957769 -0.012961780 0.002874169 0.999907553
1712732433.258361 0.018938804 0.001140297 0.097627118 -0.003058790 -0.012932756 0.003047389 0.999907136
1712732433.292142 0.018736843 0.001212925 0.098979756 -0.003120949 -0.012728265 0.003090649 0.999909341
1712732433.322138 0.018601686 0.001013178 0.100436255 -0.003035701 -0.012708195 0.003051929 0.999909997
1712732433.358808 0.018641835 0.001067191 0.101267055 -0.002916508 -0.012735274 0.003004746 0.999910176
1712732433.389452 0.018612362 0.001077636 0.102457762 -0.003151543 -0.012708792 0.003014005 0.999909759
1712732433.420995 0.018537879 0.001308111 0.104033642 -0.003069477 -0.012799188 0.003036492 0.999908805
1712732433.466672 0.018499674 0.001207692 0.105124980 -0.003255285 -0.012841260 0.003089549 0.999907494
1712732433.489621 0.018391287 0.001072571 0.106572367 -0.003352288 -0.012832944 0.003025704 0.999907494
1712732433.531184 0.018366298 0.001109437 0.108236112 -0.003195223 -0.012754645 0.003083883 0.999908864
1712732433.566485 0.018243819 0.001012021 0.109256871 -0.003418013 -0.012735803 0.003178427 0.999908030
1712732433.594311 0.018252660 0.001036550 0.110790759 -0.003621782 -0.012950201 0.003443836 0.999903679
1712732433.629665 0.018313561 0.001111982 0.112188086 -0.003855615 -0.013111565 0.003397770 0.999900877
1712732433.666350 0.018341605 0.001070366 0.113801859 -0.004304789 -0.013098238 0.003707652 0.999898136
1712732433.692356 0.018293703 0.001087797 0.115126528 -0.004520110 -0.013001109 0.003639704 0.999898672
1712732433.734481 0.018537121 0.000954547 0.116952196 -0.004469088 -0.013149706 0.003873698 0.999896049
1712732433.759432 0.018127834 0.001117239 0.118730798 -0.004421206 -0.012865237 0.003923747 0.999899805
1712732433.787708 0.018238448 0.001019299 0.120504007 -0.004786992 -0.013023911 0.003969551 0.999895871
1712732433.824801 0.018039577 0.001260900 0.122122586 -0.004859932 -0.012948321 0.004160728 0.999895692
1712732433.858178 0.018169129 0.001511368 0.124110706 -0.004831728 -0.013002278 0.003995916 0.999895811
1712732433.890088 0.017973712 0.001110709 0.126179233 -0.004968399 -0.012896582 0.003742536 0.999897540
1712732433.919919 0.017916793 0.001469487 0.127897918 -0.004585030 -0.012878808 0.003814950 0.999899268
1712732433.960446 0.017719436 0.001302243 0.129739493 -0.004968181 -0.012834590 0.003527812 0.999899149
1712732433.994084 0.017837048 0.001593127 0.131734833 -0.004830575 -0.012899429 0.003097022 0.999900401
1712732434.028065 0.017728105 0.001393942 0.133060440 -0.005004896 -0.012812119 0.002757758 0.999901652
1712732434.059502 0.017595727 0.001217915 0.134823143 -0.005332489 -0.012836796 0.002539096 0.999900222
1712732434.091410 0.017404620 0.001209989 0.136844650 -0.005096935 -0.012875282 0.002131923 0.999901891
1712732434.123613 0.017422987 0.001259928 0.138517246 -0.005310359 -0.012768760 0.002181049 0.999902010
1712732434.159508 0.017045600 0.001083583 0.141020045 -0.005674377 -0.012511231 0.001704036 0.999904215
1712732434.188113 0.017090684 0.001373615 0.143072978 -0.005597354 -0.012840696 0.001977270 0.999899983
1712732434.222506 0.017148873 0.001345793 0.144920751 -0.005755527 -0.013086678 0.001700387 0.999896407
1712732434.261982 0.017073072 0.001672478 0.147353828 -0.005717907 -0.013073421 0.001742900 0.999896765
1712732434.291207 0.016898802 0.001661950 0.149663731 -0.005695580 -0.013001378 0.001658454 0.999897897
1712732434.324345 0.016842881 0.001514350 0.151762933 -0.005757138 -0.013109368 0.001653371 0.999896169
1712732434.361566 0.016696006 0.001598905 0.153833672 -0.005780294 -0.013178738 0.001455198 0.999895394
1712732434.396220 0.016482150 0.001665580 0.156448260 -0.005649303 -0.012928760 0.001251121 0.999899685
1712732434.425997 0.016483273 0.001902385 0.158406630 -0.005477243 -0.012991026 0.001483333 0.999899566
1712732434.467380 0.016047362 0.001885003 0.160927311 -0.005722942 -0.012914913 0.001475009 0.999899149
1712732434.489572 0.015975697 0.001772035 0.163289115 -0.005981690 -0.013050060 0.001349231 0.999896109
1712732434.522523 0.015829086 0.001672569 0.165728539 -0.006051769 -0.013151739 0.001071608 0.999894679
1712732434.558722 0.015585935 0.001686362 0.168329418 -0.005284901 -0.013060692 0.000816327 0.999900460
1712732434.588013 0.015649559 0.001905354 0.170201600 -0.004097245 -0.013248192 0.000980612 0.999903381
1712732434.619583 0.015535283 0.001605684 0.172629505 -0.003614618 -0.013282823 0.000567452 0.999905169
1712732434.657032 0.015443907 0.001611388 0.174714163 -0.002991552 -0.013163017 0.000356242 0.999908864
1712732434.687773 0.015015879 0.001684982 0.177136838 -0.002387475 -0.013097305 0.000206364 0.999911427
1712732434.720468 0.015059749 0.001547914 0.179594606 -0.002078274 -0.013345669 0.000110525 0.999908805
1712732434.753766 0.014904844 0.001492621 0.181981549 -0.001919339 -0.013456530 0.000337467 0.999907613
1712732434.787805 0.014820514 0.001590310 0.184542403 -0.001848859 -0.013877485 0.000592136 0.999901831
1712732434.826894 0.015030221 0.001737121 0.186522320 -0.002107982 -0.014201277 0.000892006 0.999896526
1712732434.859130 0.015063578 0.002011368 0.189278901 -0.002523878 -0.014221821 0.001449203 0.999894679
1712732434.895482 0.015108757 0.001573839 0.192546621 -0.002935457 -0.014028242 0.001915996 0.999895453
1712732434.922103 0.015129481 0.001495776 0.195338681 -0.002419130 -0.013855151 0.002142121 0.999898851
1712732434.956389 0.015200265 0.001306926 0.198346451 -0.001544814 -0.013639905 0.002613053 0.999902427
1712732434.993860 0.014867317 0.001420489 0.200403780 -0.000922118 -0.013417239 0.002554731 0.999906361
1712732435.021091 0.014837184 0.001409983 0.203884020 -0.000953266 -0.013515961 0.002637686 0.999904752
1712732435.059248 0.014454872 0.000992933 0.206226334 -0.000624754 -0.013396208 0.002545304 0.999906838
1712732435.090885 0.014868305 0.001200437 0.208821416 -0.000116864 -0.013587495 0.002683983 0.999904156
1712732435.124203 0.014938441 0.000897854 0.211476967 -0.000140935 -0.013435397 0.002758446 0.999906003
1712732435.159346 0.015061095 0.001183460 0.214986026 0.000060044 -0.013064094 0.002634690 0.999911249
1712732435.191541 0.014920415 0.001732885 0.218123630 0.000266986 -0.012905067 0.002716951 0.999913037
1712732435.228732 0.014665644 0.001798854 0.220804334 -0.000390413 -0.012876365 0.002171972 0.999914646
1712732435.261663 0.014405803 0.002174670 0.224074408 -0.000951976 -0.012875017 0.001734800 0.999915183
1712732435.290187 0.014156901 0.001512120 0.227867767 -0.001633750 -0.012917547 0.001417615 0.999914289
1712732435.326868 0.014013232 0.001517629 0.231539503 -0.000830366 -0.013200758 0.001874879 0.999910831
1712732435.356326 0.013807945 0.001453722 0.234511286 -0.000180790 -0.013347030 0.001875126 0.999909222
1712732435.389433 0.014046934 0.001583500 0.237517834 0.000043282 -0.013469739 0.002593539 0.999906003
1712732435.420733 0.014022776 0.001497027 0.240714818 -0.000121814 -0.013448370 0.002505354 0.999906480
1712732435.457740 0.014006230 0.001405870 0.243676409 0.000068881 -0.013473605 0.002741471 0.999905467
1712732435.488039 0.013299042 0.005514058 0.244777635 0.000392928 -0.013700801 0.002562873 0.999902844
1712732435.524190 0.013731751 0.003205796 0.250202954 -0.006545917 -0.014493412 0.002061124 0.999871492
1712732435.563146 0.013682938 -0.000445024 0.250576138 -0.005546498 -0.015113314 0.003234703 0.999865234
1712732435.596474 0.013295869 0.002253950 0.249507919 -0.002062670 -0.015039669 0.002336857 0.999882042
1712732435.625433 0.013560791 0.002017037 0.249322101 -0.001351274 -0.014942306 0.002602941 0.999884129
1712732435.660866 0.013636695 0.002155068 0.248836547 -0.000414372 -0.015074457 0.002912841 0.999882102
1712732435.696767 0.013334656 0.001830764 0.248293951 -0.000690512 -0.015007101 0.002511143 0.999884009
1712732435.723799 0.013645935 0.001583279 0.247911826 -0.000385227 -0.015219122 0.002529937 0.999880910
1712732435.765263 0.013507145 0.001966117 0.247751579 0.000077275 -0.014882573 0.002639277 0.999885798
1712732435.794743 0.013408494 0.001950818 0.247967213 -0.000063920 -0.014868011 0.002305042 0.999886870
1712732435.826001 0.013386315 0.002080441 0.247867152 -0.000117150 -0.014861472 0.002450262 0.999886572
1712732435.861979 0.013747794 0.001987481 0.248125851 -0.000365874 -0.015025382 0.002799195 0.999883115
1712732435.891033 0.013529723 0.001869312 0.248057842 -0.000411033 -0.014924545 0.002745198 0.999884784
1712732435.924791 0.013538043 0.001986349 0.248373315 -0.000400443 -0.015069333 0.002810882 0.999882460
1712732435.967316 0.013401484 0.001885029 0.248251468 -0.000398736 -0.015011077 0.002541220 0.999884069
1712732435.997787 0.013367690 0.001957776 0.248564884 -0.000297149 -0.015043541 0.002666844 0.999883294
1712732436.031440 0.013629438 0.001911542 0.248292565 -0.000269585 -0.015148325 0.002742334 0.999881506
1712732436.063325 0.013835507 0.001740308 0.248153359 -0.000194725 -0.015180598 0.002481813 0.999881685
1712732436.090068 0.014037471 0.001623459 0.248151958 0.000206782 -0.015139454 0.002882388 0.999881268
1712732436.124703 0.013748486 0.001732815 0.248531222 0.000266422 -0.014883654 0.003047579 0.999884605
1712732436.160131 0.013559622 0.001948592 0.249026835 0.000166887 -0.014873482 0.003098766 0.999884665
1712732436.191805 0.013584240 0.001960193 0.249651030 0.000017939 -0.014960189 0.003083034 0.999883354
1712732436.231241 0.013516225 0.001608828 0.249958307 0.000131875 -0.014990753 0.002817229 0.999883711
1712732436.266363 0.013915234 0.001641153 0.250575632 0.000509607 -0.015208966 0.003132978 0.999879301
1712732436.298821 0.013750378 0.001701037 0.250769407 0.000509156 -0.015081373 0.003429834 0.999880254
1712732436.326850 0.013964295 0.001566703 0.251313597 0.000530845 -0.015236737 0.003544038 0.999877572
1712732436.363681 0.013539668 0.001458906 0.252428949 0.000511009 -0.015100643 0.003825610 0.999878585
1712732436.400762 0.013566801 0.001351182 0.252951592 0.000923151 -0.015102805 0.003771361 0.999878407
1712732436.434277 0.013464521 0.001684300 0.253922939 0.001046485 -0.015118278 0.004109792 0.999876738
1712732436.460143 0.013507180 0.001498693 0.254870385 0.000750627 -0.015204025 0.004380699 0.999874592
1712732436.498889 0.013770999 0.001725234 0.255804718 0.000863123 -0.015317586 0.004375294 0.999872804
1712732436.529873 0.013803354 0.001714154 0.256487757 0.000721208 -0.015361712 0.004991443 0.999869347
1712732436.558674 0.013666086 0.001735911 0.257952452 0.000587894 -0.015409520 0.004848385 0.999869406
1712732436.595399 0.013630641 0.001396862 0.259005815 0.000627131 -0.015349638 0.004854482 0.999870241
1712732436.625219 0.013780339 0.001850125 0.259735405 0.000950282 -0.015549116 0.005285074 0.999864697
1712732436.663579 0.013783420 0.001893572 0.261020541 0.000486740 -0.015565601 0.005677345 0.999862611
1712732436.695438 0.014156756 0.001781973 0.262507945 0.000556094 -0.015760992 0.006156717 0.999856710
1712732436.738830 0.014063274 0.001851687 0.264156789 0.000279932 -0.015619370 0.006392645 0.999857605
1712732436.767682 0.014017588 0.001628928 0.265985250 0.000178661 -0.015434796 0.006481986 0.999859869
1712732436.795119 0.014204418 0.001876265 0.267211914 0.000292785 -0.015282273 0.006611736 0.999861360
1712732436.831647 0.013887006 0.002167121 0.269550174 0.000017295 -0.014960225 0.006435574 0.999867439
1712732436.859366 0.013889429 0.002198794 0.271163344 -0.000384502 -0.014889075 0.006217548 0.999869764
1712732436.895013 0.013544142 0.001989942 0.273071766 -0.000927601 -0.014540285 0.005898209 0.999876499
1712732436.923984 0.013339880 0.002117039 0.274578303 -0.000948265 -0.014275092 0.005667588 0.999881685
1712732436.973674 0.013233390 0.002438443 0.276600868 -0.001529483 -0.014322173 0.005417682 0.999881625
1712732436.995435 0.013165300 0.002626197 0.278777361 -0.002148266 -0.014380625 0.004943131 0.999882102
1712732437.033586 0.013310155 0.002476565 0.281046331 -0.002664513 -0.014488849 0.004432713 0.999881744
1712732437.063344 0.012848122 0.002504042 0.283266574 -0.002709422 -0.014249479 0.004176283 0.999886096
1712732437.094085 0.013087641 0.002873984 0.285022736 -0.002654520 -0.014470895 0.004158328 0.999883175
1712732437.139673 0.012856212 0.002966593 0.287295222 -0.003106474 -0.014479727 0.003950544 0.999882519
1712732437.162849 0.012857728 0.003014784 0.289182514 -0.003237816 -0.014522020 0.003998306 0.999881327
1712732437.197818 0.012786101 0.003082094 0.291498780 -0.003626714 -0.014435305 0.003429877 0.999883413
1712732437.227513 0.012558527 0.003181405 0.293560505 -0.004307415 -0.014343013 0.002907720 0.999883711
1712732437.261057 0.012402767 0.002989821 0.296348095 -0.004963395 -0.014262941 0.002749793 0.999882221
1712732437.302138 0.012326276 0.003193617 0.298364133 -0.004844947 -0.014461702 0.002463852 0.999880731
1712732437.325521 0.012040421 0.003482599 0.300430775 -0.005495467 -0.014353749 0.002205194 0.999879479
1712732437.363438 0.012115673 0.003485971 0.303571463 -0.006325854 -0.014524753 0.002202762 0.999872148
1712732437.393673 0.012274280 0.003345823 0.305746824 -0.006627260 -0.014784547 0.002458221 0.999865770
1712732437.427998 0.011811295 0.003134019 0.308682561 -0.006586528 -0.014668548 0.002400955 0.999867916
1712732437.461820 0.011745913 0.003036301 0.310912490 -0.005908073 -0.014919906 0.002937685 0.999866962
1712732437.496610 0.012004463 0.003260981 0.313205838 -0.005674264 -0.015116235 0.003341526 0.999864101
1712732437.532479 0.011836627 0.003328947 0.316231579 -0.005480862 -0.014803031 0.003665267 0.999868751
1712732437.561193 0.011759458 0.003386539 0.318231612 -0.005397121 -0.014591479 0.003883542 0.999871492
1712732437.594722 0.011767394 0.003175784 0.321179926 -0.005588005 -0.014810146 0.004509231 0.999864578
1712732437.627243 0.011909303 0.003345069 0.323650599 -0.005390597 -0.014835363 0.004266802 0.999866366
1712732437.663041 0.011948878 0.003524024 0.326292098 -0.005748021 -0.014761002 0.004934702 0.999862432
1712732437.694256 0.011691676 0.003442537 0.329096228 -0.006048527 -0.014714963 0.005422604 0.999858797
1712732437.725743 0.011967862 0.003494078 0.331857502 -0.005986025 -0.014833282 0.005683399 0.999855995
1712732437.768218 0.011717561 0.002855332 0.334467947 -0.006077826 -0.014679714 0.005600145 0.999858201
1712732437.791077 0.011908773 0.003448941 0.337140560 -0.005616946 -0.014813084 0.005744278 0.999858081
1712732437.825707 0.011537836 0.003640600 0.340099871 -0.005888807 -0.014453674 0.005679030 0.999862134
1712732437.863572 0.011504621 0.003502938 0.342819005 -0.006197244 -0.014368623 0.005997125 0.999859571
1712732437.895818 0.011486988 0.003452634 0.346058995 -0.006369052 -0.014538798 0.006311945 0.999854147
1712732437.928093 0.011236824 0.003533470 0.349250048 -0.006236695 -0.014594706 0.006093989 0.999855459
1712732437.960111 0.011205269 0.003465318 0.351811707 -0.006761515 -0.014706481 0.006811231 0.999845803
1712732437.994915 0.011744945 0.003727057 0.355496347 -0.007152561 -0.014991459 0.007293473 0.999835432
1712732438.026462 0.011553109 0.003722612 0.358998179 -0.007604840 -0.014723822 0.007316835 0.999835968
1712732438.069494 0.011538097 0.003971778 0.362056345 -0.007830353 -0.014714834 0.007622763 0.999832034
1712732438.097001 0.011457621 0.003918413 0.365114808 -0.007959769 -0.014402762 0.007201687 0.999838710
1712732438.123980 0.011211094 0.004210328 0.368925422 -0.007665550 -0.014166711 0.007265654 0.999843895
1712732438.163823 0.010963928 0.004353413 0.371966660 -0.007860136 -0.013873363 0.006674258 0.999850631
1712732438.189655 0.010933891 0.004369739 0.375118673 -0.008180375 -0.013989434 0.006504905 0.999847531
1712732438.226815 0.010433296 0.004343337 0.378780931 -0.008593027 -0.013904396 0.005825791 0.999849498
1712732438.265284 0.010376121 0.004129422 0.381974995 -0.008516524 -0.014004542 0.005806150 0.999848843
1712732438.297919 0.010169303 0.004328997 0.385886163 -0.008191931 -0.014018795 0.005557159 0.999852777
1712732438.332337 0.010213767 0.004171063 0.389006913 -0.008108562 -0.014117806 0.005620236 0.999851704
1712732438.365224 0.010150877 0.004277817 0.392215580 -0.008390602 -0.014182664 0.005442359 0.999849439
1712732438.397679 0.010038332 0.004117821 0.395871311 -0.008656707 -0.014262831 0.005450037 0.999845982
1712732438.425078 0.009920049 0.004269141 0.400337249 -0.008394474 -0.014210903 0.005516345 0.999848604
1712732438.461476 0.009724787 0.004484591 0.403242350 -0.008111739 -0.014179843 0.004983142 0.999854147
1712732438.495933 0.009510570 0.004062471 0.407062382 -0.007507321 -0.014059558 0.004480581 0.999863029
1712732438.526356 0.009186704 0.004025976 0.411057383 -0.006002349 -0.013943057 0.003771875 0.999877691
1712732438.559270 0.008745844 0.003970223 0.414377660 -0.005054514 -0.013866251 0.003105215 0.999886334
1712732438.593166 0.008476860 0.004287157 0.418663919 -0.004723992 -0.014032484 0.003293482 0.999884963
1712732438.632013 0.008281214 0.004933309 0.422337323 -0.004428052 -0.014217173 0.003471534 0.999883175
1712732438.663980 0.008886373 0.005019156 0.426469445 -0.005457534 -0.014766431 0.004275438 0.999867022
1712732438.694511 0.009522929 0.004056937 0.430920213 -0.006145454 -0.014996490 0.005265377 0.999854803
1712732438.729086 0.009764432 0.003588967 0.435244679 -0.004461179 -0.014784077 0.005790655 0.999864042
1712732438.763523 0.009117002 0.004830536 0.439287484 -0.003030864 -0.014327825 0.005667067 0.999876797
1712732438.795377 0.008988232 0.004406210 0.444022536 -0.003342001 -0.014598699 0.005942143 0.999870181
1712732438.833101 0.008722722 0.004151559 0.448031813 -0.002524291 -0.014821394 0.005405793 0.999872386
1712732438.858932 0.008720308 0.004431478 0.451599419 -0.001883048 -0.014835342 0.005429316 0.999873519
1712732438.898140 0.008664188 0.005085164 0.456169397 -0.002042256 -0.014718506 0.005359991 0.999875247
1712732438.928657 0.007863051 0.004920257 0.460394740 -0.003135695 -0.014400194 0.004910264 0.999879360
1712732438.958093 0.007873455 0.004363877 0.464567035 -0.003743586 -0.014621660 0.003826201 0.999878764
1712732439.000972 0.007501470 0.003963107 0.468869627 -0.002808269 -0.014863621 0.003956697 0.999877751
1712732439.032642 0.007906507 0.003611800 0.473642617 -0.001561292 -0.015449090 0.004167856 0.999870777
1712732439.064772 0.007720568 0.003804556 0.477582723 -0.000736223 -0.015692974 0.004780971 0.999865174
1712732439.099948 0.007631660 0.003876613 0.482089341 -0.000824413 -0.016136335 0.005058148 0.999856770
1712732439.129783 0.007313682 0.003122674 0.487715662 -0.000380319 -0.016316721 0.005203183 0.999853313
1712732439.170417 0.007309696 0.003462342 0.491792113 0.000688228 -0.016209491 0.006226876 0.999849021
1712732439.200173 0.007989512 0.004196567 0.496100098 0.000462053 -0.016526790 0.007953175 0.999831736
1712732439.236193 0.007924277 0.003331705 0.501154125 -0.000560528 -0.016185315 0.008554160 0.999832332
1712732439.262417 0.007171375 0.004026529 0.506187141 0.000244923 -0.015524513 0.008443889 0.999843836
1712732439.291050 0.006886974 0.004930884 0.510669887 -0.000483785 -0.015203412 0.007274664 0.999857843
1712732439.328095 0.006273070 0.004832575 0.516075194 -0.002167753 -0.015020214 0.005762594 0.999868333
1712732439.365281 0.005773156 0.004342844 0.521668434 -0.002627737 -0.014698658 0.004930438 0.999876440
1712732439.399936 0.005610415 0.004756148 0.526768148 -0.002459042 -0.014473541 0.004749943 0.999881029
1712732439.430164 0.005893170 0.005931537 0.530523777 -0.003114175 -0.015016908 0.004209245 0.999873638
1712732439.475197 0.005620758 0.005820226 0.536227703 -0.004785353 -0.015233731 0.003377404 0.999866903
1712732439.495305 0.005182246 0.004876043 0.542659521 -0.006114271 -0.015047905 0.003546996 0.999861836
1712732439.530956 0.005217154 0.004418206 0.546330094 -0.005461646 -0.015075943 0.004094363 0.999863088
1712732439.562593 0.005177554 0.005238862 0.552331924 -0.004463077 -0.014917010 0.005080415 0.999865890
1712732439.597356 0.005284186 0.005484578 0.557354867 -0.005512114 -0.014903907 0.005759845 0.999857187
1712732439.630344 0.004865085 0.005413153 0.563190460 -0.006111745 -0.014538642 0.005905195 0.999858260
1712732439.657858 0.004476737 0.005064358 0.567944348 -0.005870562 -0.014180619 0.006287346 0.999862492
1712732439.697078 0.004579454 0.005408166 0.573267996 -0.006044247 -0.014128603 0.006411766 0.999861419
1712732439.727878 0.004554734 0.005131719 0.578825951 -0.006804614 -0.014174449 0.006683224 0.999854088
1712732439.774332 0.003846739 0.005284759 0.584491193 -0.006887013 -0.013847977 0.006710771 0.999857903
1712732439.792127 0.004572251 0.005916749 0.590632915 -0.006963093 -0.014110069 0.007389866 0.999848962
1712732439.832120 0.004946103 0.006223888 0.596419573 -0.007684371 -0.014139617 0.008118417 0.999837577
1712732439.863759 0.005128135 0.005809476 0.602583528 -0.008151946 -0.013569554 0.007736451 0.999844849
1712732439.893935 0.004308897 0.006369926 0.608397007 -0.007782286 -0.012710063 0.006783654 0.999865949
1712732439.933545 0.003767516 0.006284182 0.613911211 -0.008568789 -0.012400012 0.005931495 0.999868870
1712732439.966924 0.003252581 0.005041353 0.619845271 -0.008154315 -0.012406685 0.005538003 0.999874473
1712732439.999311 0.003088306 0.006114712 0.626230001 -0.007028830 -0.012764981 0.005397642 0.999879301
1712732440.030406 0.003056288 0.006266958 0.631807506 -0.007464429 -0.012736722 0.005102025 0.999878049
1712732440.062011 0.002473386 0.005858198 0.636967480 -0.007196694 -0.012491672 0.004845515 0.999884367
1712732440.098513 0.001834169 0.004964958 0.642910600 -0.006413104 -0.012425744 0.003694071 0.999895513
1712732440.127413 0.001294433 0.005068444 0.648247898 -0.004145688 -0.012856255 0.002343225 0.999906063
1712732440.166180 0.000577454 0.006956403 0.653304458 -0.003009134 -0.013499432 0.002281760 0.999901772
1712732440.194364 0.000138646 0.007951429 0.659797907 -0.004056965 -0.014206674 0.002705033 0.999887288
1712732440.229548 0.000911723 0.004801544 0.665669441 -0.005931702 -0.014511401 0.002821995 0.999873221
1712732440.259750 0.000342695 0.004970430 0.670377553 -0.002493257 -0.013453961 0.003617803 0.999899864
1712732440.300341 0.000077166 0.006819716 0.675868154 -0.000747011 -0.013533817 0.003164171 0.999903142
1712732440.333149 -0.000193890 0.006010653 0.681124270 -0.001796538 -0.014088237 0.003257560 0.999893904
1712732440.369849 -0.000244750 0.006398010 0.687178850 -0.001484350 -0.014541314 0.003464830 0.999887228
1712732440.394974 0.000307946 0.007829034 0.691880226 -0.001884016 -0.014640481 0.003300049 0.999885619
1712732440.432280 -0.000042251 0.007755731 0.696897984 -0.004205921 -0.013971348 0.002942668 0.999889255
1712732440.465728 -0.000987747 0.005539957 0.703541219 -0.005673834 -0.013552435 0.002365521 0.999889314
1712732440.493772 -0.001132405 0.005596716 0.708850801 -0.003715720 -0.014040486 0.002992473 0.999890089
1712732440.526290 -0.001191889 0.007211629 0.714388788 -0.002520380 -0.014378428 0.003667097 0.999886751
1712732440.561298 -0.000813400 0.006699979 0.719602823 -0.003530133 -0.014269167 0.003335439 0.999886453
1712732440.592763 -0.001605661 0.005585390 0.725286007 -0.003509129 -0.013416551 0.003730291 0.999896884
1712732440.632770 -0.002037008 0.006974950 0.729943097 -0.002329198 -0.013080518 0.004891620 0.999899805
1712732440.667448 -0.001303906 0.006807602 0.736001611 -0.004119126 -0.013335872 0.006352933 0.999882460
1712732440.699178 -0.001152392 0.007159587 0.741765499 -0.004056481 -0.012862571 0.005900565 0.999891698
1712732440.731741 -0.002425008 0.008347330 0.747068822 -0.005490053 -0.011793534 0.004275318 0.999906242
1712732440.761897 -0.002840641 0.008515966 0.753633499 -0.007500364 -0.011526686 0.003032316 0.999900877
1712732440.795548 -0.003001560 0.008364355 0.760079026 -0.007877825 -0.011298517 0.001715423 0.999903738
1712732440.826580 -0.003059480 0.008616882 0.765814900 -0.008312352 -0.010962334 0.001079020 0.999904871
1712732440.863218 -0.004124380 0.008769930 0.771787465 -0.010192633 -0.010731630 0.000395672 0.999890447
1712732440.894164 -0.003974648 0.007927232 0.778437257 -0.011651828 -0.011201394 0.000632065 0.999869227
1712732440.937632 -0.004420608 0.007590685 0.785777569 -0.009966326 -0.011314967 0.001993091 0.999884367
1712732440.962715 -0.004096800 0.009758595 0.791001201 -0.008063368 -0.011447481 0.002893160 0.999897778
1712732440.993267 -0.003864943 0.009345111 0.797240436 -0.010309161 -0.011118473 0.003177537 0.999880075
1712732441.026351 -0.003885016 0.007547965 0.803938210 -0.010980610 -0.010766787 0.003560323 0.999875486
1712732441.065609 -0.004354618 0.008247239 0.809828162 -0.009688358 -0.010265997 0.004107642 0.999891996
1712732441.095862 -0.005089525 0.009910920 0.815706253 -0.009678163 -0.010052245 0.003812957 0.999895453
1712732441.133847 -0.005312482 0.011508997 0.822227180 -0.018938387 -0.010142681 0.003585275 0.999762774
1712732441.165252 -0.004317538 0.003954463 0.827251673 -0.021360574 -0.010915365 0.005136943 0.999699116
1712732441.196718 -0.005552724 0.008100401 0.828261077 -0.011018431 -0.010365811 0.004486762 0.999875546
1712732441.234572 -0.004609529 0.011261833 0.829714835 -0.015548361 -0.011847048 0.004477199 0.999798954
1712732441.268946 -0.005717294 0.007614153 0.831721544 -0.017190531 -0.011507391 0.002641556 0.999782562
1712732441.295618 -0.005079367 0.009899471 0.830188990 -0.011083211 -0.012255376 0.004649599 0.999852717
1712732441.329891 -0.005508435 0.008528220 0.829597473 -0.012260027 -0.011932942 0.004147581 0.999845088
1712732441.359586 -0.005161237 0.008868737 0.829211950 -0.010858468 -0.012074137 0.004101327 0.999859750
1712732441.399530 -0.005086852 0.010095501 0.828897715 -0.009830801 -0.012086988 0.004679274 0.999867737
1712732441.432409 -0.005211486 0.010256018 0.828704715 -0.009557541 -0.012033135 0.004436778 0.999872148
1712732441.465171 -0.004979280 0.010255833 0.828015685 -0.009243765 -0.012247587 0.004752103 0.999871016
1712732441.493711 -0.004760759 0.011033928 0.828270435 -0.009079877 -0.012363996 0.004738197 0.999871194
1712732441.532546 -0.004238702 0.011119466 0.828703523 -0.009147744 -0.012656235 0.005275783 0.999864161
1712732441.562513 -0.004832464 0.010987734 0.828824520 -0.009317790 -0.012138961 0.004972070 0.999870598
1712732441.592332 -0.005034635 0.011235191 0.828744531 -0.009154761 -0.011994128 0.005187722 0.999872684
1712732441.625096 -0.004559525 0.010542904 0.828640759 -0.009766763 -0.012423346 0.005278795 0.999861300
1712732441.660693 -0.004372890 0.010323914 0.828677237 -0.009859339 -0.012687469 0.005082531 0.999858022
1712732441.692991 -0.005608279 0.010452357 0.828837514 -0.009697455 -0.011922099 0.004474722 0.999871910
1712732441.725070 -0.005804971 0.010379682 0.828881860 -0.009627409 -0.011788119 0.004597466 0.999873638
1712732441.765438 -0.005968268 0.010467680 0.828295469 -0.009496599 -0.011734393 0.004053519 0.999877870
1712732441.798801 -0.005654402 0.009983497 0.828813255 -0.009846088 -0.012045315 0.004237362 0.999870062
1712732441.833422 -0.005496347 0.009929130 0.829078019 -0.009881227 -0.012105484 0.004511890 0.999867737
1712732441.865279 -0.006051023 0.009842486 0.828500867 -0.009856537 -0.011630351 0.004037676 0.999875665
1712732441.900065 -0.005916117 0.010258400 0.829463422 -0.009638403 -0.011737408 0.004564995 0.999874294
1712732441.933895 -0.006288853 0.010055582 0.829307139 -0.009710585 -0.011573582 0.004188210 0.999877155
1712732441.968586 -0.005635687 0.010745089 0.828691721 -0.009364696 -0.011885043 0.004593544 0.999875009
1712732441.996856 -0.005582179 0.011108341 0.828608990 -0.009188768 -0.011904140 0.004937033 0.999874830
1712732442.029605 -0.005858390 0.011022367 0.828624129 -0.009137644 -0.011717898 0.004652844 0.999878764
1712732442.065274 -0.005162416 0.010220688 0.828544319 -0.009388526 -0.012051461 0.004615688 0.999872684
1712732442.105068 -0.006096770 0.007755106 0.829808295 -0.008385323 -0.011070698 0.004996183 0.999891162
1712732442.136908 -0.006232321 0.009776103 0.830468774 -0.005600530 -0.011297058 0.005375405 0.999906063
1712732442.161697 -0.006741446 0.008738706 0.832547188 -0.004541586 -0.011888023 0.005357800 0.999904752
1712732442.196425 -0.007012914 0.009529149 0.835663080 -0.004066960 -0.013077568 0.005512751 0.999891043
1712732442.236495 -0.006491022 0.010712087 0.840244532 -0.004570522 -0.014513320 0.005610811 0.999868512
1712732442.276424 -0.005441114 0.011748511 0.845099449 -0.006620255 -0.015216405 0.005943891 0.999844670
1712732442.301214 -0.005660382 0.011651793 0.851518631 -0.009169902 -0.014477080 0.005138826 0.999840021
1712732442.331596 -0.006686572 0.011627089 0.857246518 -0.010690625 -0.013566949 0.003905161 0.999843240
1712732442.363617 -0.007170443 0.010075211 0.861768723 -0.012617130 -0.012866595 0.003218999 0.999832451
1712732442.396306 -0.007553580 0.010044239 0.866688073 -0.011721616 -0.012531660 0.002713286 0.999849081
1712732442.436922 -0.008308097 0.010620740 0.870018125 -0.010802168 -0.011956404 0.002589929 0.999866903
1712732442.465829 -0.008254820 0.010924841 0.873232067 -0.010465151 -0.012014166 0.002857292 0.999869049
1712732442.495237 -0.008701362 0.010625827 0.876330256 -0.010059468 -0.011836757 0.002701080 0.999875724
1712732442.538156 -0.008742759 0.011448790 0.878692687 -0.009062149 -0.012019590 0.002534166 0.999883473
1712732442.567285 -0.008874351 0.010562806 0.881311834 -0.009266580 -0.012116643 0.002102887 0.999881506
1712732442.615534 -0.008571768 0.009993667 0.883688748 -0.007836556 -0.012580604 0.001909835 0.999888420
1712732442.633465 -0.008649787 0.010426519 0.885681331 -0.006113397 -0.012338831 0.001603710 0.999903917
1712732442.676696 -0.008998948 0.009736493 0.887743056 -0.005783832 -0.011828906 0.000938856 0.999912858
1712732442.704172 -0.009048725 0.010271401 0.890013874 -0.004455341 -0.011911731 0.001293668 0.999918342
1712732442.735654 -0.009310965 0.011042887 0.892523885 -0.003652846 -0.012198714 0.001048158 0.999918401
1712732442.770312 -0.009207205 0.010912701 0.894995451 -0.004036555 -0.012501226 0.001117046 0.999913156
1712732442.812551 -0.008851021 0.011356201 0.897824347 -0.003889360 -0.013130472 0.001808027 0.999904573
1712732442.840455 -0.008769842 0.011410352 0.900610745 -0.004501242 -0.013135826 0.002066293 0.999901474
1712732442.865055 -0.009154707 0.009553718 0.903695703 -0.005933246 -0.012741233 0.001229080 0.999900520
1712732442.896966 -0.009181638 0.008637012 0.906970680 -0.005246277 -0.012457849 0.001180348 0.999907970
1712732442.927058 -0.009605760 0.010181648 0.910380125 -0.003089339 -0.012094288 0.002057876 0.999920011
1712732442.964650 -0.009237769 0.010301803 0.913220108 -0.002667382 -0.012572471 0.002219640 0.999914944
1712732443.000221 -0.009986600 0.010111687 0.916043699 -0.002781007 -0.012251595 0.002168221 0.999918759
1712732443.033915 -0.010196095 0.009843031 0.919392526 -0.002321880 -0.012230323 0.002310931 0.999919891
1712732443.062978 -0.010137845 0.009927021 0.922383845 -0.001303008 -0.012297086 0.002492237 0.999920428
1712732443.096464 -0.009687586 0.010232165 0.925856531 -0.000641401 -0.012349632 0.003109019 0.999918699
1712732443.133086 -0.009656865 0.010686211 0.929025710 -0.000414681 -0.012271381 0.002812013 0.999920666
1712732443.164575 -0.010436082 0.011135873 0.932306588 -0.000642376 -0.011664095 0.001803330 0.999930203
1712732443.200116 -0.010747960 0.010612959 0.936076403 -0.002043593 -0.011666869 0.001200462 0.999929130
1712732443.232945 -0.011341423 0.010627020 0.940171480 -0.002136274 -0.011407632 0.000898111 0.999932289
1712732443.266585 -0.010980587 0.009588972 0.943375528 -0.002488036 -0.011862337 0.000769056 0.999926329
1712732443.294879 -0.010845362 0.009111185 0.947757244 -0.001366895 -0.012357679 0.001051339 0.999922216
1712732443.336895 -0.011207117 0.009357927 0.950914919 0.000652390 -0.012286541 0.001470162 0.999923289
1712732443.363740 -0.010798053 0.010158210 0.954538226 0.001451843 -0.012925552 0.001415320 0.999914467
1712732443.402725 -0.010886074 0.009927409 0.958182395 0.000671948 -0.013064715 0.001850846 0.999912739
1712732443.434395 -0.011199326 0.009616875 0.962311089 0.000941374 -0.012719738 0.002239058 0.999916255
1712732443.467899 -0.011750024 0.009098750 0.966765463 0.001337226 -0.012316515 0.002082936 0.999921143
1712732443.496847 -0.011293658 0.009571817 0.970450342 0.001828947 -0.012240182 0.003212062 0.999918282
1712732443.531272 -0.011164688 0.009604773 0.974856615 0.001368155 -0.012247522 0.004054389 0.999915838
1712732443.563374 -0.011141152 0.009333392 0.979005456 0.001490185 -0.011850412 0.004421317 0.999918938
1712732443.593622 -0.010924989 0.009901342 0.982776284 0.001549916 -0.011714894 0.004064794 0.999921978
1712732443.628917 -0.010810674 0.010702654 0.987424314 0.000544145 -0.011808907 0.003663137 0.999923408
1712732443.663715 -0.012049659 0.010148972 0.991974890 -0.001403230 -0.010492560 0.002012586 0.999941945
1712732443.696728 -0.011926780 0.010083183 0.997295260 -0.002995878 -0.010414448 0.000853137 0.999940991
1712732443.732159 -0.012309570 0.009851157 1.001352787 -0.002943544 -0.009610999 0.001020458 0.999948978
1712732443.761437 -0.012581244 0.011053552 1.004320502 -0.003077734 -0.009556024 0.001961063 0.999947727
1712732443.797977 -0.012964761 0.011953207 1.008221626 -0.012212202 -0.010666186 0.000610119 0.999868393
1712732443.834683 -0.013582577 0.008349708 1.012248039 -0.013218240 -0.011816230 0.000564571 0.999842703
1712732443.868676 -0.013058584 0.011056951 1.010753393 -0.006136397 -0.012757168 0.001984906 0.999897897
1712732443.896623 -0.013338542 0.011070224 1.011394262 -0.007923691 -0.012867079 0.000950031 0.999885380
1712732443.931828 -0.013037001 0.009569816 1.011635780 -0.006622189 -0.012802431 0.001005087 0.999895692
1712732443.967955 -0.012933052 0.010732397 1.010293126 -0.004771452 -0.012774773 0.001095588 0.999906480
1712732443.997792 -0.013108148 0.010305704 1.010297060 -0.005232750 -0.012883122 0.000957248 0.999902844
1712732444.032074 -0.013351889 0.010304711 1.009883046 -0.004127455 -0.012565718 0.000602066 0.999912381
1712732444.064735 -0.013092154 0.010580528 1.009881020 -0.004053403 -0.012587441 0.000626853 0.999912381
1712732444.103865 -0.013392039 0.010400555 1.009787202 -0.004058229 -0.012113034 0.000815576 0.999918103
1712732444.138370 -0.013282936 0.010520410 1.009690642 -0.004203686 -0.012523492 0.000431331 0.999912679
1712732444.178459 -0.013229053 0.010658389 1.010248303 -0.004244458 -0.012582586 0.000671772 0.999911606
1712732444.198093 -0.013287290 0.010605570 1.010285139 -0.004457899 -0.012526077 0.000850538 0.999911249
1712732444.236846 -0.012969008 0.010645727 1.010340929 -0.004479654 -0.012955444 0.000941786 0.999905586
1712732444.267227 -0.013015513 0.010666354 1.010119200 -0.004185603 -0.012809058 0.000903206 0.999908805
1712732444.299070 -0.013146448 0.010733348 1.010356665 -0.004081657 -0.012805990 0.001014438 0.999909163
1712732444.333113 -0.013033224 0.010844209 1.010208726 -0.003948508 -0.012876305 0.000849504 0.999908924
1712732444.364611 -0.013437517 0.010658184 1.010406613 -0.004149233 -0.012525948 0.000614665 0.999912798
1712732444.403483 -0.013303135 0.010706663 1.010290980 -0.004147064 -0.012610428 0.000772366 0.999911606
1712732444.432098 -0.013247168 0.011137703 1.009992838 -0.004353040 -0.012533520 0.000532528 0.999911845
1712732444.465472 -0.013197069 0.011137666 1.009736061 -0.006307328 -0.012030044 0.000636957 0.999907553
1712732444.504495 -0.012980711 0.010321629 1.009588242 -0.006055616 -0.011927620 0.000934451 0.999910116
1712732444.529387 -0.013161668 0.010597744 1.007979751 -0.005115357 -0.011900359 0.001063640 0.999915540
1712732444.565486 -0.013532179 0.010444397 1.006938338 -0.004485878 -0.011847191 0.001323911 0.999918878
1712732444.603985 -0.013229991 0.010243645 1.005052686 -0.003831044 -0.012081736 0.001057476 0.999919176
1712732444.631523 -0.012649137 0.010172960 1.003104448 -0.003438757 -0.012384381 0.001440706 0.999916434
1712732444.668992 -0.012954663 0.010273892 1.001433611 -0.003069948 -0.012144499 0.001237155 0.999920785
1712732444.703807 -0.012648670 0.010445105 0.999920607 -0.002966910 -0.012138403 0.001688409 0.999920547
1712732444.739262 -0.012557180 0.009850335 0.997877777 -0.003419840 -0.011988460 0.001740544 0.999920845
1712732444.771793 -0.012576720 0.009724048 0.996294856 -0.002858961 -0.011943979 0.001883492 0.999922812
1712732444.803899 -0.012330354 0.009884609 0.994098604 -0.002328733 -0.011915128 0.002476502 0.999923229
1712732444.834168 -0.012207462 0.009798269 0.992244244 -0.001954980 -0.011766951 0.002753366 0.999925077
1712732444.864221 -0.012368201 0.009429641 0.990496516 -0.001694625 -0.011489014 0.002878159 0.999928415
1712732444.898727 -0.012237997 0.009238327 0.988400638 -0.001231131 -0.011634931 0.003071736 0.999926865
1712732444.933086 -0.011903073 0.009568834 0.986720920 -0.000380137 -0.012056165 0.003494483 0.999921203
1712732444.965648 -0.011909798 0.009548117 0.984959483 -0.000161338 -0.011936949 0.003440075 0.999922812
1712732444.996289 -0.011785266 0.009581511 0.983063281 -0.000148563 -0.011983944 0.003942399 0.999920487
1712732445.031902 -0.011689709 0.009498936 0.981275558 -0.000520834 -0.012175516 0.004213449 0.999916911
1712732445.062924 -0.011658861 0.009245153 0.979579806 -0.000635133 -0.012545230 0.004138705 0.999912560
1712732445.096316 -0.011541843 0.009339061 0.977527916 -0.000278955 -0.012630299 0.003880675 0.999912679
1712732445.127934 -0.011748664 0.009352293 0.975483477 -0.000241194 -0.012428081 0.003431025 0.999916911
1712732445.165788 -0.011612227 0.009239051 0.973790467 -0.000357240 -0.012708004 0.003388951 0.999913514
1712732445.208519 -0.011658031 0.009578741 0.971754014 -0.000215050 -0.012778225 0.003020984 0.999913871
1712732445.232399 -0.011776042 0.009308894 0.969236970 -0.000318798 -0.012786914 0.002467192 0.999915183
1712732445.266999 -0.011874024 0.009808273 0.967427850 -0.000028981 -0.012862781 0.001950813 0.999915361
1712732445.295631 -0.011740027 0.009545221 0.965364814 -0.000406194 -0.013217789 0.001590817 0.999911368
1712732445.333861 -0.011938581 0.009744653 0.962994933 -0.000549142 -0.012929516 0.000955292 0.999915838
1712732445.369862 -0.011625136 0.009988977 0.960838199 -0.000826629 -0.013018207 0.000912101 0.999914527
1712732445.395713 -0.011526144 0.009920756 0.958694637 -0.000914581 -0.012927969 0.000889985 0.999915659
1712732445.429039 -0.011093754 0.009782515 0.956425130 -0.000845937 -0.013281608 0.000573743 0.999911308
1712732445.478265 -0.011115554 0.009745857 0.954288304 -0.001057571 -0.013453458 0.000697081 0.999908745
1712732445.498364 -0.010923306 0.010039264 0.951163232 -0.001250209 -0.013309966 0.000827133 0.999910295
1712732445.535981 -0.010641244 0.010152959 0.949367344 -0.001942305 -0.013508822 0.001092383 0.999906301
1712732445.566991 -0.010800417 0.010206959 0.946273625 -0.002598917 -0.013105179 0.000924623 0.999910355
1712732445.604181 -0.011313508 0.009675377 0.944028020 -0.003458852 -0.012667208 0.000305799 0.999913812
1712732445.634826 -0.010346555 0.010023524 0.940965474 -0.003508517 -0.013141925 0.001089316 0.999906898
1712732445.669322 -0.010060191 0.009284382 0.938717008 -0.004278259 -0.013106961 0.001082833 0.999904454
1712732445.698791 -0.009746000 0.009581643 0.936522722 -0.003533405 -0.013187492 0.001461074 0.999905765
1712732445.730128 -0.009985574 0.009667662 0.934282839 -0.003180484 -0.013019180 0.001980359 0.999908209
1712732445.763940 -0.010038347 0.009659362 0.931520462 -0.002721566 -0.013016042 0.001656987 0.999910295
1712732445.796399 -0.009913013 0.009830575 0.929224491 -0.002835102 -0.013138955 0.002182690 0.999907374
1712732445.831095 -0.009657905 0.009786254 0.926203072 -0.002957413 -0.013357608 0.002598375 0.999903083
1712732445.868726 -0.009939861 0.009963230 0.924006522 -0.003067108 -0.013380019 0.002383532 0.999902964
1712732445.904319 -0.009556869 0.010191751 0.920999467 -0.003233363 -0.013606967 0.002225802 0.999899805
1712732445.934150 -0.009641727 0.010695572 0.917524040 -0.003669588 -0.013322260 0.001920384 0.999902725
1712732445.966437 -0.009835535 0.010238189 0.915471733 -0.004585547 -0.013228772 0.001528298 0.999900877
1712732446.000870 -0.009696118 0.010433973 0.912597239 -0.004807600 -0.013315245 0.001573019 0.999898612
1712732446.037360 -0.009143835 0.010841148 0.909044683 -0.005469428 -0.013598109 0.002033753 0.999890566
1712732446.067870 -0.009213105 0.010732341 0.906232417 -0.006293812 -0.013624961 0.001449711 0.999886334
1712732446.098400 -0.008894618 0.010601461 0.904317379 -0.006621057 -0.013842963 0.001484343 0.999881208
1712732446.134155 -0.008821928 0.010545843 0.901188195 -0.006503214 -0.013715227 0.001736334 0.999883354
1712732446.169574 -0.008998360 0.010291561 0.898826599 -0.006197337 -0.013749747 0.001528281 0.999885142
1712732446.208624 -0.008893676 0.010472560 0.895120740 -0.005388380 -0.013798464 0.001322002 0.999889493
1712732446.234858 -0.008787300 0.010773093 0.891829908 -0.005845325 -0.013584237 0.000788238 0.999890327
1712732446.270543 -0.008312070 0.010849951 0.888738930 -0.006574288 -0.013421957 0.000977884 0.999887884
1712732446.302177 -0.008091637 0.010916741 0.885279894 -0.007719113 -0.013207469 0.001784705 0.999881446
1712732446.334050 -0.008677722 0.010732205 0.882468820 -0.008460210 -0.012523849 0.001828129 0.999884129
1712732446.369964 -0.008139264 0.011400078 0.879881799 -0.008366905 -0.013051010 0.002577320 0.999876499
1712732446.401985 -0.007974317 0.010769606 0.876015604 -0.009315060 -0.013079792 0.002437744 0.999868155
1712732446.435866 -0.007362327 0.010100016 0.872254014 -0.009658589 -0.013403398 0.002547774 0.999860346
1712732446.477356 -0.007588584 0.010134503 0.868806183 -0.009693097 -0.013263434 0.002467279 0.999862075
1712732446.500491 -0.007363453 0.010092722 0.865578473 -0.010232674 -0.013357271 0.002882148 0.999854326
1712732446.539630 -0.007355026 0.009937788 0.861982226 -0.010417230 -0.013210251 0.002913567 0.999854267
1712732446.569304 -0.006936330 0.009654213 0.858368695 -0.010531873 -0.013611396 0.003225517 0.999846756
1712732446.609582 -0.007196422 0.009606917 0.855397582 -0.010327016 -0.013496116 0.003857104 0.999848187
1712732446.631019 -0.007312972 0.010715802 0.852422357 -0.009783679 -0.013453080 0.004754920 0.999850392
1712732446.666067 -0.007071746 0.010533155 0.848808587 -0.010462174 -0.013739560 0.005249592 0.999837160
1712732446.702602 -0.006035532 0.009675513 0.845062435 -0.011192275 -0.014483926 0.005340324 0.999818206
1712732446.738257 -0.006086556 0.009360233 0.841226518 -0.010962184 -0.014671929 0.004956225 0.999819994
1712732446.769635 -0.006124199 0.009009143 0.837764621 -0.010794967 -0.014582457 0.004187430 0.999826670
1712732446.802770 -0.005576032 0.009058254 0.833875358 -0.009933856 -0.014753797 0.004027971 0.999833703
1712732446.831838 -0.006002227 0.008801525 0.830061555 -0.010108407 -0.014413262 0.003777863 0.999837935
1712732446.865339 -0.005817174 0.009213792 0.826344311 -0.010129775 -0.014419951 0.003769959 0.999837637
1712732446.899677 -0.005442478 0.009343711 0.822244942 -0.010308415 -0.014537432 0.004204946 0.999832392
1712732446.932255 -0.005406759 0.008069354 0.819027245 -0.010685811 -0.014551200 0.003649005 0.999830425
1712732446.967212 -0.005758834 0.007889376 0.814312041 -0.010037862 -0.014431660 0.002641492 0.999842048
1712732447.002468 -0.004688392 0.009031246 0.810423732 -0.009369071 -0.015076224 0.003249714 0.999837220
1712732447.031216 -0.004163882 0.010378941 0.806718469 -0.009508588 -0.015262250 0.003512145 0.999832213
1712732447.068797 -0.004237924 0.009096115 0.802805245 -0.011328758 -0.014920786 0.003243157 0.999819219
1712732447.102212 -0.003723074 0.007764213 0.799164951 -0.011463820 -0.015089244 0.003354277 0.999814868
1712732447.136501 -0.004063786 0.008407272 0.794614792 -0.010929620 -0.014916343 0.002670600 0.999825418
1712732447.166726 -0.004118580 0.009032762 0.790301204 -0.011025113 -0.015019731 0.001698334 0.999824941
1712732447.201844 -0.004069515 0.008883574 0.786313534 -0.011966105 -0.015318085 0.000959266 0.999810576
1712732447.236388 -0.003581882 0.007659135 0.783384621 -0.012183807 -0.015562416 0.001150312 0.999804020
1712732447.266233 -0.003104705 0.007616642 0.778552353 -0.010724333 -0.015488726 0.001927535 0.999820650
1712732447.296424 -0.002619181 0.008490893 0.774448574 -0.009351573 -0.015228405 0.002639725 0.999836862
1712732447.331713 -0.002597650 0.007588505 0.769319892 -0.009636481 -0.014871330 0.002518428 0.999839842
1712732447.365397 -0.002644384 0.007590269 0.765074670 -0.009175192 -0.014511892 0.002700909 0.999848962
1712732447.400657 -0.002003520 0.007021108 0.761161447 -0.009191114 -0.014800471 0.002909137 0.999844074
1712732447.431495 -0.001587203 0.006038704 0.756513536 -0.008593786 -0.014855695 0.003747832 0.999845684
1712732447.466858 -0.001199248 0.005959456 0.752575219 -0.007026491 -0.014735003 0.004814756 0.999855161
1712732447.504750 -0.002206265 0.006789197 0.747913778 -0.005760157 -0.014366936 0.005617341 0.999864459
1712732447.533331 -0.001503647 0.007932738 0.742839277 -0.005145009 -0.015024154 0.005664965 0.999857843
1712732447.568981 -0.001000285 0.006947340 0.738915503 -0.005533652 -0.015364691 0.004997773 0.999854147
1712732447.602239 -0.000370377 0.006318368 0.733851075 -0.005069044 -0.015796039 0.004029089 0.999854326
1712732447.633909 0.000119045 0.007299416 0.728864372 -0.004820143 -0.016284944 0.003218539 0.999850690
1712732447.669337 -0.000159721 0.007131085 0.725458503 -0.005387065 -0.016010476 0.002560419 0.999854088
1712732447.708371 0.000217972 0.005833976 0.720975816 -0.005694435 -0.015826710 0.002628535 0.999855161
1712732447.731175 -0.000422417 0.007688233 0.716950119 -0.004673233 -0.015407340 0.002785485 0.999866545
1712732447.764623 0.000446275 0.008049264 0.711372018 -0.005837684 -0.015913550 0.002771165 0.999852538
1712732447.807756 0.000812069 0.007270946 0.707671404 -0.006978296 -0.016153520 0.002761290 0.999841452
1712732447.832246 0.001419944 0.005837483 0.703164279 -0.006960382 -0.015923534 0.003098726 0.999844193
1712732447.879073 0.001707935 0.005680519 0.699135900 -0.005783056 -0.015710060 0.003783744 0.999852717
1712732447.909512 0.001060486 0.005875884 0.694675446 -0.004438266 -0.015234691 0.003982002 0.999866247
1712732447.936789 0.000972435 0.005255478 0.690034747 -0.004301592 -0.015387951 0.003352289 0.999866784
1712732447.968397 0.001418621 0.006850187 0.685302854 -0.003290728 -0.016032107 0.003310716 0.999860585
1712732448.007583 0.001454732 0.006834540 0.680307686 -0.003550708 -0.016076457 0.002720356 0.999860764
1712732448.036243 0.001089122 0.007811566 0.676312804 -0.003590764 -0.015495179 0.002721201 0.999869823
1712732448.068753 0.001614320 0.008512324 0.671902061 -0.004514903 -0.015185003 0.002787379 0.999870658
1712732448.103975 0.001387455 0.006197305 0.667225838 -0.006496296 -0.014915981 0.002663525 0.999864161
1712732448.135531 0.002246246 0.005345428 0.662414372 -0.005435838 -0.015425059 0.002836501 0.999862254
1712732448.167876 0.002844472 0.007060186 0.656925976 -0.003850090 -0.015694475 0.002710092 0.999865830
1712732448.205301 0.003110122 0.008013832 0.651950419 -0.005145723 -0.015230751 0.002900559 0.999866605
1712732448.231475 0.003597618 0.007572542 0.647275567 -0.007401356 -0.014516632 0.003866803 0.999859810
1712732448.268855 0.004226462 0.007050297 0.642776251 -0.008473867 -0.014363985 0.004893816 0.999849021
1712732448.303403 0.004343833 0.006660706 0.638331413 -0.008312391 -0.014120989 0.005308254 0.999851704
1712732448.336740 0.004578162 0.006833237 0.632846653 -0.008063274 -0.013944878 0.005657708 0.999854267
1712732448.373959 0.005403671 0.006785179 0.627888322 -0.008639511 -0.014109624 0.006217877 0.999843895
1712732448.405270 0.005417882 0.001467823 0.623128533 -0.009968573 -0.013833601 0.006156091 0.999835670
1712732448.432779 0.005373079 0.006003009 0.617840528 -0.000898909 -0.013365882 0.007082772 0.999885201
1712732448.465615 0.006116352 0.008089463 0.616728485 -0.001325071 -0.013342484 0.008138110 0.999876976
1712732448.498395 0.005827547 0.005429098 0.614979982 -0.004088283 -0.012520847 0.007372163 0.999886096
1712732448.533295 0.005850437 0.006565891 0.614682376 -0.003202871 -0.012253224 0.007681472 0.999890327
1712732448.565089 0.005853889 0.007920658 0.615108669 -0.004563136 -0.012207869 0.007795642 0.999884725
1712732448.598574 0.005264427 0.007332527 0.616733074 -0.006340264 -0.012206574 0.007505615 0.999877274
1712732448.630198 0.005205505 0.007516116 0.617775500 -0.007179178 -0.012746786 0.007129656 0.999867618
1712732448.665128 0.005841131 0.007548885 0.618140578 -0.008306517 -0.012787470 0.006805180 0.999860585
1712732448.701117 0.005488333 0.006827870 0.618599117 -0.009430262 -0.012135660 0.006926122 0.999857903
1712732448.730928 0.005236664 0.006248605 0.618221164 -0.008740061 -0.012185386 0.007123836 0.999862254
1712732448.768553 0.005509737 0.006779165 0.617754579 -0.007877811 -0.012462143 0.007209230 0.999865353
1712732448.806196 0.005062500 0.007891807 0.617507875 -0.007504012 -0.012276617 0.007177297 0.999870777
1712732448.840001 0.005292830 0.006760890 0.617041051 -0.008641843 -0.012343249 0.007028456 0.999861777
1712732448.868707 0.005334829 0.006977549 0.616648376 -0.008126086 -0.012427341 0.007169050 0.999864101
1712732448.900651 0.004698263 0.006995456 0.616605282 -0.008685989 -0.012157320 0.007228117 0.999862254
1712732448.934170 0.005209644 0.006837501 0.615513682 -0.008561214 -0.012385661 0.007751643 0.999856651
1712732448.964876 0.004387852 0.007043154 0.615242481 -0.008674275 -0.012127263 0.007415796 0.999861360
1712732448.999145 0.005155200 0.007107953 0.613866627 -0.008868593 -0.012501407 0.007549522 0.999854088
1712732449.032992 0.005747955 0.006981675 0.612251520 -0.009183352 -0.012779549 0.007871153 0.999845266
1712732449.069693 0.005711550 0.006836865 0.611390591 -0.009481034 -0.012712792 0.007658975 0.999844968
1712732449.099005 0.005804447 0.006500933 0.610103726 -0.009619489 -0.012718112 0.007899743 0.999841690
1712732449.134587 0.005728960 0.006915228 0.609125972 -0.009424852 -0.012611131 0.007924133 0.999844670
1712732449.165685 0.005829882 0.006738843 0.607602298 -0.009650920 -0.012656894 0.008122084 0.999840379
1712732449.202571 0.005575788 0.006830297 0.606564403 -0.009530495 -0.012586338 0.007989155 0.999843538
1712732449.234452 0.005495012 0.006710265 0.605495572 -0.009404683 -0.012667812 0.008035541 0.999843299
1712732449.266208 0.005666602 0.007175485 0.604083896 -0.009177378 -0.012798822 0.008080153 0.999843359
1712732449.298082 0.005679399 0.006377993 0.602721095 -0.009810966 -0.012869606 0.007713736 0.999839306
1712732449.332280 0.005402858 0.006627397 0.601893961 -0.009201663 -0.012747274 0.007707059 0.999846756
1712732449.366230 0.005622180 0.006581334 0.599753737 -0.008814516 -0.012860340 0.007636365 0.999849319
1712732449.403105 0.005229057 0.006599543 0.598618150 -0.008335548 -0.012654556 0.007374466 0.999858022
1712732449.433401 0.005731553 0.006795241 0.596926630 -0.008153572 -0.012982262 0.007192453 0.999856651
1712732449.467120 0.005635664 0.006649065 0.594676971 -0.007957192 -0.012894836 0.006735285 0.999862552
1712732449.498351 0.005933941 0.006664884 0.592664957 -0.007899808 -0.012902359 0.006526003 0.999864280
1712732449.533170 0.005881405 0.006404571 0.591415763 -0.007815196 -0.012862299 0.006600861 0.999864936
1712732449.568715 0.005718719 0.006408157 0.588634312 -0.007448690 -0.012799741 0.006851579 0.999866903
1712732449.604399 0.005848236 0.006482016 0.587050796 -0.007338401 -0.012944479 0.006744645 0.999866605
1712732449.636397 0.006085862 0.006809362 0.585362494 -0.007275435 -0.013166759 0.006908057 0.999863029
1712732449.665843 0.006073483 0.006194732 0.583157718 -0.007726651 -0.013206277 0.006755733 0.999860168
1712732449.697799 0.006085578 0.005927797 0.580778778 -0.007452780 -0.013215152 0.006766133 0.999862015
1712732449.735059 0.006030203 0.006209858 0.578856766 -0.006823247 -0.013409282 0.006633364 0.999864876
1712732449.772449 0.006164439 0.006039572 0.576756001 -0.006531580 -0.013558323 0.006572737 0.999865234
1712732449.797003 0.005779066 0.005985170 0.574642479 -0.006443440 -0.013511895 0.006149140 0.999869049
1712732449.830763 0.005990843 0.006166684 0.572182059 -0.005892885 -0.013657627 0.005905999 0.999872029
1712732449.864972 0.006348989 0.006541134 0.569946527 -0.005753235 -0.013837862 0.005741605 0.999871254
1712732449.905146 0.006265878 0.006404800 0.567401052 -0.006401266 -0.013661526 0.005905597 0.999868751
1712732449.930562 0.005920183 0.006291300 0.565146089 -0.006598146 -0.013434809 0.005874095 0.999870777
1712732449.969219 0.006020669 0.006044861 0.562426925 -0.006838610 -0.013527225 0.005573984 0.999869645
1712732450.004964 0.006175303 0.005841071 0.560261667 -0.006607187 -0.013703093 0.005730608 0.999867916
1712732450.037797 0.006171657 0.006183420 0.556830764 -0.006364758 -0.013963412 0.005267064 0.999868393
1712732450.065112 0.006271031 0.005937860 0.554955542 -0.006642784 -0.014254296 0.004939364 0.999864221
1712732450.103933 0.006144825 0.006204315 0.552566886 -0.006323275 -0.014076869 0.004542729 0.999870598
1712732450.135601 0.006328987 0.006124863 0.549670458 -0.006616350 -0.014118312 0.004392682 0.999868810
1712732450.175373 0.006462153 0.006197048 0.547193229 -0.006775016 -0.014029399 0.004069135 0.999870360
1712732450.205154 0.006688238 0.005225551 0.544213414 -0.007189405 -0.013803776 0.003658021 0.999872208
1712732450.232818 0.006946516 0.005589999 0.541414499 -0.006270935 -0.013688024 0.004450132 0.999876797
1712732450.272334 0.006532538 0.005091976 0.538592994 -0.005645608 -0.013419306 0.004795763 0.999882519
1712732450.306132 0.006826264 0.005234235 0.535279453 -0.004245121 -0.013359439 0.005148348 0.999888539
1712732450.336205 0.007550641 0.005615949 0.531404674 -0.003662148 -0.013634151 0.005708465 0.999884129
1712732450.368828 0.008447076 0.005424975 0.528774440 -0.003626442 -0.013959059 0.005923036 0.999878466
1712732450.404850 0.008305289 0.005640274 0.525163472 -0.003275232 -0.013495348 0.006367626 0.999883294
1712732450.435986 0.008426554 0.005116009 0.522038221 -0.003621481 -0.013507864 0.006548739 0.999880850
1712732450.468771 0.008596352 0.004606322 0.518902719 -0.002824083 -0.013343443 0.007201241 0.999881089
1712732450.500564 0.009222414 0.004402711 0.514735878 -0.001788297 -0.013406594 0.007887103 0.999877453
1712732450.538077 0.008959129 0.004821483 0.511636555 -0.000886919 -0.013205722 0.008441772 0.999876857
1712732450.567414 0.009162690 0.005010598 0.507626176 -0.000778694 -0.013357441 0.008629023 0.999873281
1712732450.612594 0.009135343 0.004636402 0.503745317 -0.001148759 -0.013607715 0.008529868 0.999870420
1712732450.638847 0.008862411 0.004483677 0.500338197 -0.000907042 -0.013635988 0.007839087 0.999875903
1712732450.675831 0.009327879 0.004293447 0.496262610 -0.000673162 -0.014039922 0.007192900 0.999875426
1712732450.702027 0.009231228 0.004768611 0.492623597 -0.000436697 -0.014179762 0.006246184 0.999879956
1712732450.737345 0.009030488 0.005061236 0.489089221 -0.001241651 -0.014099186 0.005035231 0.999887168
1712732450.775862 0.009159035 0.005087022 0.485514700 -0.001749684 -0.013964441 0.004711184 0.999889910
1712732450.804417 0.009151678 0.004855186 0.481833667 -0.002020575 -0.013867221 0.004116547 0.999893427
1712732450.837089 0.009450737 0.005334501 0.477827221 -0.002216724 -0.013846784 0.004174430 0.999893010
1712732450.871513 0.009431608 0.005417738 0.474361897 -0.003143759 -0.013873121 0.004282431 0.999889672
1712732450.903449 0.009513141 0.005233030 0.470236272 -0.004157506 -0.013783090 0.004203672 0.999887586
1712732450.933323 0.009502102 0.004982300 0.466024548 -0.004760076 -0.013562215 0.004291558 0.999887526
1712732450.973325 0.009686119 0.004545089 0.462066740 -0.004622846 -0.013465999 0.004624457 0.999888003
1712732451.002885 0.010119963 0.004662609 0.458635271 -0.003766691 -0.013428776 0.005021936 0.999890208
1712732451.034423 0.009984567 0.005435424 0.454504699 -0.003078252 -0.013286045 0.005705493 0.999890745
1712732451.076022 0.010243525 0.005458351 0.450634986 -0.003410330 -0.013544711 0.005721559 0.999886096
1712732451.103180 0.010343693 0.005993071 0.446594119 -0.003667921 -0.013831845 0.005794500 0.999880850
1712732451.143321 0.010741212 0.005760441 0.442108423 -0.004601112 -0.013970073 0.005039961 0.999879181
1712732451.178583 0.010226266 0.006112623 0.438706905 -0.005446739 -0.013367455 0.004988186 0.999883413
1712732451.207354 0.010498072 0.006356985 0.434672922 -0.006748043 -0.013396129 0.005047427 0.999874830
1712732451.234953 0.009757059 0.005260312 0.429877609 -0.007817172 -0.013175086 0.004532505 0.999872386
1712732451.277376 0.010331053 0.004438122 0.425783336 -0.006835497 -0.013750720 0.004128824 0.999873638
1712732451.302777 0.011068309 0.004624147 0.420325518 -0.005821455 -0.013848868 0.003782184 0.999880016
1712732451.340373 0.010880268 0.005889806 0.416038930 -0.006514576 -0.013195910 0.003554122 0.999885440
1712732451.369326 0.011196326 0.005562972 0.411411405 -0.008392840 -0.012648318 0.004154498 0.999876201
1712732451.405374 0.011656616 0.005420018 0.407014757 -0.010015767 -0.012777524 0.005458697 0.999853373
1712732451.438971 0.011854442 0.004757802 0.402280301 -0.010347485 -0.013289801 0.005821341 0.999841273
1712732451.473967 0.012223102 0.004727708 0.396920800 -0.009814655 -0.013386298 0.005794964 0.999845445
1712732451.506809 0.012048992 0.004787157 0.392234564 -0.009737111 -0.013228594 0.005369621 0.999850690
1712732451.537967 0.012276077 0.004372674 0.387381405 -0.010138120 -0.013213597 0.005979500 0.999843478
1712732451.566349 0.012401364 0.003995592 0.381987482 -0.009788221 -0.013297789 0.006925508 0.999839723
1712732451.605346 0.012834497 0.004613544 0.376348078 -0.008566867 -0.013663162 0.007566285 0.999841332
1712732451.639280 0.013200922 0.004853415 0.371055901 -0.009391197 -0.013900330 0.007842073 0.999828577
1712732451.665304 0.013311983 0.003710862 0.366377354 -0.009804974 -0.013841913 0.007767056 0.999825954
1712732451.702461 0.013342150 0.003519846 0.361407429 -0.008446814 -0.013735466 0.007520969 0.999841750
1712732451.735562 0.013008065 0.004125074 0.355739325 -0.007305656 -0.013840793 0.006808277 0.999854386
1712732451.767441 0.013139022 0.004063837 0.350124717 -0.007251423 -0.014363079 0.006470310 0.999849617
1712732451.800259 0.013607097 0.003735797 0.344728053 -0.007227308 -0.014598233 0.006352789 0.999847233
1712732451.833470 0.013695902 0.003452521 0.338856578 -0.006721116 -0.014483058 0.006336764 0.999852538
1712732451.868651 0.013776741 0.004319070 0.332241952 -0.005943931 -0.014406473 0.005721605 0.999862194
1712732451.905317 0.013757863 0.004149418 0.326449901 -0.006848359 -0.014499754 0.004783945 0.999859989
1712732451.938166 0.014248911 0.003361130 0.320802212 -0.006759963 -0.014767975 0.004547840 0.999857843
1712732451.969058 0.013940245 0.004560769 0.314683855 -0.006629058 -0.014584035 0.003062765 0.999867022
1712732452.004781 0.014098182 0.003971046 0.309405178 -0.008375239 -0.014488347 0.002596318 0.999856591
1712732452.033937 0.014433097 0.002240547 0.304198951 -0.007719389 -0.014174448 0.002729491 0.999866009
1712732452.067894 0.014739610 0.002777942 0.297423184 -0.004836409 -0.013648415 0.003714745 0.999888361
1712732452.100059 0.015305567 0.003010317 0.290953815 -0.004627366 -0.013842550 0.004390127 0.999883890
1712732452.132971 0.015446238 0.002669947 0.285318136 -0.004645510 -0.014002319 0.005377705 0.999876738
1712732452.166733 0.015946578 0.001381361 0.278747559 -0.002893798 -0.013894664 0.006353584 0.999879181
1712732452.204359 0.015999235 0.002519983 0.272877187 -0.000348486 -0.013765845 0.007114781 0.999879897
1712732452.236915 0.015800556 0.002319022 0.265917689 -0.001312900 -0.014182149 0.006522266 0.999877393
1712732452.267631 0.015383994 0.001295636 0.260258406 -0.000597172 -0.014778498 0.004932643 0.999878526
1712732452.305970 0.015002035 0.002594111 0.253864825 0.000874430 -0.015226327 0.002941159 0.999879360
1712732452.335853 0.015531705 0.002899157 0.247627467 -0.001009942 -0.015438179 0.001700528 0.999878943
1712732452.378207 0.016135732 0.002305358 0.242309704 -0.001338646 -0.014914161 0.001553106 0.999886751
1712732452.405446 0.015965972 0.003015514 0.236681193 -0.001494579 -0.014024630 0.001888141 0.999898791
1712732452.436413 0.016354613 0.002448574 0.230451792 -0.003167091 -0.013985274 0.002137944 0.999894917
1712732452.474468 0.016764436 0.001376371 0.224985361 -0.002729441 -0.014084358 0.002663792 0.999893546
1712732452.501108 0.016752971 0.001584153 0.218825549 -0.001045489 -0.013834973 0.002826554 0.999899805
1712732452.534805 0.016819049 0.002311595 0.212516278 -0.000935945 -0.014035459 0.002601182 0.999897718
1712732452.570287 0.016408490 0.002777985 0.207266539 -0.001612889 -0.014188828 0.002096258 0.999895871
1712732452.603793 0.017168859 0.002695761 0.201450363 -0.003037597 -0.014737973 0.002013923 0.999884844
1712732452.634568 0.017405402 0.003246032 0.195274085 -0.004722325 -0.014658381 0.001639904 0.999880075
1712732452.672194 0.017605435 0.001780341 0.191770896 -0.005129477 -0.014579823 0.001162238 0.999879897
1712732452.703877 0.017481938 0.001763556 0.184499711 -0.002537091 -0.014225861 0.000809208 0.999895275
1712732452.737245 0.018759992 0.003456811 0.176506549 -0.003467566 -0.014830401 0.000676586 0.999883831
1712732452.780358 0.018915400 0.002717341 0.172118977 -0.007049906 -0.014527421 0.002170514 0.999867260
1712732452.805548 0.018655991 0.002549207 0.167045400 -0.007194999 -0.013978693 0.002404654 0.999873519
1712732452.836433 0.018996745 0.002565378 0.161011860 -0.006478000 -0.014098508 0.002529232 0.999876499
1712732452.870731 0.019231472 0.002600757 0.155219898 -0.006423960 -0.014488549 0.002963330 0.999870062
1712732452.905131 0.019688141 0.002163918 0.148386121 -0.006505768 -0.014650452 0.002893709 0.999867320
1712732452.934785 0.019725645 0.002249283 0.143297359 -0.005686075 -0.014568998 0.003688992 0.999870956
1712732452.969033 0.020300854 0.002580300 0.136220410 -0.005181333 -0.015097821 0.004469735 0.999862671
1712732453.002318 0.020568345 0.001917961 0.130069271 -0.006164480 -0.015593479 0.004581556 0.999849021
1712732453.038508 0.020453954 0.001630915 0.124617375 -0.004973838 -0.015679022 0.004104893 0.999856293
1712732453.071639 0.020687902 0.001671453 0.117538117 -0.003990455 -0.015862320 0.003287244 0.999860883
1712732453.105226 0.020810705 0.001783887 0.111353375 -0.004045183 -0.016023060 0.002842668 0.999859452
1712732453.140686 0.020768182 0.001436430 0.105170868 -0.003988574 -0.015860558 0.002999615 0.999861777
1712732453.172492 0.020917287 0.001594187 0.098209776 -0.003339810 -0.015905363 0.002741311 0.999864221
1712732453.204091 0.021017075 0.001745585 0.091711469 -0.003673415 -0.016163345 0.002306578 0.999859989
1712732453.237604 0.021185266 0.001328485 0.085913755 -0.003751031 -0.016540343 0.002017990 0.999854207
1712732453.272831 0.021454757 0.001519999 0.078515373 -0.003490760 -0.016856456 0.000572303 0.999851763
1712732453.301161 0.021198861 0.001849904 0.071835831 -0.005060536 -0.016766297 -0.000724165 0.999846399
1712732453.333978 0.021038856 0.000778426 0.067423388 -0.004975141 -0.016516866 -0.000745943 0.999850988
1712732453.370591 0.021771738 0.000325803 0.059931222 -0.001769880 -0.015924862 0.000710253 0.999871373
1712732453.402792 0.022123709 0.000159461 0.054289296 -0.001315960 -0.015339786 0.001546297 0.999880314
1712732453.436230 0.023122724 -0.001300784 0.045999628 0.006655211 -0.015174606 0.003157498 0.999857783
1712732453.470211 0.023555830 0.000024680 0.041376319 0.005922491 -0.015105162 0.002301136 0.999865770
1712732453.503239 0.023642775 0.000363957 0.040029597 0.002323245 -0.014956383 0.002179291 0.999883115
1712732453.535776 0.023986861 -0.000147980 0.038829088 0.004387351 -0.014858658 0.002851794 0.999875963
1712732453.572414 0.023979664 0.000743662 0.037168432 0.004439868 -0.014636631 0.002670203 0.999879539
1712732453.604570 0.023995906 0.000894817 0.038375590 0.001977666 -0.014169972 0.001973444 0.999895751
1712732453.637031 0.024101160 0.001034672 0.039547876 0.001144464 -0.013766339 0.002371699 0.999901831
1712732453.667079 0.023790967 0.001118496 0.041000869 -0.000902569 -0.013649363 0.001753382 0.999904931
1712732453.707143 0.023951838 0.001191728 0.041911330 -0.001494173 -0.013730311 0.001870783 0.999902904
1712732453.733870 0.023860311 0.001062489 0.042314555 -0.002382251 -0.013459521 0.001767326 0.999905050
1712732453.769243 0.023825755 0.000898050 0.042405792 -0.001867988 -0.013406632 0.002007449 0.999906421
1712732453.805457 0.023732718 0.000827741 0.041879617 -0.001056141 -0.013560387 0.001953064 0.999905586
1712732453.836640 0.023911312 0.000927480 0.041679371 -0.000714443 -0.013698795 0.001836684 0.999904275
1712732453.869317 0.023963602 0.000972493 0.041129928 -0.000698633 -0.013518504 0.001835488 0.999906719
1712732453.905803 0.023952590 0.000867442 0.041162077 -0.000843345 -0.013521837 0.001755563 0.999906659
1712732453.939186 0.023692327 0.000949414 0.041342568 -0.001012322 -0.013372662 0.001674758 0.999908745
1712732453.971598 0.023814298 0.000995764 0.041654117 -0.001088670 -0.013474226 0.001614779 0.999907374
1712732454.004330 0.023890026 0.000912222 0.041528724 -0.001141548 -0.013589317 0.001593910 0.999905825
1712732454.036904 0.023806645 0.000918108 0.041574322 -0.001127941 -0.013501906 0.001809999 0.999906600
1712732454.067725 0.023812318 0.000990661 0.041565180 -0.001024681 -0.013426903 0.001794703 0.999907732
1712732454.104354 0.023806576 0.000886532 0.041479927 -0.001023771 -0.013468187 0.001866180 0.999907076
1712732454.137455 0.023757875 0.000862305 0.041468382 -0.001159769 -0.013452859 0.002065111 0.999906719
1712732454.169383 0.023780577 0.000975221 0.041421562 -0.001075107 -0.013461970 0.001851678 0.999907136
1712732454.200547 0.023649342 0.000971341 0.041712590 -0.001057097 -0.013300503 0.001874281 0.999909282
1712732454.237170 0.023752328 0.000967303 0.041733347 -0.001022153 -0.013445098 0.001808950 0.999907494
1712732454.275384 0.023756396 0.000906474 0.041709088 -0.001077057 -0.013380954 0.001766816 0.999908388
1712732454.304132 0.023809848 0.000867737 0.041601405 -0.001129314 -0.013473786 0.001903123 0.999906838
1712732454.335912 0.023723930 0.000929196 0.041672103 -0.001170013 -0.013384921 0.001997699 0.999907732
1712732454.375093 0.023785416 0.000903842 0.041580427 -0.001123854 -0.013466519 0.002007484 0.999906659
1712732454.406168 0.023824163 0.000941704 0.041520059 -0.001145587 -0.013460544 0.001772180 0.999907196
1712732454.436837 0.023724770 0.000882059 0.041411009 -0.001115964 -0.013419586 0.001789823 0.999907732
1712732454.469502 0.023818290 0.000869451 0.041431848 -0.001125928 -0.013463349 0.001809921 0.999907136
1712732454.506048 0.023769362 0.000833094 0.041623775 -0.001177159 -0.013403750 0.001801632 0.999907911
1712732454.534174 0.023783488 0.000855688 0.041562986 -0.001183385 -0.013370418 0.001820414 0.999908268
1712732454.572301 0.023869218 0.000893743 0.041424997 -0.001160828 -0.013471385 0.001847510 0.999906898
1712732454.609038 0.023747250 0.001006040 0.041625552 -0.001104277 -0.013382255 0.001681868 0.999908507
1712732454.640981 0.023782691 0.000897385 0.041426998 -0.001218633 -0.013403950 0.001758511 0.999907911
1712732454.667763 0.023676591 0.000918503 0.041587085 -0.001175679 -0.013351606 0.001768144 0.999908686
1712732454.703760 0.023861540 0.001012704 0.041516710 -0.001073482 -0.013521640 0.001736568 0.999906540
1712732454.741128 0.023672739 0.001056252 0.041511621 -0.001052734 -0.013351946 0.001620391 0.999909043
1712732454.770417 0.023800712 0.000587966 0.041473851 -0.001415850 -0.013413989 0.001689397 0.999907672
1712732454.804466 0.023962144 0.000835645 0.041293580 -0.001258882 -0.013532024 0.001858948 0.999905944
1712732454.838763 0.023970131 0.000915884 0.041373886 -0.001195573 -0.013575012 0.001952318 0.999905288
1712732454.871714 0.023985291 0.000891164 0.041408155 -0.001139344 -0.013612699 0.001869508 0.999904990
1712732454.902242 0.023844607 0.000974991 0.041422699 -0.001135030 -0.013431760 0.001895084 0.999907374
1712732454.934019 0.023840887 0.000977244 0.041341152 -0.001122615 -0.013434845 0.001808289 0.999907494
1712732454.966936 0.023833882 0.000963503 0.041422725 -0.001189898 -0.013446114 0.001881046 0.999907136
1712732455.011835 0.023781201 0.000963338 0.041416623 -0.001138602 -0.013439409 0.002028411 0.999907017
1712732455.036325 0.023802664 0.000947258 0.041478176 -0.001157272 -0.013440114 0.001929912 0.999907196
1712732455.074207 0.023789449 0.000928679 0.041482266 -0.001159129 -0.013388910 0.001878683 0.999907911
1712732455.105787 0.023856578 0.000932667 0.041406658 -0.001204662 -0.013485966 0.001819989 0.999906719
1712732455.142799 0.023853060 0.000966161 0.041335594 -0.001149573 -0.013441538 0.001870398 0.999907315
1712732455.172327 0.024086583 0.000956432 0.041430164 -0.001194976 -0.013609221 0.001890246 0.999904931
1712732455.206100 0.023862269 0.000923121 0.041517932 -0.001257195 -0.013472393 0.001812911 0.999906898
1712732455.235339 0.023815146 0.000927924 0.041510545 -0.001220684 -0.013382878 0.001905556 0.999907911
1712732455.275792 0.023810966 0.000945513 0.041520227 -0.001229116 -0.013370543 0.001734343 0.999908388
1712732455.310097 0.023876689 0.000962301 0.041439373 -0.001221978 -0.013490977 0.001710842 0.999906838
1712732455.340766 0.023804653 0.000932839 0.041556887 -0.001231906 -0.013415709 0.001723963 0.999907792
1712732455.372867 0.023842594 0.000928303 0.041531302 -0.001250296 -0.013393299 0.001597768 0.999908268
1712732455.412052 0.023877518 0.000949925 0.041475702 -0.001244535 -0.013458690 0.001855524 0.999906957
1712732455.439684 0.023827456 0.000945169 0.041472733 -0.001240917 -0.013416584 0.001939900 0.999907374
1712732455.474447 0.023848325 0.000956675 0.041498449 -0.001171422 -0.013486347 0.001892596 0.999906600
1712732455.505585 0.023823643 0.000924185 0.041542176 -0.001226168 -0.013454244 0.001862271 0.999907017
1712732455.541222 0.024035729 0.000927868 0.041545570 -0.001244634 -0.013609136 0.001965472 0.999904752
1712732455.571264 0.023795178 0.000930191 0.041592170 -0.001205828 -0.013466298 0.001793320 0.999907017
1712732455.604471 0.023801817 0.000958472 0.041593608 -0.001177966 -0.013410307 0.001901731 0.999907613
1712732455.637178 0.023832839 0.001009151 0.041390084 -0.001121028 -0.013443020 0.001934111 0.999907136
1712732455.669382 0.023987476 0.000993865 0.041451547 -0.001108395 -0.013568010 0.002076535 0.999905169
1712732455.706496 0.023726130 0.000929606 0.041671768 -0.001188843 -0.013355616 0.001924746 0.999908268
1712732455.735688 0.023767382 0.000957149 0.041480280 -0.001160289 -0.013356071 0.001985043 0.999908149
1712732455.767659 0.023770390 0.000998698 0.041468229 -0.001132232 -0.013393669 0.001973041 0.999907732
1712732455.810487 0.023734568 0.000984165 0.041517749 -0.001252788 -0.013323012 0.002097510 0.999908328
1712732455.835820 0.023844823 0.000963964 0.041519813 -0.001206022 -0.013385066 0.001893567 0.999907911
1712732455.872685 0.023819271 0.000928096 0.041534796 -0.001207103 -0.013400340 0.001763334 0.999907970
1712732455.905097 0.023778524 0.000940676 0.041503143 -0.001308932 -0.013286915 0.001994699 0.999908924
1712732455.936223 0.023814972 0.000935870 0.041422173 -0.001234514 -0.013333392 0.001920251 0.999908507
1712732455.971158 0.023804400 0.000950172 0.041439254 -0.001216315 -0.013317227 0.001842953 0.999908924
1712732456.003334 0.023833880 0.000933680 0.041464746 -0.001266297 -0.013373836 0.002018100 0.999907792
1712732456.034175 0.023755968 0.000882322 0.041678049 -0.001242339 -0.013407312 0.001912317 0.999907553
1712732456.072540 0.023785060 0.000939471 0.041664384 -0.001159543 -0.013516066 0.001814966 0.999906421
1712732456.103482 0.023739072 0.000908460 0.041794132 -0.001258001 -0.013506464 0.001911826 0.999906182
1712732456.135527 0.023944369 0.000964478 0.041535687 -0.001213401 -0.013599289 0.001994129 0.999904871
1712732456.170253 0.023760170 0.000904185 0.041701145 -0.001219229 -0.013518358 0.001928717 0.999906063
1712732456.203722 0.023719328 0.000921781 0.041698296 -0.001160605 -0.013409281 0.001742883 0.999907911
1712732456.239640 0.023751296 0.000874295 0.041792966 -0.001272323 -0.013473406 0.001930358 0.999906600
1712732456.270364 0.024051648 0.001028785 0.041424431 -0.001138213 -0.013639027 0.002009730 0.999904394
1712732456.306805 0.023878314 0.000979913 0.041489538 -0.001222478 -0.013539718 0.001923729 0.999905765
1712732456.338219 0.023859113 0.000983928 0.041425187 -0.001192032 -0.013337157 0.001707501 0.999908984
1712732456.374766 0.023839839 0.001022824 0.041397855 -0.001124930 -0.013484509 0.001876755 0.999906719
1712732456.405357 0.023829164 0.001001288 0.041422751 -0.001101401 -0.013485838 0.001719615 0.999907017
1712732456.435443 0.023811163 0.000977065 0.041484170 -0.001145892 -0.013395519 0.001798353 0.999908030
1712732456.473888 0.023790987 0.000947545 0.041556094 -0.001130149 -0.013420017 0.001759366 0.999907792
1712732456.503205 0.023917494 0.001006665 0.041330229 -0.001155193 -0.013486704 0.001899920 0.999906600
1712732456.536820 0.023836171 0.001006113 0.041317150 -0.001164440 -0.013383577 0.001925641 0.999907911
1712732456.570923 0.023922093 0.001036132 0.041190770 -0.001112880 -0.013385116 0.001767336 0.999908268
1712732456.607652 0.023946019 0.001081760 0.041101739 -0.001129409 -0.013376879 0.001643162 0.999908566
1712732456.635795 0.024123276 0.001071141 0.041251037 -0.001104751 -0.013561960 0.001948691 0.999905586
1712732456.669433 0.023873644 0.001042786 0.041250028 -0.001098668 -0.013347444 0.001776980 0.999908745
1712732456.703286 0.023749813 0.000956344 0.041644536 -0.001193759 -0.013399795 0.001802798 0.999907911
1712732456.740236 0.023770547 0.000918003 0.041603357 -0.001247748 -0.013426886 0.001923929 0.999907255
1712732456.773109 0.023660952 0.000871435 0.041842513 -0.001313715 -0.013423691 0.001991723 0.999907076
1712732456.808669 0.023592185 0.000790830 0.042087194 -0.001310863 -0.013426293 0.001851467 0.999907315
1712732456.836340 0.023550438 0.000681645 0.042375695 -0.001391022 -0.013462665 0.001766699 0.999906838
1712732456.871868 0.023550855 0.000733294 0.042236768 -0.001387362 -0.013435128 0.001737785 0.999907374
1712732456.903143 0.023580732 0.000749274 0.042197701 -0.001409015 -0.013450577 0.001851851 0.999906898
1712732456.935998 0.023639657 0.000776198 0.042117417 -0.001337957 -0.013533464 0.001750350 0.999906003
1712732456.969266 0.023641840 0.000815083 0.042073343 -0.001305169 -0.013453989 0.001709478 0.999907196
1712732457.005719 0.023615668 0.000694186 0.042396359 -0.001372112 -0.013593320 0.001661277 0.999905288
1712732457.039152 0.023621060 0.000781141 0.042181749 -0.001342153 -0.013519197 0.001862221 0.999906003
1712732457.076436 0.023657328 0.000853076 0.042027950 -0.001276009 -0.013490816 0.001890433 0.999906421
1712732457.108192 0.023685137 0.000861363 0.042018045 -0.001292991 -0.013524836 0.001988826 0.999905765
1712732457.140881 0.023677886 0.000858751 0.041902497 -0.001283810 -0.013466101 0.001850394 0.999906838
1712732457.173231 0.023629550 0.000798205 0.042090643 -0.001284024 -0.013460299 0.001765121 0.999907076
1712732457.207543 0.023584986 0.000801139 0.042117167 -0.001279329 -0.013422380 0.001741732 0.999907613
1712732457.238474 0.023723293 0.000834314 0.041846577 -0.001284985 -0.013448283 0.001624060 0.999907434
1712732457.274801 0.023750801 0.000854117 0.041743211 -0.001301405 -0.013421142 0.001726728 0.999907613
1712732457.306048 0.023782825 0.000962630 0.041542064 -0.001214041 -0.013427827 0.001860502 0.999907434
1712732457.335257 0.024056043 0.000911625 0.041642904 -0.001262818 -0.013649466 0.001908538 0.999904275
1712732457.372946 0.023779321 0.000923205 0.041624401 -0.001265252 -0.013451710 0.001955948 0.999906838
1712732457.403390 0.023768753 0.000894123 0.041712280 -0.001279040 -0.013396130 0.001824651 0.999907851
