1712732398.434532 0.000951608 -0.0007787472 0.1032452176 0.000734174 0.00231839 0.001337127 0.999996126
1712732398.47581 0.0007561428 -0.0009899175999999999 0.1092547232 0.000676346 0.002670633 0.001526566 0.999995053
1712732398.494957 0.0021913807999999996 -0.001022854 0.11665414319999999 0.000563806 0.002803277 0.001745257 0.999994397
1712732398.534183 -0.0016444064 -0.0006213563999999999 0.125191388 0.000466746 0.003986353 0.001938745 0.999990046
1712732398.568295 -0.0015356599999999999 0.0027352052 0.12351718959999998 -0.000731769 0.004464837 0.001906154 0.99998796
1712732398.596134 -0.0015642031999999998 0.0022995223999999997 0.1358578732 -0.004464611 0.006130803 0.001807391 0.999969602
1712732398.630455 0.002936402 -0.0006019188 0.14000826279999998 -0.005201799 0.005000147 0.002793189 0.999970078
1712732398.66156 -0.001064224 -0.0013865236 0.1426433988 -0.00392214 0.005606641 0.002589186 0.999973238
1712732398.697185 -0.0012931464 -0.0008160655999999999 0.13782652239999998 -0.002273447 0.004825443 0.002109063 0.999983549
1712732398.73545 -0.0001079498 -9.378599999999997e-05 0.12689578748 -0.0015703019 0.0042157789 0.0020085605 0.9999846638000001
1712732398.761778 -0.00048245988 -7.897175999999999e-05 0.13009976812 -0.0017895156 0.004422651600000001 0.0020982293999999998 0.9999837339000003
1712732398.797513 -0.0006928787599999999 -2.3255960000000023e-05 0.13235771471999996 -0.0019439411999999997 0.004507901900000001 0.0021955065 0.9999832570000002
1712732398.83221 -0.0011018574 -2.9989120000000002e-05 0.13378730875999997 -0.0020721232 0.004586886300000001 0.0022128955 0.9999829590000002
1712732398.869332 -0.00105187152 2.3548559999999987e-05 0.13427671823999995 -0.0021746681 0.0045599688000000005 0.0022601838999999997 0.9999829590000004
1712732398.901087 -0.0010943016 -0.00022663928 0.13512239215999997 -0.0021826057999999996 0.0045028068 0.0023037713 0.9999830961000005
1712732398.935247 -0.00119239848 -0.00041686652 0.13475210783999997 -0.0018242958999999995 0.004281981 0.0023539212 0.9999850630000005
1712732398.966852 -0.00175851564 -0.00039398435999999997 0.13405743652 -0.0014357599999999997 0.0041548168 0.0022867700000000005 0.9999870479000006
1712732399.001305 -0.001993572 -0.00024432127999999995 0.13314730128 -0.0011726781 0.0039928261 0.0022122087000000005 0.9999886751000006
1712732399.035938 -0.0022527383199999994 -0.00024844315999999995 0.13277517259999996 -0.0011049374999999998 0.003944549 0.0021589934000000007 0.9999891281000005
1712732399.059822 -0.0026952884 -0.00035949592 0.13268875228 -0.0010913014999999998 0.003975052800000001 0.002107441400000001 0.9999891162000004
1712732399.097754 -0.0021359724399999994 -0.00030508828 0.13233297083999998 -0.0010773592999999998 0.0037718521999999997 0.002153994800000001 0.9999897063000003
1712732399.137335 -0.002688758519999999 -0.00037321368 0.13260124191999997 -0.0010751420999999997 0.003938070199999999 0.002055389900000001 0.9999891818
1712732399.160052 -0.0032006290399999994 -0.00021126784000000007 0.1328432084 -0.0010377743999999997 0.004100430699999999 0.002001566500000001 0.9999885797999999
1712732399.200557 -0.0037554229999999995 -0.0002902088000000001 0.13347294576 -0.0011264035999999998 0.0042573512 0.0019228876000000014 0.9999879419999997
1712732399.232896 -0.00413458024 -0.00041325564000000006 0.13391861391999998 -0.0011271392000000002 0.004358134800000001 0.0018937096000000008 0.9999875604999996
1712732399.264507 -0.004518824799999999 -0.00042940659999999995 0.13458701815999996 -0.0011171103999999999 0.0044726340000000005 0.0018573241000000005 0.9999871313999996
1712732399.299673 -0.004996000520000001 -0.00047705615999999996 0.13545477315999993 -0.0011240722000000001 0.004621278600000001 0.0018385941000000003 0.9999864935999995
1712732399.331569 -0.00536777248 -0.00056556528 0.13641270663999994 -0.0011240353 0.0047530738 0.0018155780000000004 0.9999859213999998
1712732399.365023 -0.005688972240000001 -0.0004191384399999999 0.13757262567999995 -0.0010623461999999997 0.0048433226 0.0018609653000000003 0.9999854802999995
1712732399.400319 -0.0059133692800000005 -0.00027624743999999995 0.13915586328 -0.0010266543999999996 0.0049149167999999995 0.0018770810000000005 0.9999851404999994
1712732399.429482 -0.00696603264 -0.0003728227999999999 0.14115563252 -0.0010107658 0.005211549200000001 0.0017977100000000003 0.9999842046999994
1712732399.46186 -0.007056026039999999 -0.00020475587999999983 0.14307051780000002 -0.0009776529999999998 0.005222155600000003 0.0018488483999999999 0.9999840854999995
1712732399.498346 -0.00708569876 -0.00018870319999999982 0.14537553772 -0.0010070000999999995 0.005220243700000002 0.0019072263000000007 0.9999839781999998
1712732399.526501 -0.0072104530399999985 6.075244000000026e-05 0.14774488764000004 -0.0009033217999999992 0.005231814900000001 0.0019642870000000008 0.9999839007000002
1712732399.564175 -0.006861772959999999 0.00025307716000000027 0.15026171860000004 -0.0009074097999999988 0.0051524642999999995 0.002033772000000001 0.9999840914000003
1712732399.595832 -0.006931418199999998 0.00026800424000000025 0.15289142792000004 -0.0009325700999999991 0.0051865309 0.0020507559000000016 0.9999838529000001
1712732399.632181 -0.0062105906799999975 0.00039094440000000025 0.15548753948000005 -0.000882990999999999 0.005027230099999999 0.0021581457000000017 0.9999843476000002
1712732399.663902 -0.006040172039999998 0.00036119216000000015 0.15807662584000004 -0.0008343449999999988 0.0049928533999999995 0.0022331659000000017 0.9999844250000003
1712732399.696812 -0.0053989748399999975 0.00045813768000000016 0.16082346980000004 -0.0007775518999999988 0.004826440099999998 0.0023850024000000017 0.9999847767000005
1712732399.730325 -0.004831190279999997 0.00046706604000000025 0.16351515991999999 -0.0007410979999999991 0.0046893142 0.002507321600000002 0.9999851344000007
1712732399.763056 -0.004169707079999997 0.0006592014800000001 0.16624222187999999 -0.0007046844999999989 0.0045410966999999995 0.0026209604000000017 0.999985563600001
1712732399.801718 -0.0030548081199999982 0.0006741476000000001 0.16917169695999992 -0.000800701999999999 0.004249026299999997 0.0027848297000000024 0.9999861179000014
1712732399.829586 -0.0021055061999999984 0.0006333614000000002 0.17224924779999987 -0.0009175913999999993 0.003990955499999999 0.0029305134000000023 0.9999865947000011
1712732399.872842 -0.001067330039999999 0.0004747251600000001 0.1753544808399998 -0.0010644438999999999 0.0037289238 0.0030548454000000015 0.9999871491000007
1712732399.899581 -0.0009453133199999991 0.00053597908 0.17875439287999978 -0.0010647740000000003 0.003703735600000002 0.0031373843000000014 0.9999869882000005
1712732399.933113 -0.0003482219999999997 0.0007362521600000001 0.1823003809199998 -0.0010772811999999999 0.003554612500000001 0.0032917504000000014 0.9999872267000007
1712732399.968318 -3.102288000000092e-05 0.0007348171599999999 0.18570716471999976 -0.0012083066999999995 0.003445897500000003 0.003377600600000001 0.9999870658000006
1712732399.999226 0.0009897753600000003 0.0010187783200000002 0.18954240647999981 -0.0013138380999999997 0.003170310500000001 0.003570007800000001 0.9999872745000005
1712732400.030303 0.0014452292400000007 0.001014076 0.19335537031999983 -0.0014901379999999998 0.0030585319000000027 0.0036373439000000007 0.9999871255000002
1712732400.068916 0.0020205561600000004 0.00108366104 0.19728894051999987 -0.0016385895999999997 0.0029273096000000027 0.0037146994000000003 0.9999870718000003
1712732400.098173 0.0024208352 0.0011289300399999998 0.2015643932399999 -0.0017944002999999993 0.0028260008000000002 0.0037589128 0.9999870180999999
1712732400.134775 0.002432147760000001 0.0012583899999999999 0.2058018129999999 -0.0018579034999999995 0.0028555175000000016 0.0037975146999999986 0.9999866783999998
1712732400.171322 0.00251515376 0.0012401589200000001 0.21019707799999995 -0.0019084677999999986 0.0028628877999999996 0.003788246199999998 0.9999865831000001
1712732400.199849 0.00261402232 0.00127758596 0.21461192591999997 -0.0018987099999999985 0.0028289920999999994 0.0037757539999999992 0.9999867321000003
1712732400.228305 0.0030412424000000006 0.0011456023600000002 0.21894443704000002 -0.002008147999999998 0.002691819599999998 0.0037109599999999993 0.9999872209000003
1712732400.263393 0.003405404800000001 0.0008285076800000001 0.22320853463999993 -0.002111329299999998 0.0025618720999999985 0.003636685199999999 0.9999877156000003
1712732400.298995 0.003282777400000002 0.0007018723600000001 0.22783597704000003 -0.0020653578999999976 0.002589124399999998 0.0035342817 0.9999880792000007
1712732400.335439 0.0030400006000000017 0.00056669088 0.23237005119999998 -0.0020201844999999975 0.0026106432999999985 0.003404803699999999 0.9999885739000007
1712732400.366903 0.00295127336 0.0003673692399999999 0.2368462135199999 -0.0019432193999999973 0.002561093699999997 0.003265801899999998 0.999989313000001
1712732400.396981 0.0028927933999999995 0.0002321401599999999 0.2412238043599999 -0.0018257082999999965 0.0024951981999999954 0.003149991199999998 0.999990046100001
1712732400.431696 0.002820250439999999 0.0001861400799999999 0.2452238353599999 -0.0017651544999999964 0.0024696237999999983 0.0030354519999999966 0.9999905766000012
1712732400.467306 0.0025923559199999987 7.666483999999987e-05 0.24919490007999995 -0.0018620728999999962 0.002507184699999998 0.002857953799999999 0.9999907852000007
1712732400.498358 0.00249244156 0.00019023283999999982 0.25277329251999986 -0.0020507859999999963 0.0025122921999999994 0.0027735642999999976 0.9999904037000007
1712732400.527982 0.002294237679999999 0.00011367915999999973 0.25604718243999997 -0.002159104499999996 0.0025651074999999968 0.002746229699999997 0.9999900937000007
1712732400.564945 0.0022371381199999996 0.0002057109599999996 0.2584416463999998 -0.002154440599999996 0.0025855623999999967 0.002741404499999997 0.9999900639000003
1712732400.601897 0.0023009725199999993 0.0002854286399999996 0.2603978535199999 -0.002151464899999997 0.002584575299999997 0.002722012099999996 0.9999901293999998
1712732400.632013 0.00238953848 0.00045322619999999973 0.2615804531199998 -0.002109176499999997 0.002578346199999998 0.0027172954999999943 0.9999902247999991
1712732400.67816 0.0024063477200000002 0.0003842773199999999 0.26228604751999973 -0.002087567599999997 0.0026187160000000014 0.0026924722999999958 0.9999902187999986
1712732400.700205 0.0024319976800000003 0.0004993771999999998 0.2625538481999997 -0.0020036134999999967 0.0026804790999999995 0.0027089562999999955 0.9999901114999978
1712732400.730968 0.0023954464800000005 0.000570738 0.2624483363599998 -0.0020540968999999978 0.0027425443999999992 0.0027043467999999958 0.9999899207999974
1712732400.764192 0.002449453720000001 0.0005363643599999999 0.26231893575999976 -0.0020438564999999977 0.0027550623999999997 0.0027465400999999974 0.999989795699998
1712732400.801357 0.002609964280000002 0.0005152061599999998 0.2619034658799998 -0.0019075352999999976 0.002707434499999997 0.0027890504999999953 0.9999901473999984
1712732400.837344 0.002653535640000002 0.00043846711999999985 0.2613942127999998 -0.0016875152999999976 0.002694418699999998 0.002800521599999997 0.9999908387999987
1712732400.872499 0.0028425782000000024 0.0005389400799999998 0.2607752400399997 -0.0015959528999999971 0.0026307430999999992 0.002783181799999998 0.9999912798999994
1712732400.903349 0.002849778400000002 0.00046310487999999994 0.2606586693199998 -0.0015885065999999975 0.0026166979000000006 0.0027661288999999978 0.9999913812000003
1712732400.935611 0.0028590150400000015 0.00051115932 0.26043197235999976 -0.001543087099999997 0.0026013862 0.0027704270999999977 0.9999914945
1712732400.964009 0.0028639730000000014 0.0004784004399999999 0.26047688939999974 -0.0015761961999999977 0.0025900535000000003 0.002748710599999998 0.9999915302000005
1712732401.001795 0.002953503560000001 0.0005752975199999999 0.26061105895999975 -0.0016136313999999985 0.002550386499999996 0.0027223567999999977 0.9999916494000004
1712732401.033839 0.0029114965600000008 0.0005993736 0.2608127594799997 -0.0017023198999999989 0.0025542430999999977 0.002676118899999999 0.9999916792000008
1712732401.064307 0.0028813243200000007 0.0006126007999999999 0.2610553091999996 -0.0016970163999999982 0.0025628757000000003 0.0026620213 0.999991703100001
1712732401.099032 0.0029161543600000005 0.0006891108000000002 0.26103273083999956 -0.0016731106999999996 0.0025425682999999978 0.0026731144000000013 0.9999917627000002
1712732401.133312 0.0029046905999999995 0.0006682877600000004 0.26107664043999956 -0.0016778842000000002 0.0025500774000000006 0.0026692621000000026 0.9999917448000005
1712732401.175529 0.002945277999999999 0.0006811767200000003 0.26094595911999946 -0.0016493462000000015 0.0025603935999999996 0.0026820165000000034 0.9999917328999999
1712732401.20228 0.002922853359999999 0.0006664490000000003 0.2608156823999996 -0.0016246558000000022 0.0025904446999999997 0.002643047300000001 0.9999918103999988
1712732401.231364 0.00295226036 0.00073298064 0.26068461523999964 -0.0015857185000000024 0.002602708199999998 0.0026474477000000022 0.9999918282999986
1712732401.283615 0.0029234256799999998 0.0008121859200000002 0.2606876339199997 -0.0015517433000000011 0.002618615199999996 0.002645987700000005 0.9999918461999997
1712732401.307133 0.002962655079999999 0.0008634242400000001 0.26067591815999974 -0.001541875600000002 0.0026226516999999947 0.002649743600000004 0.9999918402999995
1712732401.334241 0.00288050448 0.0008855842799999999 0.26064749619999994 -0.0015385932000000005 0.002662887299999994 0.002665023800000005 0.9999917031999999
1712732401.371637 0.0028578925199999996 0.0008797773599999997 0.2606476922 -0.0015469148000000002 0.0026714550999999975 0.002658708300000004 0.9999916794000001
1712732401.404261 0.0028603287999999995 0.0008832216399999996 0.2606708882400001 -0.001547609300000001 0.0026775236999999953 0.0026493821000000027 0.9999916794000001
1712732401.434574 0.0027500020799999998 0.0008515760399999996 0.26083113672000025 -0.0015325770000000015 0.0027415199999999973 0.0026354618000000024 0.9999915600999998
1712732401.465512 0.0027419937999999997 0.0009584685599999991 0.26079008732000014 -0.001497973000000001 0.0027530573999999973 0.0026595325000000032 0.9999915183999988
1712732401.504831 0.00272613404 0.0009630619599999994 0.26091379664000036 -0.0014911652999999997 0.0027506916999999963 0.002638653400000002 0.9999915898999987
1712732401.532592 0.0026293428 0.0009455448799999995 0.2611668399200003 -0.0014575200999999995 0.0027949149999999976 0.0026330217000000043 0.9999915302999994
1712732401.567037 0.0025469794 0.0009140560799999997 0.26133449216000015 -0.0014626286000000003 0.0028505624000000006 0.0026063330000000023 0.9999914288999989
1712732401.605381 0.0024563375200000004 0.0009051772799999994 0.26159453012000017 -0.0014297219000000028 0.002908005700000005 0.0025955402000000017 0.9999913274999983
1712732401.634817 0.00232557052 0.0009047351599999994 0.26208094192000003 -0.0014115130000000003 0.0029723210000000056 0.0025839318000000027 0.9999911962999988
1712732401.671045 0.00220372796 0.0008912265599999997 0.26254235308 -0.001404491400000002 0.00303378680000001 0.002546439200000003 0.9999911068999993
1712732401.69855 0.0021131698 0.0008523230799999997 0.2631851583200001 -0.001359799400000003 0.003111610800000009 0.0025342354000000037 0.9999909577999986
1712732401.737505 0.00198616572 0.0007593056800000002 0.26387735752000013 -0.0013328458000000016 0.0031899950000000067 0.0024987301000000046 0.9999908325999982
1712732401.773052 0.0020860327599999994 0.0007225358000000001 0.26477219607999997 -0.0012902716000000008 0.003201059600000006 0.002434888900000004 0.999990993599998
1712732401.804695 0.0021689651199999996 0.0006218195200000004 0.2659342887599999 -0.0012631801000000027 0.0032331170000000076 0.0023713487000000034 0.9999910948999983
1712732401.831416 0.0021285157599999997 0.0006344976400000006 0.26733278963999996 -0.001216325200000004 0.0032974854000000107 0.0023249098000000024 0.9999910769999986
1712732401.86293 0.0021578423999999994 0.0006152608000000007 0.26884883311999996 -0.0012357193000000044 0.003334007200000011 0.0022759187000000016 0.9999910352999976
1712732401.9036 0.002080891959999999 0.0005720402800000007 0.2707045476800001 -0.001241977500000005 0.0033891519000000094 0.0022235313000000035 0.9999909518999985
1712732401.932134 0.002172225159999999 0.00043228892000000084 0.27285736940000016 -0.0013043992000000032 0.003403592500000008 0.002156390300000005 0.9999909757999987
1712732401.965776 0.0023244922399999995 0.0005111318800000011 0.27509890100000006 -0.0012762627000000055 0.0034090277000000057 0.0021086217000000017 0.9999911009999977
1712732401.999611 0.0024820286399999994 0.0005665086000000004 0.2775847765599998 -0.0012888290000000052 0.003406521200000001 0.002105098900000002 0.9999910950999975
1712732402.034497 0.0026455231599999997 0.0006953066400000001 0.2803361349599999 -0.0013547343000000045 0.003368183200000002 0.0020689497000000003 0.9999912083999973
1712732402.070394 0.0027329117199999995 0.0008156657599999997 0.2832516618399997 -0.0014402735000000055 0.0033499358000000034 0.0020079607 0.9999912440999978
1712732402.103869 0.00260305248 0.0009061763199999996 0.28638618567999957 -0.001577234100000005 0.0033826503000000006 0.0019587032000000005 0.9999910175999986
1712732402.135931 0.00238198016 0.0010265625999999995 0.2897673085999996 -0.0016897167000000045 0.0034347151999999993 0.0018725928000000002 0.9999908148999992
1712732402.170089 0.0022755121200000003 0.0010876574799999995 0.2931797971199993 -0.0017876911000000051 0.003443970099999999 0.0017818637999999997 0.9999907612999991
1712732402.20384 0.0021759320800000003 0.0012673970399999992 0.29678393499999917 -0.0018442024000000028 0.003437953899999996 0.0017282348999999974 0.9999907671999992
1712732402.233418 0.002208631600000001 0.0013580335999999994 0.30052506707999893 -0.0019427966000000018 0.003402714999999995 0.0016642839999999992 0.9999907969999982
1712732402.276639 0.002038584520000001 0.0016273703599999994 0.3043874531599986 -0.0020126402000000014 0.0034206305999999963 0.0015921334999999981 0.9999907134999987
1712732402.29983 0.0017834261200000007 0.0016465086399999986 0.30838508287999866 -0.0021580796000000013 0.003445643599999998 0.0015302395999999996 0.9999904631999996
1712732402.338904 0.0017474175600000006 0.0017402151199999991 0.3124540574399986 -0.0022483162000000003 0.003392199000000001 0.001429013400000001 0.9999906240999991
1712732402.365599 0.00161234808 0.0016752562399999999 0.3164776434399983 -0.002364139700000001 0.0033781326 0.0013227208000000045 0.9999905466000001
1712732402.404685 0.0015211856800000003 0.0017355702 0.3205782465199985 -0.0024275189000000003 0.0033626077000000034 0.0012636867000000052 0.9999905228000003
1712732402.436713 0.0016083096400000003 0.0017331792800000002 0.3247457172399985 -0.0024813784000000004 0.0032876702000000035 0.001181628100000004 0.9999907254000007
1712732402.469342 0.0017198781600000002 0.0017275118000000002 0.3289139702799986 -0.0024967854999999985 0.003222885200000003 0.0011075459000000009 0.9999909758000001
1712732402.501905 0.0016517130000000002 0.00176856568 0.33332325011999886 -0.0025127505999999965 0.0032019716000000033 0.0010155468 0.9999910771000003
1712732402.532762 0.0016483054000000007 0.00171352272 0.33754194235999874 -0.0025216828999999968 0.0031607379000000045 0.0009208666000000032 0.9999912798000011
1712732402.565323 0.0016708829200000003 0.00171325308 0.34191970035999913 -0.002468483899999996 0.0030950536000000084 0.0008189924999999987 0.9999916851000024
1712732402.597214 0.0017348682400000004 0.001650054 0.34623050923999943 -0.0023924013999999964 0.003012300300000009 0.0007297163999999967 0.9999921620000023
1712732402.633231 0.0017774831200000004 0.0016716646800000008 0.35068052767999974 -0.002301987499999997 0.00292254500000001 0.0005956925000000002 0.9999927342000021
1712732402.668151 0.0015315031200000002 0.0016175205200000004 0.3554306551599999 -0.0022123137999999986 0.002901922500000009 0.00048487150000000033 0.9999930441000018
1712732402.705684 0.001390087720000001 0.0016617868400000007 0.36027264868000014 -0.002032720499999999 0.00284492850000001 0.00039616459999999853 0.9999936044000008
1712732402.733938 0.0013013901600000008 0.0016149896000000007 0.36525626788000026 -0.0018633149999999986 0.0027620466000000065 0.0003056719999999957 0.9999942005000009
1712732402.765524 0.0011333042000000002 0.0015693904800000006 0.3702411991600006 -0.0017027839999999989 0.002721332100000007 0.00024190179999999394 0.9999946475999991
1712732402.800607 0.0008686126400000006 0.0015450842400000007 0.37547239996000065 -0.001513025200000001 0.002673791500000006 0.00019362019999999425 0.9999950766999988
1712732402.83475 0.0008345923600000007 0.0016257371200000005 0.38053617140000057 -0.0012837550000000004 0.0025781550000000043 0.00022050209999999738 0.9999955952999983
1712732402.865653 0.0007295148000000007 0.0017199756000000005 0.3859381433600007 -0.001059143800000001 0.0025110023000000036 0.0002197432999999971 0.9999960184999978
1712732402.897509 0.0005139559600000004 0.001715515480000001 0.3912719143200007 -0.0008655401000000007 0.002482268900000001 0.00021188879999999854 0.9999963045999977
1712732402.93185 0.0003395154000000001 0.0017908097200000014 0.3968436707200003 -0.0006402284000000009 0.0024449962999999963 0.00022928199999999732 0.9999964952999975
1712732402.96419 0.00025059467999999986 0.0017994334400000009 0.40234213180000006 -0.0004009829999999992 0.002401304999999998 0.00025974479999999465 0.999996703899997
1712732403.008483 0.00035748663999999984 0.0016417718800000015 0.4076107478800002 -0.0001933845999999989 0.0023349964999999973 0.0002359900999999942 0.9999969780999962
1712732403.035536 0.00041087759999999915 0.0014144471600000012 0.4129271748000001 -3.325299999999698e-05 0.0022764593999999973 0.00021062199999999365 0.9999971449999976
1712732403.069496 0.0004373440399999989 0.0011124797600000006 0.4182859130799997 0.0001337231000000022 0.002221582499999997 0.0001618887999999985 0.9999972760999981
1712732403.102868 0.00034557011999999953 0.0010606441999999995 0.42365196551999973 0.000402545300000004 0.0021735524000000006 0.00012228930000000027 0.9999973237999995
1712732403.139214 0.00041995295999999884 0.0012623248400000003 0.42911902151999975 0.0006888274000000055 0.0020952442000000014 0.00013392880000000494 0.9999972285000013
1712732403.164741 0.00047771135999999875 0.0012723818799999992 0.4347288587599999 0.0009196369000000037 0.002042808400000001 0.0001248096000000032 0.9999970795000024
1712732403.203717 0.0005350811199999983 0.0012965982399999992 0.4401941039999999 0.0011514054000000024 0.001985014700000004 0.00014874080000000235 0.9999969007000032
1712732403.23124 0.0007089952799999987 0.0012696625199999977 0.44576393707999956 0.001341155400000002 0.001919621900000007 0.00023392580000000107 0.9999968173000042
1712732403.264299 0.0008803135599999988 0.0012515778799999965 0.4512618515999999 0.0014178752000000017 0.0018650213000000083 0.00031331330000000104 0.9999967756000047
1712732403.302425 0.0011000849999999985 0.001235641679999997 0.4570920751599999 0.0014669876999999997 0.001810724200000008 0.0004414599999999991 0.9999967100000049
1712732403.332641 0.0011960622799999984 0.0015837634399999971 0.46288159343999974 0.0015769532000000004 0.001761038400000009 0.0006820877999999975 0.9999964299000055
1712732403.372045 0.0011848813199999985 0.0028083185199999977 0.46830972579999974 0.0015830131999999997 0.0017249153000000073 0.0008835465999999959 0.9999963286000053
1712732403.401333 0.0014834707999999985 0.0031411906399999977 0.4739720840399999 0.0012522064 0.0016381085000000072 0.0012494299999999958 0.9999956193000059
1712732403.436925 0.0023001045199999987 0.0026744155199999995 0.47919054035999986 0.0010803686999999978 0.0015184185000000072 0.0017815948999999943 0.9999946179000062
1712732403.469789 0.0023942542399999988 0.0030091143599999984 0.48299135331999965 0.0010644695999999982 0.0015653559000000095 0.0019901227999999938 0.9999942841000063
1712732403.499397 0.00246536528 0.002906039639999999 0.4865200597599997 0.0009006070999999976 0.0015670000000000072 0.002253266699999995 0.9999940695000049
1712732403.53446 0.0026083786399999993 0.00302805468 0.48935972315999965 0.0008839644999999979 0.0015124997000000029 0.0024745095999999965 0.9999937893000037
1712732403.570079 0.0027995477999999993 0.0033201579600000007 0.4916197756399998 0.0008564316999999961 0.0014378502000000014 0.0026216247999999998 0.9999936760000026
1712732403.600995 0.0029265507600000004 0.0033099698800000007 0.49320522579999954 0.0008672011999999951 0.001413092100000002 0.002764020300000003 0.9999934137000025
1712732403.634544 0.002902233320000002 0.0034267839199999994 0.4938990459199999 0.0008898097999999966 0.001390138299999999 0.002860445700000003 0.999993211100002
1712732403.664584 0.002890258000000001 0.003400717599999999 0.49436100168000013 0.0008761221999999957 0.0013739821999999957 0.002896530700000005 0.9999931634000034
1712732403.698736 0.0029942091200000015 0.002587643519999999 0.49466469695999987 0.0009664308999999954 0.0013678482999999963 0.0029723087000000092 0.9999929130000027
1712732403.734248 0.0028995884400000007 0.00287396172 0.49429375631999994 0.001394546899999996 0.0013930516000000004 0.0029216882000000057 0.9999932408000006
1712732403.764901 0.0023739584399999998 0.0036315652799999995 0.49369531987999976 0.001561878399999997 0.0014396505999999976 0.0026979395000000074 0.9999939619999992
1712732403.802134 0.0025098337600000004 0.0032601900800000006 0.4937960773199999 0.0015052839999999956 0.0013386315999999953 0.0027327336000000035 0.9999941467999974
1712732403.836475 0.00264112352 0.00334076316 0.49359253887999976 0.0015839811999999952 0.0012932392999999986 0.0026741863000000034 0.9999942957999991
1712732403.865505 0.002656299520000001 0.003229024679999999 0.4936329521200002 0.001505508399999997 0.001310569100000003 0.002644144100000001 0.9999944984999984
1712732403.903592 0.002575639080000001 0.0031601466399999987 0.49369405175999975 0.0014931637999999968 0.0013270700999999997 0.002660928699999998 0.999994450799997
1712732403.937127 0.002554463240000001 0.0032419315599999995 0.4937657782400002 0.0014942949999999984 0.0012961830000000007 0.0026396893999999947 0.9999945461999971
1712732403.96532 0.002591718080000001 0.003213188439999999 0.49397081048000047 0.001495789799999997 0.0012760676000000027 0.0026313803999999997 0.9999945937999968
1712732403.997132 0.002656050600000002 0.0031801151199999976 0.4939457891200003 0.0015081893999999985 0.0012687096000000009 0.0026304726999999972 0.9999945877999948
1712732404.033502 0.0027125252000000026 0.0031359775999999988 0.4939736267200007 0.001510046399999998 0.0012617537000000011 0.002618051299999996 0.9999946294999944
1712732404.069259 0.0027054420400000044 0.0029965420799999984 0.4939150599600004 0.0014954826999999977 0.0012569993999999973 0.002589696699999999 0.9999947307999946
1712732404.10553 0.002684936800000005 0.002961976359999997 0.49403407536000066 0.0014983070999999987 0.0012680136999999926 0.002595088600000001 0.9999947009999943
1712732404.132866 0.002712038560000004 0.0029636406799999977 0.4940046647200009 0.0014967584999999977 0.0012654166999999938 0.002579869300000004 0.9999947485999939
1712732404.165303 0.0027096459600000045 0.002997567159999997 0.4940029998400014 0.001497786599999998 0.0012574102999999893 0.0025996832000000024 0.9999947008999925
1712732404.205247 0.002799655320000005 0.002983872359999997 0.494006721600001 0.001516198799999996 0.0012375565999999893 0.002639073900000005 0.9999945875999942
1712732404.233001 0.0029436778000000038 0.0030290139599999963 0.49397258344000144 0.0015844384999999961 0.0012501664999999885 0.0026656026000000054 0.9999943789999947
1712732404.264627 0.0029609090000000038 0.0030301196799999977 0.4941725252800009 0.001580866799999997 0.0012960830999999896 0.002695563300000009 0.9999942358999931
1712732404.301565 0.002976265600000003 0.0028638506399999986 0.49430407880000005 0.001588401999999997 0.0013428585999999908 0.002718680500000009 0.9999940928999933
1712732404.336203 0.0031020332000000024 0.0027397249600000007 0.49466194315999984 0.001581976099999996 0.0013903084999999926 0.0027101145000000106 0.9999940511999938
1712732404.369695 0.0033072460400000027 0.0026779272800000007 0.49518698459999977 0.001628717299999996 0.001439974399999988 0.002717131800000011 0.9999938723999946
1712732404.402401 0.0033943730800000006 0.0024516108400000013 0.49572535628000053 0.0016336441999999951 0.0015578490999999862 0.0027259269000000086 0.9999936339999949
1712732404.43096 0.0035058713200000016 0.0023692370800000016 0.4961645393600001 0.0016598634999999945 0.0016566236999999927 0.0027190657000000064 0.9999934313999972
1712732404.467484 0.003679952080000002 0.0022235564399999993 0.4969823524399997 0.001702359099999995 0.0017702698999999878 0.002788366500000006 0.9999929545999976
1712732404.500985 0.0038747430400000006 0.0021668698800000018 0.4978326805199988 0.001764388699999997 0.0018859200999999937 0.002850630600000009 0.9999924538999977
1712732404.536399 0.0039718053200000015 0.002010035440000003 0.4988557347199986 0.0018060627999999968 0.0020173546999999958 0.002857043000000009 0.9999921200999978
1712732404.563545 0.003968085520000001 0.0017876882800000047 0.5000598635199985 0.0018155131999999963 0.0021495132999999945 0.002874101000000012 0.9999917743999986
1712732404.598599 0.004023389160000001 0.0015269430400000038 0.5011706114799983 0.0018892017999999956 0.0022837575999999915 0.00290243300000001 0.9999912379999983
1712732404.631437 0.00408966208 0.0014427137200000019 0.5024992800799989 0.0019499178999999977 0.0024259233999999854 0.002927274400000007 0.999990695599999
1712732404.666407 0.0041492600800000015 0.0013719666800000026 0.5038223660399993 0.002077924999999997 0.0025418907999999905 0.003010427800000004 0.9999899029000006
1712732404.703887 0.004080385960000002 0.0011224127600000017 0.5050388949199985 0.002110295699999998 0.0026616269999999997 0.0031013839000000043 0.9999892770999992
1712732404.735763 0.004141917360000002 0.0009652778800000016 0.5065791088399977 0.002167580399999998 0.0027185416000000016 0.003183719000000007 0.9999887763999993
1712732404.769102 0.004215625400000001 0.0006937789600000032 0.5084520531999982 0.002193091399999997 0.0027955456000000045 0.0032161990000000086 0.9999884246999983
1712732404.802105 0.004145005200000001 0.0004644458000000062 0.5102302816799985 0.0021955492999999977 0.002899392700000003 0.003180237300000005 0.9999882399000001
1712732404.833436 0.004137921200000003 0.00017438764000000384 0.5122458193999994 0.0021981762999999975 0.0029925580000000006 0.003160167600000002 0.9999880313000006
1712732404.869606 0.004224571680000002 -4.73591999999956e-05 0.5143963481999992 0.002222099399999998 0.0030628306999999967 0.003170289500000001 0.9999877512000012
1712732404.900656 0.004337725840000003 -0.00020244083999999604 0.5166704782399988 0.002243328 0.0031165270999999996 0.0031537603999999995 0.9999875962000004
1712732404.93245 0.0043699224800000025 -0.0003301155199999944 0.5192400757599992 0.0022093514999999993 0.0031834251000000036 0.0030719351000000005 0.9999876677000004
1712732404.964687 0.004456386480000002 -0.0003791278399999942 0.5219574777199995 0.0021809572999999987 0.0032376078000000085 0.0029850770999999996 0.9999877631000004
1712732405.000764 0.004462318000000001 -0.0005306529199999937 0.5249491850399994 0.002051988199999999 0.003316732 0.0028792492000000005 0.9999880789999992
1712732405.035196 0.004516509479999997 -0.00041308623999999455 0.5283337127599996 0.0019884521999999987 0.00338922519999999 0.0027781121999999993 0.9999882578000012
1712732405.06983 0.004482780119999997 -0.0002891904399999967 0.5317256753200003 0.0019132782999999986 0.003481724499999994 0.0026377561999999964 0.9999884486000014
1712732405.10319 0.004396426999999998 -0.0002910289199999966 0.5353376322000002 0.001850363699999999 0.0035561126999999913 0.0025456564999999987 0.9999885440000014
1712732405.135597 0.004432098439999998 -0.0002597641199999967 0.5391141453600004 0.0018214889999999984 0.003580199499999992 0.002452971000000004 0.9999887467000008
1712732405.167053 0.004312712319999997 -0.00012731879999999528 0.5430730101999998 0.0018080727999999976 0.0036161660999999958 0.0022962801000000034 0.9999890090000008
1712732405.202201 0.004129338359999998 1.932028000000363e-05 0.5471403848400007 0.0017687090999999988 0.0036609373 0.0021330054000000044 0.9999893189000005
1712732405.232404 0.003996414519999996 1.7689000000003506e-05 0.5514104635200007 0.0017111177999999977 0.0036720474000000005 0.0019970511000000023 0.9999897183000002
1712732405.26612 0.003991249639999999 0.00010961552000000318 0.5557549636800009 0.0017275973999999986 0.0036334306999999955 0.0019434988000000043 0.9999899269000025
1712732405.297263 0.003915825760000002 3.6251600000036797e-06 0.56018864748 0.0017611106999999987 0.003595327199999998 0.0019145685000000023 0.999990052000004
1712732405.33088 0.0038291901200000027 1.1411400000000958e-05 0.564638837 0.0019258886999999989 0.003573525799999999 0.0018540956000000052 0.9999898732000048
1712732405.367156 0.003812025560000003 -1.216011999999933e-05 0.5689924912000005 0.002090735799999999 0.0035379625999999997 0.0018141021000000034 0.9999896765000045
1712732405.400648 0.0037987272400000043 -4.023151999999752e-05 0.5735955506400006 0.002261169499999999 0.0035104126999999986 0.0018293533000000028 0.9999893606000058
1712732405.432981 0.003768466800000004 1.7323600000013206e-06 0.5781593148800003 0.0024076737999999985 0.0034995613999999954 0.0017922509000000031 0.9999891639000055
1712732405.467128 0.003754726640000005 4.6814879999998445e-05 0.5829586111999997 0.002495439599999999 0.0035027625000000006 0.001847732099999999 0.9999888301000055
1712732405.5072 0.003807652800000004 -0.0001684583600000006 0.58764059004 0.0025380605 0.0035080608999999985 0.0019417355999999998 0.999988532100005
1712732405.532396 0.003952108160000002 -0.00037771972000000097 0.5923345058399992 0.0026214118999999996 0.0034830706999999907 0.002045480999999999 0.9999882222000054
1712732405.567638 0.003949752800000003 -0.0004761240400000027 0.5972723859199994 0.002697448399999999 0.0034891085999999905 0.0021249136 0.9999878765000062
1712732405.599477 0.0039363615200000025 -0.0006634300400000031 0.6023159385599992 0.002755115699999999 0.003495577799999994 0.0021727903999999966 0.9999876262000044
1712732405.634828 0.00392002772 -0.0007740992000000035 0.6074809515599995 0.002813864499999999 0.003483821499999995 0.0022349373000000007 0.9999873818000026
1712732405.666811 0.00389953452 -0.001057319480000003 0.6129026170399992 0.0027945915999999993 0.0034307686000000005 0.0023364932999999978 0.9999873818000026
1712732405.699737 0.003866708160000002 -0.0014221524800000023 0.6185263148399991 0.0028063043999999996 0.0033696426 0.002440611399999998 0.9999872685000014
1712732405.732826 0.0039055704800000013 -0.0015752920400000031 0.6241118981999989 0.0028857923 0.0032675153999999983 0.0026055967000000015 0.9999868214000003
1712732405.765109 0.003848981360000003 -0.0017574278400000047 0.6299256994799989 0.0030541550000000007 0.0031747473999999996 0.0027996081999999978 0.999985945200001
1712732405.803709 0.00366455208 -0.001944060440000002 0.6354621039199991 0.003274362900000001 0.003103063500000003 0.002890850699999997 0.9999850809000008
1712732405.838203 0.0036785296799999984 -0.001856866760000002 0.6413635197199987 0.0035127305000000005 0.0029891836999999975 0.0030421611000000016 0.9999841032999995
1712732405.876253 0.003571880759999996 -0.0018280458000000022 0.6475409348799988 0.0036765243 0.0029257246999999987 0.0032130334999999955 0.9999831376999992
1712732405.909202 0.003773219800000001 -0.001934587479999999 0.6536911340399991 0.0038495466000000008 0.0028219121000000015 0.003460482699999995 0.9999819336999991
1712732405.9385 0.003947242039999999 -0.001908558679999998 0.6599635781199994 0.0040338919 0.002740733900000003 0.0037672193999999993 0.9999803541999995
1712732405.967337 0.004243973160000002 -0.001941809519999998 0.6663262530399997 0.0041900846 0.0026487032000000023 0.004079728500000002 0.999978792600001
1712732406.005 0.004490214399999998 -0.001755404839999997 0.6726279825999998 0.0043395289 0.002579106100000006 0.0043670040000000025 0.9999772309000008
1712732406.034169 0.004786566679999994 -0.0015626934399999974 0.6790056067199995 0.0043905984 0.002517737100000006 0.004612157699999997 0.999976152100001
1712732406.068556 0.005024370399999993 -0.0014190366399999986 0.6855820047999995 0.0043391032000000005 0.002488124600000008 0.004795719699999995 0.9999755561000001
1712732406.09782 0.005369810039999989 -0.0011829999999999979 0.692282759 0.0041105181 0.0024582087000000084 0.004972008199999994 0.9999755977999996
1712732406.134412 0.005941879719999989 -0.0009288515599999985 0.6994732231199996 0.0037638596999999994 0.002387829000000008 0.005197970099999993 0.9999758184
1712732406.170582 0.006244339079999988 -0.0007832006000000002 0.7067870546799996 0.0033779914 0.002393682300000011 0.005337922199999989 0.9999762476
1712732406.2053 0.006399517879999988 -0.0005280511599999992 0.7142757691999996 0.0030056025 0.0024263409000000124 0.005423894699999998 0.999976664799999
1712732406.232948 0.006324687879999981 -0.00024232376000000218 0.7216860814799994 0.0025998634 0.0024717319000000073 0.005406975699999994 0.9999775588000006
1712732406.266369 0.0064070789999999805 -0.00015651440000000405 0.7291928495599991 0.0021517661 0.0024625735000000093 0.00533394599999999 0.9999789476000018
1712732406.30194 0.006467966399999974 0.00028388331999999625 0.7370360779599993 0.0017471834000000002 0.0024771675000000103 0.0052224126999999895 0.9999804197999993
1712732406.336812 0.00650801199999998 0.0006602019199999964 0.7450841759199996 0.0012835808000000002 0.0025103874000000025 0.005057775199999992 0.9999821065999981
1712732406.367293 0.006480423319999984 0.0008998805199999959 0.7532523451600002 0.0008026166000000001 0.002540471200000005 0.004909286299999993 0.9999834595999971
1712732406.40469 0.006433775039999987 0.0011225759999999973 0.7613700875200003 0.0003798122000000001 0.002580870099999999 0.004722293899999996 0.9999847589999973
1712732406.435874 0.006390859439999991 0.0013137636399999984 0.7694443209599996 1.142620000000004e-05 0.0026290509999999934 0.0044833366999999956 0.9999858318999969
1712732406.467455 0.006072574199999991 0.0014479908799999983 0.7775925547600001 -0.00034371239999999995 0.002723090599999989 0.0041784186 0.9999867139999964
1712732406.504971 0.005850031319999995 0.0016067696399999997 0.7858782584800006 -0.0006587607 0.0027601545999999867 0.003870234000000006 0.9999875722999974
1712732406.535595 0.005730254319999998 0.0017519025999999987 0.7938600082000005 -0.0009899437 0.0027667291999999843 0.0035726416000000038 0.9999882815999968
1712732406.568875 0.005752136879999997 0.001838034520000002 0.8023405426400012 -0.0013082404000000001 0.0027362590999999935 0.003374168600000005 0.9999886809999964
1712732406.606194 0.005753749960000003 0.00209158712 0.8108147686800025 -0.0015571727000000001 0.0027121388999999827 0.003238816400000011 0.9999889610999958
1712732406.63544 0.00563902780000001 0.00214620252 0.8193525810400015 -0.0018353914000000002 0.002708065699999973 0.0031109133000000065 0.9999891697999971
1712732406.670388 0.005699226400000009 0.002046781240000001 0.8277645311600018 -0.0020668227 0.002676000999999972 0.0030816986000000044 0.9999890505999985
1712732406.704196 0.005728569560000007 0.002135549360000004 0.8362970697200012 -0.0021845397000000003 0.0026598680999999737 0.003072857700000009 0.9999889553000003
1712732406.737436 0.005875736440000003 0.002237431840000005 0.8450744570800012 -0.0022720737 0.0026167158999999772 0.003115806200000004 0.9999887824000012
1712732406.771513 0.005951980720000004 0.0022532456800000047 0.8538012257600018 -0.0023415663 0.002551697799999986 0.0032305124000000076 0.9999884069000018
1712732406.801658 0.006198208520000007 0.0024412105200000045 0.8626616672800019 -0.0023008238 0.0024470664999999836 0.0034766631000000105 0.9999877989000027
1712732406.838064 0.006490962240000009 0.002569261520000003 0.8715251795600025 -0.0022893844000000003 0.0023434274999999836 0.0037983034000000026 0.9999868333000024
1712732406.865629 0.00691472460000001 0.0025294318000000037 0.8804805413600028 -0.0022500359 0.0022315132999999876 0.0042162339 0.999985450500003
1712732406.900871 0.007180135760000011 0.002869508600000001 0.8893810038400016 -0.0022075528999999997 0.002195760999999985 0.004599245000000007 0.9999838650000015
1712732406.935363 0.007448375200000007 0.002991807560000004 0.8985069805599999 -0.0023563577999999997 0.0021881787999999958 0.0049647296000000065 0.9999815524000013
1712732406.969416 0.007811405840000003 0.003029776680000003 0.9076701743199997 -0.0024894863 0.0021849396999999993 0.005345717500000002 0.9999791979999998
1712732407.003783 0.00803967668 0.0033535289200000012 0.917292565559999 -0.0025741178 0.002208393200000003 0.005679995700000007 0.9999771118999974
1712732407.034095 0.008045929920000004 0.0035352237199999977 0.9268009105599984 -0.0027437051000000004 0.002264128200000004 0.005945990600000006 0.9999750733999975
1712732407.071412 0.00815488632 0.0036526568399999977 0.9364611031999986 -0.0029596028000000007 0.002282852200000007 0.006224660700000007 0.9999728679999975
1712732407.10324 0.008403001599999998 0.0037972135599999963 0.9463951923999987 -0.003194550600000001 0.0022858877 0.006534112600000008 0.9999702810999963
1712732407.139969 0.008566716759999995 0.0038170630399999976 0.9562757254399983 -0.0034801867 0.0023132223000000064 0.006781629300000003 0.9999677300999963
1712732407.172971 0.008725408439999997 0.0040000984799999995 0.9662858760799968 -0.0037475074999999995 0.002365210800000006 0.006991140000000007 0.999965316099997
1712732407.204112 0.008881453 0.004381594559999999 0.9767206111599976 -0.0039971871 0.0024488061000000005 0.007114065700000005 0.999963366999998
1712732407.233203 0.009101233120000003 0.0042703497199999985 0.9871413101199982 -0.004260934200000001 0.0025291543000000027 0.007193035599999997 0.9999616086999964
1712732407.272687 0.009038393000000004 0.004234987399999998 0.9975205945599989 -0.004333926000000001 0.002637909500000002 0.007172701999999998 0.9999611377999941
1712732407.304149 0.008965547080000002 0.004264930039999998 1.007969348399999 -0.0043899601000000005 0.002701018900000007 0.007192318100000006 0.9999605953999946
1712732407.334042 0.008965601680000004 0.004216357600000001 1.01831201668 -0.0044259734 0.0027365127000000045 0.007169827100000003 0.999960529799995
1712732407.369029 0.009124977120000002 0.004522000560000003 1.0288843048400012 -0.004388398799999999 0.0027683642000000063 0.007135676700000005 0.9999607860999958
1712732407.403446 0.009184120680000005 0.004709685120000002 1.0395830645199995 -0.004420638199999999 0.0028578103000000076 0.006995623000000006 0.9999612748999936
1712732407.437208 0.009170006160000004 0.0049661298400000015 1.0503626585199994 -0.004433086999999999 0.0029813453000000155 0.006772789900000009 0.9999622583999951
1712732407.470942 0.009084042240000006 0.0052011954400000004 1.061574221959999 -0.0044965644999999995 0.0031162887000000137 0.006524989500000011 0.9999631225999963
1712732407.501175 0.009061775800000007 0.005199021239999998 1.0727268218800003 -0.0045768067999999995 0.0032270758000000122 0.006287289600000012 0.9999638914999934
1712732407.535438 0.00896730744 0.005205671799999999 1.0840384374399987 -0.0046438989 0.003323214200000013 0.0060407151000000155 0.9999647915999901
1712732407.569912 0.008906794119999995 0.005392268559999999 1.095379084239999 -0.004677828100000001 0.003441599200000012 0.005795144700000021 0.9999656975999927
1712732407.60498 0.009140192599999998 0.0057036089599999985 1.1070208811199997 -0.004728417300000001 0.0035627455000000084 0.005656934500000021 0.9999658107999949
1712732407.641187 0.009127413399999994 0.005935302240000001 1.1185901546400003 -0.004750531500000002 0.0037475248000000015 0.00536444100000002 0.9999666630999968
1712732407.673178 0.008943746279999991 0.0060541039999999985 1.1301783121999986 -0.004770055200000003 0.0039348842 0.005099477000000019 0.9999673186999984
1712732407.703399 0.00893290859999999 0.005786461239999994 1.1420005953999974 -0.004794893000000003 0.0040192575999999924 0.00491888960000002 0.9999678908999954
1712732407.735804 0.008933193919999988 0.005670743399999994 1.1538296459199984 -0.004661508200000003 0.004074255399999993 0.00482934730000002 0.999968623999996
1712732407.769685 0.008958423319999981 0.005560479399999994 1.1657397900399982 -0.004450767700000002 0.004127679799999995 0.00471723690000001 0.9999696729999983
1712732407.804815 0.009001002919999977 0.005341281399999997 1.1772937010799989 -0.004161860200000002 0.004197071499999994 0.004606069900000009 0.9999710021999931
1712732407.84309 0.008657360319999972 0.005136930679999996 1.189063396359998 -0.0037892694000000032 0.004292538499999998 0.004427742600000006 0.9999727783999959
1712732407.869992 0.008487345439999978 0.005048720319999996 1.200741784479999 -0.0033523745000000023 0.004293207399999999 0.004323904000000001 0.9999746916999982
1712732407.909274 0.008313341679999985 0.005136096559999997 1.2126299320799985 -0.0029015390000000003 0.004241288199999993 0.004305518399999997 0.9999764261999985
1712732407.939881 0.008099049279999982 0.005104189159999994 1.2246125662399987 -0.0025935685999999986 0.004136766199999986 0.004346240899999998 0.9999777434999999
1712732407.974903 0.008398494719999991 0.004713342759999997 1.236968230959998 -0.0023535515999999978 0.00395444439999999 0.004624126299999998 0.9999777017999975
1712732408.002095 0.00844546136 0.004518193679999993 1.2495721741999997 -0.002009414699999998 0.003870594599999999 0.0049291890999999975 0.9999770938999972
1712732408.039091 0.00855297632 0.004628276519999999 1.2619586893200014 -0.0016357951999999981 0.0038409622000000086 0.005153361899999998 0.9999766289999968
1712732408.071106 0.008078776160000007 0.006305613439999996 1.273394189760002 -0.0013694162999999982 0.003913996100000006 0.005072635999999997 0.999977076099998
1712732408.104947 0.008197708960000015 0.006729155719999997 1.2855945440800014 -0.0020500567999999996 0.003865325200000003 0.005221149199999997 0.9999725640999941
1712732408.13546 0.008521889320000019 0.005985180319999992 1.2977849015600025 -0.002520238999999999 0.003816347200000003 0.005496471699999994 0.9999690593999958
1712732408.168238 0.008335428920000025 0.007003900399999996 1.3082611010000034 -0.002661893999999998 0.003940599100000009 0.005530783099999992 0.9999679209999954
1712732408.214564 0.008480795960000013 0.006570859119999999 1.317992915960003 -0.0031449249999999985 0.004036733700000006 0.0057081097999999945 0.9999649228999943
1712732408.236624 0.008563060240000009 0.006563412800000001 1.325900331560004 -0.0032671718999999987 0.004171077600000006 0.005728995399999992 0.9999640525999951
1712732408.269023 0.008569470280000014 0.00657999412 1.3323404738000026 -0.0033250874999999984 0.004346026000000014 0.005671701999999989 0.9999634743999934
1712732408.309348 0.008518059760000007 0.006988437679999998 1.3372055970000032 -0.0033078786 0.0045413573000000155 0.005651374499999984 0.9999628663999942
1712732408.338461 0.008734482679999999 0.007345011800000005 1.340464324920002 -0.003417008699999999 0.004668769300000009 0.0055745868999999785 0.9999626934999923
1712732408.368389 0.00880510232 0.007401500400000005 1.3426281929200004 -0.0035898997999999987 0.004799104100000007 0.005553973399999979 0.9999621271999957
1712732408.4036 0.009399496960000003 0.005943851480000008 1.3444772090399995 -0.0036947722999999986 0.004815806500000008 0.005805053999999976 0.9999606906999986
1712732408.436898 0.00951294372 0.005692732080000007 1.344549674159999 -0.002932267599999999 0.004940844700000002 0.00591030899999998 0.9999636769000005
1712732408.471491 0.009398659480000002 0.006680128280000009 1.3437021830399978 -0.002409460799999999 0.005083893100000003 0.005850423499999979 0.9999657451000019
1712732408.501475 0.009879483599999999 0.005962471480000008 1.3433203652399988 -0.0022891755999999985 0.0050541642 0.006112578699999982 0.9999649106000049
1712732408.536735 0.009895500720000007 0.006467563480000006 1.3424498261999984 -0.001904520899999998 0.005106322200000002 0.006132831399999983 0.9999660788000085
1712732408.568911 0.009730919240000007 0.006167424760000006 1.3420887533199979 -0.0018396388999999986 0.005058012500000009 0.0063216156999999825 0.9999653219000095
1712732408.605184 0.009438222639999997 0.006299378960000006 1.3419229700799975 -0.0016423317999999993 0.004832129400000007 0.006466198799999978 0.9999657213000092
1712732408.634265 0.008993272120000005 0.006400984240000001 1.342224153479998 -0.0015246675999999986 0.004484628099999999 0.006407141799999983 0.9999674081000081
1712732408.671735 0.008475878600000005 0.006468681240000001 1.342902556799998 -0.0014597823999999981 0.004058170100000003 0.006333158099999991 0.9999692380000113
1712732408.704264 0.0081639824 0.006287062319999999 1.3439709057599991 -0.0013812761999999978 0.0035431906999999984 0.006301082199999986 0.9999707997000087
1712732408.738459 0.007767602079999986 0.006209778960000001 1.345325893239999 -0.0013049746999999972 0.0030460105999999933 0.006246218299999984 0.9999723435000079
1712732408.771942 0.007108100159999995 0.005970188560000002 1.3468394959600005 -0.0012178927999999978 0.0025400843000000007 0.006150563899999984 0.9999742151000077
1712732408.806707 0.006596599519999988 0.005889219280000002 1.3485433483200018 -0.0010464148999999978 0.0019388292000000029 0.006102137399999985 0.9999760510000101
1712732408.838221 0.006362973679999982 0.005849156599999997 1.3507125984799997 -0.0008850756999999986 0.0012610953000000036 0.00604158199999999 0.9999780537000049
1712732408.873817 0.0060526370799999785 0.005809436639999999 1.3533263682399992 -0.0007066225999999981 0.0005703500000000083 0.006015113799999994 0.9999796928000023
1712732408.906768 0.005891215679999977 0.005995375399999996 1.3565467187999998 -0.000546292299999998 -8.417269999999588e-05 0.005895295899999997 0.9999813437999989
1712732408.935957 0.005778722879999984 0.005789842519999999 1.359952512800001 -0.0004599013999999985 -0.0006253059999999921 0.005804792400000003 0.9999820172999989
1712732408.969039 0.005703802159999986 0.0056466944800000005 1.36339014168 -0.0003315786999999987 -0.0011037357999999831 0.005780390199999996 0.9999817730000018
1712732409.004397 0.005858334719999985 0.005429031440000001 1.3672074435600017 -0.00013769429999999915 -0.0015818890999999891 0.005808953299999986 0.9999808849000033
1712732409.034915 0.0058140829599999935 0.005377685879999997 1.371015082360001 2.97180000000008e-05 -0.0019967169999999925 0.005796535399999992 0.9999800504000064
1712732409.076042 0.0057766060799999954 0.005110180319999995 1.3751383492000016 0.0001933910000000011 -0.002428109299999992 0.005828737099999992 0.9999787927000057
1712732409.108206 0.005810618799999999 0.005164487159999994 1.3794613954800012 0.0004235839000000019 -0.002879583699999999 0.005902989899999989 0.9999771595000027
1712732409.137209 0.005912207000000003 0.005108925919999995 1.3837484511200013 0.0005157114000000018 -0.003295252500000001 0.005938222699999995 0.9999757647000024
1712732409.171817 0.006035326920000012 0.004831707159999999 1.3881678865600013 0.000575754700000003 -0.0036101194000000003 0.00593867819999998 0.999974882600003
1712732409.20619 0.006041734440000012 0.0046187878799999965 1.39253883104 0.0006486585000000017 -0.0038124590000000015 0.005930776199999976 0.9999743998000042
1712732409.236888 0.005448484440000012 0.004113364920000001 1.3961903166400007 0.0006588842000000011 -0.0038675028 0.00586634589999997 0.9999746144000028
1712732409.271537 0.004940147800000003 0.0035495734399999986 1.3998296774 0.0007045979000000008 -0.003929508700000006 0.005850002199999959 0.9999745190000056
1712732409.306497 0.004162338879999994 0.0029369642399999997 1.4032464611200002 0.0007395165000000009 -0.003955541200000012 0.00572964899999997 0.9999750673000051
1712732409.33557 0.003139101839999996 0.0021770209999999977 1.4066798258799995 0.0007353676000000003 -0.003930099100000006 0.005642376399999982 0.9999756514000012
1712732409.372517 0.0019095101199999907 0.0014691384399999963 1.4102498757200008 0.0008269815999999985 -0.003982660300000007 0.005611170899999985 0.9999754785999982
1712732409.40521 0.0007049565600000029 0.0007152510400000011 1.4133579826799996 0.0009461322999999994 -0.004180844100000003 0.005560922699999993 0.9999744831999976
1712732409.435032 -0.0005429015200000009 -0.0002562184799999978 1.416354312799998 0.0010380840000000003 -0.004499343700000003 0.005444429499999992 0.9999729692000017
1712732409.476255 -0.0012964327599999969 -0.0005824904399999986 1.4204284883599956 0.0013588010999999983 -0.005106293700000009 0.005541610199999991 0.9999667762999991
1712732409.510915 -0.0022579552800000013 -0.000769831160000004 1.4242115521199987 0.0017758329999999962 -0.005922326200000017 0.005689560399999993 0.9999579487999994
1712732409.552464 -0.002806744079999996 -0.0005450090800000029 1.4289135288400012 0.002211357599999997 -0.007034782900000014 0.005918462899999999 0.9999450206000006
1712732409.57483 -0.0027665341199999993 -4.7600000000591613e-07 1.4344469165599987 0.002710675999999998 -0.008403085100000018 0.006260359900000001 0.9999284684000032
1712732409.609721 -0.002593629639999988 0.0006829997999999959 1.4403877233199993 0.0031713298999999973 -0.009849968600000014 0.006615488800000002 0.9999095200999989
1712732409.639466 -0.002250991119999983 0.0014907670399999973 1.4469722198400001 0.003586530299999999 -0.011321409800000015 0.006996249499999996 0.9998897612000007
1712732409.672648 -0.0018361167999999895 0.002130572079999997 1.4536025952000016 0.0038608874999999988 -0.012741986800000016 0.007362106899999987 0.9998713493000025
1712732409.708377 -0.0013230562799999878 0.0028909742399999983 1.4605500341600015 0.004051369199999999 -0.013971313800000006 0.0077217236999999935 0.9998546719000047
1712732409.739235 -0.0007045046399999921 0.003657811359999993 1.4678384854000024 0.004174125199999998 -0.015039268300000009 0.008122671599999997 0.9998386144000051
1712732409.772054 -0.00016761667999998898 0.00457277827999999 1.475605535600005 0.004275861099999998 -0.015932390600000002 0.008552415899999999 0.9998241126000039
1712732409.80816 -8.175607999999057e-05 0.00478249883999999 1.4826260568000078 0.0041763567 -0.0165478982 0.008827440999999991 0.9998135209000054
1712732409.838199 -0.00015497495999998277 0.005107374439999995 1.489999740320007 0.0040415593 -0.0169741496 0.009052895400000005 0.9998058379000042
1712732409.869571 -0.0005173960399999888 0.005125175439999998 1.4965836359600075 0.0038388335999999996 -0.017196463500000002 0.009118646399999996 0.9998025179000024
1712732409.906995 -0.000747146399999976 0.005120981319999998 1.5030730033200086 0.0035263749999999983 -0.017306909199999998 0.009108953500000006 0.9998018682000008
1712732409.935527 -0.001375423559999982 0.00510296472 1.5096255566000092 0.0031772489999999987 -0.017278466599999997 0.008994106700000004 0.9998045445000002
1712732409.970459 -0.0020557639199999863 0.005031530280000002 1.5161751724000108 0.002817485099999997 -0.017199176399999995 0.008920809600000013 0.9998077034999995
1712732410.011094 -0.002642429999999987 0.00525366968 1.5226924778800106 0.002591780299999999 -0.017170725399999996 0.008823588000000004 0.9998095989999968
1712732410.04086 -0.0032130604799999875 0.005364870560000005 1.5291795587600114 0.002359281799999999 -0.017241027799999996 0.008617907899999989 0.9998106479999933
1712732410.073355 -0.003928325519999989 0.0055113338000000065 1.5358615540800116 0.0021110847999999986 -0.017340724399999997 0.008321409899999988 0.9998118817999909
1712732410.106431 -0.004345427799999998 0.00559263516000001 1.5422586466000086 0.0018586248 -0.0175134306 0.008027945999999985 0.9998117506999904
1712732410.140745 -0.004918587519999997 0.005722083640000016 1.548717339120009 0.0016255963999999984 -0.017660483800000005 0.007701958300000001 0.9998122095999917
1712732410.179552 -0.005436519479999999 0.005924486400000021 1.5553051234000093 0.0013618986999999999 -0.0178198845 0.0073206236999999955 0.9998127340999929
1712732410.208289 -0.005944405319999996 0.005980085440000023 1.5620054937200067 0.0010482813000000008 -0.018009362499999997 0.006965154799999995 0.9998121380999919
1712732410.23644 -0.006613934040000011 0.005984783840000022 1.5689707398400088 0.0007810460000000019 -0.018168774999999998 0.006629982899999986 0.999811643399994
1712732410.271385 -0.007064886920000008 0.006192099760000029 1.5759998727200073 0.0005658635000000023 -0.018341455200000002 0.006311482099999988 0.999810647999999
1712732410.309596 -0.007581071960000006 0.006081695200000024 1.5830378342800075 0.000226186400000003 -0.018491244100000005 0.0059760163999999834 0.9998098969999945
1712732410.341883 -0.008110878160000005 0.006015118480000018 1.5904525064400041 -9.38196999999974e-05 -0.018652984700000003 0.00563480999999999 0.9998089551999954
1712732410.375577 -0.008622962040000008 0.005924210040000018 1.597572412520003 -0.0004314417999999959 -0.018781655300000005 0.005355189000000005 0.9998080969
1712732410.414146 -0.009051821240000008 0.005864681760000024 1.6049839307600011 -0.0007264011999999958 -0.018899919300000005 0.005162853799999989 0.9998068572000023
1712732410.446766 -0.009502641959999997 0.005925089520000021 1.6126295830400026 -0.0009767152999999972 -0.019018741300000003 0.005049389999999998 0.9998051883000016
1712732410.478829 -0.010098241720000005 0.005708728760000012 1.6206381942799997 -0.0012090164999999959 -0.0191182095 0.0049401264999999975 0.9998038292999979
1712732410.504194 -0.010478393240000012 0.00562237256000001 1.6286523629599992 -0.0013162540999999972 -0.0192300678 0.004942715099999995 0.9998016656999994
1712732410.543378 -0.010926114080000009 0.00559935572000001 1.636893055839999 -0.0013752745999999982 -0.0193092518 0.005006251699999997 0.9997997582999971
1712732410.570765 -0.011288287919999996 0.005611420080000008 1.6452532605599952 -0.0014282163999999986 -0.019394076600000004 0.005067447200000008 0.9997977376999984
1712732410.602119 -0.011560800439999998 0.005594244880000003 1.6534856419199955 -0.0014616123999999981 -0.019468290600000004 0.005139247300000016 0.9997959137999942
1712732410.636961 -0.011626978159999989 0.005735256520000008 1.6617041876399923 -0.0014490881999999982 -0.019591386800000003 0.005293030900000018 0.9997927129999994
1712732410.672877 -0.01175237699999999 0.005738648440000009 1.669860298959996 -0.0015521765999999993 -0.0196983453 0.005543279100000032 0.9997889757999985
1712732410.704912 -0.011793690439999989 0.005931271640000008 1.678477401999994 -0.0016353990000000014 -0.019821447100000004 0.0058260551000000275 0.9997846842999991
1712732410.737217 -0.011794712719999987 0.005947812079999998 1.6870244767599945 -0.0017664549 -0.0199359401 0.006105302700000026 0.9997803569999973
1712732410.773561 -0.012088736239999988 0.005846981 1.6955727196799921 -0.0019310397000000007 -0.019978265800000002 0.0063124302000000295 0.9997777760999952
1712732410.810709 -0.012273895759999985 0.00599072880000001 1.7036948347999927 -0.0020588136000000007 -0.0200604545 0.00651558120000002 0.999774533599998
1712732410.83946 -0.01248845107999998 0.006045610200000008 1.7120840455599908 -0.002250274599999999 -0.020169272100000003 0.00669132520000002 0.9997708499999988
1712732410.870737 -0.01284573275999998 0.00584484992000001 1.720301056039993 -0.0024837446999999985 -0.020260043400000004 0.006862550100000031 0.9997673870000028
1712732410.910081 -0.01319863915999998 0.0058277553600000085 1.7285209538799948 -0.0026733605999999994 -0.0203722676 0.007061486600000033 0.9997633934000021
1712732410.939961 -0.013709585679999976 0.005638173240000001 1.7371115375599953 -0.0029504032999999987 -0.0205052277 0.007278427000000032 0.9997586488000024
1712732410.972845 -0.014357611519999976 0.005692745519999993 1.7459106041999986 -0.0031278898 -0.0206354216 0.007484801000000018 0.9997539758000016
1712732411.008426 -0.014701052519999964 0.005886656439999991 1.7549762490399956 -0.0032382542999999987 -0.020836857099999998 0.007641412400000003 0.999748134500004
1712732411.038277 -0.01524242243999996 0.005914135079999982 1.7641966201999961 -0.003389884499999998 -0.021000450099999998 0.0077635477999999924 0.9997431575000008
1712732411.075641 -0.015783532239999964 0.006046873279999988 1.773410933279997 -0.0035050281999999986 -0.021184853999999996 0.00789935020000001 0.9997376560000021
1712732411.104348 -0.01618471623999997 0.006219093999999987 1.7829324464000007 -0.0036247189999999985 -0.021392347 0.008006303100000011 0.9997319459000039
1712732411.13899 -0.016800483559999968 0.00629059927999998 1.792872910920002 -0.0037853742999999994 -0.0215756231 0.008071735000000002 0.999726933200003
1712732411.181403 -0.017414013119999974 0.006466636119999982 1.8027315644800044 -0.003923964799999999 -0.021774828200000002 0.008078915400000008 0.999722093300005
1712732411.206067 -0.01808990651999998 0.006856098479999977 1.8129137065200056 -0.004038497299999999 -0.0219630161 0.008003017099999999 0.9997181296000065
1712732411.244604 -0.01894057927999998 0.007041133959999983 1.8233455539600054 -0.004191412099999997 -0.0221413271 0.0078722403 0.9997145474000035
1712732411.271926 -0.019585825279999986 0.007078380959999985 1.833479380600005 -0.004295492899999998 -0.022363769899999997 0.007740987399999999 0.9997100831000069
1712732411.308251 -0.020301228359999993 0.007150673599999999 1.843676009280005 -0.004348447999999996 -0.022552397399999997 0.007526380300000013 0.9997071565000055
1712732411.341579 -0.021216030639999998 0.006985828920000012 1.8535914062400063 -0.004367140199999997 -0.0226866194 0.0072968605000000245 0.9997056724000061
1712732411.373315 -0.022065266719999994 0.0070326482800000195 1.8634668491600075 -0.004326481399999996 -0.022837591799999994 0.007050295500000026 0.9997042001000068
1712732411.408863 -0.023102931039999993 0.006992557040000022 1.8736448858400092 -0.004303787299999995 -0.022964770999999995 0.006745684200000013 0.9997036219000052
1712732411.441182 -0.024209428599999996 0.006997135600000021 1.8835863015200065 -0.0042403394999999955 -0.0231517773 0.006414793500000004 0.9997018397000034
1712732411.476894 -0.0251315316 0.007043305920000029 1.8933916825600072 -0.004210282899999996 -0.0234005617 0.00614019680000002 0.9996979773000021
1712732411.507587 -0.026015009719999992 0.00676686220000003 1.9035434336800054 -0.0042095528999999965 -0.023658318399999996 0.005902050400000025 0.9996933340999987
1712732411.539218 -0.02658031543999999 0.006413654240000023 1.913628160640005 -0.004168677999999995 -0.0239509001 0.005730091200000032 0.9996875106999937
1712732411.573891 -0.027299179879999996 0.005920093200000025 1.923774771520006 -0.004029400999999993 -0.024206393599999994 0.0055344718000000185 0.9996829389999959
1712732411.607307 -0.028178473399999997 0.005742236920000032 1.9341577194800053 -0.0037352940999999945 -0.0244351697 0.0053020877000000246 0.9996794460999923
1712732411.641719 -0.029044688399999994 0.00527125704000003 1.9445180865600047 -0.0034255296999999934 -0.024694706499999997 0.005035906000000012 0.9996751187999905
1712732411.677873 -0.030094671039999996 0.004877967640000029 1.9548785373600057 -0.003083054199999993 -0.024954249199999997 0.004742051400000014 0.9996708331999912
1712732411.712818 -0.031274547359999995 0.004398266320000032 1.9652938625600074 -0.0026810371999999917 -0.025291964499999996 0.004431185600000021 0.9996645389999912
1712732411.737195 -0.032402439719999995 0.004379818240000028 1.9757585377600075 -0.0022057693999999934 -0.0256853909 0.004170996400000027 0.9996564863999936
1712732411.77488 -0.03319958796 0.004391394280000036 1.98631717396001 -0.0017715419999999899 -0.026122888 0.004034915600000022 0.999646299899996
1712732411.808248 -0.033966391199999994 0.004215155000000039 1.9971144004000096 -0.0013805603999999887 -0.0265204256 0.003962135300000025 0.9996369478999952
1712732411.839042 -0.034852094759999994 0.004062126880000034 2.007912277560011 -0.0009723500999999912 -0.0268709164 0.003875839000000014 0.9996287283999947
1712732411.887353 -0.03585242331999999 0.003978461760000038 2.018795587480008 -0.0004776591999999913 -0.027181697800000005 0.0038812659000000195 0.9996211049999999
1712732411.914811 -0.03672758431999999 0.004264958320000039 2.0299991317200066 8.243000000007771e-06 -0.027515675300000004 0.003922230400000015 0.9996122834999994
1712732411.941596 -0.03775383079999999 0.004219140520000039 2.041058430320008 0.0003213427000000102 -0.027811630799999997 0.003924431100000003 0.9996042727000031
1712732411.975446 -0.038810171959999994 0.004288610200000031 2.052211589680006 0.0005663369000000085 -0.028126882400000004 0.003973438900000015 0.9995953917000066
1712732412.008121 -0.039721506159999996 0.004525640840000033 2.063617942400006 0.0007605339000000099 -0.0284694715 0.0040591237000000115 0.9995854497000038
1712732412.041402 -0.0403936372 0.004874469040000029 2.0752700449600034 0.0009020351000000093 -0.0288024387 0.0042378404000000145 0.9995751619000032
1712732412.074462 -0.041089691160000004 0.005031435080000028 2.0870079972 0.0009228818000000083 -0.029064668999999998 0.004389016400000001 0.9995669663000001
1712732412.111637 -0.04197685968 0.0052635679600000285 2.0989904809999986 0.0008465989000000062 -0.029241773999999998 0.004446288400000009 0.9995615364000002
1712732412.142205 -0.04310049324 0.0056920175200000185 2.1110475828399973 0.0007326552000000042 -0.0293991193 0.004350760000000009 0.9995571912999992
1712732412.172513 -0.04427446688 0.005810260960000015 2.123103716719998 0.0005462400000000089 -0.029574395500000007 0.004287114600000019 0.9995520832000011
1712732412.207251 -0.04551006572 0.006000008280000013 2.135323856119998 0.0003485121000000091 -0.029802499500000003 0.004161644900000016 0.9995458484999972
1712732412.238935 -0.04656081724 0.0063076888000000155 2.147737524519998 -0.0005754382999999918 -0.030086169000000006 0.003979443800000015 0.999535274699997
1712732412.272976 -0.047273653000000006 0.006339436320000013 2.1605206775599948 -0.0012629804999999938 -0.03044699070000001 0.00393327050000003 0.9995231271999956
1712732412.309845 -0.0479597048 0.0070439280800000115 2.1719422339999976 -0.001735708099999994 -0.030749434700000012 0.0039031553000000276 0.9995134890999964
1712732412.345936 -0.048617586639999995 0.007073428040000005 2.1821978592399947 -0.0022462136999999937 -0.03104114710000001 0.0038497616000000346 0.9995039999999961
1712732412.37517 -0.04914328188 0.007597689680000001 2.1909264801199946 -0.0024799840999999933 -0.03129374880000001 0.0038113028000000384 0.9994962990999966
1712732412.409172 -0.049515261600000006 0.007734087760000001 2.1981129598399978 -0.00273189459999999 -0.031521222700000004 0.003733259900000041 0.9994894206999959
1712732412.441543 -0.05000362052000001 0.0075760666799999975 2.2038541125999984 -0.002807921499999988 -0.031687032000000004 0.0036746598000000352 0.9994844674999968
1712732412.475786 -0.05032074348 0.007686035559999997 2.2083266450000005 -0.0027046667999999887 -0.0318778946 0.003695693600000016 0.9994785249000018
1712732412.508338 -0.050490503 0.008151586239999996 2.211584980640002 -0.0025683707999999915 -0.03207708699999999 0.0037200132000000164 0.9994723201
1712732412.549346 -0.05036373579999999 0.008586208399999995 2.2136327410400045 -0.0025082953999999934 -0.0322519479 0.0037070372000000073 0.9994668782000019
1712732412.579941 -0.050152858 0.008549805879999983 2.213935184720009 -0.0018473528999999934 -0.032358609299999994 0.0037922915000000224 0.9994660080000017
1712732412.607519 -0.050014217959999996 0.009044765519999984 2.2131114843600135 -0.001342304199999994 -0.032357221600000007 0.0038332086000000044 0.9994673491000015
1712732412.639295 -0.049864252199999994 0.00877809967999999 2.2126680662800156 -0.0010629267999999914 -0.0323300374 0.003892851300000011 0.9994685470999969
1712732412.676384 -0.049795950680000006 0.009210553519999996 2.212389254600021 -0.000705661599999996 -0.03224293300000001 0.00395670050000001 0.9994718133999981
1712732412.705446 -0.04987011567999999 0.008930106360000006 2.21255384448002 -0.0006781680999999983 -0.03216149140000002 0.003929582600000004 0.9994745790999957
1712732412.740337 -0.050075658919999995 0.00905542456 2.2132288264800204 -0.0005316437999999979 -0.032091070300000024 0.003945516100000002 0.999476909599997
1712732412.77424 -0.05000732408000001 0.009241994719999999 2.21431705236002 -0.00045875610000000177 -0.03209050520000003 0.003979573999999997 0.999476832099998
1712732412.807567 -0.04987349500000002 0.00921293576 2.2156958054000175 -0.0004043304999999997 -0.03205003250000003 0.00402867440000001 0.9994779347999951
1712732412.844873 -0.04987377248000003 0.00910013104 2.217073707240016 -0.0003791830999999968 -0.03194461610000003 0.0040488246000000006 0.999481230899994
1712732412.873296 -0.04993014516000002 0.00903703640000001 2.2187782523200186 -0.0003395889999999957 -0.03185742010000003 0.004118267400000009 0.9994837700999938
1712732412.909043 -0.05013297856 0.00917643076000001 2.2207083197600124 -0.00023343569999999535 -0.031751830100000045 0.004177573299999992 0.9994869588999962
1712732412.940874 -0.050244006120000004 0.00913519488000001 2.2228902788400067 -0.0001938409999999946 -0.03169853910000005 0.004235230500000009 0.9994884251999963
1712732412.975043 -0.050458896039999986 0.009157929760000011 2.225318104800003 -0.00011572099999999641 -0.03164137420000004 0.004231670799999998 0.9994902610999986
1712732413.012163 -0.05062919483999996 0.009196605880000007 2.2279938002000006 -6.786139999999663e-05 -0.03160556630000004 0.004246653999999994 0.9994913280999981
1712732413.047629 -0.05092864419999995 0.009393626760000008 2.2307663271600027 8.212800000001464e-06 -0.03152447250000003 0.004290659299999988 0.9994937123
1712732413.078955 -0.050978369959999936 0.009182298440000016 2.233491422960003 -4.0429000000002936e-05 -0.031486664200000035 0.004306271000000006 0.9994948210000019
1712732413.113076 -0.05120321919999993 0.00900204228000002 2.23640367244 -3.6171300000004124e-05 -0.03142951260000004 0.004283313600000005 0.9994967223999993
1712732413.139637 -0.05141979471999991 0.008846588800000017 2.239308445080004 -6.260100000000657e-05 -0.03137817460000005 0.0042496411999999985 0.999498480699998
1712732413.181888 -0.0515371267599999 0.008775053280000023 2.2422692104399995 -4.826420000000886e-05 -0.03135252430000004 0.004255334699999991 0.9994992615000001
1712732413.211519 -0.05166817543999991 0.008951535600000017 2.2455908652799947 2.2557799999989303e-05 -0.031317613800000046 0.00431387099999998 0.9995000720999997
1712732413.240131 -0.05202621675999993 0.008714385120000017 2.2488149210800006 1.9619499999989908e-05 -0.03125356060000004 0.004382543699999996 0.9995017529999984
1712732413.27755 -0.052534891639999935 0.00856505188000001 2.2520937177200024 5.095209999999018e-05 -0.031180436000000023 0.00443416029999999 0.9995037914999955
1712732413.309405 -0.052846247719999954 0.008475022639999998 2.255311815400006 4.236839999999242e-05 -0.03115864490000002 0.004544797700000003 0.9995039583999926
1712732413.342303 -0.05324906999999997 0.00826109479999999 2.2587711070400016 2.883099999999583e-05 -0.031116974900000028 0.004681787400000003 0.9995045722999919
1712732413.374573 -0.053501196839999994 0.008104792079999977 2.262206799720001 2.0652399999998573e-05 -0.031091755100000017 0.004812674500000003 0.9995046794999951
1712732413.407639 -0.053921980560000006 0.007993420679999976 2.265731129480001 3.623970000000143e-05 -0.03103372790000003 0.004996554799999986 0.999505531799997
1712732413.439801 -0.05397491120000002 0.007913817239999971 2.26936502464 -1.6550699999995366e-05 -0.031028267000000033 0.005253770099999988 0.9995043217999978
1712732413.481537 -0.05419223040000003 0.007936857599999975 2.273281469479998 -9.220239999999658e-05 -0.03100921830000001 0.005502466499999992 0.9995035647999998
1712732413.51311 -0.05447467844000002 0.007773875199999964 2.2774278760799995 -0.00018657549999999689 -0.03096933310000003 0.005742287599999995 0.9995034574999977
1712732413.544736 -0.05477147368000002 0.007410205319999978 2.281336093119996 -0.00032545249999999524 -0.030908841100000008 0.005923126499999998 0.9995042740999963
1712732413.579552 -0.05465474307999999 0.007534474079999997 2.2856400968799973 -0.00042845149999999886 -0.03088508109999999 0.006109714899999985 0.9995038508999983
1712732413.611628 -0.05458851159999998 0.0076949980800000125 2.2900537158799943 -0.0005496484999999995 -0.030825918799999984 0.006298994699999993 0.9995045005999998
1712732413.64104 -0.05465259099999999 0.00786323916000003 2.294579670599994 -0.0006717949000000001 -0.030725704399999998 0.0064414478999999854 0.999506658200005
1712732413.675478 -0.05476338503999998 0.007928090520000044 2.2992401910799942 -0.0008438698999999994 -0.030598277499999993 0.006513759799999974 0.9995099484000036
1712732413.705858 -0.05479314147999995 0.00797892676000005 2.304023678319994 -0.0010030927999999995 -0.03048063860000001 0.006523653899999982 0.9995133280000005
1712732413.738273 -0.05488538747999997 0.008214983560000054 2.309052865279989 -0.0011165656999999995 -0.030348677299999995 0.006456174999999997 0.9995175658999983
1712732413.77987 -0.05540995683999998 0.008545328680000054 2.3141374773999925 -0.0012546043999999978 -0.030141283899999972 0.006306102899999999 0.999524521799998
1712732413.812377 -0.05577924996000001 0.008753014200000069 2.3191815513999936 -0.001457693299999996 -0.029954529499999973 0.0061486726000000045 0.9995306550999998
1712732413.838152 -0.05604242308000004 0.009108921640000076 2.3244553872399956 -0.0017021952999999978 -0.029791646199999945 0.005944670000000008 0.9995361209000009
1712732413.877088 -0.05634363196000002 0.009421521760000053 2.330204233559997 -0.002024637699999998 -0.02962057809999994 0.005701217600000019 0.9995417953000014
1712732413.908623 -0.05677600152000002 0.009760242800000029 2.3360007946799928 -0.002327498799999994 -0.029434129199999947 0.005435065200000033 0.9995480536999992
1712732413.943954 -0.05732041672000002 0.009964646720000013 2.341803414159998 -0.002674315099999991 -0.02924769309999995 0.005103888500000031 0.9995543897000004
1712732413.973386 -0.057809142720000026 0.010126409720000007 2.347690915359992 -0.0030177454999999907 -0.029101248399999946 0.004758277700000035 0.9995594025000003
1712732414.007839 -0.058380048720000056 0.010373958559999997 2.353671609799999 -0.0033329229999999933 -0.02900261499999992 0.004404724200000043 0.9995629132000033
1712732414.046251 -0.059026905280000104 0.010446812879999995 2.3597247690799996 -0.003674062599999994 -0.02889685569999991 0.004080575700000044 0.9995662749000018
1712732414.081853 -0.059615116400000105 0.010803144520000005 2.366092087800001 -0.003991913999999997 -0.028802769799999916 0.003773479400000035 0.9995691776999991
1712732414.109442 -0.060251415280000116 0.010953147520000001 2.372555336759998 -0.004316986899999997 -0.02872243169999993 0.0034694065000000496 0.9995713711999997
1712732414.141146 -0.06074975312000009 0.011239734519999977 2.379433698599996 -0.004553495299999999 -0.028692448499999967 0.003186355200000035 0.9995722652999973
1712732414.172905 -0.061461232000000095 0.011592876119999963 2.3863350246399953 -0.004784625499999995 -0.0286127225 0.0029146666000000377 0.9995743513999968
1712732414.206752 -0.062451288760000105 0.011989499199999983 2.3930037686799994 -0.005003536699999994 -0.028481380300000005 0.002673072900000029 0.9995776951999972
1712732414.247473 -0.06335087136000012 0.012014862159999983 2.3999558805600008 -0.005311969199999994 -0.028415984399999993 0.002417936100000029 0.9995785952999995
1712732414.281414 -0.06409076856000016 0.012047982519999998 2.407271401919996 -0.005562451299999998 -0.028390450500000018 0.0022731303000000256 0.9995783389999986
1712732414.316174 -0.06469321628000012 0.011992807119999995 2.4148069383199955 -0.005778844599999999 -0.028383749800000004 0.002167971000000013 0.999577587999994
1712732414.351253 -0.06505375380000009 0.012128775959999996 2.42260740035999 -0.005923563100000001 -0.02839888720000001 0.002149002500000008 0.9995764137999913
1712732414.386316 -0.06541340288000001 0.012628026879999994 2.430510501999987 -0.005953081900000001 -0.02843740370000001 0.0021751792999999964 0.9995750786999906
1712732414.412925 -0.06575838808000002 0.012554405639999988 2.4381695559199863 -0.006027216499999999 -0.028459793400000023 0.0022489258000000013 0.999573838899994
1712732414.440602 -0.06597165315999999 0.012446882559999997 2.4458256555599927 -0.006110520499999999 -0.028474838000000037 0.0023672519999999864 0.9995726169999954
1712732414.482063 -0.06643465079999994 0.01228776108 2.453495774239993 -0.006210559999999999 -0.028428125100000035 0.002537118699999996 0.9995728732999964
1712732414.506503 -0.06684077343999995 0.012238343600000014 2.4614771652799914 -0.006252474600000002 -0.02840226170000002 0.002697357899999986 0.999572926999997
1712732414.540642 -0.06678463903999997 0.012291799240000002 2.469589567479987 -0.006208695400000003 -0.028489382600000022 0.0029738781999999906 0.9995698453999978
1712732414.572745 -0.06686570463999994 0.012676301679999998 2.477610962679985 -0.006034929600000005 -0.028551289800000035 0.003302318999999976 0.9995680810999943
1712732414.609133 -0.0669513865999999 0.013028879079999991 2.485666487359988 -0.005910524600000006 -0.0286041258 0.0035518028999999675 0.9995664955999928
1712732414.639336 -0.0672318410399999 0.01357737471999998 2.493966243439988 -0.005770791300000006 -0.02860153000000003 0.0038402192999999808 0.9995663882999963
1712732414.683045 -0.06763557387999995 0.013919777479999968 2.5020442322399887 -0.005689750000000005 -0.02854959940000006 0.004119723599999991 0.9995672047999961
1712732414.71081 -0.06774847716 0.013660479559999982 2.509983499239988 -0.005763762700000003 -0.028528660300000074 0.004387152100000002 0.9995662510999977
1712732414.744323 -0.06801729199999995 0.013602673559999959 2.5181934332799925 -0.005812014400000004 -0.028514764800000057 0.0046031890000000075 0.9995654642999966
1712732414.793833 -0.06842370163999995 0.013614209559999948 2.5266698956799925 -0.005791774500000008 -0.028499455900000026 0.004783542000000018 0.9995652794999955
1712732414.814377 -0.06853801919999994 0.013762804159999956 2.535350468279995 -0.005735707400000007 -0.028541552800000015 0.004995455000000026 0.9995633780999924
1712732414.844747 -0.06837520591999993 0.013575060239999938 2.543698673320001 -0.005733425400000003 -0.028638245500000003 0.005206387900000031 0.999559688599993
1712732414.878523 -0.06849661811999992 0.013445414079999928 2.552332499080006 -0.005736336800000003 -0.02869732530000002 0.005355352400000024 0.9995571672999916
1712732414.90911 -0.06847296623999996 0.012993059239999947 2.560951738240011 -0.005851162600000004 -0.028784846900000004 0.005491022100000032 0.9995531737999898
1712732414.940624 -0.06837108011999996 0.012747472079999933 2.5697883223600138 -0.005916710699999999 -0.02888776500000003 0.005701201000000045 0.9995485722999945
1712732414.977873 -0.06832634647999994 0.012500522439999938 2.578535284920017 -0.0059961684000000015 -0.028969432100000025 0.005897213700000026 0.9995445846999929
1712732415.010208 -0.06823297235999992 0.012328504439999942 2.587367362720015 -0.0061275001 -0.0290470338 0.0060309179000000105 0.9995407461999946
1712732415.04494 -0.06837336995999992 0.012310808159999938 2.59676437356002 -0.006223521999999998 -0.0290791998 0.006132759099999996 0.999538576599997
1712732415.074721 -0.06831664671999996 0.012661320559999955 2.6060175061200184 -0.006263690899999996 -0.029134309699999993 0.0062290221999999895 0.9995361744999969
1712732415.112566 -0.06899502343999996 0.013971919359999963 2.615518207680012 -0.006473815799999993 -0.029104439200000033 0.006235257199999999 0.9995355128999961
1712732415.144571 -0.06989546228 0.013683435359999952 2.6247770477600056 -0.006887844899999995 -0.028994057000000018 0.0060326413000000075 0.9995363951000001
1712732415.176926 -0.07085073323999996 0.013346013799999968 2.63402500648 -0.007383830499999999 -0.028892454500000043 0.0059372106999999955 0.9995354771999985
1712732415.212606 -0.07115595059999999 0.014006787199999982 2.641790521159995 -0.007567982200000001 -0.028870624300000047 0.00592579729999998 0.9995349467999972
1712732415.243729 -0.07223632359999996 0.014303101959999984 2.649173600919994 -0.0078002238000000005 -0.028700186500000058 0.005742295599999991 0.9995390595000003
1712732415.278717 -0.07328279084000003 0.014679000559999999 2.6548190071199906 -0.0078770124 -0.028496854700000053 0.0055487874 0.9995455265999965
1712732415.31771 -0.07415167060000005 0.015025423280000007 2.6596572183999885 -0.0079861411 -0.028327062400000047 0.00531636200000003 0.9995509804999984
1712732415.339025 -0.07512160068000005 0.015418492880000023 2.663713035479993 -0.0079696926 -0.028137929100000035 0.005116801100000035 0.9995575609000014
1712732415.374887 -0.07597852332000009 0.015946544040000017 2.666351430399992 -0.007898018400000007 -0.02797696150000002 0.004927020000000048 0.9995636644000001
1712732415.407969 -0.07694408960000011 0.016131981880000004 2.6682774423199884 -0.007899232800000012 -0.027814306200000027 0.0047597226000000385 0.9995691718999978
1712732415.439764 -0.07669713660000017 0.015688344279999995 2.6689374039999914 -0.007721909800000015 -0.0278189432 0.004769078700000007 0.9995702685999959
1712732415.474287 -0.07652692824000015 0.016565572520000002 2.6688743684399934 -0.007409930500000017 -0.027827405000000027 0.004852400499999998 0.9995722712999964
1712732415.508552 -0.07651710080000011 0.017723404719999992 2.668388709839995 -0.006957126300000016 -0.02781480329999999 0.004929610600000034 0.9995762648000038
1712732415.544093 -0.07687308020000012 0.017605234639999988 2.668130125919997 -0.006871356800000017 -0.027770259099999972 0.0048639565000000665 0.9995785357000045
1712732415.579836 -0.07666092700000016 0.017913309119999995 2.667398967519998 -0.006677693400000018 -0.027807798299999974 0.004871512700000036 0.9995789648000027
1712732415.611777 -0.07649830748000008 0.01793275539999999 2.6673105477199983 -0.006641091700000023 -0.027828180899999964 0.004852290700000017 0.999578738300005
1712732415.641798 -0.07651084392000006 0.018016731039999987 2.6672739982000007 -0.006524667000000028 -0.027789042200000003 0.004883945200000017 0.9995804370000088
1712732415.673807 -0.0762812554 0.018090616319999985 2.667166569200002 -0.006490361000000033 -0.027823138699999993 0.004871172000000002 0.9995797873000015
1712732415.708827 -0.07604650479999996 0.018125328759999986 2.6674795769999977 -0.00649685870000003 -0.027873734300000043 0.004890386699999994 0.999578243600007
1712732415.739553 -0.07598669035999994 0.01815534728 2.667929670840001 -0.0065063634000000255 -0.027886116000000037 0.004895103100000009 0.999577820400009
1712732415.775394 -0.07632262287999993 0.017886151079999996 2.6686303042000032 -0.006522823800000022 -0.02781743530000007 0.004821665700000022 0.999579978100013
1712732415.808579 -0.07621992475999988 0.01746124884000001 2.6692312525200075 -0.006519610900000017 -0.027830794600000087 0.004819408300000027 0.9995796383000084
1712732415.847446 -0.07619839723999992 0.01711680768000001 2.669839744320009 -0.006448912800000017 -0.02778976650000011 0.004746844300000008 0.9995815814000025
1712732415.879276 -0.07647472643999995 0.016885094800000004 2.6709619496000094 -0.006375693400000016 -0.027685163900000108 0.004675233899999976 0.9995853305000082
1712732415.912908 -0.07667901387999992 0.016808573319999985 2.6724961970000094 -0.00627529200000001 -0.02760882320000011 0.004661149799999986 0.9995881677000057
1712732415.945444 -0.0771026634 0.01667187703999998 2.67426539632001 -0.006209162400000001 -0.027537488700000078 0.004599321199999995 0.999590820100002
1712732415.979682 -0.07713084064000006 0.016592431799999995 2.676020009320007 -0.006178916099999998 -0.027583347200000042 0.004581127599999979 0.9995898247000014
1712732416.011951 -0.07737286424000003 0.016431143399999976 2.678155355400005 -0.006150669899999994 -0.027587184800000043 0.0045395253000000135 0.9995900690000099
1712732416.043411 -0.07796341448000002 0.016323977879999976 2.680588288280005 -0.00610089479999999 -0.027534395400000022 0.004487694900000028 0.9995920836000096
1712732416.080731 -0.07819043428000005 0.01620616255999998 2.683226265720002 -0.006022085199999994 -0.027541781000000043 0.004475589400000013 0.9995924234000085
1712732416.109873 -0.07845576704000005 0.016069992679999978 2.6860817216800013 -0.0059315727999999955 -0.027549483200000058 0.004449193700000009 0.9995928704000108
1712732416.145805 -0.07889092316000007 0.01608154323999996 2.689132909679999 -0.005816496100000001 -0.02754001930000003 0.004377131499999987 0.9995941579000146
1712732416.176157 -0.07920322480000003 0.016095086839999963 2.6922397731600016 -0.005746739499999998 -0.027554517400000034 0.004341083899999987 0.9995943009000143
1712732416.211375 -0.07950446419999997 0.01608423655999998 2.695556204039998 -0.005663864799999996 -0.027550507500000078 0.004295828000000013 0.9995950698000116
1712732416.24755 -0.07994983891999995 0.01604964367999999 2.6990615245999914 -0.005609995300000004 -0.0275155218000001 0.0042335745000000365 0.9995965719000196
1712732416.27847 -0.08001783327999996 0.01608008387999998 2.7025772426799914 -0.005552583600000005 -0.027556453800000113 0.00421608830000002 0.999595838800019
1712732416.313983 -0.08026490107999988 0.015701656039999966 2.7063675830799956 -0.005541840500000006 -0.02758579250000013 0.004095818800000028 0.9995955825000123
1712732416.343675 -0.08066500315999998 0.01560396963999997 2.7102730964399915 -0.005447046900000007 -0.02758713900000016 0.004054407000000015 0.9995962322000083
1712732416.379366 -0.08085180347999996 0.015418051319999983 2.7143135426399976 -0.0053800966000000176 -0.027618690300000102 0.00396690529999999 0.9995960652999998
1712732416.410352 -0.0813340754799999 0.015270154479999984 2.7185422110000013 -0.005328291600000012 -0.027611074900000077 0.0038697669999999905 0.9995969533999982
1712732416.443743 -0.08177040423999983 0.015255070319999996 2.72350951432 -0.0052868518000000145 -0.02762234870000002 0.003828309299999999 0.9995970248999925
1712732416.480752 -0.08237730255999985 0.01531725384 2.7286648561199964 -0.005221407600000005 -0.027615909900000003 0.0037686502000000123 0.9995977699999912
1712732416.520225 -0.08298363947999991 0.015220498719999993 2.7339669134399966 -0.005167981500000007 -0.027621147799999957 0.0036954441000000226 0.999598175299991
1712732416.546099 -0.08357669991999994 0.014892956399999976 2.739337079920001 -0.005086710500000013 -0.027625227699999932 0.0035880292999999953 0.9995988488999842
1712732416.574541 -0.08406535535999995 0.01493043383999999 2.745032153640001 -0.00486230270000001 -0.027655607599999944 0.0035038566999999964 0.9995992481999793
1712732416.610173 -0.08496556991999991 0.014794993919999984 2.7508472734400016 -0.004622248800000017 -0.027599535799999943 0.0033668137000000264 0.9996022283999878
1712732416.644951 -0.08574096327999996 0.014793614079999995 2.756579313879996 -0.004309043900000009 -0.02753633589999991 0.003218662700000019 0.9996056675999853
1712732416.6773 -0.08623244111999985 0.014664620040000007 2.7621316438799997 -0.00399420450000001 -0.027524387399999916 0.0030111275000000324 0.9996076404999826
1712732416.710705 -0.08678881959999994 0.014527268279999981 2.767796543119996 -0.0035945633000000086 -0.027493567399999908 0.002814907400000033 0.9996102511999879
1712732416.74406 -0.08739856831999991 0.014641254599999964 2.773544221279992 -0.003103196900000005 -0.02744049819999992 0.002625597100000032 0.9996135830999947
1712732416.776778 -0.08822166023999997 0.014561690359999954 2.77905477779999 -0.002641100799999996 -0.027380908699999918 0.002377177900000049 0.9996171474999983
1712732416.812519 -0.08899047892000003 0.01453362651999996 2.7847335123999892 -0.0021885040999999996 -0.02733274139999997 0.002182069600000025 0.9996201514999938
1712732416.844898 -0.08953593376000003 0.01450427019999996 2.790493173719983 -0.001778516099999994 -0.027341116399999966 0.0019703287000000015 0.9996215223999911
1712732416.876611 -0.0899491614 0.014869740759999956 2.7962301205999847 -0.001380158499999995 -0.027390734799999983 0.0019227485000000045 0.9996212421999985
1712732416.911572 -0.09038106588000006 0.014627737879999944 2.8018145273999844 -0.0011893117999999924 -0.027458324999999915 0.0018748360999999657 0.9996199011000044
1712732416.941829 -0.09050740916000007 0.01454705783999994 2.8075868724399844 -0.001020462099999986 -0.027587115899999938 0.001874543599999967 0.9996166944000038
1712732416.980407 -0.09078794984000015 0.014606507159999959 2.813538978039986 -0.0009210819999999953 -0.02767618909999996 0.0019314154999999556 0.9996142864000035
1712732417.007183 -0.09113038844000014 0.014365389919999956 2.8199918625199847 -0.0009132466999999922 -0.027740409199999937 0.0020200801999999294 0.9996123255000043
1712732417.04746 -0.09144840628000005 0.014141032079999996 2.8265369056399865 -0.0009120376999999901 -0.02781273999999998 0.0021919701999999486 0.9996098936000066
1712732417.077869 -0.09157429680000001 0.01370699848000003 2.8331233548799877 -0.0009370995999999909 -0.02790728749999998 0.002354822999999939 0.9996068716000082
1712732417.112854 -0.09122844108000004 0.013289335640000068 2.839438853439991 -0.0009154616000000004 -0.02804925640000002 0.002600178899999905 0.999602323800002
1712732417.146258 -0.09121431983999999 0.012739819960000082 2.8459628679999898 -0.0008289761999999978 -0.028096873600000016 0.0028150399999999466 0.9996004701000061
1712732417.177336 -0.09132068371999993 0.012558734160000109 2.8526549102799956 -0.0006359011999999998 -0.02810527450000002 0.0030648171999999806 0.9995994926000094
1712732417.211833 -0.0916449150399999 0.012057762640000094 2.859531569719988 -0.0005035134999999968 -0.028036639799999995 0.0031323144999999995 0.9996011556000098
1712732417.244086 -0.09196919143999986 0.011945362520000077 2.866596550999991 -0.0002450076000000023 -0.027929765100000024 0.0031987909000000146 0.99960389150001
1712732417.279969 -0.0924180594399999 0.01181657652000008 2.873832397519994 3.225539999999194e-05 -0.027801730600000064 0.003276206500000001 0.9996072055000014
1712732417.308187 -0.09306451559999979 0.011762642640000064 2.881427230919993 0.00041150839999999357 -0.027675979900000057 0.0033348354000000135 0.9996103585000015
1712732417.341521 -0.09350423375999989 0.012035115400000072 2.888800664119993 0.000850008499999988 -0.027601651600000034 0.0034368495000000276 0.9996118903000024
1712732417.381156 -0.09396878455999998 0.012372728480000017 2.8962185909999927 0.0011881713999999932 -0.02750685630000005 0.003477653000000025 0.9996141850999948
1712732417.412946 -0.09450212240000001 0.012793367999999975 2.903805113159989 0.0014741575999999922 -0.02740151830000004 0.003470783000000033 0.9996168732999877
1712732417.450863 -0.09530247971999996 0.013294047759999941 2.9116288235999943 0.0016695515999999965 -0.02721992120000003 0.0033360822000000566 0.9996221601999877
1712732417.481723 -0.09579750936000002 0.013858702199999956 2.919617391040003 0.0017062013999999959 -0.027106335599999996 0.0031876188000000472 0.9996256530999859
1712732417.512831 -0.09649364200000009 0.01403781679999991 2.9277580978799933 0.0016599658999999934 -0.026967593900000076 0.0029682170000000065 0.9996300936999887
1712732417.541971 -0.09735830552000016 0.014305705399999934 2.936177549759991 0.0017101010999999943 -0.026843984100000107 0.002795915299999985 0.9996337414999857
1712732417.581115 -0.09805890976000028 0.014175032199999969 2.9444713978399997 0.0017201516999999944 -0.026783169300000152 0.002611565100000002 0.9996357560999855
1712732417.616408 -0.09869257748000013 0.014021606759999992 2.9530043701199977 0.0018173584000000021 -0.026784326600000165 0.0024713525000000123 0.999635887199986
1712732417.644419 -0.09903935384000004 0.013814953879999948 2.9613044932799992 0.00193497170000001 -0.026817135000000204 0.0023474252000000194 0.9996349812999938
1712732417.682072 -0.09956229416 0.013498033079999923 2.9698394684 0.0020703061000000187 -0.02681053920000025 0.0021962761000000166 0.9996351481999909
1712732417.709032 -0.10017697451999992 0.013220617199999953 2.9783041145199967 0.0022686402000000163 -0.026791965100000238 0.0020644596000000347 0.9996354044999975
1712732417.748896 -0.1004190507599999 0.01282812019999997 2.986376629040003 0.002456671200000016 -0.026848455400000228 0.002044920400000061 0.9996333242999981
1712732417.781212 -0.10074455803999988 0.012371559199999948 2.9945628311199926 0.0026886025000000145 -0.02692189650000021 0.0021118318000000525 0.9996304989999999
1712732417.817771 -0.10110089443999985 0.011789888599999908 3.002550697439983 0.002996846700000011 -0.027004112900000175 0.0021969272000000204 0.9996273279999969
1712732417.848697 -0.10128834127999972 0.011300544639999932 3.0106307890399964 0.003331603900000013 -0.027117876000000152 0.002371875900000031 0.9996229350999897
1712732417.883282 -0.10123255099999981 0.010983141679999928 3.0186682892800034 0.003647575100000011 -0.027276847400000116 0.0026629631000000486 0.9996168434999959
1712732417.916758 -0.10127549767999969 0.010981643119999907 3.0266476108400022 0.003979620400000017 -0.027391722000000042 0.0030287216000000504 0.9996115565999958
1712732417.941168 -0.10140037011999985 0.01114977387999989 3.0346486618000017 0.004215369000000013 -0.027445102600000038 0.003375440200000046 0.9996080042000017
1712732417.979304 -0.10153893007999999 0.011259767959999908 3.042842040280002 0.0043110805000000085 -0.027477477299999987 0.003760807800000032 0.9996052265999993
1712732418.009903 -0.10158499063999989 0.01118048511999996 3.0508317089599992 0.004350232300000001 -0.02749870620000001 0.004134088500000033 0.9996029795000027
1712732418.043544 -0.1015622588399999 0.011770119199999938 3.05879994896 0.0043833509000000045 -0.02749835530000002 0.004457584100000034 0.9996015549000049
1712732418.077596 -0.1019027528399999 0.012675561079999929 3.0668622829599963 0.003847377900000004 -0.027384413399999995 0.004698622600000002 0.9996043980000081
1712732418.114911 -0.10208316916 0.012158251279999924 3.074453478040002 0.003129751400000003 -0.027272732199999972 0.004875751000000017 0.9996069789000103
1712732418.151995 -0.1024493209599999 0.011833582319999935 3.0809566642400137 0.002736167300000003 -0.027104608999999957 0.0050782999000000386 0.9996114194000143
1712732418.179457 -0.10254437199999986 0.011629160199999936 3.0861448337999993 0.0024877919000000025 -0.026995484599999918 0.005296903800000053 0.9996141195000178
1712732418.216896 -0.1026269546399998 0.011550390319999968 3.090237517640005 0.0023210686000000092 -0.026887279399999908 0.0054421255000000725 0.9996169150000128
1712732418.245513 -0.10267619123999985 0.011292187480000004 3.093536191200005 0.0021301243000000024 -0.026772057599999944 0.005527399700000046 0.9996203124000089
1712732418.277456 -0.10269417703999985 0.011113134200000027 3.095797224240011 0.0020360755000000006 -0.02663561399999992 0.005630286000000017 0.9996237993000022
1712732418.308638 -0.10295055371999978 0.010945631760000055 3.096909399080007 0.0020565394000000015 -0.026454063599999956 0.00565948310000004 0.9996283887999994
1712732418.341742 -0.10304343475999979 0.011205112520000001 3.097324028120008 0.0020996467000000017 -0.026346566999999953 0.005717250600000057 0.9996307253000054
1712732418.376621 -0.10330871627999991 0.010519573120000042 3.0972701216800056 0.0020042691 -0.026222074299999943 0.005737953400000028 0.9996342896999977
1712732418.417114 -0.10333017575999982 0.00961650032000004 3.0966788532400047 0.002493815899999996 -0.02615965280000001 0.005795732300000056 0.999634993099994
1712732418.445512 -0.10352366219999978 0.01030089144000005 3.0957042648000015 0.003188777300000001 -0.02607261790000006 0.005904590000000054 0.999636465399999
1712732418.479737 -0.1033956750399998 0.010929713200000073 3.095134391999997 0.0035557763999999993 -0.026077307100000092 0.006031182500000032 0.9996349753000005
1712732418.513237 -0.10354530087999986 0.011338522160000072 3.094857149160004 0.003742172399999999 -0.026027598900000105 0.006059447500000026 0.9996356190000029
1712732418.549284 -0.10373272503999985 0.011457482960000032 3.094748134519991 0.003820299699999996 -0.025965738200000123 0.006071895200000022 0.9996369124000012
1712732418.595136 -0.10374617259999985 0.011666927719999984 3.094829745279978 0.003886233100000003 -0.02594775380000014 0.006070423900000055 0.9996371747000012
1712732418.612651 -0.10373201803999979 0.01171236947999997 3.094800972759974 0.003868474200000005 -0.025939683500000133 0.005989942900000056 0.9996379316000003
1712732418.647098 -0.10367931755999986 0.01169749419999995 3.0951327562399795 0.003780316500000003 -0.02595568960000012 0.005898575100000025 0.9996384024999998
1712732418.6843 -0.10383942323999984 0.011283191079999966 3.0952195072399764 0.003644056700000009 -0.025900414100000102 0.00577282939999999 0.9996411442999943
1712732418.714763 -0.10352434819999984 0.011394954479999962 3.095481829439984 0.0036599959000000125 -0.025985953300000107 0.005750258299999977 0.9996389686999919
1712732418.74852 -0.10347098719999998 0.011437044079999943 3.095635337479991 0.0036563189000000107 -0.026029602700000078 0.005719329499999981 0.9996380268999928
1712732418.779651 -0.10331840315999986 0.011524852919999986 3.095720986959986 0.003668451700000008 -0.02610307090000008 0.005703818599999977 0.9996361790999913
1712732418.811368 -0.10312844975999999 0.011978093959999993 3.0953298230399806 0.0036205345000000057 -0.02620181990000008 0.005639590799999983 0.9996341167999958
1712732418.846936 -0.10296279364000009 0.011717587000000007 3.0950412984399893 0.0033718974999999984 -0.02625195750000007 0.005558019699999983 0.9996338426999956
1712732418.884438 -0.10283446740000016 0.011430118560000027 3.0941780279199924 0.003222888199999996 -0.026240254700000066 0.0054775759999999615 0.9996350347999965
1712732418.916204 -0.10272382568000014 0.011438388080000042 3.092738375439992 0.0031616230999999884 -0.02626051340000002 0.005477816899999955 0.9996347009999909
1712732418.947877 -0.10260527424000024 0.011510290680000004 3.090968275079995 0.003120001399999983 -0.026336098500000026 0.0054647548999999795 0.9996329069000012
1712732418.97735 -0.10232375888000009 0.011524440479999995 3.088616552279993 0.0030430702999999838 -0.026439762700000015 0.005424617899999973 0.9996306181000023
1712732419.013281 -0.10203722648000016 0.01176839132000003 3.086190028039998 0.0030491158999999767 -0.02654820520000003 0.005435913200000008 0.9996276796000074
1712732419.044634 -0.10195266480000013 0.011782646120000004 3.082836079679998 0.003061821699999967 -0.026597376199999977 0.005390190700000019 0.9996265531000177
1712732419.080905 -0.10208528428000019 0.011679748920000028 3.0789744759199946 0.0030785401999999682 -0.02663762829999996 0.005269360999999995 0.9996260405000157
1712732419.113396 -0.1019854614800003 0.011378328919999988 3.074457016120004 0.003045541399999974 -0.026733077099999926 0.005102629800000003 0.999624443100015
1712732419.146292 -0.10195507224000014 0.010855248039999967 3.0699028066000005 0.003111821999999975 -0.026778515999999898 0.004914386300000029 0.9996238590000075
1712732419.178527 -0.10191266260000018 0.011141155479999982 3.0649943497599903 0.0033871896999999817 -0.02685427349999996 0.004701142000000047 0.999621993300002
1712732419.217626 -0.10156436528000011 0.011335653559999973 3.059797034560001 0.00351816199999998 -0.027017780799999967 0.00444336320000005 0.9996182918000045
1712732419.246995 -0.10134534003999993 0.011473271039999976 3.0544541888000114 0.003592649899999989 -0.027102692999999966 0.004146516800000022 0.9996170341000038
1712732419.286908 -0.10091755799999988 0.011394841359999993 3.0489185146000017 0.003553701999999992 -0.027170982199999916 0.003895034800000019 0.999616330799995
1712732419.314585 -0.10068330075999998 0.011485851160000029 3.043450098360006 0.003553629299999994 -0.027177777499999944 0.003699063700000016 0.999616902999992
1712732419.351282 -0.10024732424000009 0.011161441760000005 3.0377705960000094 0.0034388580000000004 -0.027233662599999865 0.003422245299999993 0.9996168195999872
1712732419.380935 -0.10022134836000002 0.01101496928000004 3.032036285600011 0.0033364469000000006 -0.027186638099999882 0.0031745551000000203 0.9996194004999779
1712732419.4111 -0.09988803272000009 0.01096381384000006 3.0261216308400094 0.0032626334000000036 -0.027178734399999894 0.002968387700000008 0.9996205746999862
1712732419.444653 -0.09955050308000014 0.011384540720000098 3.020228805719998 0.0032491454999999947 -0.027189098099999854 0.002809577999999968 0.9996208667999781
1712732419.477738 -0.09934987468000013 0.011484175920000065 3.014172925959999 0.0031155959000000013 -0.027166955899999935 0.0026891454999999455 0.9996222674999785
1712732419.513995 -0.09899711303999999 0.011683808640000013 3.0080714846000025 0.0029630551000000005 -0.02715821639999989 0.00262530739999991 0.9996231555999884
1712732419.545704 -0.09854653535999988 0.012039482280000043 3.002301826439998 0.002782074900000009 -0.027154408199999924 0.002564545399999929 0.9996238767999899
1712732419.581271 -0.09831257743999991 0.012112313920000027 2.996734576079998 0.002546489400000007 -0.027080620999999992 0.002488163899999929 0.9996266484999978
1712732419.61854 -0.09814294111999995 0.01244109916000002 2.9912705325999944 0.00237627720000001 -0.026984060200000038 0.0024485107999999032 0.999629724099998
1712732419.655602 -0.09778292271999998 0.012502877239999988 2.9857449053599905 0.00211100540000001 -0.026928838200000006 0.002384760799999919 0.9996318042999974
1712732419.680892 -0.09747791535999986 0.013100162880000018 2.9805653141599917 0.001946259600000011 -0.026830991800000082 0.002387516599999939 0.9996346950999964
1712732419.720531 -0.09691509688 0.013536241039999976 2.975744776759989 0.0017347436000000106 -0.026748663500000092 0.0024263434999999057 0.9996371328999999
1712732419.750714 -0.09637566119999977 0.013981044559999932 2.9711912680799903 0.0014825974000000075 -0.026653344100000087 0.0025010531999999142 0.9996398627999952
1712732419.783003 -0.09591508863999959 0.013930544879999935 2.966834258919991 0.001171317500000013 -0.026508904200000138 0.0025852804999999535 0.9996440172000007
1712732419.811357 -0.09541844759999961 0.014192065999999962 2.962879929520004 0.0009347024000000093 -0.02635933270000006 0.002675991999999949 0.9996479927999985
1712732419.849135 -0.09497122347999969 0.014178391079999972 2.9588799049599994 0.0006842001000000097 -0.026192936400000023 0.0028077913999999815 0.9996522604999882
1712732419.877942 -0.09474173827999974 0.014260098159999934 2.9549666311199934 0.0005571386000000067 -0.026007145200000005 0.002978604699999954 0.9996568142999877
1712732419.914254 -0.0941905823599999 0.01439285287999997 2.951001219879995 0.00048045100000000397 -0.025934464099999933 0.0031618426999999727 0.9996582506999857
1712732419.94575 -0.09396369443999998 0.014457287599999969 2.9471342754000007 0.00043518510000000176 -0.025807358499999912 0.0033018997999999743 0.9996611593999887
1712732419.981325 -0.09365154287999988 0.014680677479999947 2.943261089440009 0.000477633200000005 -0.02570727409999991 0.0034647477999999675 0.999663245599993
1712732420.023216 -0.09333548392000005 0.014740286119999908 2.9392014170399987 0.0005149928000000026 -0.025653782199999853 0.0036330146999999703 0.9996640323999941
1712732420.05497 -0.09309624715999998 0.014762952679999915 2.9347540521600055 0.0005403140000000084 -0.025610692999999872 0.0037054685999999837 0.999664866899991
1712732420.08941 -0.09259068644000008 0.014598349919999939 2.93023472308 0.0005237546000000148 -0.025622358199999872 0.0037847404999999945 0.9996642946999941
1712732420.120782 -0.09225236188000029 0.014482172039999889 2.9255216981200123 0.0005384473000000112 -0.025596933899999907 0.0038353959999999796 0.9996647595999889
1712732420.149167 -0.0917742039200004 0.014464574039999902 2.9205740883200013 0.0006113773000000156 -0.025602776799999914 0.003927086999999973 0.9996642231999886
1712732420.180917 -0.09138431036000029 0.014503306159999932 2.915693502400013 0.0006907979000000175 -0.02560687719999999 0.003986553599999975 0.9996638595999912
1712732420.217158 -0.09114630616000025 0.014442089759999933 2.9109197616800135 0.0007070901000000185 -0.025565002299999938 0.004033152599999967 0.9996647178999865
1712732420.244283 -0.09106434092000018 0.01438179707999989 2.9062080051200128 0.0006911879000000232 -0.025482104700000008 0.004043801099999955 0.9996667921999801
1712732420.278162 -0.0907491267200001 0.014372310399999887 2.9013605978000188 0.0006541551000000201 -0.02546674659999999 0.004085038799999952 0.999667024699977
1712732420.311741 -0.09051037184000012 0.014449209879999909 2.896308579640017 0.000572301300000011 -0.025441340300000004 0.0041082926999999715 0.9996676087999731
1712732420.349192 -0.09038373036000005 0.01433504715999991 2.8912620690800233 0.00038168650000001134 -0.025371512400000018 0.004081012699999942 0.999669539999968
1712732420.38278 -0.0901241135200001 0.014275560039999932 2.8863350205200162 0.00017703370000000663 -0.025350894299999992 0.004090204499999928 0.9996700227999668
1712732420.412002 -0.0901491850000002 0.014469043959999945 2.8814218574400225 2.330150000000586e-05 -0.025302196300000013 0.004078613199999914 0.9996712446999595
1712732420.450333 -0.09020347336000022 0.014764431639999989 2.876587634480024 -0.00016878159999998975 -0.025275663599999998 0.004061225599999929 0.9996718764999628
1712732420.48341 -0.09022973596000013 0.014611578799999955 2.8714210607600354 -0.0004803346999999958 -0.025270476300000056 0.003932915099999957 0.9996722578999652
1712732420.511402 -0.09019032848000037 0.014640688719999958 2.8661065199200286 -0.0007704496999999977 -0.025281176500000058 0.003816788499999957 0.9996721804999652
1712732420.548446 -0.09013354420000051 0.014672283359999944 2.8609536648000358 -0.0010500756 -0.025304666500000118 0.003669228999999996 0.9996718884999722
1712732420.586072 -0.09014010740000042 0.014787396119999963 2.8555920265600383 -0.0012923129000000032 -0.025328538500000074 0.003493327000000024 0.9996716440999762
1712732420.618253 -0.0900180408400004 0.01481262663999998 2.8501608942800405 -0.001553027699999998 -0.025383807600000096 0.0033029942000000643 0.9996706247999783
1712732420.648359 -0.08995528808000035 0.014781938919999993 2.8449946546000366 -0.0017400776999999979 -0.02541777610000002 0.003072795800000039 0.9996702432999882
1712732420.694496 -0.08992505004000026 0.014915594959999997 2.8394756028800314 -0.001806733599999999 -0.02541678980000004 0.0028061652000000324 0.9996709048999947
1712732420.715036 -0.08989549856000029 0.014903135800000003 2.833795199200033 -0.001860034899999996 -0.02540832850000001 0.002557150300000055 0.999671703599995
1712732420.744853 -0.08954152900000018 0.014974615319999962 2.828055414800037 -0.0018702251999999976 -0.02544371709999993 0.0023196022000000482 0.9996714235000013
1712732420.782149 -0.0892401588400001 0.015095424119999945 2.8222776624000354 -0.0018490341999999993 -0.025427308699999873 0.0021026452000000085 0.9996724309000001
1712732420.812217 -0.08883907424000013 0.015468561639999991 2.816565599120022 -0.0017838477999999936 -0.025380871899999935 0.002004888200000021 0.9996739865999984
1712732420.845525 -0.08846528908000009 0.015933448719999986 2.8107211731200183 -0.0017667969999999977 -0.025311605699999885 0.0019462199999999985 0.9996759474999977
1712732420.879261 -0.08812583248000012 0.016242413600000016 2.8043703769200126 -0.0019012315000000001 -0.025254233499999845 0.0019267185999999991 0.9996770441999956
1712732420.915223 -0.08748022192000018 0.016526769000000004 2.7979179594800003 -0.002130743800000001 -0.025230533199999794 0.0020042226999999802 0.9996767163999948
1712732420.949585 -0.08699478704000028 0.016855227480000002 2.7914370867599883 -0.002381181100000007 -0.025150152499999835 0.0020849515999999736 0.9996776462999947
1712732420.987233 -0.08669412388000025 0.017011395799999995 2.784889390079988 -0.002741032600000004 -0.025051862199999952 0.0022227582999999828 0.999678427099991
1712732421.01381 -0.08641556812000029 0.016623162639999974 2.778842022039996 -0.0031515124000000005 -0.02500052180000001 0.00244088979999999 0.9996777355999938
1712732421.047094 -0.08623419700000028 0.016302931399999974 2.7725500720399894 -0.003209666 -0.024935902700000057 0.0026716294999999946 0.9996786475000021
1712732421.080264 -0.08593581724000017 0.01629871767999999 2.766689740919987 -0.003267525800000004 -0.02491563300000017 0.0029075724000000138 0.9996784508000018
1712732421.114802 -0.08558600204000011 0.01662405724000001 2.761513137319987 -0.00335724260000001 -0.02492485290000026 0.0031352138000000362 0.999677461300007
1712732421.148847 -0.08537182360000006 0.016439217199999964 2.7571705145599887 -0.003633252900000017 -0.0249732572000001 0.0033103331000000403 0.9996748924000144
1712732421.187213 -0.0852778645599999 0.016273061279999924 2.7538000935199918 -0.0038786124000000145 -0.025031055300000028 0.0034266515000000554 0.999672257900022
1712732421.213347 -0.08495355651999993 0.01616489027999992 2.7513752383599965 -0.004064006600000014 -0.02512958120000004 0.0035297564000000394 0.9996686280000177
1712732421.252003 -0.0849701426 0.01638447411999995 2.749828490920006 -0.004188401800000019 -0.025141189600000047 0.003552322500000038 0.9996676624000201
1712732421.284391 -0.08517870116000012 0.01621512535999997 2.7490896557600193 -0.004369546800000013 -0.025119439800000087 0.003564119500000018 0.9996671378000201
1712732421.316613 -0.08509705512000035 0.016263403520000004 2.7487720750000153 -0.0043469920000000165 -0.025167260200000107 0.0035962457000000116 0.9996659636000231
1712732421.351804 -0.08503390420000044 0.016732765840000042 2.7485285114000066 -0.004329900700000023 -0.025194604300000024 0.003588570700000027 0.9996654034000244
1712732421.383157 -0.0848228180800001 0.017292479679999993 2.749192545400012 -0.004609531700000025 -0.025273122699999994 0.003565023700000003 0.9996625424000172
1712732421.416156 -0.08485699264000011 0.01737314824000001 2.749864390000007 -0.00493233070000002 -0.025275590699999916 0.0035256626000000233 0.9996614993000094
1712732421.446543 -0.08481077388000005 0.016909294920000005 2.7503814245599956 -0.005257945100000017 -0.025295524699999915 0.0034962855000000292 0.999659866200011
1712732421.48561 -0.08492807148000017 0.017185656879999997 2.7510155845199957 -0.00533270440000001 -0.025269440299999956 0.003471385900000001 0.9996602655000061
1712732421.52008 -0.08497294316000019 0.01720583256000001 2.7514793969600033 -0.00541418520000001 -0.025225615999999996 0.003447197099999988 0.9996610583000006
1712732421.546528 -0.08501971856000029 0.01733877207999998 2.7514866402800067 -0.005405221700000007 -0.025186383600000008 0.0034563392999999998 0.9996620716000052
1712732421.582362 -0.08490882904000017 0.016840894839999992 2.751100633400008 -0.0054932221000000055 -0.025199843600000094 0.0034658653999999787 0.9996611715000085
1712732421.611536 -0.08474760448000011 0.016849153719999996 2.750355238959994 -0.005457883100000005 -0.02521421539999995 0.003462275799999981 0.9996610523000072
1712732421.651479 -0.08469412672000004 0.016673871759999955 2.7497163724799973 -0.005569137499999999 -0.025190675099999817 0.0034316548000000056 0.9996610881000038
1712732421.685399 -0.08450713571999983 0.016716138599999927 2.7490266706000055 -0.0056022225999999955 -0.025186645699999843 0.003415715600000002 0.9996610583000006
1712732421.713608 -0.08436259383999989 0.016675882159999985 2.7482781555599987 -0.00568417269999999 -0.02514181829999984 0.0034256741000000092 0.9996617080000079
1712732421.751042 -0.08436180619999988 0.016609219479999982 2.7473592927200023 -0.005777751199999992 -0.025078343499999888 0.003404991699999993 0.999662852400013
1712732421.783485 -0.08428347815999984 0.016649587079999983 2.746305480240014 -0.005865347499999995 -0.02503244009999985 0.0034089126999999665 0.9996634782000114
1712732421.812796 -0.08409502695999968 0.016344044639999993 2.744629023360019 -0.005986384499999997 -0.024997251899999816 0.0033650847999999733 0.9996638180000105
1712732421.847462 -0.08404842571999956 0.016234419320000023 2.7425472667600093 -0.006061890399999992 -0.024940702899999855 0.003350881099999992 0.9996648372000095
1712732421.882441 -0.08427704711999943 0.015869342720000075 2.740222647399996 -0.006177221499999996 -0.0248272931999999 0.0032934135999999727 0.9996671677000109
1712732421.915665 -0.08424010783999947 0.015842211840000057 2.7378699734399947 -0.006169050199999993 -0.02477386459999984 0.0032970424999999802 0.9996685446000129
1712732421.944459 -0.08407115471999908 0.015731178400000025 2.735504815960003 -0.006165855399999998 -0.024762430599999875 0.0033254783999999925 0.9996687532000124
1712732421.986316 -0.08362904423999899 0.015949426080000047 2.7327605608799987 -0.006142309400000001 -0.024804486699999906 0.0033934717999999807 0.9996676088000072
1712732422.018951 -0.0835946845999991 0.015848425040000034 2.72993734859999 -0.006242390200000003 -0.024767722699999873 0.0033842847999999925 0.9996679247000089
1712732422.047155 -0.08336848463999913 0.015841652960000008 2.7270330763199944 -0.006299518200000009 -0.02477534799999983 0.003387901400000004 0.999667376299999
1712732422.082735 -0.08314939331999945 0.015826772080000023 2.723966968239997 -0.00634529290000001 -0.024788776599999805 0.0034286085999999825 0.999666619300001
1712732422.115888 -0.08286875519999952 0.01586990720000003 2.720676171919997 -0.006361570500000002 -0.02481404319999978 0.0034472538000000163 0.9996658206000006
1712732422.158272 -0.08260252419999943 0.015997454480000055 2.717517237959994 -0.006377880600000008 -0.024830646599999895 0.0035162879000000037 0.9996650636000026
1712732422.184859 -0.08216147659999976 0.01586751824000001 2.7140654231599908 -0.006456530700000018 -0.024902775799999867 0.0035639878000000014 0.9996625900000027
1712732422.215461 -0.08151353643999953 0.01607274060000001 2.7107025957200017 -0.0065190945000000115 -0.02503711659999972 0.003624315500000019 0.9996586143999935
1712732422.254356 -0.08110179643999955 0.01619958311999998 2.707250363720002 -0.00660825610000001 -0.025119044099999675 0.0036778724000000374 0.9996557533999862
1712732422.283398 -0.08090897471999987 0.016281168399999997 2.7036008143199934 -0.006683314500000004 -0.025131002799999712 0.0036927187000000304 0.999654907099989
1712732422.31536 -0.08087966207999976 0.016262744399999994 2.699989516839996 -0.006740956900000006 -0.025117118899999725 0.0036997225000000356 0.9996548593999932
1712732422.347804 -0.08072381379999988 0.016484153839999995 2.696434211800001 -0.006730154700000002 -0.025140744199999787 0.00375017320000004 0.9996541798999943
1712732422.381268 -0.08046037271999985 0.01670896107999999 2.6923591688000057 -0.006762467699999997 -0.02519907669999988 0.003791675300000019 0.9996523441000023
1712732422.419834 -0.08021181699999942 0.016705546199999952 2.688278117279999 -0.006813975799999994 -0.025231814099999816 0.0038219459000000456 0.9996510565999983
1712732422.462459 -0.07999633907999928 0.01672135947999993 2.6840135167999937 -0.006819930799999996 -0.025234022899999785 0.003919474300000036 0.9996505439999964
1712732422.484148 -0.07953045575999936 0.01675373223999995 2.679525780399995 -0.006816762199999993 -0.02527270059999971 0.0040527101000000345 0.999648976399999
1712732422.514992 -0.07911276799999917 0.01692060495999998 2.675120956759997 -0.00676604019999999 -0.0252926893999998 0.004246339100000007 0.9996478855999953
1712732422.548732 -0.07902369943999928 0.017013716719999978 2.670718653119993 -0.006680480799999999 -0.025243980699999825 0.004440104899999975 0.9996487795999996
1712732422.582878 -0.0789884947599991 0.017306589440000027 2.6658996509599886 -0.006586525700000001 -0.02521137119999981 0.004634457499999955 0.9996492982000064
1712732422.614002 -0.07855726619999913 0.017468408440000017 2.661279918920002 -0.006595748400000001 -0.025300711699999746 0.004872424199999959 0.9996457994000025
1712732422.645352 -0.07808298651999933 0.01748925640000001 2.6563714954000055 -0.0066173445 -0.02539557559999981 0.005127457299999971 0.9996418893000054
1712732422.685315 -0.07750791131999925 0.017500319760000032 2.6512216110800138 -0.006627603500000001 -0.025504775699999805 0.005417715399999956 0.9996375560000047
1712732422.716624 -0.07710927587999926 0.017238765600000008 2.645842415720012 -0.006639696000000006 -0.025567394999999847 0.005659232999999953 0.9996346055999993
1712732422.74643 -0.07666185967999936 0.017421019840000038 2.640590776880008 -0.006576799600000005 -0.025670804999999852 0.005886836699999965 0.9996312082000032
1712732422.78271 -0.07626426555999948 0.017553627280000074 2.6352804086000106 -0.006559687800000003 -0.025774798499999817 0.0060449080999999795 0.9996277809000048
1712732422.812899 -0.07620609807999983 0.017627283240000065 2.630148115000017 -0.006556028899999999 -0.025848251299999882 0.006129794099999986 0.9996254324999996
1712732422.852344 -0.07605430111999993 0.01751385272000009 2.6245707675600167 -0.0065596874999999995 -0.02594112949999978 0.0061305896999999995 0.9996229947000075
1712732422.881255 -0.07557308583999976 0.01743280252000008 2.6186753056800214 -0.00652587939999999 -0.026100446599999928 0.0060842871000000185 0.999619323100012
1712732422.918586 -0.07525006299999994 0.01721761216000004 2.6129745409600194 -0.006472014599999987 -0.02620789719999994 0.0060189272000000125 0.9996172369000078
1712732422.953054 -0.07513260299999956 0.017331631800000014 2.607007515280011 -0.0063033235999999885 -0.026227987500000084 0.005985582200000028 0.9996179581000092
1712732422.984302 -0.07543399807999947 0.017526257560000005 2.6009345958400103 -0.006169631499999983 -0.0261777201000001 0.0058824212000000205 0.9996207178000077
1712732423.017439 -0.0755278619199992 0.017585517320000008 2.5946523929199974 -0.006093324599999983 -0.026187315000000135 0.005765610600000004 0.9996216476000086
1712732423.054256 -0.07514782939999953 0.01738313668000006 2.588189478000001 -0.006069611099999983 -0.02625518420000006 0.005635721300000007 0.9996207535000167
1712732423.080544 -0.07473849235999942 0.016909380880000026 2.5812581611600054 -0.0061290009999999786 -0.026298214800000073 0.005539888300000006 0.9996197640000105
1712732423.116317 -0.07437381139999964 0.01645175867999999 2.574167244319999 -0.006163328999999973 -0.026352820700000203 0.005416244499999978 0.9996187925000072
1712732423.15202 -0.07389616891999963 0.01607820928 2.5667159890399898 -0.006182204999999974 -0.026430971500000133 0.005304065300000005 0.9996171950000076
1712732423.179635 -0.0733469864399997 0.01593553863999994 2.559646885319989 -0.006208756999999976 -0.026497422500000135 0.005229334099999994 0.9996156453000026
1712732423.215136 -0.07288621843999976 0.015633719079999917 2.552397153039983 -0.006308437799999988 -0.026493154799999984 0.0051769691000000066 0.9996153830000025
1712732423.249399 -0.0722143536799996 0.015654082919999954 2.545214729119982 -0.0063215778 -0.02655096849999996 0.005141599400000007 0.9996139465000056
1712732423.291597 -0.07148315523999975 0.015498435399999967 2.5377341841599783 -0.006416145000000007 -0.026661194799999954 0.005039663399999972 0.999611002000006
1712732423.318453 -0.07043627107999988 0.01528254028 2.5304591345599716 -0.006485320800000016 -0.026796772099999977 0.004942435799999955 0.9996075032000021
1712732423.353822 -0.06947820768000028 0.014758386439999984 2.5230150220799783 -0.006525151500000026 -0.026883454799999918 0.004857715899999971 0.9996053931999995
1712732423.385012 -0.06947272779999998 0.014778113839999961 2.516074158919966 -0.006479791000000024 -0.02684444819999996 0.004737180299999988 0.9996072587999947
1712732423.416071 -0.06946304456000006 0.014817923399999983 2.509320900239975 -0.006456931300000024 -0.02680167329999996 0.004541101199999975 0.9996093867000013
1712732423.449249 -0.06933355687999977 0.014681538479999999 2.5025429248399815 -0.006453338200000025 -0.026740181699999966 0.0043523507999999825 0.9996118126000055
1712732423.488073 -0.06946922051999976 0.014766500560000013 2.495722374879979 -0.0064271272000000264 -0.02662135320000001 0.004152847699999951 0.9996159015000103
1712732423.513071 -0.06946250527999971 0.014485894080000037 2.48855180027999 -0.00649601270000002 -0.02656478670000002 0.0039050616999999565 0.9996178506000092
1712732423.553816 -0.06937345631999996 0.01447771556000009 2.4815267397199863 -0.006518031600000018 -0.02654201140000012 0.0036366172999999337 0.9996191917000032
1712732423.58707 -0.06901510504000015 0.014185915240000053 2.4740984987599814 -0.006649579400000017 -0.02653137470000022 0.0033199992999999317 0.9996196388000044
1712732423.614144 -0.06879668544000032 0.013887035400000042 2.4667685744799925 -0.006787613000000014 -0.02648297580000012 0.0030138921999999456 0.9996209561000114
1712732423.658727 -0.06859388899999999 0.013368086199999994 2.459264631040005 -0.006968293400000003 -0.026422225099999964 0.0027321985999999576 0.9996221303000083
1712732423.681076 -0.06830119184000004 0.01309176987999998 2.4518592714000103 -0.007089057899999984 -0.026350224299999957 0.0024762923999999574 0.999624037700005
1712732423.715282 -0.06789825616000036 0.012765430439999984 2.4443046426400157 -0.007155857699999979 -0.026273007399999847 0.0022905793999999703 0.9996261656000002
1712732423.749497 -0.0674032304400005 0.01264200671999994 2.436410002600014 -0.007117613199999995 -0.026216004299999974 0.0021858374999999875 0.9996281861999933
1712732423.784357 -0.06649948928000071 0.012302336199999929 2.428399939280018 -0.007089607300000011 -0.02621438009999988 0.0021549346000000026 0.9996285020999949
1712732423.823725 -0.06564637744000058 0.011976937839999893 2.420314106560031 -0.007006802300000015 -0.02616791809999981 0.0021699106000000246 0.9996301412999969
1712732423.854497 -0.06460901160000042 0.012037122439999947 2.4120749161600226 -0.006846025500000019 -0.026129213299999777 0.002269224400000036 0.9996319233999997
1712732423.88353 -0.06347145280000056 0.011536304079999891 2.4038319205600347 -0.006747833300000017 -0.026084387799999754 0.0024569622000000456 0.9996331990000045
1712732423.919056 -0.06274501660000084 0.011021401159999956 2.3954422592800344 -0.006548072400000016 -0.025948489599999826 0.0027238450000000467 0.9996371865000014
1712732423.952735 -0.06185172644000083 0.010416352520000043 2.386765842440036 -0.006276793700000005 -0.02581747279999984 0.0030329197000000365 0.9996413110999924
1712732423.981804 -0.06099967300000123 0.009834830600000117 2.3780037260000313 -0.0058987222000000065 -0.02568965789999993 0.0034151133000000387 0.9996456027000022
1712732424.018558 -0.06015171848000107 0.009623242720000159 2.36904681188003 -0.005445843500000014 -0.025562176999999943 0.0037914456000000206 0.9996497929000043
1712732424.047549 -0.05895283996000088 0.009397606960000127 2.3599044131600317 -0.004996032400000017 -0.02549176200000005 0.004237037100000007 0.9996517003000122
1712732424.084831 -0.057808782640001014 0.00889872508000014 2.3506601095600352 -0.004579843699999997 -0.025410971099999992 0.0047303399000000025 0.9996532024000203
1712732424.119889 -0.05716688908000073 0.008922929400000114 2.3413150527200215 -0.004084319299999995 -0.02531889179999993 0.005169281099999967 0.9996552886000132
1712732424.152719 -0.05612869276000047 0.008481146240000131 2.3319292239600187 -0.0037039643999999816 -0.025360790699999924 0.005529454099999942 0.9996538461000114
1712732424.190017 -0.055653444280000595 0.00782042464000005 2.3224639872000195 -0.0032812595999999862 -0.025314569100000028 0.0057675211999999474 0.9996554734000143
1712732424.223302 -0.0551622775200002 0.0076697717600000635 2.3127321554400124 -0.0027501747999999714 -0.025304389899999967 0.005872074599999966 0.9996571244000052
1712732424.254388 -0.0545312185600001 0.007584520999999977 2.303299746720022 -0.0022949567999999585 -0.025360373599999875 0.005895318999999999 0.9996569158000057
1712732424.286827 -0.05386235791999979 0.007540573319999949 2.2938407018800193 -0.0018716342999999692 -0.025425234199999914 0.0058276307000000305 0.9996567608000078
1712732424.321111 -0.053368359239999844 0.00789643819999995 2.2842757632800086 -0.001527800899999976 -0.025444422999999893 0.00567837240000002 0.9996578992000081
1712732424.350705 -0.052987063359999594 0.007698253919999977 2.2745675974000075 -0.0013947023999999696 -0.025420182699999926 0.005494006000000029 0.9996597171000076
1712732424.392398 -0.05268489211999963 0.007418376000000037 2.2647505333600018 -0.0013130158999999698 -0.025382546999999887 0.00527202950000003 0.9996619999000018
1712732424.420987 -0.0524380172399995 0.0075936890400000396 2.2551353932799927 -0.0012212083999999734 -0.025360420099999816 0.004976315400000031 0.9996643960000029
1712732424.452177 -0.05206481027999956 0.007515080160000025 2.2453206991599926 -0.0012548746999999638 -0.02533217979999982 0.004624037100000056 0.9996669828000109
1712732424.48341 -0.05199335399999959 0.007881175959999992 2.2356071421599926 -0.001291535599999971 -0.025256792599999932 0.00429819780000007 0.9996704697000041
1712732424.514127 -0.05151317919999947 0.007859875520000052 2.2258121916799993 -0.00146800189999996 -0.025227642399999972 0.004024224600000048 0.9996720253000035
1712732424.551958 -0.051051575119999484 0.007713893880000099 2.215921377880004 -0.0016773777999999685 -0.025136249900000074 0.003880492400000035 0.9996745645000032
1712732424.582968 -0.05060132755999959 0.007597478560000113 2.2060596535600028 -0.0018418278999999815 -0.024981769000000043 0.0038103615000000257 0.9996785102999979
1712732424.619361 -0.050323765799999545 0.007504100800000052 2.196212699240004 -0.0019619774999999782 -0.02479931870000005 0.003847049700000005 0.9996827660999997
1712732424.654892 -0.049941010279999386 0.007090177920000008 2.186249620800006 -0.0020347647999999774 -0.02469155650000001 0.003880041200000006 0.9996851979999974
1712732424.684472 -0.04941602035999971 0.006990173679999909 2.1760904594800103 -0.001964658099999994 -0.024697840500000012 0.003926730300000037 0.9996849417000021
1712732424.716087 -0.04883225059999944 0.006876202199999816 2.1660018108400183 -0.0018708240999999904 -0.024737828900000026 0.003932653400000019 0.9996840119000012
1712732424.760425 -0.04821826323999928 0.006582101399999872 2.1557819676400185 -0.0017064406999999892 -0.024774887200000074 0.0039392578000000174 0.9996831296999972
1712732424.794596 -0.04739639351999926 0.00670206403999991 2.1455534458400254 -0.0014094331999999986 -0.02481410350000015 0.004015695000000008 0.999681907799993
1712732424.823867 -0.04630299799999924 0.0067363914799998875 2.134872477080014 -0.0010959544000000098 -0.02481865710000015 0.0041802523999999956 0.9996812580999972
1712732424.852429 -0.04547370715999946 0.007091517719999824 2.124174168200011 -0.0007676508000000082 -0.02478219180000014 0.004328128300000023 0.9996821403000012
1712732424.885491 -0.044658741119999665 0.007768712559999836 2.1134781959199995 -0.0004879314000000079 -0.02481976260000014 0.004455248800000033 0.9996810912000115
1712732424.916418 -0.04410970003999949 0.007817301799999808 2.102342944239999 -0.0003907512999999918 -0.02488508150000026 0.004442997800000015 0.9996796965000158
1712732424.952589 -0.04348692907999975 0.007951121359999789 2.0912251662399943 -0.00024619849999998336 -0.025000205000000265 0.004320087900000003 0.999677497100015
1712732424.984109 -0.04272492727999982 0.00848319835999982 2.0800059176399985 -8.934579999997361e-05 -0.025124087600000244 0.004203409999999996 0.9996749937000118
1712732425.01844 -0.041869674279999596 0.008748553799999836 2.068814406679985 -4.049489999997657e-05 -0.02520216470000012 0.0040206701999999876 0.9996737063000068
1712732425.052207 -0.04103938439999972 0.009208606119999877 2.0572848368799757 -4.297039999998642e-05 -0.025196718100000126 0.0038849991000000196 0.9996743381000102
1712732425.08484 -0.040172259960000074 0.009799179599999803 2.045410149159977 -0.00016509270000000242 -0.025111687900000134 0.0038334195000000017 0.999676609100004
1712732425.125122 -0.03950457224000033 0.010230488799999849 2.033975691999983 -0.0004829111000000053 -0.02498291900000016 0.0038594504000000196 0.9996795475999989
1712732425.152286 -0.038890055120000606 0.01031725323999984 2.022462244319986 -0.0009438964999999965 -0.024886560600000072 0.003890109700000055 0.999681186700002
1712732425.196224 -0.03829424424000031 0.010720065719999887 2.0110845473599763 -0.0013173058000000015 -0.02481320440000001 0.003966158900000049 0.9996819138999967
1712732425.221307 -0.0378897234800003 0.01026340223999984 1.9992164519599895 -0.0017632432000000086 -0.02465624030000004 0.004019105300000048 0.9996844530999965
1712732425.254357 -0.03703048076000023 0.010084506039999929 1.987320418719989 -0.0020982611000000206 -0.024520180699999904 0.00419561160000006 0.9996859550999944
1712732425.288909 -0.03602255608000035 0.008376254600000016 1.9756746917599957 -0.0024294827000000295 -0.02433255309999982 0.004373031400000072 0.999689084299996
1712732425.318252 -0.034960378880000455 0.008197245839999994 1.9638339165199976 -0.002223118500000032 -0.024065663599999888 0.004598532200000083 0.999694359299997
1712732425.348925 -0.034314145880000736 0.007884183440000019 1.953296992920002 -0.002226012700000024 -0.023716746699999902 0.0049066786000000915 0.9997013746999983
1712732425.381912 -0.03365042744000064 0.008065174600000056 1.9440238168400081 -0.002152974500000027 -0.02344264769999995 0.0052408614000000854 0.999706280199996
1712732425.417947 -0.03318293216000064 0.007938172760000145 1.9365096094400016 -0.002234682400000021 -0.023260604300000053 0.0054593102000001 0.9997093617000019
1712732425.453787 -0.03282985468000049 0.007583724400000093 1.9299863959599906 -0.002390829800000005 -0.023130412100000088 0.005569686900000104 0.999711388300011
1712732425.48724 -0.032503141440000216 0.007522902240000135 1.9249704599999948 -0.0024493818000000055 -0.022975892800000074 0.005591199200000086 0.9997146547000056
1712732425.51789 -0.03221564752000056 0.007209265840000167 1.9212433886800022 -0.002645968600000015 -0.022813584700000077 0.005665094000000081 0.9997171044000084
1712732425.548519 -0.03171732648000059 0.007056051520000128 1.9188998435599909 -0.002742020600000017 -0.02273009790000007 0.005741726400000058 0.9997181296000008
1712732425.587384 -0.031534090000000674 0.007417421760000042 1.917756342879984 -0.002694978800000025 -0.02262569300000017 0.005797846500000059 0.9997204422999971
1712732425.623458 -0.031470336240000375 0.009181028360000064 1.9171916937599827 -0.0027129339000000253 -0.022568605200000213 0.005901975100000056 0.9997211159000017
1712732425.656521 -0.03157715175999989 0.009234523760000108 1.9179506732399885 -0.003291478800000025 -0.022583881900000158 0.005971967000000067 0.9997198284999967
1712732425.681518 -0.031602538519999473 0.009693376560000128 1.9187163116799864 -0.0036218334000000184 -0.022638565300000302 0.005965401000000048 0.9997179211999991
1712732425.720822 -0.03172104935999975 0.009533594280000167 1.9194423130399785 -0.004057296600000005 -0.02268445060000026 0.005943227100000037 0.9997161688000006
1712732425.753208 -0.03160788035999978 0.009424159360000156 1.91991939327999 -0.004328360500000006 -0.022720681700000255 0.005962429400000024 0.9997144104999961
1712732425.784069 -0.031508634639999894 0.009335872280000145 1.920160637079989 -0.004418129300000006 -0.02271515560000026 0.0059836219000000135 0.9997140527999931
1712732425.817289 -0.031434486160000004 0.009195726120000192 1.9202471710799884 -0.004430322600000003 -0.02272436230000032 0.006060956300000031 0.9997133314999929
1712732425.849722 -0.03137287104000009 0.00917998032000014 1.9201728867999848 -0.004268598099999998 -0.022730375100000266 0.006069294900000033 0.9997139334999929
1712732425.883746 -0.03151916488000026 0.009481608920000219 1.920112354719988 -0.004130169099999992 -0.022693249800000183 0.0060751433000000524 0.9997154116999922
1712732425.917213 -0.031505757360000074 0.009487523080000261 1.9199766538399987 -0.004132867999999989 -0.022688038600000127 0.006084579800000034 0.9997154593000005
1712732425.956698 -0.03163688276000009 0.009481550120000203 1.920207850679992 -0.004182470599999988 -0.022644101800000094 0.006048024100000049 0.9997164547000011
1712732425.98128 -0.03163074908000041 0.009533064520000101 1.92040847263999 -0.004224352199999992 -0.02262233810000023 0.006052961800000034 0.9997167527000101
1712732426.01981 -0.03151601628000087 0.009619348480000126 1.920623247199994 -0.0042621722000000025 -0.02264128490000008 0.0061126905000000505 0.9997158169000044
1712732426.053999 -0.03139713584000084 0.009643967480000092 1.9207484170000042 -0.004267101900000014 -0.022643847700000032 0.006120087200000057 0.9997156977000031
1712732426.090816 -0.03151714328000061 0.009533989080000005 1.9207950804000005 -0.004275269000000015 -0.02260244149999995 0.006076974000000046 0.9997168540000075
1712732426.116746 -0.031497639040000816 0.009676701720000054 1.9208500382400098 -0.004255142300000014 -0.02260583709999988 0.006097955100000041 0.9997167348000062
1712732426.14931 -0.03148076960000068 0.009638870640000031 1.9205601116800106 -0.004300170900000011 -0.022584558999999872 0.006078516100000009 0.9997171342000115
1712732426.184361 -0.03153585680000063 0.009807855400000048 1.9203414986000142 -0.004358204200000016 -0.022555967699999967 0.006063364599999987 0.9997176170000103
1712732426.213758 -0.03143774396000047 0.009771182119999952 1.9201644084000236 -0.00445300500000001 -0.022560959800000013 0.006065624899999999 0.9997170567000125
1712732426.249676 -0.031375914360000715 0.009857483999999967 1.9196423839600265 -0.0044996771000000105 -0.02254484760000004 0.00606732430000001 0.9997171998000113
1712732426.287278 -0.03126855676000062 0.00986542927999995 1.9188133260800395 -0.0045209778000000036 -0.022537686300000102 0.006107370500000009 0.9997170269000094
1712732426.316802 -0.03114668928000064 0.009904904800000001 1.91771028008005 -0.004544488000000002 -0.02252675540000002 0.006122891899999994 0.9997170746000051
1712732426.358083 -0.03103098768000052 0.009906897279999978 1.9162103959600425 -0.004596255699999996 -0.02252364610000015 0.006138330099999978 0.9997168183000099
1712732426.39093 -0.03095946532000056 0.009962335039999956 1.9147740813600445 -0.004681946299999984 -0.022530147500000198 0.006140953299999951 0.9997162580000122
1712732426.419648 -0.030775650640000544 0.010158929759999963 1.9130936857200342 -0.0047250019999999894 -0.022574104400000117 0.006218872699999966 0.9997145891000173
1712732426.461853 -0.030749750640000285 0.01011571007999999 1.9110704418400335 -0.004795578299999992 -0.022582472900000105 0.006223533299999984 0.9997140467000122
1712732426.48368 -0.030822396080000657 0.010106128759999927 1.9091401408800264 -0.004842849699999996 -0.022587500600000077 0.006190186300000011 0.9997138977000077
1712732426.519322 -0.03085784380000056 0.009825232199999884 1.9068432258400296 -0.004902587199999986 -0.02258733260000003 0.006173393700000007 0.9997137070000008
1712732426.557475 -0.030738662080000482 0.01000170835999988 1.9042247246400348 -0.004880655699999981 -0.022608776999999948 0.006206982699999974 0.9997131169
1712732426.586332 -0.030621218880000495 0.009947775319999809 1.9016546390800158 -0.004952038599999975 -0.022638482999999886 0.00625991159999999 0.999711739999998
1712732426.620408 -0.030386331360000934 0.009984744839999794 1.898901522000001 -0.0050117376999999855 -0.022694001899999882 0.0063379487999999816 0.9997096776999911
1712732426.648136 -0.0303707303200008 0.009806647479999828 1.8960200475999909 -0.005092959399999986 -0.02268939759999995 0.006341268700000002 0.9997093617999895
1712732426.691736 -0.030231101880000534 0.009669351719999834 1.8931003380799982 -0.005137362899999975 -0.022717467699999893 0.0063925397999999856 0.9997081577999893
1712732426.715664 -0.030064330240000596 0.009656257519999833 1.8898978114800091 -0.005121500899999987 -0.022741740899999918 0.006468164200000004 0.9997071861999871
1712732426.755864 -0.029818148920000665 0.009427178599999912 1.8865196299600029 -0.005191655399999972 -0.022780060500000053 0.006511005599999997 0.9997056542999871
1712732426.783044 -0.029504567120000616 0.009193445239999853 1.8830228709599988 -0.005208091699999984 -0.022814318300000025 0.006616593699999962 0.9997040628999911
1712732426.818859 -0.029123192560000316 0.009123016559999862 1.87933820704 -0.005171381499999983 -0.022856132600000124 0.006766816199999947 0.9997023104999926
1712732426.850571 -0.02870832916000005 0.009223941439999911 1.8754538056800083 -0.005105917799999982 -0.02290079940000016 0.00697216509999996 0.9997002063999958
1712732426.891437 -0.028401781800000095 0.009013917080000001 1.8716015648400026 -0.005099083999999987 -0.02294582010000017 0.0071156358999999725 0.9996981739000035
1712732426.915498 -0.02814822276000001 0.008900222240000043 1.867635402640003 -0.005054156999999981 -0.022994954800000224 0.007271242599999983 0.9996961176000013
1712732426.949378 -0.02791317927999998 0.008870024800000084 1.8634591724000118 -0.005048596099999992 -0.023047449200000257 0.007433252699999971 0.9996936917000084
1712732426.990554 -0.02732238740000014 0.008793631560000108 1.8597586537600226 -0.005112331699999984 -0.023187947600000137 0.007644158499999954 0.9996885120000115
1712732427.021846 -0.026820058160000285 0.008640412200000148 1.8556856298400177 -0.005158859100000001 -0.02327839330000021 0.007782611699999986 0.9996850966000125
1712732427.057583 -0.02636263812000031 0.008266699000000094 1.851529443119998 -0.005254341700000009 -0.023349388600000152 0.007902769799999997 0.9996820210000124
1712732427.087618 -0.026026617120000352 0.008084522320000075 1.8472262239200243 -0.005253739900000021 -0.02339149410000001 0.008051125199999998 0.9996799051000039
1712732427.114086 -0.02550392376000019 0.00825488356000008 1.8430092382800283 -0.005251252000000007 -0.023484149999999992 0.008202298900000038 0.9996765076000088
1712732427.162078 -0.025014032680000395 0.008146434240000175 1.8387089562800292 -0.005326860200000017 -0.02359894839999992 0.008347211300000046 0.999672251800007
1712732427.188189 -0.02453692248000067 0.008088917200000125 1.834369504520032 -0.005349680100000009 -0.02371044919999985 0.008383776400000053 0.9996692358000132
1712732427.224622 -0.02414577480000048 0.008043520520000074 1.829819984440014 -0.005345679700000017 -0.023787209199999815 0.008414387600000062 0.9996671914000104
1712732427.253057 -0.023799498800000547 0.00804147372000008 1.825210182600026 -0.005275087300000014 -0.023864872399999727 0.008383070100000056 0.9996659278000152
1712732427.287632 -0.023592359280000468 0.008165402840000037 1.8206848954000179 -0.0051414953000000095 -0.023918339599999606 0.008292996500000083 0.9996659934000149
1712732427.317897 -0.023621806040000234 0.008434175120000002 1.8155124973999954 -0.00491700020000001 -0.023917498999999686 0.008182659800000103 0.9996679604000178
1712732427.349208 -0.02367364748000021 0.008513902879999957 1.8103594756799974 -0.004730952799999999 -0.02392479859999952 0.008088782100000103 0.9996693969000148
1712732427.384346 -0.02365963600000029 0.008837444000000012 1.8051587724799945 -0.004464786599999981 -0.023949653399999528 0.00800562790000008 0.9996706486000221
1712732427.416431 -0.023678198880000282 0.00937990003999996 1.7999628256399862 -0.004184984699999972 -0.023975647399999644 0.007880962600000086 0.9996721685000238
1712732427.454154 -0.023870481320000605 0.009500420999999938 1.7946185779199733 -0.003982348299999971 -0.023965783099999704 0.007725275800000065 0.9996744871000146
1712732427.491285 -0.023962905680000614 0.00976699807999994 1.78893123163999 -0.0037763231999999648 -0.023945224699999733 0.0075772097000000645 0.9996771038000134
1712732427.520568 -0.023617974520000543 0.009585416959999957 1.7829791260399726 -0.003691348999999966 -0.02398635279999972 0.007523189200000058 0.9996769191000112
1712732427.554693 -0.023259446280000515 0.009637086199999983 1.7771629215199753 -0.003558604299999968 -0.024033446399999825 0.007470342300000032 0.9996767402000046
1712732427.589067 -0.022790691280000244 0.009572773280000052 1.771114952599987 -0.0034733389999999755 -0.024086859999999887 0.007438023200000021 0.9996760248999976
1712732427.620605 -0.02220373511999995 0.00933268224000006 1.7647413086799815 -0.003422721499999959 -0.024140708300000036 0.007412525199999997 0.9996750949999977
1712732427.65338 -0.021604019639999875 0.009137723840000032 1.7584188675199854 -0.003380560099999963 -0.0241824995 0.007405829299999977 0.999674284299988
1712732427.685682 -0.021018455359999844 0.009103739400000083 1.752052316559998 -0.003325264999999966 -0.024215891500000097 0.007357499399999945 0.9996740100999887
1712732427.714801 -0.020383074879999796 0.00892600632000004 1.7454677366000124 -0.0033126408999999634 -0.024269536200000098 0.007281480799999951 0.9996732829999815
1712732427.753435 -0.019635799679999764 0.008521367400000077 1.7387527298400163 -0.0033359591999999605 -0.024322880600000117 0.007237693499999942 0.9996722339999792
1712732427.78765 -0.01895413351999984 0.008128844080000091 1.7318685602400408 -0.003304711699999974 -0.024349130600000102 0.007135494799999931 0.9996723889999884
1712732427.81744 -0.018278804039999486 0.007863839199999986 1.7250278827600323 -0.003171545699999978 -0.02439249970000006 0.007049793499999924 0.9996723174999943
1712732427.851988 -0.018198059319999443 0.00788442704000003 1.7180785081600423 -0.0030052856999999824 -0.02436252250000006 0.006885753899999925 0.9996747075999906
1712732427.884368 -0.018178860559999562 0.007798521639999993 1.7108771918000412 -0.002878893499999968 -0.024291705300000112 0.006713519799999945 0.9996779500999992
1712732427.924861 -0.01817417167999956 0.007657798959999961 1.703564307480019 -0.0027704129999999603 -0.024203824600000166 0.006531615599999929 0.9996815979000075
1712732427.955901 -0.018166131759999826 0.0077283189200000445 1.6964081358000156 -0.002645435999999979 -0.02414939570000012 0.006360039599999956 0.99968437550001
1712732427.989431 -0.018150804279999943 0.007617717520000012 1.6889522409200342 -0.0025822041999999934 -0.02411107250000022 0.006176085499999972 0.9996866584000145
1712732428.021462 -0.01817496883999986 0.007599232759999896 1.6813815902800342 -0.0025435783999999905 -0.024053008800000164 0.005980093799999997 0.9996893168000156
1712732428.065135 -0.01809870495999952 0.007578945079999943 1.673917734720012 -0.0025168644000000072 -0.023981211300000103 0.005796458100000024 0.9996921659000122
1712732428.084118 -0.018079853959999566 0.007713542759999896 1.6661141848399892 -0.002525156200000023 -0.023890309799999974 0.005590798600000025 0.9996954858000209
1712732428.117746 -0.01792430667999923 0.007567830199999949 1.6584299468799644 -0.002606477600000012 -0.023793320999999958 0.005429290200000025 0.9996984184000212
1712732428.152655 -0.01786110255999965 0.007286355999999987 1.6504905295199477 -0.002618240000000016 -0.02365962029999995 0.005305703800000039 0.9997022688000243
1712732428.185822 -0.017515636879999616 0.007211441440000001 1.6425741435599457 -0.0025303369000000187 -0.02356087939999991 0.005241362600000033 0.9997051418000297
1712732428.22044 -0.017240524279999787 0.0069090672000000275 1.6345363092799698 -0.0024271518000000382 -0.023473504999999763 0.005196203900000018 0.9997076154000297
1712732428.255229 -0.01684967367999981 0.006675196360000033 1.6263065148399756 -0.0022311910000000434 -0.023378719199999766 0.00523637650000004 0.9997098387000278
1712732428.283355 -0.016271566639999548 0.006571970439999965 1.6177534150399877 -0.0020098739000000256 -0.023287445099999714 0.0053519056000000285 0.9997114957000235
1712732428.320309 -0.01575580859999974 0.006400787119999957 1.6094206976399708 -0.0017888878000000164 -0.023158566099999688 0.005492515900000017 0.9997139693000235
1712732428.357499 -0.01509439427999979 0.006086538639999954 1.6009349392399737 -0.0014963203000000203 -0.0230389771999997 0.0057373384999999995 0.9997156502000166
1712732428.389748 -0.014444526599999747 0.005848202359999916 1.5920150587599753 -0.0011530193000000022 -0.022923395599999806 0.006063557599999969 0.9997166158000255
1712732428.421953 -0.01362753755999968 0.005400691799999926 1.5832772421199888 -0.0007500098999999816 -0.022833720599999906 0.006444715399999979 0.9997166099000196
1712732428.456754 -0.012956032879999952 0.005222140279999934 1.5740503119600133 -0.0002219292999999789 -0.02273414539999994 0.006897656399999974 0.9997162045000095
1712732428.493158 -0.011959673599999545 0.005238824359999903 1.5648689770000146 0.00022031140000002835 -0.02269882479999996 0.007405352399999954 0.9997131289000094
1712732428.522389 -0.011235949199999382 0.005033219519999843 1.55561120484002 0.0006003755000000277 -0.022647305499999958 0.007861869899999974 0.9997105957000031
1712732428.55812 -0.010345746039999142 0.005039064519999883 1.5461095188000127 0.0009869468000000437 -0.022664111000000098 0.008296801500000006 0.9997065665000037
1712732428.586771 -0.009549928639999051 0.005007435999999892 1.536098575480023 0.0012970578000000455 -0.02273158140000007 0.008579375199999984 0.9997024835000048
1712732428.615441 -0.009008750799999419 0.004598337519999873 1.5261922740400222 0.0015852216000000307 -0.022782354200000122 0.008728814899999993 0.9996997357000055
1712732428.665376 -0.008324118319999272 0.004456460119999921 1.5157978939600387 0.0019476446000000313 -0.02287959120000007 0.008784451000000004 0.9996965826000064
1712732428.686831 -0.0077991177599992054 0.004493838719999931 1.5054059507200372 0.0022455945000000367 -0.022994634100000154 0.00869894659999999 0.9996940553000059
1712732428.72553 -0.007347966359999631 0.004579271200000007 1.494944596600062 0.002453510800000025 -0.02310106040000015 0.008521563100000008 0.9996925115000067
1712732428.754826 -0.00704626775999948 0.004693386600000071 1.4845512511200556 0.002552449400000012 -0.023185061800000108 0.008255853499999998 0.9996923386000048
1712732428.788584 -0.006807497479999469 0.00486725652000004 1.4741065360000536 0.002573021500000006 -0.023276280400000182 0.007921753700000034 0.9996927559000142
1712732428.820898 -0.0067097729999996145 0.00501428032000005 1.4634987164000814 0.0025300320000000154 -0.02336149470000013 0.007493888300000018 0.9996943533000149
1712732428.855582 -0.006357090879999844 0.005274410120000041 1.4528217866400746 0.002428658000000006 -0.02349049040000022 0.007059741700000011 0.9996949612000208
1712732428.887558 -0.006172926479999745 0.005702463480000031 1.4422750916000722 0.0022203490999999965 -0.02355162350000022 0.0065861473 0.9996974228000113
1712732428.919439 -0.005914509440000088 0.005983319999999992 1.432137768320058 0.001880623800000003 -0.023586402700000165 0.006191971700000032 0.9996997415000124
1712732428.961617 -0.0055751247999998544 0.006197138359999971 1.4217183876000672 0.0014541354000000117 -0.023577350900000127 0.0059032474999999975 0.9997022807000121
1712732428.992374 -0.00539053255999967 0.006224159479999986 1.4113204775600434 0.0010127934000000228 -0.02350321570000009 0.005711936099999981 0.999705684100013
1712732429.018524 -0.005010075839999714 0.006140377040000028 1.400779673720035 0.0006206023000000282 -0.023442991699999992 0.0057278923000000145 0.9997074127000133
1712732429.0612 -0.004605183799999323 0.006018677560000025 1.3902159555200158 0.0003064234000000221 -0.02342112519999997 0.005773917100000014 0.9997079909000035
1712732429.09173 -0.004067690759999678 0.005998254919999973 1.3792549820000295 8.024350000002123e-05 -0.023453100100000058 0.005851531600000026 0.9997069359000079
1712732429.124455 -0.0034214941599994826 0.006037607519999923 1.368362885400029 -0.00014130869999997575 -0.02350132639999991 0.0059177746000000035 0.9997055768999985
1712732429.15748 -0.0028698350799995606 0.006142296159999904 1.3574191853600224 -0.0003658006999999852 -0.02350822749999999 0.005981210900000011 0.9997051357999908
1712732429.190004 -0.0023953297199994948 0.006096884079999949 1.3462161333600307 -0.0006151902999999681 -0.023459867799999933 0.0060623176 0.9997058033999906
1712732429.221791 -0.0017122655199997892 0.00577677575999992 1.3348007520400231 -0.0008593706999999728 -0.02343477339999982 0.006214497599999991 0.9997053563999998
1712732429.257058 -0.0011337146799996133 0.005854518879999926 1.3233811567200156 -0.0010237789999999914 -0.023419926999999775 0.006354097799999936 0.9997046589999968
1712732429.287756 -0.0006436469199996253 0.005906842760000029 1.3120009898800071 -0.001213283399999998 -0.02345921529999977 0.00637039619999995 0.9997032106000006
1712732429.317999 -5.80381199998925e-05 0.005876269000000018 1.3004623497600094 -0.001395072800000019 -0.023595364299999845 0.006298100999999922 0.999699985999996
1712732429.364728 0.00048470575999999706 0.005818409519999985 1.2888276626400101 -0.001622101900000028 -0.02372697619999986 0.006039358799999927 0.9996977864999963
1712732429.386396 0.001097630239999745 0.005632353999999963 1.277157418880033 -0.0018719425000000233 -0.0237833006999999 0.0057970105999999525 0.9996973572999991
1712732429.418072 0.0016629950400001547 0.0057781788399999985 1.2655341972000314 -0.002098269900000016 -0.02373878759999979 0.005558782799999928 0.9996993599999996
1712732429.452727 0.002225045479999892 0.00589465492000004 1.253708325800021 -0.0024129549000000195 -0.023646584199999942 0.005329282699999949 0.9997021555000061
1712732429.48612 0.0027998818400001113 0.005935622000000151 1.2417524030800087 -0.0028073298000000245 -0.023548618199999892 0.005196864599999973 0.9997042059000136
1712732429.522735 0.0034001584399998563 0.005939160640000107 1.2296522515199966 -0.0032598535000000427 -0.023476180099999945 0.005124158899999953 0.9997047721000059
1712732429.558844 0.004027432640000156 0.00597207184000016 1.2175008383999921 -0.0037164004000000304 -0.02342705150000004 0.005041436699999924 0.9997045575000015
1712732429.586785 0.00476738052000023 0.005735401280000172 1.2051496044000167 -0.004125060900000021 -0.023348262000000196 0.005013229399999997 0.9997047959000043
1712732429.626824 0.00563436020000033 0.005629365560000145 1.1924653686400277 -0.0044208682000000275 -0.02323899080000018 0.005063568000000007 0.9997056660999988
1712732429.671857 0.006419647920000599 0.005788576640000098 1.1797600292800416 -0.004708828100000018 -0.023059743000000132 0.005230860200000009 0.9997076390000075
1712732429.694878 0.0071033440800003685 0.006113262960000155 1.1669908784800418 -0.004995122600000013 -0.02287341690000009 0.005472602399999982 0.9997094331000085
1712732429.720128 0.007800196880000455 0.006373880800000115 1.1541086244800225 -0.005318651600000002 -0.022755569200000103 0.005707530599999977 0.9997094450000077
1712732429.757544 0.008503104400000154 0.006317941280000151 1.1409127702000341 -0.005638407100000009 -0.02270191470000018 0.005978308200000004 0.999707829700003
1712732429.789163 0.0092798148800005 0.006158594400000154 1.1275700164400222 -0.0058139675000000056 -0.02270237630000018 0.006318907999999989 0.9997050402000014
1712732429.823921 0.010124485840000546 0.0061092668000001455 1.1139406908000273 -0.0058334445999999925 -0.02273766020000014 0.006596270100000012 0.9997022983999955
1712732429.85397 0.011229049720000503 0.005871299280000154 1.1003154873200174 -0.005850028399999973 -0.022782671600000092 0.006937442500000035 0.9996986149000009
1712732429.884305 0.01216468428000006 0.005742298520000109 1.0864789891200324 -0.005754190099999978 -0.022776980600000128 0.007239936900000021 0.9996971010000039
1712732429.919044 0.013018198760000174 0.0055639945200000795 1.072347265360031 -0.005632779699999979 -0.02280626770000005 0.007462502100000013 0.9996955036000031
1712732429.95737 0.013675150159999915 0.005292236040000109 1.058156453200013 -0.0054711834999999764 -0.02284877550000015 0.007623971200000046 0.9996942877000038
1712732429.990369 0.014514197319999695 0.005065580800000156 1.0436011135199987 -0.005245543799999974 -0.022955161100000156 0.007684037700000079 0.9996925056000009
1712732430.02443 0.015411659759999736 0.004819879960000186 1.028786104920009 -0.005041431499999982 -0.023054200000000157 0.007736369300000057 0.9996908904000066
1712732430.059257 0.016268279999999677 0.004648816480000146 1.0138189815600163 -0.0048488788 -0.023129301100000176 0.00781865650000002 0.9996895732000098
1712732430.094786 0.01693540323999997 0.004400258520000157 0.998946002599996 -0.004688303300000007 -0.023196358000000215 0.007803077999999975 0.9996889355000121
1712732430.119019 0.017456852839999683 0.004165806680000088 0.9837949466800182 -0.004502627500000011 -0.023279280000000215 0.007635758499999934 0.999688941400018
1712732430.156458 0.017997591359999274 0.003744466320000086 0.968634903320003 -0.004301152200000024 -0.02336286210000029 0.0073484539999999045 0.9996896388000209
1712732430.187341 0.01828197951999961 0.0037830970800001216 0.9533868072400218 -0.0039993364000000305 -0.023407468100000273 0.006911365699999905 0.9996929707000163
1712732430.219525 0.018570978159999925 0.0037661766800001213 0.937489238840012 -0.0038131921000000403 -0.023473566700000247 0.006448848199999979 0.9996952833000137
1712732430.262819 0.01885426899999949 0.003762388560000165 0.9218749794800168 -0.0037677767000000363 -0.02355289150000033 0.005956646899999996 0.999696576700012
1712732430.287417 0.019379985519999608 0.003687597760000099 0.9062592100800111 -0.003748725300000033 -0.023612712800000324 0.005504777299999919 0.9996977032000132
1712732430.322848 0.020013229039999414 0.0032091721200000834 0.8901815140400139 -0.003697169100000042 -0.0235792306000004 0.005201965599999881 0.9997003377000055
1712732430.360584 0.02068108531999968 0.002888747399999989 0.8741971697200006 -0.0035139995000000425 -0.02350680790000048 0.0050132872999999025 0.9997037113000034
1712732430.392273 0.02136098187999991 0.0026575858400000917 0.85792603624001 -0.0032441200000000283 -0.023434023600000308 0.004857667399999955 0.9997072101000072
1712732430.425565 0.022232569519999783 0.0022797759600000408 0.8412941885600276 -0.002896934500000015 -0.023377290800000238 0.004808272100000011 0.9997096956000064
1712732430.458246 0.02331656403999986 0.0017676792000001383 0.8246239220800317 -0.0025409648000000117 -0.023290887000000104 0.004933077500000049 0.9997114182000019
1712732430.486926 0.024224651080000114 0.0013679702400001047 0.8076571036800396 -0.0020882154000000154 -0.023157039200000007 0.005186354200000043 0.9997130632999983
1712732430.529217 0.02510581303999984 0.0010327234400000407 0.790458829720037 -0.0015085958000000232 -0.02310474590000009 0.005465304000000071 0.9997125148999999
1712732430.553538 0.026029549559999764 0.0004835546800000045 0.7735146042400493 -0.0008832280000000247 -0.02314849680000002 0.005668435000000027 0.9997106790999964
1712732430.584339 0.027033274799999844 0.00019727203999996942 0.7561005625600409 -9.096480000003737e-05 -0.02320989390000001 0.005769094899999949 0.9997093796999934
1712732430.620477 0.02793405355999972 0.00014471268000002977 0.7384668060000377 0.0006277247999999736 -0.023257025499999882 0.005790017300000017 0.9997087240999918
1712732430.658901 0.028660012919999783 0.000422334360000054 0.721254429280043 0.0011917394999999774 -0.023296832699999825 0.0056968913000000395 0.9997082948999946
1712732430.684722 0.029259138999999833 0.0004481089200001342 0.7036211859600553 0.0016242529999999755 -0.023326687799999846 0.0054906096000000735 0.9997084319999999
1712732430.724255 0.02962814343999973 0.0005105956800000477 0.6859791142400353 0.0019344358999999756 -0.023385638799999952 0.005148805500000009 0.9997084915999949
1712732430.761635 0.03010957879999971 0.0005840699199999832 0.6682962955200173 0.002064040899999964 -0.023530358899999902 0.0047616649000000065 0.9997067689999994
1712732430.787746 0.030758812559999526 0.0009362844399999835 0.6511169218400118 0.002157820999999971 -0.02368219309999997 0.00433277529999998 0.9997053206000033
1712732430.819406 0.031501375079999575 0.0009902759999999232 0.63384411748003 0.002068939199999975 -0.0237659175000001 0.003917291499999998 0.9997058809000009
1712732430.858686 0.03225404279999964 0.0009323019999999891 0.6163209026800132 0.0019323310999999732 -0.023767493100000082 0.0035233348999999413 0.9997083782999994
1712732430.896087 0.03309485703999939 0.001007081039999953 0.5988124788799996 0.0018319168999999746 -0.02369622290000013 0.003243195999999937 0.9997116446000064
1712732430.920339 0.03407034091999946 0.001187479999999983 0.5813123621199928 0.0016692841999999875 -0.023593305600000038 0.003177658300000008 0.9997147858000062
1712732430.954762 0.034935436759999376 0.001362482799999931 0.5636782468799947 0.0014392849999999902 -0.023476168900000084 0.003220266199999955 0.9997177958000065
1712732430.984611 0.0357281996399994 0.0014512209599999615 0.546026224240004 0.0011310659999999918 -0.023428064199999987 0.0031567647999999338 0.9997193992000121
1712732431.020141 0.036519742279999434 0.0012391831199999536 0.5284007455999972 0.0008716669999999871 -0.023449519099999882 0.002971240399999875 0.9997195243000079
1712732431.055244 0.03767948043999958 0.0012193305599999425 0.5108136608400127 0.000755772099999974 -0.023458577199999907 0.0028272778999999027 0.9997196792000068
1712732431.088156 0.03871363747999936 0.0015236605999999675 0.49289054108000524 0.0006525030999999792 -0.023317604400000035 0.0027136229999999094 0.9997232197000017
1712732431.119092 0.03955629383999934 0.001966831439999872 0.4742127398399952 0.00033754789999997927 -0.023163548800000024 0.002658537399999972 0.9997268555999994
1712732431.152804 0.04037034399999896 0.002466621919999934 0.45598083047997984 -0.00010627910000000629 -0.02309679349999989 0.0025799304999999605 0.9997280714999988
1712732431.194668 0.04122925743999914 0.00266310715999996 0.4377302498799963 -0.0006156615999999948 -0.023069996199999922 0.0025258143999999485 0.999728381500006
1712732431.220216 0.042083298039999516 0.00295470112000002 0.41941439539999464 -0.0010513365999999858 -0.023028105399999887 0.0024979500999999793 0.9997292279000021
1712732431.256497 0.042859116439999664 0.0031132110800000307 0.40092746315998734 -0.0014688700999999859 -0.023002058299999996 0.0024351123999999833 0.9997298418000014
1712732431.289955 0.04373265091999996 0.0030173746399999677 0.3821720688800133 -0.0018498722999999995 -0.02304116169999997 0.002367956299999996 0.9997286378000012
1712732431.319026 0.044655517480000025 0.0028003919999999203 0.36319198440000944 -0.0020020928999999964 -0.02306772300000013 0.0024710240000000105 0.9997275052999953
1712732431.353393 0.04576080263999998 0.003239456639999911 0.3440643710000177 -0.0020522386999999977 -0.023097189600000158 0.0028142446000000375 0.999725794699998
1712732431.385393 0.0467401619999999 0.0031800748000000035 0.32462763816000456 -0.002348962599999993 -0.023134905700000097 0.0031879541000000345 0.9997235000000047
1712732431.418828 0.04771252388000029 0.0028957185600000735 0.30518742576002295 -0.0025141119999999794 -0.02323196420000002 0.003519867500000018 0.9997200489000079
1712732431.453326 0.04868152072000029 0.002427169080000144 0.28583276876002855 -0.0024136055999999908 -0.02338443290000001 0.0036852575000000166 0.9997160911000037
1712732431.487449 0.04949949872000062 0.0022054911200001825 0.26577575304003853 -0.002049974999999993 -0.02355928520000017 0.003739217399999983 0.9997124254000027
1712732431.529352 0.05045249804000051 0.0021682169600001086 0.24555236272002728 -0.0017879728000000038 -0.023757072900000155 0.003757803199999987 0.9997082352000006
1712732431.558822 0.05168783060000031 0.0020103924400001107 0.222239702440047 -0.0009436436999999964 -0.023864809900000238 0.0037543254000000025 0.9997044026000026
1712732431.585748 0.05256182316000021 0.0015338722000000791 0.20095909288005714 -0.00018213000000000257 -0.02388864210000019 0.0037444755000000107 0.9997029483000006
1712732431.622771 0.05340092407999997 0.001271088840000125 0.18153348164004907 0.0007882699000000048 -0.02389803600000029 0.0037836195999999766 0.9997010706999958
1712732431.65814 0.05423776175999997 0.00147271880000007 0.16357286540004679 0.0014661170999999973 -0.02395400830000014 0.0037630300000000005 0.9996989309000014
1712732431.689739 0.05477895443999983 0.0011284154000000867 0.14829157952004604 0.0017933433000000055 -0.024004439600000184 0.003582842399999997 0.9996981500999936
1712732431.720806 0.05534384099999947 0.0012192334000001102 0.134976717680056 0.002221296400000017 -0.024038951500000218 0.003436638199999997 0.9996980844999939
1712732431.755781 0.05568059531999942 0.0012916016400000528 0.12424135948005641 0.002425218700000009 -0.024028241100000257 0.0032691449999999733 0.9996991871999967
1712732431.786554 0.05590138119999955 0.0013744452400000463 0.11559111340004165 0.0024758629000000143 -0.023988110400000196 0.0031795413999999413 0.9997005045000037
1712732431.821361 0.05611066523999951 0.0011477796399999816 0.10936381064004308 0.002393719300000008 -0.023923483100000097 0.0031353673999999997 0.9997021794000034
1712732431.85616 0.05621910979999952 0.001109904040000007 0.10512381460003324 0.0025527632000000187 -0.02383568080000007 0.0031199042000000787 0.9997043788000042
1712732431.889304 0.05594836547999953 0.001107697639999987 0.10569654564000303 0.002060188800000007 -0.02384248129999982 0.00312870950000006 0.9997058272000003
1712732431.919216 0.05586573159999936 0.0013215411999999381 0.10616075427999021 0.0016570500000000043 -0.023890204299999773 0.0031081196999999785 0.9997059762000049
1712732431.961205 0.055810876519999726 0.0015393372399998915 0.10674930867999591 0.001110670800000002 -0.023931458899999748 0.003086490100000017 0.9997070849000125
1712732431.997137 0.05571744555999998 0.0015212713599999895 0.10782567235999976 0.0007281703000000083 -0.02393669829999965 0.0030473602999999904 0.9997081459000128
1712732432.029678 0.05580240456000005 0.001669725960000008 0.10830520819998582 0.0005457778000000024 -0.023933501499999822 0.003067317699999972 0.9997084320000112
1712732432.057266 0.05569032812000046 0.0015678129599998947 0.10881864531997962 0.00042246589999999084 -0.023911348499999718 0.00304286299999994 0.9997091830000044
1712732432.088241 0.05567964276000019 0.001542322039999906 0.1088290447999816 0.0004901643999999817 -0.02392547689999951 0.0030562084999999684 0.9997087896000039
1712732432.12206 0.05564921516000033 0.0014722780799999136 0.10859889627999564 0.0006004468999999846 -0.023940260299999495 0.003061723099999991 0.9997084081000025
1712732432.155878 0.05580790992000047 0.001586005399999948 0.10809585471998161 0.0007301649999999826 -0.023972530099999646 0.0030959859999999395 0.9997075319000033
1712732432.189261 0.055879408200000424 0.001573684559999897 0.10790030103999015 0.0007225365999999678 -0.023996239899999595 0.0030810144999999347 0.9997070132999966
1712732432.217736 0.05588029692000034 0.0015741272399999672 0.1078662986800009 0.0006920223999999697 -0.02399151979999985 0.0030582405999998842 0.9997072160000016
1712732432.25678 0.055793226160000625 0.0016065655200000607 0.10793908608001403 0.0006559543999999695 -0.023975990199999943 0.003061106299999938 0.9997076033999974
1712732432.28899 0.05578045732000056 0.001622693240000128 0.10800941900000907 0.0006200446999999665 -0.023973882099999955 0.003031998199999908 0.999707776199989
1712732432.32055 0.05575551408000038 0.0015738732800000931 0.10805493299998489 0.0005938318999999748 -0.023965021700000123 0.0030364815999999626 0.9997079966999877
1712732432.35827 0.05571822956000019 0.0016352428400000815 0.10803916451997339 0.0006119835999999878 -0.023953922200000123 0.0030526640999999797 0.9997081992999938
1712732432.390815 0.05573580488000004 0.001707774880000148 0.10809718695996252 0.0006297319999999829 -0.02396280570000009 0.003052805400000036 0.9997079728000017
1712732432.427327 0.05572083300000024 0.0017467923200002208 0.10807611583994002 0.0006259916999999948 -0.02396363790000038 0.0030463916000000426 0.9997079728000017
1712732432.46333 0.0556683512 0.001762663560000206 0.10812118855993502 0.0006150045999999909 -0.023956678900000482 0.003023834900000022 0.9997082171999978
1712732432.490685 0.0556074467199997 0.0017560939200001434 0.10819285035994654 0.0006004428999999867 -0.023948650300000197 0.002995809900000079 0.9997085033000076
1712732432.523079 0.055587160999999906 0.0016910824000002298 0.10811257995996584 0.0005882592999999936 -0.023939390600000367 0.0029859579000000025 0.9997087656000077
1712732432.553515 0.05555123532000024 0.0016094019200002306 0.10795489851997445 0.0005709970000000065 -0.02393108150000032 0.0029798619000000136 0.9997089920999997
1712732432.588948 0.05569199692000026 0.0015689982000002267 0.10782144659996448 0.0005583131000000075 -0.023959783000000102 0.002970944299999978 0.9997083424000038
1712732432.618117 0.05573052212000014 0.001496127640000253 0.10778846007995979 0.0005423920000000137 -0.023973393300000014 0.002964203900000051 0.9997080444000176
1712732432.653136 0.055808305280000345 0.0014602061600001903 0.10770094859996789 0.0005338201000000042 -0.023996893400000018 0.0029691043000000584 0.9997074662000159
1712732432.686323 0.05581320332000025 0.0014440092800001203 0.10776898467996487 0.0005242202000000029 -0.024010769099999864 0.002945210200000048 0.9997072099000206
1712732432.72107 0.05576821572000035 0.0013260475200001307 0.10786129199997958 0.0005189433000000188 -0.02399922679999982 0.0029282359999999842 0.9997075377000101
1712732432.755211 0.05578767600000049 0.001229155480000017 0.10795872416000749 0.0005847959000000236 -0.023986695499999655 0.0029292074999999864 0.9997077761000014
1712732432.784866 0.055942561080000744 0.0011838565199999707 0.10798616220002258 0.0006228516000000184 -0.023998111299999535 0.0029700528000000228 0.9997073469000043
1712732432.821419 0.055968307080000695 0.001177234799999951 0.10851740256002812 0.0006733781000000328 -0.023981953399999867 0.0029791778999999964 0.9997076687999993
1712732432.856833 0.05598489736000061 0.0011990904799999492 0.10913045164001232 0.000738235700000045 -0.023958699899999658 0.0030251549000000822 0.9997080264000033
1712732432.892309 0.05601859648000058 0.001242165679999907 0.1099275472400177 0.0007755297000000327 -0.023927764799999453 0.0030623773000001187 0.99970862240001
1712732432.921723 0.056021156240000494 0.001244006119999863 0.11102884184003414 0.0007903428000000323 -0.023889135599999632 0.0031404959000001396 0.999709284000005
1712732432.957412 0.05590039084000068 0.0012899924799998352 0.1124913616400181 0.0007922462000000241 -0.023818051499999625 0.003175007300000132 0.9997108634999904
1712732432.990319 0.05585595512000068 0.0012720497999999302 0.11437405756003953 0.0007870448000000252 -0.02376440209999977 0.003193206200000098 0.999712091399988
1712732433.025753 0.055782487600000936 0.0011665362799999635 0.11638008872007048 0.0007831706000000161 -0.023692169499999593 0.0032367783000001537 0.999713676899978
1712732433.064469 0.05571357120000072 0.001207376240000002 0.11862152232007246 0.000783248400000014 -0.023642649399999625 0.0032985841000002123 0.9997146603999909
1712732433.093605 0.05575414796000074 0.0012002113200000508 0.12131854028006728 0.0006964140000000008 -0.023632041399999793 0.003358998300000149 0.9997147796000035
1712732433.119937 0.05556185124000073 0.0012006204000000764 0.12437911808004172 0.0006351007999999992 -0.023574655299999848 0.0033521935000001336 0.99971620419999
1712732433.15905 0.05544470988000086 0.0011512023600001697 0.12736151904001872 0.000547269699999986 -0.02353072069999982 0.003396251500000158 0.9997171459999891
1712732433.191395 0.05529378652000062 0.001028552280000099 0.13070471988003646 0.00045025299999996716 -0.023480106899999954 0.003405237400000072 0.9997183678999818
1712732433.224679 0.055167273000000204 0.00099466052000011 0.13426775180003003 0.00041743239999996183 -0.02344829869999998 0.0034248308000000447 0.9997190652999735
1712732433.258361 0.05498735675999995 0.0009544281600001092 0.13789831944002798 0.0003735614999999637 -0.023405429600000006 0.0034032906000000195 0.9997201620999704
1712732433.292142 0.05487197379999983 0.0009262052800001363 0.1415816242400433 0.0003440848999999746 -0.02339716040000006 0.0034156666000000335 0.999720323099973
1712732433.322138 0.054604255999999574 0.0009037638400000424 0.14535042816003624 0.00030440039999997116 -0.02335887709999973 0.003450483900000023 0.99972111579998
1712732433.358808 0.05449142915999956 0.0009242617999999856 0.14933724316002553 0.00025358449999997036 -0.02336501660000003 0.0034817440999999503 0.9997208773999773
1712732433.389452 0.05431867139999973 0.0008248153199999031 0.15341399276000628 0.00020878759999996 -0.023349165000000126 0.0034987718999999196 0.9997212051999668
1712732433.420995 0.05407091731999948 0.0009006393199999074 0.15745176888001422 0.0001965613999999727 -0.02332251019999987 0.0035359115999999526 0.9997216999999636
1712732433.466672 0.05393795119999936 0.0009151458399998801 0.16182325684003898 0.00015117699999998014 -0.023343936399999876 0.0036232130999999334 0.9997208714999715
1712732433.489621 0.05383866627999922 0.0009986202799998445 0.16621747968006273 0.00011251969999999112 -0.023389257699999888 0.0037104094999999226 0.9997194587999729
1712732433.531184 0.05370827839999954 0.0012099539199999043 0.17078987856005368 3.97647000000001e-05 -0.023433714699999796 0.003817130699999982 0.999717980599985
1712732433.566485 0.05355578087999987 0.0012797671599998318 0.1755712537600584 -9.696659999998136e-05 -0.02346832819999989 0.0038953358999999745 0.9997168301999864
1712732433.594311 0.05341539084000026 0.0012925427199998295 0.18046645820004414 -0.0002116052999999729 -0.023503579099999783 0.004011138300000017 0.9997155009999915
1712732433.629665 0.053268069680000134 0.0013512640399997978 0.18543899556003907 -0.0003071487999999789 -0.023529564699999738 0.0041377820999999315 0.9997143505999929
1712732433.66635 0.05318166083999998 0.0013592258399999044 0.19051597992004646 -0.0004399028999999777 -0.023569854399999812 0.004239744599999984 0.9997129200999779
1712732433.692356 0.05291880159999983 0.0013960853199999868 0.1958124506800459 -0.0005889485999999611 -0.023583871199999606 0.0043454995000000276 0.9997120498999947
1712732433.734481 0.05281966619999963 0.0015350602400000214 0.20128020780007316 -0.0007450607999999637 -0.023622960799999503 0.004465258600000066 0.9997105240999872
1712732433.759432 0.05267281963999949 0.001543174640000071 0.20709743236004213 -0.0009046187999999678 -0.0236518807999996 0.004508444200000117 0.9997095703999775
1712732433.787708 0.052447096239999665 0.0016981168400000788 0.2129507769200154 -0.000988066899999973 -0.023636499799999554 0.004552809600000085 0.9997096835999855
1712732433.824801 0.052165286319999775 0.0017871277200000434 0.21901997039999513 -0.0010906934999999728 -0.023621193899999327 0.004559937200000075 0.999709933999975
1712732433.858178 0.05183517499999986 0.001802574200000073 0.22502262355998026 -0.0011723589999999672 -0.023595727299999324 0.004507567200000029 0.9997106790999624
1712732433.890088 0.05145752583999993 0.0019024476800001719 0.23115709707997667 -0.0012283085999999833 -0.023560333899999363 0.004420149600000034 0.9997117758999593
1712732433.919919 0.05107340391999962 0.0020056696800001637 0.23735363819999744 -0.0013031648999999978 -0.023540748499999254 0.004282794800000022 0.9997126758999684
1712732433.960446 0.05068258355999965 0.002056936280000201 0.24378754512001247 -0.0013755047000000077 -0.02353606819999925 0.0041244210000000335 0.9997133195999595
1712732433.994084 0.05029837175999986 0.0022343319600001796 0.25039534211999126 -0.0014037873000000145 -0.02351696899999922 0.00393857009999996 0.9997143984999639
1712732434.028065 0.04987760119999976 0.0023179872800001885 0.25684425031998215 -0.0014453233000000232 -0.023483300299999142 0.003725433699999936 0.9997159004999503
1712732434.059502 0.04929171491999994 0.0023530396400002116 0.26356169783998207 -0.0014998442000000224 -0.023448266899999126 0.003509457699999885 0.9997174501999553
1712732434.09141 0.04873910916000028 0.0024743376000001937 0.27015252375999804 -0.0015649864000000235 -0.02343777779999918 0.0033299192999998615 0.9997182190999638
1712732434.123613 0.04820679416000032 0.0022972714800002514 0.2766099207200159 -0.0017314705000000207 -0.023445062999999423 0.00311298709999992 0.999718517199949
1712732434.159508 0.04764108888000059 0.0021652016400003048 0.28324632504002695 -0.0018491223000000278 -0.023430657299999425 0.0029180469999999124 0.9997193038999512
1712732434.188113 0.04706496060000042 0.002046853200000278 0.2899475048400427 -0.0019561394000000344 -0.02342989989999964 0.0027398897999999505 0.9997196733999545
1712732434.222506 0.046602585680000315 0.001959401640000262 0.29666013776002725 -0.002049277800000038 -0.023466947899999722 0.0026368589999999693 0.9997189222999623
1712732434.261982 0.04608946888000069 0.0018943164800002243 0.3035186579600122 -0.0021086200000000276 -0.023472921599999808 0.002524296100000001 0.9997189639999533
1712732434.291207 0.04560674972000043 0.001842493240000138 0.31020530352001513 -0.0021783312000000165 -0.023462833500000002 0.0024222686999999963 0.9997193275999734
1712732434.324345 0.04500068104000042 0.001702658440000082 0.31708876164003413 -0.0022749144000000056 -0.02347427090000025 0.002370208800000029 0.9997189877999745
1712732434.361566 0.04447929416000043 0.001616815760000012 0.32415169472003524 -0.0023583986 -0.02351778200000041 0.002325252100000075 0.9997178850999717
1712732434.39622 0.04400237548000064 0.0015016173199999903 0.3311913460800269 -0.0024350749999999975 -0.023552542700000602 0.002242840600000129 0.999717080399978
1712732434.425997 0.04339729800000058 0.001292684399999988 0.3385590381600377 -0.0024312370999999946 -0.023568957800000588 0.002129931600000123 0.99971692539998
1712732434.46738 0.042866522440000165 0.0012373863600000055 0.3460251365200247 -0.0022670197000000058 -0.023602055900000352 0.0020392458000000778 0.999716621399989
1712732434.489572 0.04240168043999986 0.0010663797199999435 0.3534476050000375 -0.0020707497999999935 -0.023650728900000573 0.0018882713000000883 0.9997160193999889
1712732434.522523 0.04192264803999975 0.0008786164799998808 0.36100437212001907 -0.0018107241999999913 -0.02368380800000054 0.0017521455000000686 0.9997157392999952
1712732434.558722 0.0413953080799996 0.0006544621999998234 0.36853593840004123 -0.00150103709999998 -0.023719294500000387 0.001578346800000041 0.9997154293999984
1712732434.588013 0.0409073260399996 0.00046140331999991344 0.37619545124004156 -0.0011609708999999802 -0.02379110730000029 0.001459534900000037 0.9997140882999929
1712732434.619583 0.04033882859999963 0.00022078280000000557 0.384155529800023 -0.0008275866999999826 -0.023868962899999957 0.0013496465000001124 0.9997125862999837
1712732434.657032 0.039838072679999635 4.0063799999980885e-05 0.391891174919997 -0.00044690309999999566 -0.023971936499999912 0.0012668058000000926 0.9997104822999973
1712732434.687773 0.03939810335999965 -0.0001483005999999598 0.3998019866399954 -8.563299999999607e-05 -0.02409250469999975 0.001228472000000025 0.9997079372000144
1712732434.720468 0.03903145147999943 -0.00031897711999993915 0.407784166159995 0.0002221747000000107 -0.024224588399999546 0.001230504299999957 0.9997050702000024
1712732434.753766 0.038761173639999244 -0.00040040475999990826 0.4159296794799911 0.0004569751000000011 -0.02432954989999949 0.0013562677999999551 0.9997024475999978
1712732434.787805 0.03837670619999969 -0.0005987679600000106 0.42432937960000344 0.0006201080000000081 -0.02438383709999954 0.001483631999999968 0.9997008918999881
1712732434.826894 0.03796696175999969 -0.0007605063199999228 0.4329264346399941 0.0008293961999999988 -0.024404140899999406 0.0017014244999999483 0.9996998488999906
1712732434.85913 0.03784562291999968 -0.0008589097999998783 0.44171962660001546 0.001034903999999992 -0.024468593599999266 0.0019793726999999704 0.9996974288999809
1712732434.895482 0.037581129599999624 -0.0009937773999999066 0.4509315154399928 0.0011847533999999938 -0.024511172199999366 0.0022258750999999853 0.9996957301999828
1712732434.922103 0.03719010847999946 -0.001173639599999916 0.46024900599999446 0.0013269976999999988 -0.02451757749999963 0.0024388465999999553 0.9996948957999848
1712732434.956389 0.037037874999999755 -0.0011784875200000222 0.4695712154000056 0.0015400762999999928 -0.024564418399999965 0.002668784699999893 0.9996927976999814
1712732434.99386 0.03692221399999951 -0.0012864053999999748 0.4791966776800063 0.001745390400000013 -0.024540291699999984 0.0028778646999999325 0.9996924161999686
1712732435.021091 0.03677562447999975 -0.0013743536800000554 0.48897828504001156 0.0019939441 -0.024441636600000295 0.0030627978000000054 0.9996937810999498
1712732435.059248 0.03648216795999964 -0.0013912432800001183 0.4987827818400046 0.0022947945999999943 -0.02430779700000052 0.0031807012000000688 0.999696183199967
1712732435.090885 0.036084472759999854 -0.0014107206400001712 0.5085207926400016 0.002526711199999987 -0.024189080600000423 0.003182135900000027 0.9996986984999694
1712732435.124203 0.0356670319599997 -0.0012081669600001455 0.5184727309999835 0.0026770498999999946 -0.024106608800000373 0.0031175618000000684 0.9997006356999691
1712732435.159346 0.03514580524000003 -0.0010408498800002163 0.5288380633199767 0.002689792199999985 -0.02404521770000052 0.00301365510000009 0.9997023522999825
1712732435.191541 0.03432436840000001 -0.00107633092000027 0.5393349407599635 0.0026913357999999834 -0.023981311100000367 0.0028870000000000397 0.9997042655999848
1712732435.228732 0.03375482264000034 -0.0009691329200001951 0.5497880463599812 0.002787572699999985 -0.023970661800000313 0.0028762343000000357 0.9997043012999711
1712732435.261663 0.033254891880000484 -0.0008544720800002637 0.5602672538399792 0.0028578780999999774 -0.02395625650000035 0.002905257900000002 0.9997043548999727
1712732435.290187 0.03257156868000024 -0.0008930476800002118 0.5709801409199599 0.002848559199999978 -0.0239000659000002 0.002898648300000062 0.9997057734999771
1712732435.326868 0.031775206400000325 -0.0008795418800002252 0.5817177032799826 0.0028478169999999635 -0.023859544200000117 0.002875764700000083 0.9997068284999842
1712732435.356326 0.030976664320000107 0.0013774543999998377 0.5921988343599787 0.002979026399999962 -0.023905866499999817 0.0028997863000000735 0.9997050820999902
1712732435.389433 0.030087895320000155 0.001553329399999832 0.6027207499599899 0.0022635204999999605 -0.02400309579999984 0.0028417295000000564 0.9997027515999889
1712732435.420733 0.029507261840000253 0.0007962894799998565 0.6127547663999985 0.00176010839999996 -0.024194058499999827 0.002963739000000043 0.9996977447999825
1712732435.45774 0.0290803027200004 0.0008761720799999394 0.6211742096000079 0.0016665023999999473 -0.024431017499999895 0.0030691423000000382 0.9996917425999982
1712732435.488039 0.02879455712000016 0.0008695777999999521 0.6282190387199943 0.0016749931999999524 -0.024648457599999674 0.0032012732000000097 0.9996860025999922
1712732435.52419 0.02855346732000022 0.0010716885200000093 0.6339160984800082 0.0017306696999999538 -0.024825142899999975 0.003318515700000013 0.9996811508000064
1712732435.563146 0.028290306800000022 0.0011301544799999874 0.6385399109600075 0.0016817800999999522 -0.024978819500000072 0.0033661051000000164 0.9996772885000155
1712732435.596474 0.02812818651999997 0.0011488954400000395 0.6420172060400227 0.0016561856999999457 -0.025158663299999873 0.0033715136000000536 0.9996728420000182
1712732435.625433 0.028006316800000302 0.0013003230800000942 0.6442276078000395 0.0016801664999999578 -0.025313537199999913 0.003394870800000049 0.9996688366000172
1712732435.660866 0.027922774320000555 0.0014408814000000801 0.6455029789600212 0.0016648012999999518 -0.025468178899999926 0.003419749800000016 0.9996649802000093
1712732435.696767 0.027908272840000876 -0.0006770052799998715 0.6460251537600197 0.001497295399999965 -0.025584970999999967 0.0033940794000000274 0.9996628166000164
1712732435.723799 0.028128679320000953 -0.0008004197599998973 0.6457073935200196 0.0021596843999999614 -0.02568174379999988 0.003512008200000061 0.9996603251000125
1712732435.765263 0.028077970200000663 -1.7161199999904396e-06 0.6447697468800196 0.002686350199999965 -0.02568037210000007 0.003450464700000122 0.9996604205000039
1712732435.794743 0.027985214880000626 -5.229083999997996e-05 0.6443565240000134 0.002861357399999975 -0.025634940100000135 0.0034807709000000743 0.9996611238000014
1712732435.826001 0.027923547680000875 4.502315999998174e-05 0.6440689466400318 0.002977428999999976 -0.02563185520000033 0.003487016100000062 0.9996609032999914
1712732435.861979 0.02798455184000097 5.117308000000875e-05 0.6440519400000312 0.0029971248999999924 -0.02566493790000024 0.003489044600000124 0.9996599853999897
1712732435.891033 0.02798572868000086 6.893236000003355e-05 0.6440184030000228 0.0030360483999999797 -0.02566229390000032 0.0035029135000001154 0.9996598958999812
1712732435.924791 0.027996910200000898 0.00015058120000002617 0.6441871693600251 0.003056896299999989 -0.025658341900000537 0.0035160385000001073 0.9996598898999765
1712732435.967316 0.028106989120000845 0.0001548794800000408 0.6445933370800275 0.0030921033999999903 -0.02567240000000055 0.0035565070000000533 0.9996592520999684
1712732435.997787 0.028179694480000704 0.00014218148000011863 0.6449430195600506 0.0031471910999999906 -0.025676235400000635 0.0035963320000000467 0.9996588169999768
1712732436.03144 0.02820574540000052 0.00012879496000005374 0.6453322391600704 0.003186950899999985 -0.025679888800000585 0.003622717799999986 0.9996584950999704
1712732436.063325 0.0281691914000006 0.00013819932000014743 0.6456952482400492 0.003238277499999986 -0.025679299500000495 0.0036536031999999884 0.9996582327999703
1712732436.090068 0.028203132440000684 0.00010459596000014669 0.646441635560036 0.0033184400999999976 -0.025705031200000405 0.003709897999999967 0.9996571062999919
1712732436.124703 0.028334734120000316 1.312024000004186e-05 0.6472928025200508 0.003429196499999998 -0.025743105900000528 0.003763438799999985 0.9996555326999896
1712732436.160131 0.02843282624000025 -2.313835999993685e-05 0.6481600409200564 0.003533388999999998 -0.02576496850000041 0.003835484900000008 0.9996543286999895
1712732436.191805 0.028471338000000013 -7.931056000000325e-05 0.6492510539200338 0.0036430067999999815 -0.025767709700000196 0.003908985499999939 0.9996535836999783
1712732436.231241 0.028420620480000023 -0.00015223852000000092 0.6506401459600283 0.0037424785999999877 -0.02577197869999992 0.004007488299999995 0.9996527194999771
1712732436.266363 0.02832992343999969 -0.00023149672000002396 0.6522045384400007 0.00387007399999999 -0.02577065189999992 0.004127337200000003 0.9996517717999722
1712732436.298821 0.028192403959999335 -0.00022461684000003144 0.6541419407600005 0.00395818659999998 -0.025789435699999787 0.004256180000000054 0.99965034129998
1712732436.32685 0.028215525799999523 -0.0002772982800001244 0.656185545679973 0.004011999 -0.02585459249999964 0.004378622500000073 0.9996478974999718
1712732436.363681 0.028244809599999737 -0.0002526661200000646 0.6585660701199731 0.004105241699999995 -0.025915512199999925 0.004523526500000141 0.9996452867999779
1712732436.400762 0.0282395083599998 -0.000283496080000134 0.6610167269999874 0.004177979899999995 -0.02595613830000012 0.004680335300000138 0.9996432185999765
1712732436.434277 0.028271289759999756 -0.0003057110000000129 0.6636010861199747 0.004198710999999999 -0.025995371600000185 0.004865768100000167 0.9996412217999705
1712732436.460143 0.02824797472 -0.0003970041599999341 0.6663645797199796 0.004210039299999991 -0.02603098579999994 0.005062878200000132 0.9996392488999618
1712732436.498889 0.028127051120000027 -0.00036345231999984406 0.669365249279981 0.004256307299999995 -0.026056235799999782 0.0052551448000000885 0.9996374010999716
1712732436.529873 0.028078300600000144 -0.0003155818399997834 0.6726161038799818 0.004228664700000007 -0.02609928229999987 0.005460153900000098 0.9996352910999804
1712732436.558674 0.028220855040000287 -0.0003175913999998059 0.6760155516799841 0.004205683800000015 -0.02615888559999995 0.00569060100000005 0.9996324955999853
1712732436.595399 0.02822683388000058 -0.00023782555999980913 0.6797057187200061 0.004120008800000008 -0.026184845099999875 0.005952436500000058 0.9996305941999936
1712732436.625219 0.028211837360000727 -0.00037555503999987745 0.6835475914399967 0.0040040268000000045 -0.026196011300000065 0.006186627599999994 0.9996292948000018
1712732436.663579 0.028189693560000388 -0.00033040615999981423 0.6877881007200222 0.003934222300000001 -0.026165648899999994 0.006419388199999964 0.9996289133000118
1712732436.695438 0.02809169944000011 -0.0003044736799998482 0.6923371240800088 0.003815284600000002 -0.026114992199999777 0.006630636299999893 0.9996293365000156
1712732436.73883 0.02807955919999983 -0.0002357874399997861 0.6971502641600136 0.0036862754000000163 -0.026069524699999746 0.006784351799999833 0.9996299802000067
1712732436.767682 0.02796805311999968 -0.00021210923999982254 0.7021957941600158 0.0035227502999999995 -0.02598952589999968 0.006896514799999842 0.9996318459000122
1712732436.795119 0.027816464199999585 -8.563743999987493e-05 0.7075946242400141 0.0033388254999999977 -0.02589534479999962 0.006954895099999891 0.9996345043000247
1712732436.831647 0.027637590119999514 -3.4118279999955094e-05 0.7132137448799994 0.003051572400000002 -0.02579503559999985 0.006954464999999921 0.9996379555000203
1712732436.859366 0.027412455839999694 9.636788000001673e-05 0.7192311431199959 0.0027690865999999924 -0.025696342799999883 0.0069118412999999105 0.9996414543000128
1712732436.895013 0.027071414439999653 0.0003423288399999968 0.7255519737199938 0.002455845499999976 -0.02559467590000004 0.006787558499999946 0.9996455670000159
1712732436.923984 0.02672066599999972 0.0004536022400000483 0.7320555227999875 0.0021413586999999845 -0.025497666200000067 0.006595455899999969 0.9996499241000265
1712732436.973674 0.026359475799999782 0.0007097056400000134 0.7384614773199837 0.0018314306999999807 -0.025406322099999913 0.006384444700000014 0.9996542216000079
1712732436.995435 0.025965705639999965 0.0008471002399999783 0.7451310893599838 0.0014647327999999682 -0.025367582200000172 0.006169753799999978 0.999657213799992
1712732437.033586 0.025540595359999897 0.0010121406399999165 0.7518123337199676 0.0011276380999999613 -0.0253361273000003 0.005903122199999977 0.9996601582999801
1712732437.063344 0.024999982839999785 0.001207855599999874 0.758744835519974 0.0007948750999999587 -0.025293003900000242 0.005589717999999966 0.9996633649999922
1712732437.094085 0.024516006199999937 0.0013849130399998441 0.765594750479986 0.0004233386999999755 -0.02527122220000031 0.005272751599999914 0.9996657550999771
1712732437.139673 0.023933793240000154 0.001604160319999881 0.7726639376399633 3.509269999997233e-05 -0.025241624000000584 0.004972529999999864 0.9996681869999747
1712732437.162849 0.02343015640000004 0.0018644715599999626 0.7799695119999704 -0.00027158560000002386 -0.025240471000000396 0.004703222199999857 0.9996695160999707
1712732437.197818 0.022912168439999762 0.002238329519999933 0.7871218370399719 -0.0005746087000000122 -0.025236096700000488 0.0044258839999998575 0.9996707200999708
1712732437.227513 0.022385997479999843 0.0024307343199999384 0.7945231078399956 -0.0009482696999999929 -0.025238594500000388 0.004176878799999795 0.9996712982999725
1712732437.261057 0.02187869347999971 0.002725598119999848 0.8021258436799825 -0.0013181139999999924 -0.025266657800000304 0.003946851599999768 0.9996710598999698
1712732437.302138 0.02132175191999991 0.0028284272799999144 0.8100739810799995 -0.001683033899999975 -0.025305545200000168 0.003757230399999756 0.9996703743999887
1712732437.325521 0.0206899534799998 0.0029297925999999743 0.8180627403200014 -0.0019321725999999595 -0.025325705699999902 0.003645019999999821 0.9996700465000004
1712732437.363438 0.020252384039999925 0.0030289758800000396 0.8260126302400111 -0.0021527417999999575 -0.025385214399999967 0.003631653199999896 0.9996683060000123
1712732437.393673 0.01987858432000017 0.0030132608800000505 0.8344019409600105 -0.0023496876999999695 -0.025433459699999973 0.0037278783999998844 0.999666356900002
1712732437.427998 0.019490486960000195 0.0029985155200000866 0.8426846822800007 -0.0024635521999999853 -0.02546057289999979 0.00387801579999989 0.9996647774000167
1712732437.46182 0.019209835120000136 0.0029320706800000807 0.8512474367600043 -0.002564478099999978 -0.025518329399999828 0.004110961799999924 0.9996619879000264
1712732437.49661 0.01899358804000002 0.002868098800000016 0.8597196434400075 -0.002650337299999994 -0.02557376470000001 0.00435414939999994 0.9996592819000398
1712732437.532479 0.01874536524000028 0.0027363215600000323 0.8684326266000334 -0.002706920700000004 -0.025606341499999984 0.004702723599999991 0.9996566175000453
1712732437.561193 0.01845157468000039 0.0027382950000000507 0.8771444082800326 -0.002686525700000009 -0.025632269599999803 0.005018909600000043 0.9996545194000419
1712732437.594722 0.01822789276000037 0.0026435388000000865 0.8857607438400419 -0.002657966200000006 -0.025658466999999872 0.005364934000000066 0.9996522664000395
1712732437.627243 0.01807525608000013 0.0025996614000000306 0.8946245733600199 -0.0026046971000000196 -0.02566920830000008 0.0057066036000001045 0.9996503889000223
1712732437.663041 0.01792685552000023 0.0027054551999999353 0.9033244805200183 -0.002584947400000037 -0.02566247190000013 0.0059713876000000886 0.9996491730000117
1712732437.694256 0.017661538160000132 0.0027680920399999562 0.9124589269600301 -0.00262882360000003 -0.02561764480000015 0.006219825900000054 0.9996487558000127
1712732437.725743 0.017319753640000286 0.002911011599999966 0.9214093571200191 -0.002680875000000027 -0.02558260030000028 0.006408721200000134 0.9996483923000141
1712732437.768218 0.016987493320000126 0.0031371426799999464 0.9308471398800292 -0.0027364166000000134 -0.025581140700000303 0.006618214600000183 0.9996469617999992
1712732437.791077 0.016704897999999913 0.0033576673199999796 0.9402163545600343 -0.0027795607000000054 -0.025595183000000077 0.006790806200000166 0.9996453047999921
1712732437.825707 0.01636224296000016 0.003486418879999924 0.94961808844002 -0.002883502199999999 -0.025610266400000015 0.007001769600000163 0.9996431589999929
1712732437.863572 0.015998495800000043 0.0034532623999999675 0.9590304866800079 -0.003016946600000003 -0.02562533699999996 0.007151863400000113 0.9996412218999922
1712732437.895818 0.0156550533999998 0.0035057273999999335 0.9686444081999797 -0.003160587599999998 -0.025615793900000128 0.007362591400000085 0.9996393920999935
1712732437.928093 0.015373792279999562 0.0035954463999999216 0.9784354532399719 -0.0033317390999999972 -0.025608963599999868 0.0075597533000000714 0.9996374310999954
1712732437.960111 0.014978583759999607 0.0037215158399999024 0.9883059978399796 -0.003543129399999989 -0.02558146819999969 0.007700356200000069 0.9996362628000043
1712732437.994915 0.014576717119999357 0.0037994821199999686 0.9985473954399685 -0.003766318599999985 -0.025526993299999745 0.007823637700000052 0.9996359529000074
1712732438.026462 0.014194935999999743 0.003947395759999867 1.0086819898399697 -0.003960919799999974 -0.025480963999999773 0.007882789800000012 0.9996359469000027
1712732438.069494 0.013758382119999338 0.004116407399999868 1.019097865799972 -0.004158294099999971 -0.025451269099999507 0.007914621499999974 0.9996356846000026
1712732438.097001 0.01322578263999972 0.004231452119999854 1.02967818127996 -0.0043981384999999705 -0.025408831599999716 0.007844081599999964 0.9996362091000037
1712732438.12398 0.012637165799999793 0.004272108959999787 1.0404232036799703 -0.004638625999999979 -0.02535749299999992 0.007737986099999983 0.9996372641000107
1712732438.163823 0.011909354519999695 0.00431852147999983 1.0514403115999855 -0.0048117778999999805 -0.025268876899999883 0.007582843600000011 0.9996398986000031
1712732438.189655 0.01114977359999962 0.004476772439999798 1.0627130995599827 -0.004908465999999967 -0.025183241499999908 0.007422284300000026 0.9996428251999987
1712732438.226815 0.01026003887999984 0.004784924759999871 1.0740257166800073 -0.004964077899999975 -0.025098753400000007 0.007204400900000074 0.9996463000999938
1712732438.265284 0.009193232719999927 0.004936531599999955 1.0854946124400249 -0.005030225599999993 -0.025006258700000217 0.0069378491000000155 0.9996502220999901
1712732438.297919 0.008347102399999995 0.005101216400000066 1.0969324576000326 -0.005062821499999992 -0.024962462800000296 0.0067423832999999435 0.9996525943999813
1712732438.332337 0.007499150120000024 0.005265293880000037 1.1086501988800181 -0.00508046499999999 -0.02495496990000028 0.006505610399999995 0.9996543168999779
1712732438.365224 0.006657459759999895 0.005055925560000069 1.1206205662400044 -0.005039957499999992 -0.024945768899999977 0.006291504400000036 0.9996561467999754
1712732438.397679 0.0057162604799999885 0.004830878640000016 1.1324794406800036 -0.004819356299999989 -0.024920887900000112 0.006047883700000067 0.9996590614999832
1712732438.425078 0.0047590418399996535 0.004802625240000005 1.1446082729200042 -0.0044233674 -0.02488452290000005 0.005789623099999997 0.99966273309999
1712732438.461476 0.003676574719999621 0.004908696519999988 1.1567818326399901 -0.004005804400000002 -0.024840572099999746 0.005550929699999952 0.9996665119999761
1712732438.495933 0.0026659236799994796 0.005181114400000055 1.1691539031199862 -0.0035914089000000037 -0.02484014479999992 0.005347144099999923 0.9996688842999675
1712732438.526356 0.0018046058799993147 0.005463109120000062 1.1817121929199765 -0.003300922500000003 -0.024878196599999923 0.0052113246999999415 0.9996697246999702
1712732438.55927 0.0012635016799993082 0.005108678399999977 1.1946543615999643 -0.0030947634999999975 -0.02495515329999982 0.005176540799999874 0.9996687888999759
1712732438.593166 0.0008648194799994257 0.004916423119999908 1.2079809265999528 -0.0026542026999999855 -0.025001970699999633 0.005233732199999874 0.999668633899978
1712732438.632013 0.00016415895999912777 0.004985280999999872 1.2213633507599524 -0.002119531199999991 -0.024983906099999585 0.005226610699999945 0.9996704637999756
1712732438.66398 -0.0006156662400007917 0.004834432679999878 1.2348997253599598 -0.0016498896999999958 -0.02497131479999979 0.005308382499999898 0.9996714293999958
1712732438.694511 -0.0014431737600007464 0.0049930826399999075 1.24857623183997 -0.0011198865999999974 -0.025003248999999884 0.005372715799999916 0.9996711432999973
1712732438.729086 -0.0020262810400004127 0.00514358599999996 1.2624145494799721 -0.0007052099000000034 -0.025057626099999907 0.0055125391999999 0.9996693252999875
1712732438.763523 -0.0025595001600000698 0.005440576959999923 1.2762848019599913 -0.00041872860000000676 -0.025113155400000052 0.005720713999999916 0.9996669232999921
1712732438.795377 -0.0032302799200000006 0.005543058919999986 1.2902654791599935 -0.0002732619000000103 -0.025105854400000283 0.005836053599999946 0.9996666253000057
1712732438.833101 -0.00393580431999986 0.005199502559999888 1.3045982339599957 -0.00022795660000001216 -0.025103557799999975 0.005882480799999978 0.999666500100011
1712732438.858932 -0.004842040559999674 0.00471786279999991 1.3190899209600047 3.934559999998477e-05 -0.02509911329999994 0.005873791600000011 0.9996668339000052
1712732438.89814 -0.005887988959999717 0.0044636390399999115 1.3334890489200188 0.0004951044999999654 -0.025107776399999792 0.005835467300000019 0.999667072300008
1712732438.928657 -0.007039917639999799 0.004322973479999881 1.34764803460002 0.0008519418999999751 -0.02517408880000005 0.0057719916000000815 0.9996654510000098
1712732438.958093 -0.008049216839999502 0.004119014479999841 1.3621819870400123 0.0011119842999999685 -0.025335655700000004 0.00574692480000003 0.9996610879000173
1712732439.000972 -0.008973105119999545 0.0038187085999999044 1.3771237342800213 0.0014434373999999695 -0.025512414199999965 0.005750872800000017 0.9996559858000182
1712732439.032642 -0.009836468039999813 0.0035611099999999494 1.3917912512000112 0.001776446099999962 -0.025642731699999997 0.005889275599999966 0.9996507764000171
1712732439.064772 -0.010588140920000128 0.0035320423599999626 1.4065815010800133 0.002036844899999957 -0.025789893500000004 0.006170155799999933 0.9996441484000342
1712732439.099948 -0.011133812200000504 0.003004487080000029 1.4218476381200071 0.002213966799999967 -0.025947232799999755 0.0065390423999999395 0.9996367395000334
1712732439.129783 -0.011565258880000612 0.0027279716800000207 1.4373784090400248 0.0025707647999999804 -0.026095240999999804 0.006943590399999966 0.9996292531000336
1712732439.170417 -0.01190396788000065 0.0030225955200000954 1.452882927720029 0.002921850499999978 -0.026212486100000022 0.007294461499999905 0.9996235073000435
1712732439.200173 -0.012289286240000478 0.0033495504000000944 1.4686340891600276 0.0029876892999999736 -0.026276698699999913 0.007488846699999918 0.9996206224000389
1712732439.236193 -0.012801706680000677 0.003654311920000133 1.4844935058800002 0.0028866473999999754 -0.02628253700000016 0.00754740819999995 0.9996202588000415
1712732439.262417 -0.013234088280000547 0.0038859690800001263 1.5007531736399957 0.0026974770999999677 -0.026262000000000185 0.0075583916999999445 0.9996210456000426
1712732439.29105 -0.013893081720000635 0.004426227400000151 1.5172767663200009 0.0024348860999999777 -0.02618485000000028 0.007499647700000001 0.9996237755000493
1712732439.328095 -0.014725105360000226 0.005175956800000065 1.5337575506400025 0.001965753799999992 -0.026082023400000053 0.0072894079000000115 0.9996280134000471
1712732439.365281 -0.01561291424000032 0.005443751319999954 1.5507916020800165 0.0012702108999999907 -0.025995188899999987 0.006970523699999997 0.9996327638000366
1712732439.399936 -0.01679161036000032 0.0052881813599999815 1.5681603240799995 0.000641777500000007 -0.025863957900000047 0.006574492100000029 0.9996394455000199
1712732439.430164 -0.018027479680000267 0.005702505200000001 1.5852765703599832 0.0002332028000000097 -0.025736518000000076 0.0061818290000000605 0.9996462702000144
1712732439.475197 -0.0190418564000003 0.00606668663999999 1.6025873303999743 -0.00035198990000000484 -0.025684178099999854 0.0058999715000000565 0.9996504008000102
1712732439.495305 -0.020091014160000285 0.005960820599999951 1.6200627469599476 -0.0009259831999999912 -0.025613922099999797 0.005740928400000111 0.9996534883000094
1712732439.530956 -0.02114180488000059 0.005855508119999957 1.6375786853999443 -0.001297070999999983 -0.025524547799999908 0.005750599300000036 0.9996555030000309
1712732439.562593 -0.022082007080000562 0.0061165277599999615 1.6553230833999621 -0.001621614399999971 -0.025456998599999992 0.005870926000000054 0.9996561229000236
1712732439.597356 -0.023060578240000424 0.006357133720000031 1.673365652559978 -0.0019959362999999674 -0.025387505199999792 0.0060271615000000445 0.9996564269000145
1712732439.630344 -0.023938162640000586 0.006281977800000095 1.691585161559983 -0.002308206499999965 -0.025305092099999982 0.006226446299999999 0.9996567786000015
1712732439.657858 -0.024527535200000866 0.006155009280000083 1.7096399807199758 -0.0025193704999999732 -0.02523738960000017 0.006609274799999998 0.9996555507000039
1712732439.697078 -0.02491695360000072 0.006470541840000141 1.7279962251999632 -0.0026660157999999655 -0.025159955600000217 0.0070249867000000245 0.9996543229000053
1712732439.727878 -0.025190570160000616 0.006912273760000111 1.7467107557199641 -0.0028881831999999718 -0.025036406399999933 0.00737053809999999 0.9996543229000053
1712732439.774332 -0.025748054360000553 0.007210028280000084 1.7658866119999765 -0.003192628399999986 -0.024843278399999846 0.00751434359999994 0.9996573449000152
1712732439.792127 -0.02634660140000044 0.0072631473600000785 1.7848944069599793 -0.0034870933999999743 -0.02463706359999982 0.0075075780999998894 0.9996614278000152
1712732439.83212 -0.027215079640000677 0.007351310120000125 1.804383037240009 -0.003630191199999988 -0.024429933899999767 0.007440638299999858 0.9996664107000015
1712732439.863759 -0.02817309124000047 0.007632357880000117 1.8238491703600084 -0.0037336185999999882 -0.02427763469999995 0.0073349625999998835 0.9996705054999893
1712732439.893935 -0.029117893280000542 0.007711467400000149 1.843066733199994 -0.0038856495999999964 -0.024141210299999827 0.007182783899999823 0.9996743201999834
1712732439.933545 -0.029998476760000652 0.007731088680000173 1.8625955513199823 -0.0039509208000000125 -0.024031740799999923 0.007003315999999771 0.999677961999987
1712732439.966924 -0.031110946720000213 0.007238455560000058 1.8820923427599698 -0.003936779400000012 -0.02390722349999983 0.006688095299999741 0.9996828554999866
1712732439.999311 -0.03255459648000005 0.006931984080000166 1.9018418269199855 -0.0036273533000000134 -0.02379556189999974 0.006198129099999772 0.9996890304999851
1712732440.030406 -0.03456629399999997 0.007263122160000107 1.9211735776799785 -0.0031186485000000096 -0.023728821199999927 0.0056181961999997474 0.9996947524999996
1712732440.062011 -0.03638325403999985 0.007792739640000068 1.9406721213599938 -0.0027188361000000105 -0.023875171499999938 0.0051660309999997265 0.9996948955000107
1712732440.098513 -0.03780987363999969 0.007254689400000078 1.9598306705599997 -0.0025199855999999965 -0.024099082100000047 0.004815747999999775 0.9996919272000013
1712732440.127413 -0.039253945639999656 0.0066456860400001 1.9793488075200045 -0.001922160500000003 -0.024252943300000142 0.004649691599999795 0.9996903298000006
1712732440.16618 -0.0405332275599995 0.006868679160000077 1.9981488038399857 -0.0012075604000000074 -0.024407008800000084 0.004492191999999839 0.9996878801000093
1712732440.194364 -0.04177687723999959 0.006812606360000029 2.0169892215200025 -0.0006518427000000049 -0.024580005900000045 0.0043062623999998275 0.9996849714000063
1712732440.229548 -0.043003694719999645 0.00684178852000004 2.036007397200015 -1.3960600000006984e-05 -0.02480648099999989 0.004198444199999862 0.9996804653000254
1712732440.25975 -0.0440936089999996 0.0073783768800000605 2.05418746960001 0.000549829199999996 -0.02501564469999984 0.00407957639999994 0.9996763049000265
1712732440.300341 -0.04506080768000004 0.008267686840000133 2.072240970240004 0.000795572499999997 -0.025168471399999958 0.004046359799999966 0.9996731161000298
1712732440.333149 -0.04623543315999995 0.008443299480000057 2.0906277896000027 0.0006788360000000049 -0.025240399699999826 0.004031055699999975 0.9996713042000238
1712732440.369849 -0.04705754536000014 0.007911126160000137 2.1090766765600253 0.0006137437000000023 -0.02531070919999969 0.0040985899999999905 0.999669408800014
1712732440.394974 -0.04795671356000007 0.007626126760000211 2.126985981680018 0.0007795801999999963 -0.02529799249999982 0.004138611599999997 0.9996695221000209
1712732440.43228 -0.04908475656000042 0.008232905800000178 2.1448195675199986 0.001041350799999985 -0.025226200799999886 0.0041874506000000086 0.999671340000009
1712732440.465728 -0.05031970748000049 0.008733483360000205 2.1628745868799752 0.0010113814999999971 -0.025181621699999823 0.004176209800000041 0.9996725320999985
1712732440.493772 -0.05139892772000046 0.009030310520000171 2.181207216159978 0.0009091896000000155 -0.025166025600000096 0.0043084733999999795 0.9996724903000086
1712732440.52629 -0.052326127840000465 0.009413997880000212 2.199375856439974 0.000719176900000007 -0.02509661560000005 0.004562832900000036 0.9996730506000177
1712732440.561298 -0.05313496692000015 0.009686139400000168 2.218059327959959 0.0004797111000000243 -0.024933312500000325 0.0047544560000000406 0.9996763348000058
1712732440.592763 -0.05435465700000037 0.009779950600000155 2.236931672359951 0.00011182410000003529 -0.024674464400000318 0.0048260972999999655 0.9996824384000093
1712732440.63277 -0.05541507272000024 0.009760751840000149 2.2560268522399793 -0.0002436019999999761 -0.024505621000000134 0.004788574999999984 0.9996859074000213
1712732440.667448 -0.05601800820000065 0.010160203200000132 2.274804885359981 -0.0005378860999999846 -0.02437013960000023 0.004715799099999973 0.9996884227000237
1712732440.699178 -0.05697484968000061 0.010890938800000088 2.2939802241999585 -0.0010389906999999977 -0.024094432500000096 0.00453807209999999 0.9996942759000149
1712732440.731741 -0.05808403384000087 0.011218640160000052 2.3135111117999623 -0.00181255939999998 -0.02378968360000009 0.004240679800000003 0.9997002900000098
1712732440.761897 -0.05924877784000038 0.01127429492000008 2.3336015749199848 -0.002662023999999974 -0.02356539859999991 0.00395641599999994 0.9997033477000287
1712732440.795548 -0.060206951280000136 0.011327582839999994 2.3536171198399916 -0.003406673899999979 -0.023448654399999925 0.00373567709999989 0.9997047008000436
1712732440.82658 -0.06113081044000026 0.011541385520000044 2.3734989667199806 -0.004063436199999981 -0.023322712199999884 0.0035722051999998784 0.999707675100035
1712732440.863218 -0.06188669031999999 0.011718994560000019 2.3939336965599702 -0.004785354599999981 -0.023191247799999815 0.00336951939999981 0.9997095467000235
1712732440.894164 -0.0627903547599999 0.011555159000000046 2.4143536233599887 -0.005509711199999989 -0.023061948299999812 0.0032191157999998054 0.9997108282000227
1712732440.937632 -0.06380786859999986 0.011413936799999967 2.4351639796399964 -0.00593109759999999 -0.022945444699999838 0.0032066915999998 0.9997119606000069
1712732440.962715 -0.06458386227999958 0.01171603775999996 2.4557442571199815 -0.0061632690999999795 -0.022867901299999716 0.0034015591999997596 0.9997116803999916
1712732440.993267 -0.06571612543999947 0.011936934519999944 2.478566708799967 -0.006402720999999967 -0.022820600499999698 0.003680330999999715 0.999710309499983
1712732441.026351 -0.06655590451999913 0.012075782319999905 2.499945051799982 -0.006711057699999956 -0.022990793999999683 0.004012017099999721 0.9997033595999938
1712732441.065609 -0.06710579343999931 0.012115792359999914 2.5193102314799805 -0.006881567399999966 -0.02318149799999958 0.00437709069999972 0.9996964751999939
1712732441.095862 -0.06756104431999936 0.012337688719999917 2.5360703614399562 -0.006817548799999962 -0.023309703099999624 0.004762510399999797 0.999692654599994
1712732441.133847 -0.06812948575999968 0.013090364280000006 2.550359890679974 -0.006799878299999973 -0.023343776999999833 0.005038575499999798 0.9996908723999922
1712732441.165252 -0.06863986919999945 0.013210051959999925 2.5630728320399747 -0.0069748242999999824 -0.023403201899999716 0.005189534599999846 0.999687749099985
1712732441.196718 -0.06924928527999938 0.01327868527999996 2.5732493334799935 -0.006913547799999975 -0.023503246399999612 0.005251699199999837 0.9996854721999853
1712732441.234572 -0.06982830035999966 0.013956968759999898 2.5813766890800025 -0.0067973252999999675 -0.023628017599999395 0.005292650199999827 0.9996830880999823
1712732441.268946 -0.06983388187999942 0.014341178039999977 2.5875667006 -0.006854186199999978 -0.023862027299999512 0.00537623579999984 0.9996768117999864
1712732441.295618 -0.07001275259999971 0.014253656480000012 2.591818299840015 -0.006899500899999978 -0.024015033399999552 0.00538179019999987 0.9996729077000055
1712732441.329891 -0.06989246963999952 0.014651638400000023 2.5920621972000117 -0.006846268499999986 -0.024148556599999437 0.005428714199999884 0.9996698917000003
1712732441.359586 -0.06953930199999987 0.01477769272000012 2.5918004756000026 -0.006731180299999995 -0.024210128399999677 0.005540876499999925 0.9996686102000012
1712732441.39953 -0.06931615291999967 0.014948609760000106 2.5914118650000044 -0.0065868217 -0.02424453719999988 0.005631608299999957 0.9996683717999986
1712732441.432409 -0.06917606695999985 0.015295161000000055 2.5913356616000187 -0.006494792100000013 -0.024276919300000088 0.005653859299999908 0.999668097599988
1712732441.465171 -0.06892739531999979 0.015376248720000003 2.5913738132800246 -0.006476211499999995 -0.024340921299999964 0.0056944096999999695 0.9996664464999867
1712732441.493711 -0.06887792127999973 0.015480046120000103 2.5913483285200436 -0.006444863 -0.024369862400000032 0.005653404599999945 0.9996661663999931
1712732441.532546 -0.0688902765599999 0.015710363480000034 2.5915841982800383 -0.006418217600000009 -0.024375021600000223 0.005678275799999977 0.9996660710000015
1712732441.562513 -0.06893098744000006 0.015802057880000078 2.5916449638800167 -0.0064182189000000275 -0.024377970300000128 0.0057220844999999795 0.9996657490999951
1712732441.592332 -0.06910141896000041 0.015814609999999993 2.591400882840021 -0.006378115800000028 -0.024336941500000007 0.00568908050000001 0.9996671854999931
1712732441.625096 -0.0691914336400005 0.015966520359999948 2.59142329656001 -0.00632943810000004 -0.024337070199999998 0.0057267681999999985 0.9996672808999847
1712732441.660693 -0.06915582184000044 0.01595452375999999 2.591329352640018 -0.006310468900000044 -0.024364784100000137 0.00574441590000001 0.9996666311999889
1712732441.692991 -0.06931817900000019 0.0158611138 2.591058769040014 -0.006295728500000042 -0.024334329599999906 0.005696997299999928 0.9996677457999794
1712732441.72507 -0.06952568167999998 0.015897156239999998 2.590855860600004 -0.006248908000000042 -0.024274192999999757 0.0056887388999999015 0.999669575699977
1712732441.765438 -0.06955550811999983 0.015703039800000002 2.590553583800006 -0.006271145700000025 -0.024252846299999575 0.0056848496999998945 0.9996699690999776
1712732441.798801 -0.06963264391999971 0.015509224640000062 2.5905187865199877 -0.006283483700000025 -0.024240644499999676 0.005668685299999865 0.9996702790999734
1712732441.833422 -0.0696168521999997 0.014561323279999951 2.5907861324799795 -0.006188673100000019 -0.024203075799999495 0.005755744899999904 0.9996712148999677
1712732441.865279 -0.06974675231999981 0.013962346439999941 2.591321792359977 -0.005865044200000025 -0.024157138899999354 0.005837626299999954 0.9996732771999632
1712732441.900065 -0.0698818724799996 0.013271682199999971 2.592787012759986 -0.005410712200000023 -0.024211622199999637 0.00590874019999994 0.999673241399978
1712732441.933895 -0.07029551367999921 0.012824572320000059 2.5953587839200054 -0.004908029900000011 -0.024376237499999575 0.006006971999999955 0.9996703088999765
1712732441.968586 -0.07059256567999887 0.012989327400000014 2.5993641660000137 -0.004395891900000004 -0.024673257299999564 0.006138094599999988 0.9996637046999695
1712732441.996856 -0.07099900555999902 0.013462751680000036 2.605031401840001 -0.0040772403999999925 -0.024964937499999708 0.006170216499999981 0.9996574699999655
1712732442.029605 -0.07128303783999924 0.013769061039999942 2.612731077320004 -0.004037066199999995 -0.025232277599999974 0.00621105480000006 0.9996506571999817
1712732442.065274 -0.07168844451999945 0.013800614799999965 2.621840731719999 -0.004214042899999981 -0.025456783099999925 0.00614956530000006 0.9996440290999772
1712732442.105068 -0.07237302491999976 0.013684192199999997 2.6330162045600036 -0.004500117299999995 -0.025610711599999902 0.006008636000000056 0.9996385632999818
1712732442.136908 -0.07368996823999964 0.013963694639999956 2.6459535334400197 -0.00465038470000001 -0.02564027989999964 0.0058305519000000135 0.999637573799987
1712732442.161697 -0.07487726959999988 0.014897421280000066 2.6593444774400354 -0.004897671600000009 -0.025692621399999636 0.005552263999999951 0.9996360718000006
1712732442.196425 -0.07585245360000002 0.01554457436000007 2.673795025160025 -0.005346851900000016 -0.025772661499999572 0.005310533799999906 0.9996330975000092
1712732442.236495 -0.07696677211999983 0.01606394972 2.6882342908400187 -0.005889536000000017 -0.02575209719999947 0.005025605199999905 0.9996327757000018
1712732442.276424 -0.07810631920000005 0.0164338137599999 2.7024646731600024 -0.006444612900000024 -0.025593214499999562 0.004666566499999902 0.9996363579000217
1712732442.301214 -0.07962688692000014 0.01601093872 2.7160697076799987 -0.006957168300000016 -0.025276145399999804 0.004181855899999842 0.9996449112000392
1712732442.331596 -0.08078819196000012 0.015215835319999921 2.7288029596800105 -0.007118625400000011 -0.02504219509999963 0.003895670399999851 0.9996517479000431
1712732442.363617 -0.08207479559999996 0.01501033939999992 2.740270895880021 -0.006773466900000025 -0.024819160799999553 0.003577964799999833 0.9996604144000457
1712732442.396306 -0.08310426264000013 0.014638100119999838 2.7509127783200436 -0.0062337012000000195 -0.0246439665999997 0.0033279885999998094 0.999668824700052
1712732442.436922 -0.08389356079999999 0.014682404799999807 2.7606170057200274 -0.0054453415000000225 -0.024557945099999756 0.0031791870999998474 0.9996758462000571
1712732442.465829 -0.08423821504000002 0.014715579199999754 2.7693186570000123 -0.0046906063 -0.024599670799999983 0.0030789433999999006 0.9996783616000584
1712732442.495237 -0.08478570912000002 0.014545630679999701 2.777919805080009 -0.004058636800000004 -0.024655350700000155 0.003003229099999949 0.9996800007000501
1712732442.538156 -0.08553794591999973 0.014446792639999727 2.786178038000007 -0.0034301854999999825 -0.02469821550000013 0.002882833299999987 0.9996819915000514
1712732442.567285 -0.08594520871999982 0.014541106439999769 2.7945073842000236 -0.0028971861999999905 -0.02478292080000024 0.002810653000000052 0.9996824325000488
1712732442.615534 -0.08620362379999981 0.01439566099999979 2.8033073185600137 -0.002470506899999991 -0.024892334600000156 0.0027719664000000143 0.9996817232000467
1712732442.633465 -0.08659334515999986 0.014296749039999791 2.8119787785600057 -0.0019853608000000023 -0.02492697849999992 0.002793444900000086 0.9996826828000394
1712732442.676696 -0.08724372775999974 0.014377749399999846 2.82087167235999 -0.0014960856000000079 -0.02486853619999998 0.002778454100000083 0.9996852756000407
1712732442.704172 -0.08771439627999966 0.01424631151999984 2.8303002590799724 -0.0011833889000000043 -0.024879819399999902 0.0028683803000000728 0.9996850312000334
1712732442.735654 -0.08836407831999928 0.014406072519999905 2.840087649279971 -0.0008714952000000054 -0.02490892769999995 0.0030231506000001573 0.9996841609000284
1712732442.770312 -0.08911581559999944 0.014352949799999981 2.850015763839979 -0.0006115753000000002 -0.024920059600000145 0.003185801300000168 0.9996833979000257
1712732442.812551 -0.08973256515999985 0.013816515159999997 2.86006328999998 -0.00039489210000001054 -0.024898085399999915 0.0033340588000001503 0.9996832965000066
1712732442.840455 -0.09013912011999956 0.013871704559999943 2.87058449215996 1.8252500000004447e-05 -0.02488391959999987 0.00356352760000016 0.999682456100004
1712732442.865055 -0.09054286891999987 0.013691012160000005 2.881018943319959 0.00039368450000001334 -0.0248120342 0.00365870930000014 0.9996836183999903
1712732442.896966 -0.09140639059999983 0.013665443959999966 2.8916404815199437 0.0008103625000000392 -0.024657890199999956 0.0036415031000000654 0.9996873079999886
1712732442.927058 -0.09244749191999971 0.01392940639999999 2.9022264048399617 0.0012198733000000407 -0.024476045600000162 0.0036175269000001007 0.9996919035999781
1712732442.96465 -0.09295501235999985 0.01419386247999995 2.9134610077999556 0.0014748767000000384 -0.02448366560000039 0.0036214933000001002 0.9996917306999649
1712732443.000221 -0.09359554343999982 0.014057800399999943 2.924735531479964 0.001570117900000012 -0.024487157100000444 0.0035454439000001336 0.9996917902999712
1712732443.033915 -0.09440735892000005 0.013566049000000042 2.9362609956399726 0.0017239782000000314 -0.024477950400000382 0.0034039622000001657 0.999692255199966
1712732443.062978 -0.095344459 0.013250209280000059 2.9477201031599543 0.0020969248000000107 -0.02444608970000033 0.0032505226000001386 0.9996927558999686
1712732443.096464 -0.09635233411999976 0.013208876520000032 2.9593743085199726 0.0024739193000000046 -0.02440972610000003 0.003091952100000128 0.9996931015999735
1712732443.133086 -0.0971367437599995 0.01326213000000008 2.971316871599965 0.0027107985 -0.024472482000000184 0.002978428500000163 0.9996912597999881
1712732443.164575 -0.09807612723999987 0.012869532200000151 2.983654737559977 0.0028542873999999998 -0.02452176310000027 0.0028516012000001645 0.9996900438000011
1712732443.200116 -0.09891747655999963 0.012527006800000054 2.996379594879986 0.003064149599999988 -0.024595579500000398 0.002899706400000124 0.9996872424000003
1712732443.232945 -0.09959564299999996 0.0119361925200001 3.009142737439988 0.0032890105999999752 -0.024653753300000147 0.003105115900000133 0.9996842085000026
1712732443.266585 -0.09981675032000033 0.011384051560000098 3.0224310922399855 0.0035587597999999776 -0.02479484310000011 0.0034369456000001184 0.9996786175000125
1712732443.294879 -0.1004496085600001 0.010642631720000092 3.0353770495999832 0.00386357829999997 -0.024751714699999993 0.0036463048000000774 0.9996780632000309
1712732443.336895 -0.10082731036000041 0.010473338120000139 3.048612432599993 0.00417864149999998 -0.024735915399999798 0.0039524464000000314 0.9996763823000265
1712732443.36374 -0.10133318412000009 0.010625289920000043 3.0618819954799936 0.00427629709999997 -0.02463631719999988 0.004128878299999972 0.9996779797000273
1712732443.402725 -0.10176235048000051 0.010823799839999974 3.0757838490399942 0.0040491661999999765 -0.02452345869999988 0.004207486899999946 0.9996811149000223
1712732443.434395 -0.10217902380000082 0.010850585759999925 3.089790377799982 0.0036306538999999914 -0.024352372299999914 0.004205270799999905 0.9996863244000224
1712732443.467899 -0.10286067232000079 0.010782951759999885 3.1041350986800036 0.003268407299999998 -0.024038377799999823 0.0041221496999998665 0.9996948777000171
1712732443.496847 -0.10378214504000041 0.01125933731999984 3.1181954336400026 0.0028847852999999814 -0.02370491639999983 0.004093571799999829 0.9997038184000075
1712732443.531272 -0.10470947984000062 0.012083893079999904 3.132295422760003 0.0015418845999999764 -0.023531295699999788 0.003972817399999861 0.9997058688000152
1712732443.563374 -0.10550886612000056 0.012247763919999936 3.1461849263600015 0.00023395619999997397 -0.023565633899999838 0.0039964559999998706 0.9997025428000142
1712732443.593622 -0.1066352112000002 0.012505207119999964 3.1580857327600094 -0.0005352947000000219 -0.023605442499999896 0.0037823885999999085 0.9997030316000064
1712732443.628917 -0.10750619992000025 0.012960686759999918 3.168859210160008 -0.0014808753000000064 -0.023779437399999992 0.0035256822999999216 0.9996991275000028
1712732443.663715 -0.10863447503999993 0.01285382643999993 3.1785960485999882 -0.0022556996000000053 -0.023865343100000304 0.003156766299999969 0.9996986805000005
1712732443.696728 -0.10966413388000006 0.012934356399999982 3.186347127039985 -0.002750588399999998 -0.023957839000000192 0.0028824522999999934 0.999697452700002
1712732443.732159 -0.1106071262800001 0.01262457308 3.192542963119981 -0.003183725900000001 -0.02409819610000028 0.002665071699999988 0.9996944128999985
1712732443.761437 -0.11136093107999975 0.012500603640000064 3.1971918677999747 -0.0033449245000000127 -0.02429815010000027 0.0025792912 0.9996897815999773
1712732443.797977 -0.11206346815999964 0.012455567320000114 3.2002061223999676 -0.0035219637000000192 -0.024530612900000293 0.002543367200000013 0.9996843038999714
1712732443.834683 -0.11256455167999987 0.012029177440000111 3.2019420101199554 -0.003663315800000011 -0.0247386769000002 0.002404426000000015 0.9996798335999756
1712732443.868676 -0.11304328419999955 0.0112730192400001 3.2022517967999558 -0.002933731900000014 -0.024818235900000117 0.0022528079999999838 0.999681931699979
1712732443.896623 -0.11338575079999963 0.011287614240000056 3.201766305079959 -0.002255897299999998 -0.02479732640000023 0.0019243313000000483 0.9996869861999812
1712732443.931828 -0.11359134751999987 0.011141279519999988 3.201637764079933 -0.0020968038000000132 -0.02473687610000006 0.0017742003000000394 0.9996892928999841
1712732443.967955 -0.11388352275999993 0.011038229440000045 3.201224102999945 -0.0017476135000000336 -0.024610178400000036 0.0017264230000000325 0.9996937751999895
1712732443.997792 -0.11392754072000015 0.011243725639999943 3.200668983399946 -0.0015538318000000383 -0.024583809099999954 0.001768675200000036 0.9996948242999906
1712732444.032074 -0.11395752088000029 0.011233225359999944 3.200620484319961 -0.001485570500000044 -0.02458423200000013 0.001822839200000015 0.9996948362000012
1712732444.064735 -0.11402515124000004 0.011525994199999978 3.2006084345199675 -0.0013548257000000285 -0.02454281639999998 0.0018968424000000538 0.9996959806000177
1712732444.103865 -0.11412780595999995 0.011544129519999904 3.2006372403599697 -0.0013795641000000191 -0.024499131600000012 0.0019322769000000406 0.9996969641000305
1712732444.13837 -0.11433987264000037 0.011636638159999924 3.20066945071997 -0.00138586730000001 -0.024450396800000006 0.0019183013000000138 0.9996981741000355
1712732444.178459 -0.11434841152000011 0.01185302355999992 3.200735439999966 -0.001429454500000027 -0.024479097200000056 0.0019029608000000308 0.9996974528000238
1712732444.198093 -0.11432431724000053 0.012018442799999871 3.2008570717199745 -0.0016438251000000293 -0.024422786999999956 0.0019247950000000457 0.9996982455000307
1712732444.236846 -0.11425992984000054 0.011900732479999919 3.2006304310399765 -0.0018152114000000497 -0.02435430519999997 0.0019358497999999891 0.9996994674000461
1712732444.267227 -0.11434125360000023 0.011913839840000015 3.1996557090399844 -0.001852903000000028 -0.02423510429999993 0.00192520699999994 0.9997022867000396
1712732444.29907 -0.11426743076000043 0.011836833959999958 3.198603548839983 -0.0018713573000000317 -0.024188720899999794 0.0019714404999999326 0.9997032880000234
1712732444.333113 -0.11418776236000042 0.01181877116000006 3.196866626519986 -0.0017912476000000233 -0.024126796399999862 0.0020087077999998647 0.9997048079000251
1712732444.364611 -0.11388302828000027 0.011809203840000037 3.194241766799973 -0.0016762976000000319 -0.024086717099999787 0.0020693021999998785 0.9997057318000089
1712732444.403483 -0.11359879916000018 0.011684714160000078 3.1913413999599785 -0.0015760405000000421 -0.02406629099999975 0.002153388499999842 0.999706101300012
1712732444.432098 -0.11304280344000055 0.011674269880000112 3.1877732275199784 -0.0014684896000000335 -0.024070280799999823 0.002280223699999873 0.9997057317000099
1712732444.465472 -0.11235702968000047 0.011745677440000026 3.1837068127199837 -0.0013126608000000317 -0.02408004229999996 0.002422449999999898 0.9997052370000119
1712732444.504495 -0.11173654212000066 0.011478461400000004 3.1789585732799965 -0.0011307116000000227 -0.024065550199999917 0.0026269938999998743 0.9997050880000188
1712732444.529387 -0.11104887724000029 0.011250403920000042 3.1737173985999787 -0.0007094478000000404 -0.02412540000000014 0.002802161399999914 0.9997037826999986
1712732444.565486 -0.11047057224000005 0.01131857356000001 3.167927145879989 -0.00024891770000001756 -0.0241354041000001 0.0029866189999999014 0.9997034429999985
1712732444.603985 -0.10954088964000006 0.011135453839999929 3.1622957421999947 0.00012151129999997679 -0.02421269790000018 0.0032460981999999027 0.9997008144000119
1712732444.631523 -0.10872623159999988 0.011100926759999971 3.156417636959991 0.0005385179000000129 -0.0242454151000004 0.0035029476999999254 0.9996990740000229
1712732444.668992 -0.1079401957199999 0.010995578719999895 3.1504028466400134 0.0008950447000000139 -0.02429473330000036 0.003756385599999934 0.9996965110000247
1712732444.703807 -0.10729595744000006 0.010791703999999864 3.1444936658800087 0.0012078783000000204 -0.02431292310000046 0.004009488099999903 0.9996946632000345
1712732444.739262 -0.10652632507999996 0.01075789007999985 3.138193288160014 0.0015411532000000339 -0.02433251980000044 0.004271289799999955 0.999692606900021
1712732444.771793 -0.10606021803999993 0.010550731519999806 3.1320653775600067 0.001832414800000004 -0.024325991400000645 0.0044727934999999166 0.999691510200023
1712732444.803899 -0.10554664763999959 0.010327268559999875 3.12587928800001 0.0020988118 -0.02439770200000062 0.004712741799999876 0.9996882856000184
1712732444.834168 -0.1049972901599996 0.010121938399999912 3.1197047140000222 0.0023417366000000107 -0.02447049600000071 0.004827177899999935 0.999685579600009
1712732444.864221 -0.10436266399999979 0.010249017239999976 3.113693661680049 0.0026077767000000306 -0.024602088900000752 0.005049004199999896 0.9996807516000217
1712732444.898727 -0.10383091571999997 0.010303305319999954 3.1075492954800388 0.0028034960000000277 -0.02475423140000075 0.005214743099999896 0.9996757448000153
1712732444.933086 -0.10344052264000005 0.010494264759999988 3.101165170600034 0.002962551800000024 -0.02489545740000061 0.005269432899999949 0.9996715546000132
1712732444.965648 -0.10312839096000011 0.010564944599999997 3.0946393203600384 0.0030557318000000054 -0.02501131750000063 0.005215606499999925 0.999668657799998
1712732444.996289 -0.10301124988000027 0.010647807519999972 3.087937765080014 0.0030947457000000123 -0.025072941000000525 0.005035882199999975 0.9996677576999901
1712732445.031902 -0.10277769991999995 0.010812997160000072 3.081242918880025 0.003102706700000013 -0.025202519300000503 0.004862719900000023 0.9996652065999797
1712732445.062924 -0.10246256524000025 0.01105114276 3.074587593000019 0.0030965393000000007 -0.02535794360000061 0.004599992799999964 0.999662399199974
1712732445.096316 -0.10216809288000013 0.011464680359999998 3.0677589986400333 0.0031063378000000252 -0.025489454600000273 0.004304399300000039 0.9996602235999716
1712732445.127934 -0.10188993752000022 0.011684012199999944 3.0608052680800166 0.0030694043000000226 -0.025561649800000197 0.003987785000000077 0.9996597645999827
1712732445.165788 -0.10174086048000007 0.012048070719999958 3.053771762719998 0.00305413870000002 -0.025622693200000057 0.003661351000000046 0.9996593711999822
1712732445.208519 -0.1015899547599998 0.012088936999999935 3.0463185547199965 0.0029509139000000184 -0.025647659899999908 0.0033113009000000915 0.9996604082999738
1712732445.232399 -0.1013194097999994 0.012242153839999936 3.0389260957999884 0.0028353864000000063 -0.025671650600000005 0.0029523910000000876 0.999661457299976
1712732445.266999 -0.10110945123999933 0.012420240839999916 3.031460137159988 0.0026756819000000043 -0.025645059600000054 0.0026596954000000393 0.9996635970999705
1712732445.295631 -0.10053965571999939 0.012716111799999848 3.0236726424800002 0.0024362573000000108 -0.02567661589999979 0.0025149784000000784 0.9996637698999848
1712732445.333861 -0.09985954467999932 0.012984374759999948 3.0158509682000205 0.0021532781999999973 -0.02572033929999975 0.002417127800000074 0.9996634481000001
1712732445.369862 -0.09909758319999923 0.013336838199999902 3.0078567932000255 0.0018746332000000089 -0.02572562449999971 0.002367179200000091 0.9996639428999969
1712732445.395713 -0.09835200955999923 0.013436928399999902 2.999766721560031 0.0015493276000000168 -0.025705647499999883 0.0023905681000001345 0.9996648547999939
1712732445.429039 -0.09728919647999895 0.013459067159999947 2.9912355852400196 0.0012836747000000148 -0.025724350700000186 0.0024913835000001327 0.9996644792999859
1712732445.478265 -0.09677501483999924 0.013533845639999988 2.9827417992400203 0.0010842229000000091 -0.025633559400000294 0.0025774066000001207 0.9996668157999693
1712732445.498364 -0.09594799731999955 0.013520211319999937 2.974155521400016 0.0008643673000000129 -0.025613422300000365 0.002787718500000125 0.9996670899999799
1712732445.535981 -0.0951206219599996 0.013736039239999939 2.965494542359993 0.0007173121000000115 -0.025599597900000503 0.0029577064000000596 0.9996671615999958
1712732445.566991 -0.09444524431999973 0.013742431079999963 2.956534423919993 0.0005467225000000076 -0.025565273300000513 0.0032113546000000605 0.9996674357999836
1712732445.604181 -0.09375252235999972 0.013679321039999958 2.947744569840006 0.00041400480000000075 -0.02559104640000065 0.003413049700000048 0.9996662794999793
1712732445.634826 -0.0932321403999998 0.013774494159999973 2.9391096593599966 0.0003680090000000025 -0.025574645100000737 0.003508500100000056 0.9996664165999846
1712732445.669322 -0.09287190079999995 0.01397590543999998 2.93024950988 0.0003188039000000087 -0.02552292800000089 0.003627737000000053 0.9996673940999699
1712732445.698791 -0.09260015827999993 0.013801553360000031 2.9214107896399946 0.0001656292000000059 -0.025479957400000686 0.0036849258000000162 0.9996682404999774
1712732445.730128 -0.09248571247999975 0.013972428400000023 2.912370629279985 6.697549999998831e-05 -0.025420558000000426 0.0036744373999999524 0.9996697186999881
1712732445.76394 -0.09251648952000018 0.014348563600000029 2.9038313816399977 -0.00011250800000002225 -0.02538275170000013 0.003665030199999908 0.9996705948999989
1712732445.796399 -0.09202787999999998 0.014677111119999997 2.894697027040001 -0.00042951900000001155 -0.025446724400000065 0.0036153235999999644 0.9996687770000108
1712732445.831095 -0.0914110898399997 0.015044702120000081 2.885543446240017 -0.0008061792000000123 -0.025519118500000104 0.0035629198999999724 0.9996665835000158
1712732445.868726 -0.09112388375999998 0.015098595679999993 2.87621482820004 -0.0012088520000000046 -0.025512944600000153 0.0034407254999999637 0.9996666907999952
1712732445.904319 -0.09059181656000012 0.01519060283999993 2.8670758673200543 -0.0015441146999999988 -0.025572047800000063 0.0032915641999999856 0.9996653139000046
1712732445.93415 -0.0902358671200001 0.015177660399999925 2.857495341120061 -0.001834869299999986 -0.02557056529999997 0.0031088667999999765 0.9996656358000109
1712732445.966437 -0.09013337703999988 0.01567982639999995 2.8480448578400632 -0.0020557975999999866 -0.025535857299999874 0.0029490851999999456 0.9996668041000021
1712732446.00087 -0.08971815243999955 0.016070712279999864 2.8389030096000534 -0.002303707099999985 -0.02554028539999962 0.0028792930999999022 0.9996665894999979
1712732446.03736 -0.08900083415999972 0.01653472883999976 2.828901328680058 -0.002599305099999993 -0.025539076199999754 0.002824933799999929 0.9996659994000083
1712732446.06787 -0.08850220735999982 0.01700260211999982 2.8191845343200748 -0.002932178899999993 -0.02549301129999968 0.0029178713999999497 0.9996658743000125
1712732446.0984 -0.08804429927999975 0.017362722719999793 2.8091238568400785 -0.003239624299999977 -0.025425294799999776 0.0030526267999999137 0.9996660770000062
1712732446.134155 -0.0876781421599997 0.01779902011999974 2.7993471979200737 -0.003497520499999984 -0.025359556099999736 0.0031659187999999007 0.9996663154000089
1712732446.169574 -0.08747975432000003 0.018093232079999685 2.7893338345600522 -0.0037269969999999654 -0.025252642699999585 0.003235413299999923 0.9996677935999969
1712732446.208624 -0.08686167699999969 0.018468132479999733 2.779123437160033 -0.003981642199999991 -0.025239732899999368 0.0034380989999999835 0.9996662438000158
1712732446.234858 -0.08644431963999949 0.018816164639999734 2.7685496470800173 -0.0043260896999999686 -0.025156648299999418 0.0035884366000000336 0.999666202100002
1712732446.270543 -0.0859887629999995 0.01956667103999978 2.7585348817599877 -0.004667892699999987 -0.025094949899999365 0.0038467698000000717 0.9996653854999977
1712732446.302177 -0.08511387499999962 0.019330758719999855 2.7475575444799825 -0.005135467699999996 -0.025094838399999375 0.004157090500000038 0.9996622801000058
1712732446.33405 -0.08410757431999982 0.019060889959999938 2.736189794519969 -0.005508090599999993 -0.025155738099999426 0.004492457400000038 0.9996575594000205
1712732446.369964 -0.0832798892800001 0.019109816039999925 2.7253659655599676 -0.005720281700000007 -0.025255619599999335 0.004871651900000007 0.999652069800004
1712732446.401985 -0.08223913040000021 0.01900744131999991 2.714280197719963 -0.005939646000000009 -0.025418229799999636 0.005206003199999998 0.9996448098999963
1712732446.435866 -0.08137723860000029 0.018545061639999912 2.7028802371199525 -0.006207347000000007 -0.025549546499999565 0.0054411847999999985 0.9996384560000025
1712732446.477356 -0.08052815904000056 0.018038976200000008 2.691117434599946 -0.006398363500000026 -0.025673432699999665 0.005683161099999978 0.9996328591000065
1712732446.500491 -0.07981344252000014 0.017527279000000087 2.679406535679955 -0.006550330200000065 -0.02577471349999989 0.0058338219999999556 0.9996285855000224
1712732446.53963 -0.07908979708000054 0.017168714640000058 2.667613375279966 -0.006587190900000062 -0.02586530610000004 0.005884923799999964 0.9996257722000109
1712732446.569304 -0.07851161136000072 0.016905389760000063 2.655616271559961 -0.0065593452000000775 -0.02593846020000008 0.005894307999999881 0.9996240318000218
1712732446.609582 -0.07759909668000069 0.01644228404000005 2.6431514835599907 -0.006574830900000083 -0.02605665110000004 0.0059099550999999195 0.9996208310000156
1712732446.631019 -0.07680472044000047 0.016347216479999937 2.6309505865999743 -0.006564274600000086 -0.026141812700000246 0.005926181499999928 0.9996186256000101
1712732446.666067 -0.07618892596000051 0.015934091039999848 2.618633782519987 -0.00659382440000007 -0.02619551460000018 0.005872137699999946 0.9996173560999978
1712732446.702602 -0.07573720000000016 0.01543688355999988 2.6060565252399783 -0.006548986800000068 -0.026212427600000154 0.0056946584999999494 0.9996182025000053
1712732446.738257 -0.07508226739999983 0.015259058359999925 2.593147117679959 -0.006394049200000041 -0.02623689200000001 0.005471307100000012 0.9996198476000018
1712732446.769635 -0.07430074511999976 0.015395483039999967 2.57997260051995 -0.006252795500000063 -0.026256071100000257 0.005214287700000053 0.9996217669000089
1712732446.80277 -0.07346925375999945 0.015470664439999894 2.567059721519972 -0.006259146800000037 -0.026261075500000074 0.00505126210000002 0.9996224941000037
1712732446.831838 -0.07259462055999975 0.015385161119999803 2.5538223023599764 -0.006282600400000016 -0.026258737499999896 0.0049669568999999745 0.9996228158999884
1712732446.865339 -0.0719490461199998 0.015508652319999835 2.5405782575599547 -0.006336991200000019 -0.02623698659999967 0.004863179299999932 0.9996235310999964
1712732446.899677 -0.0711086101599995 0.015734017879999892 2.527426588119961 -0.00641404630000002 -0.0262643716999996 0.0047004558999999444 0.9996229350000021
1712732446.932255 -0.07031582711999981 0.01552010711999985 2.513553924279945 -0.00662772829999998 -0.026293897299999713 0.004401943699999933 0.9996216952000168
1712732446.967212 -0.06963672911999999 0.014807759959999877 2.4999910305999764 -0.00683527589999997 -0.026323224799999424 0.004034688299999978 0.999620670000013
1712732447.002468 -0.06872724011999963 0.014184687719999953 2.4862220739999654 -0.006939282199999975 -0.026340744299999486 0.0037165501999999683 0.9996207594000225
1712732447.031216 -0.06766969691999968 0.013850229679999992 2.472434074879966 -0.0069705620999999775 -0.026336368999999492 0.003547953499999945 0.9996213614000226
1712732447.068797 -0.06661727127999988 0.012903182319999916 2.458344416639961 -0.007086917499999989 -0.026308144499999388 0.003388336099999911 0.9996221124000385
1712732447.102212 -0.06567750391999957 0.012088211799999868 2.444377741959961 -0.007053140099999977 -0.0262688593999993 0.003327273199999947 0.9996235906000266
1712732447.136501 -0.06447240911999984 0.01129018183999987 2.430345161159944 -0.006888359199999972 -0.026288550499999275 0.0032605224000000098 0.9996244310000293
1712732447.166726 -0.0631607345599997 0.010618587279999918 2.4161211874799573 -0.006636383499999976 -0.026317222599999114 0.003268004800000046 0.9996251642000289
1712732447.201844 -0.06187846335999971 0.00956145847999993 2.401731255279974 -0.006301280499999962 -0.0263028503999994 0.0034638083000000817 0.9996261835000269
1712732447.236388 -0.060680616359999814 0.008734170199999962 2.3872463943999715 -0.0058086878999999755 -0.026274110799999306 0.0038230219000000786 0.999627387500027
1712732447.266233 -0.0594902389199997 0.00841056608000004 2.373092181879979 -0.005163864299999999 -0.026267966699999333 0.004269383200000032 0.9996288538000272
1712732447.296424 -0.05838831375999973 0.00841143380000009 2.3588031697999665 -0.004481253699999988 -0.02626249579999964 0.004665551700000048 0.9996310353000354
1712732447.331713 -0.05746507787999995 0.008545648160000033 2.3440767478799627 -0.003814909600000016 -0.026266567499999737 0.004903636200000072 0.9996329128000297
1712732447.365397 -0.0567454342000002 0.008655355240000055 2.3293848729199818 -0.0032777761000000183 -0.026305515700000014 0.005005603200000141 0.9996333717000198
1712732447.400657 -0.05606966456000023 0.008641590440000025 2.3147437835199978 -0.0028256240000000153 -0.026348057400000256 0.0050036021000001265 0.9996340930000087
1712732447.431495 -0.05523932148000042 0.008197083720000008 2.2999864196400126 -0.002451084800000025 -0.026388972600000216 0.004971787000000116 0.999634540000011
1712732447.466858 -0.05465971056000008 0.008235739960000038 2.285042419240021 -0.0020184381000000417 -0.026397513000000216 0.004949010400000109 0.9996359050000138
1712732447.50475 -0.054335321600000125 0.008653988000000083 2.270082914680024 -0.0017795584000000364 -0.026392324400000434 0.004835282500000116 0.9996373772000198
1712732447.533331 -0.05339655971999995 0.009056946640000039 2.255282075200025 -0.0017833581000000099 -0.026516414200000327 0.00459405670000006 0.9996352493000131
1712732447.568981 -0.05224363311999987 0.008885645159999954 2.240416564680031 -0.0018952806000000154 -0.026613241500000485 0.0043564771000000665 0.9996336936000034
1712732447.602239 -0.05106605447999982 0.008498200199999867 2.225506093160038 -0.0018960740000000254 -0.026650409600000556 0.004199741200000062 0.9996336041999939
1712732447.633909 -0.049749918399999586 0.00832975919999983 2.2100964446400346 -0.0017823036000000237 -0.02667022230000029 0.004151786200000007 0.9996334730999934
1712732447.669337 -0.04868503891999943 0.008213283399999813 2.194948784840048 -0.0016985079999999985 -0.026672904900000204 0.004160962200000018 0.9996334015999991
1712732447.708371 -0.047529952119999164 0.00794079943999975 2.1797120875600373 -0.0015873730999999669 -0.026699148900000226 0.004182378199999981 0.9996326268000075
1712732447.731175 -0.04620309455999916 0.008050474319999843 2.164492246560026 -0.0013955003999999605 -0.02679132430000024 0.004257812400000028 0.999629998200021
1712732447.764623 -0.04509592079999911 0.00865794803999984 2.1492496580800204 -0.001208804399999952 -0.02682372130000026 0.0042937118000000215 0.9996291757000109
1712732447.807756 -0.043974218959999194 0.009069392079999829 2.1339763779600296 -0.001190011299999938 -0.026802181900000478 0.004310003899999959 0.9996297061999939
1712732447.832246 -0.04281110483999924 0.008863516199999725 2.1190603322000015 -0.0012132472999999422 -0.026777096500000395 0.004304656299999987 0.9996303260999866
1712732447.879073 -0.04210938927999919 0.008322937559999808 2.103567487840014 -0.001057569399999947 -0.02666139940000036 0.004269228800000047 0.9996339261999992
1712732447.909512 -0.04134949895999938 0.0087799821199998 2.08765165308002 -0.0007423869999999333 -0.026599997700000343 0.004190880100000083 0.9996363223000116
1712732447.936789 -0.04048791795999932 0.009607182759999854 2.071667024840017 -0.0006936361999999363 -0.026532556500000127 0.004084608600000106 0.9996386588000178
1712732447.968397 -0.03956513259999951 0.01009294635999984 2.0558234214000275 -0.001016678599999965 -0.02640420720000023 0.00406651490000014 0.9996413649000033
1712732448.007583 -0.03852815371999952 0.010406481399999876 2.0398457528400193 -0.001502636699999993 -0.026210533100000433 0.004146875600000132 0.9996446728999899
1712732448.036243 -0.03750739971999955 0.010592993599999882 2.024259181280008 -0.001995729800000001 -0.02596215600000029 0.004306146300000169 0.9996492087999969
1712732448.068753 -0.03651085675999937 0.010808699719999879 2.0079399494000287 -0.002439697700000032 -0.025664110100000314 0.004544082200000155 0.9996548056999928
1712732448.103975 -0.03512142983999957 0.010688906199999905 1.9918476085200425 -0.0029491453000000333 -0.02547056060000017 0.004853083300000094 0.9996568144000093
1712732448.135531 -0.033474673399999585 0.010021278959999939 1.9737450412400175 -0.002575145900000031 -0.025291274099999938 0.00526549970000012 0.9996585548000212
1712732448.167876 -0.03166879127999962 0.01038439527999996 1.9562053207200187 -0.002125711900000038 -0.02509756369999998 0.0057899597000000465 0.9996603310000183
1712732448.205301 -0.029995248639999656 0.010357983439999873 1.9402984980399922 -0.002024051900000057 -0.024847459899999792 0.006245632700000048 0.999664086100006
1712732448.231475 -0.028515054679999704 0.01003852023999988 1.9263654020800047 -0.002009232200000044 -0.02455027389999955 0.006746813800000062 0.9996684850000065
1712732448.268855 -0.02724959663999968 0.009710844919999833 1.9138983777200018 -0.002024461200000038 -0.024265603799999626 0.007193530500000022 0.9996727467000028
1712732448.303403 -0.02637008079999987 0.009561642439999856 1.9035986759999786 -0.0019355811000000057 -0.024061031599999793 0.007522358200000046 0.9996758163000095
1712732448.33674 -0.025540614960000024 0.009724120279999901 1.8954457188799823 -0.0018082343999999751 -0.023965773099999765 0.007745127899999993 0.9996771455000271
1712732448.373959 -0.024561143880000316 0.010039930319999913 1.8886135363199992 -0.0018092759999999597 -0.02388684019999978 0.007899339099999913 0.9996780097000283
1712732448.40527 -0.02403018604000074 0.009977183999999912 1.884226403079997 -0.0019545994999999204 -0.02372551029999954 0.007997558099999936 0.9996804356000212
1712732448.432779 -0.023902672640000656 0.009864126159999936 1.8810890982799717 -0.001925700999999913 -0.023544420599999682 0.008035678699999948 0.9996846317000063
1712732448.465615 -0.02388343860000084 0.010263970919999891 1.881233143719969 -0.0026086661999999094 -0.02344838799999991 0.007983728499999999 0.9996867953999982
1712732448.498395 -0.024127158440000542 0.01046305819999997 1.8821818971199717 -0.003176443299999887 -0.023374019799999958 0.007885098700000004 0.999688833900018
1712732448.533295 -0.024322946760000477 0.01107341899999998 1.8830953691199828 -0.0036051116999998634 -0.023347304199999995 0.00785242479999999 0.9996884882000131
1712732448.565089 -0.024466999200000214 0.011404492120000017 1.8837669967199644 -0.0040590805999998645 -0.023365076500000016 0.007777160299999952 0.9996877550000136
1712732448.598574 -0.024735071760000477 0.011380406800000065 1.8843774247199416 -0.004411944899999876 -0.02339058360000017 0.007730142600000001 0.9996864080000023
1712732448.630198 -0.024727920000000125 0.01157141720000009 1.8844869733199583 -0.004581699299999897 -0.02342159680000009 0.0077427816999999345 0.9996849417000021
1712732448.665128 -0.024841302080000318 0.011594783760000008 1.8837319661999616 -0.004706547299999908 -0.023385387400000113 0.007756710700000014 0.9996851443999958
1712732448.701117 -0.025029803400000144 0.011364976840000037 1.8823425151999433 -0.00476062659999994 -0.023363456999999956 0.007831919400000054 0.9996848046999958
1712732448.730928 -0.024903577999999694 0.01139047560000005 1.8802263619999438 -0.004731661299999956 -0.023435544899999883 0.007921941800000009 0.9996825575999992
1712732448.768553 -0.024512802719999484 0.011388898640000011 1.8778752067599724 -0.004855775199999979 -0.02352092299999988 0.008040297299999999 0.9996789455999988
1712732448.806196 -0.0243048240399996 0.011230804759999982 1.8752140142399776 -0.005042063600000013 -0.023549652799999876 0.008155932599999981 0.999676364700008
1712732448.840001 -0.02399121675999993 0.010751456800000003 1.8721205355999837 -0.0052599677000000344 -0.02359192429999979 0.008247372499999983 0.9996735453999918
1712732448.868707 -0.023733718959999733 0.010621955959999986 1.8688990000800003 -0.00537137870000004 -0.02362768279999976 0.008349038499999928 0.9996712566000042
1712732448.900651 -0.02353808659999977 0.010501208479999916 1.865522120280011 -0.005531301100000041 -0.023658586699999873 0.008467532599999928 0.999668735399996
1712732448.93417 -0.02329885543999943 0.010468989159999909 1.8620014954800308 -0.005594225500000017 -0.02369039139999991 0.008574567499999918 0.9996667386000126
1712732448.964876 -0.023009523879999418 0.010369226279999885 1.857865903320012 -0.005691147400000008 -0.023746053599999685 0.008617411299999933 0.9996645511000224
1712732448.999145 -0.02244663623999905 0.010119248999999967 1.8536823628400088 -0.005819366200000032 -0.02383309869999941 0.008674669099999921 0.9996612788000221
1712732449.032992 -0.02208887995999923 0.009905244719999899 1.849634723440026 -0.005882428000000006 -0.023886706399999368 0.008725756099999949 0.9996592165000265
1712732449.069693 -0.021782946639999353 0.009727202799999918 1.845302147640018 -0.005872987700000021 -0.023930805499999507 0.008742074300000003 0.9996580721000328
1712732449.099005 -0.0216356960399996 0.009623109160000051 1.8409574386000074 -0.005769278800000022 -0.02396704119999953 0.00870853070000006 0.9996580542000402
1712732449.134587 -0.021499785159999545 0.00969921791999999 1.8364208027200082 -0.00564343540000003 -0.024011444799999636 0.008630281800000006 0.9996583343000338
1712732449.165685 -0.0212974719999994 0.009517316760000014 1.831437778240015 -0.005535763100000013 -0.024044000999999683 0.008542288300000056 0.9996588707000456
1712732449.202571 -0.021001700159999713 0.009350882239999992 1.8262486572399848 -0.005405282700000047 -0.024087931499999726 0.00842257040000014 0.999659496500044
1712732449.234452 -0.02083744347999996 0.008987860839999992 1.8207815595199872 -0.005279861800000063 -0.02408565569999972 0.00826074080000012 0.9996615111000438
1712732449.266208 -0.020593375880000337 0.008616194439999933 1.8150953480799714 -0.005139029200000067 -0.024105694899999718 0.008118029500000113 0.999662905900027
1712732449.298082 -0.02043809180000039 0.008291997279999935 1.8093687819199795 -0.004972729900000061 -0.024103018799999987 0.007988775500000145 0.9996648192000294
1712732449.33228 -0.020351503200000776 0.00825712944000001 1.8034589837599786 -0.0047456784000000415 -0.02409272100000024 0.007883203400000127 0.9996670901000243
1712732449.36623 -0.02014023424000072 0.00818946239999997 1.797130317639985 -0.004588924000000061 -0.024112226600000498 0.0077689856000001 0.9996683477000033
1712732449.403105 -0.01992647412000096 0.007915031880000001 1.7907849287999806 -0.004461087000000053 -0.024130265400000538 0.0076594522000000605 0.9996693966999828
1712732449.433401 -0.0197680375200008 0.007962741919999843 1.7844042588399815 -0.004287273800000024 -0.02417473960000045 0.007590700200000011 0.9996695694999744
1712732449.46712 -0.0193952735200007 0.0077426957999999855 1.7777211619999798 -0.004135965800000019 -0.02425299700000032 0.007555589300000065 0.9996685323999828
1712732449.498351 -0.01937447652000088 0.007640630199999804 1.7709860610399755 -0.003957765700000016 -0.024301494300000216 0.007475682600000066 0.9996686635999822
1712732449.53317 -0.019227551280000695 0.0076379671199998 1.764138774999983 -0.003738996299999986 -0.02438155410000036 0.007431415000000019 0.9996678410999721
1712732449.568715 -0.018780450360001023 0.007747836879999852 1.7570592236399805 -0.003537848999999982 -0.024518737700000414 0.007383571700000058 0.9996655522999618
1712732449.604399 -0.01850624160000038 0.007708846320000013 1.7497209214800022 -0.0034534929999999963 -0.024587872400000422 0.0072993967000000385 0.9996647892999817
1712732449.636397 -0.01821313984000028 0.007492176720000003 1.742066640719995 -0.0034198568000000317 -0.024651820400000447 0.007197863800000004 0.9996640740999737
1712732449.665843 -0.017855767439999892 0.00722386755999981 1.734310338320015 -0.00339477610000003 -0.024735483200000276 0.0070880103999999555 0.9996628879999889
1712732449.697799 -0.017591829079999996 0.007012289200000019 1.7265542862399978 -0.0033097491000000367 -0.024807910800000242 0.006980700199999923 0.9996621846999915
1712732449.735059 -0.01756122479999995 0.00720371736000004 1.718541519239993 -0.0032005254000000427 -0.024854340400000296 0.006832142499999883 0.9996624350000047
1712732449.772449 -0.017317048279999768 0.007043293880000121 1.7103279465999912 -0.003199877400000073 -0.024918371600000454 0.006606711999999871 0.9996622860000116
1712732449.797003 -0.017266967760000255 0.006955019960000079 1.701943242160014 -0.0031889756000000437 -0.024929331800000298 0.006329267299999853 0.9996637820999922
1712732449.830763 -0.01692931968000046 0.007138081160000169 1.6934515925600224 -0.0031850424000000378 -0.024976034700000226 0.0061275017999998125 0.9996638535999864
1712732449.864972 -0.016601414200001018 0.007167758360000355 1.6847141595200217 -0.003273746400000066 -0.024997188800000104 0.0059256928999998236 0.9996642528999928
1712732449.905146 -0.016364853960000827 0.007044767800000463 1.6759985062800296 -0.0033608786000000725 -0.02497471400000002 0.005724489999999793 0.9996657072000061
1712732449.930562 -0.01614591720000149 0.0069766614400003845 1.6668444581600215 -0.0033104855000000376 -0.024933512299999804 0.005558914499999812 0.9996678470000007
1712732449.969219 -0.015817772880001683 0.006753932640000393 1.6577459690400473 -0.0031912641000000352 -0.0249022594999996 0.005446488799999827 0.9996696351000083
1712732450.004964 -0.015550990840001758 0.006568232160000526 1.6482880590400282 -0.0029337675000000287 -0.02483434369999955 0.005384219399999867 0.9996723233000011
1712732450.037797 -0.015161366080001244 0.006655006120000308 1.6384291050400317 -0.002620820600000018 -0.024763084299999606 0.005385157799999885 0.9996746419000146
1712732450.065112 -0.014540652560001631 0.006315953560000196 1.6285434650800563 -0.0023770194999999995 -0.02470472669999957 0.005439660999999952 0.999676179700009
1712732450.103933 -0.013906072600001663 0.006238350440000211 1.61826889756006 -0.0020595629999999865 -0.024594558699999425 0.005608759999999968 0.9996784030000072
1712732450.135601 -0.01308829620000111 0.006059355120000305 1.6079231666400347 -0.0017806724000000163 -0.024523288299999633 0.005869153399999938 0.9996790586000088
1712732450.175373 -0.012141609200000259 0.005475788640000196 1.597302262640028 -0.0014459634000000498 -0.024428338599999933 0.0061766766999999945 0.99967984540001
1712732450.205154 -0.011381268920000024 0.0051338725200001534 1.5865965435600355 -0.0009290094000000248 -0.02431721489999994 0.006558287899999992 0.9996804354999995
1712732450.232818 -0.010612999320000255 0.004853724119999967 1.575352961840008 -0.0003543089000000332 -0.02422134860000007 0.0070279955000000175 0.999679809700001
1712732450.272334 -0.009689075479999757 0.004644852799999839 1.5640619492399992 0.00016336039999993447 -0.024186204800000156 0.007461149100000064 0.9996776640000007
1712732450.306132 -0.00873847491999939 0.004744405959999795 1.5525118851199793 0.0006278970999999522 -0.02418802270000029 0.00787900180000003 0.9996745228999998
1712732450.336205 -0.007885551519999439 0.004692188479999792 1.5409012889199947 0.000985385599999944 -0.024207159700000248 0.00820069779999999 0.9996714054999984
1712732450.368828 -0.006994284639999221 0.004391676519999841 1.5291139029599934 0.001296792299999927 -0.02426400500000021 0.008342105899999997 0.9996685623999838
1712732450.40485 -0.006319490239998372 0.0045614990399997874 1.5172432872799844 0.001658512399999923 -0.0243090746 0.00843620249999999 0.9996663570999772
1712732450.435986 -0.005694472279998734 0.004583442079999677 1.5051138874799699 0.0018817743999999248 -0.024372323900000124 0.008388157700000055 0.9996648967999817
1712732450.468771 -0.005290804119999137 0.004765473719999633 1.493071639359996 0.002090539199999952 -0.024399878699999888 0.00819744310000008 0.9996653318999961
1712732450.500564 -0.004983781879999185 0.005144059479999718 1.480989053319995 0.00220984319999995 -0.024432654399999622 0.007920811500000013 0.9996662974999936
1712732450.538077 -0.004622723839998741 0.005509131879999564 1.4687582660799852 0.0021616915999999264 -0.024482455499999743 0.007569559199999976 0.9996676208000054
1712732450.567414 -0.004260582479998192 0.005793625319999655 1.456546771399994 0.0019481798999999357 -0.024541949699999677 0.0071704136999999335 0.9996694030000072
1712732450.612594 -0.0038837553999981366 0.006043195759999733 1.4442926775200158 0.0016371005999999521 -0.024583551299999583 0.006756612899999936 0.9996716679999963
1712732450.638847 -0.003453210039998993 0.006238458519999703 1.431711815520025 0.0012959099999999336 -0.024590664599999458 0.00634264249999994 0.9996747911999819
1712732450.675831 -0.002843974839999106 0.006314625519999737 1.4191686213599994 0.0009408691999999164 -0.02458171889999967 0.00605454270000001 0.9996774555999763
1712732450.702027 -0.0022867849199991494 0.006267175879999804 1.4065608813199924 0.00058606409999995 -0.024521393299999517 0.005899135900000019 0.9996804536999889
1712732450.737345 -0.0016188813199994457 0.00632773651999976 1.393758385319993 0.00030105269999993747 -0.024456781499999636 0.0058433135999999665 0.9996828914999923
1712732450.775862 -0.0010587219999995056 0.00644230243999992 1.3806193662800068 7.413039999994985e-05 -0.02438278879999949 0.005879149199999922 0.9996846914999878
1712732450.804417 -0.0003559886399987988 0.006692169399999912 1.3672767376800083 -0.00014468350000007568 -0.024366318199999525 0.006000174799999947 0.9996844769999825
1712732450.837089 0.0003847625600010929 0.006829481119999982 1.3536869822000106 -0.0004510475000000458 -0.024371697699999827 0.006044949899999974 0.9996840716999941
1712732450.871513 0.001226855280001189 0.006968692920000095 1.3400600598000345 -0.0008076514000000312 -0.024355539099999747 0.006110990799999971 0.9996838808999883
1712732450.903449 0.00202962984000095 0.007316496600000093 1.326276967400031 -0.0011684475000000027 -0.024327091999999696 0.006158171000000046 0.9996836960999872
1712732450.933323 0.0026728802800001002 0.007311097920000052 1.3125097798400291 -0.0015620834999999999 -0.024310629199999666 0.0061716242000000145 0.9996829390999892
1712732450.973325 0.0033646782400002452 0.007007718480000092 1.2987044238000407 -0.0018167998999999656 -0.02434109699999958 0.006156929700000013 0.9996816516999842
1712732451.002885 0.004025491120000169 0.007098998759999943 1.284368890280043 -0.001960914499999955 -0.024369826399999538 0.006011535599999984 0.9996814847999985
1712732451.034423 0.004821635559999464 0.007747596079999823 1.2699498103600444 -0.0022037579999999667 -0.024378458399999657 0.005827233800000009 0.9996818305000034
1712732451.076022 0.005751929119999772 0.007947520280000012 1.2553915416000336 -0.0027261392999999414 -0.024338125599999573 0.005640098800000004 0.9996826411000029
1712732451.10318 0.006747737360000343 0.00811808759999991 1.2409290278000253 -0.0033665992999999616 -0.024300697599999664 0.0055730681 0.9996818424000139
1712732451.143321 0.007802316200000234 0.008017049879999972 1.2262874710800178 -0.003994725799999932 -0.024276984099999767 0.0055800611999999635 0.9996800840000105
1712732451.178583 0.008680404040000268 0.008131855759999845 1.2115406800000164 -0.0044487810999999326 -0.024230448499999467 0.0057108299999999446 0.9996786057999998
1712732451.207354 0.009540098680000426 0.008128824479999713 1.1964786447600182 -0.004816609599999922 -0.02420566059999949 0.005802720699999942 0.9996770620999996
1712732451.234953 0.010431985200000183 0.0076803428799997065 1.1809312429600367 -0.005128080699999949 -0.02417551899999957 0.005959994499999866 0.9996751547000031
1712732451.277376 0.011487729680001023 0.007524498799999684 1.1650107016800302 -0.0052913536999999785 -0.024161267299999522 0.006224346699999828 0.9996728182000197
1712732451.302777 0.01248370172000122 0.007779713479999727 1.1487553896000327 -0.005442593800000006 -0.02411483869999955 0.006548936799999882 0.9996710360000407
1712732451.340373 0.01356285924000147 0.00791026571999982 1.1324662400800525 -0.005805060500000003 -0.02411925709999956 0.00697562749999987 0.9996663928000317
1712732451.369326 0.014506191280001276 0.007201107479999962 1.1158218671600435 -0.0061484365000000095 -0.024148835199999396 0.007372098999999821 0.9996614039000178
1712732451.405374 0.015393533960001092 0.006522393639999855 1.0989518299200562 -0.006162880800000048 -0.02424006959999936 0.0076789896999998495 0.9996570945000258
1712732451.438971 0.016188143440000715 0.006005415639999824 1.081536144080055 -0.005911541200000014 -0.024334436799999182 0.007794035599999827 0.9996553600000198
1712732451.473967 0.01685433288000084 0.0057394173199998375 1.06381315824005 -0.005619299000000045 -0.024418593699999037 0.00784921619999981 0.9996544540000286
1712732451.506809 0.01786093036000082 0.005229017919999989 1.0458461081600625 -0.005388411400000059 -0.024554036099999267 0.007859419999999862 0.9996521830000347
1712732451.537967 0.01882006476000001 0.0046571291200001854 1.027673721200058 -0.005111495200000071 -0.024668012499999392 0.007872279399999904 0.999650585600034
1712732451.566349 0.01976255344000066 0.004610722760000278 1.0092616256800375 -0.0047330159000000815 -0.02479440109999942 0.007778398599999914 0.9996499240000276
1712732451.605346 0.02077247172000035 0.0046065423600003185 0.990595435760042 -0.004462697100000046 -0.02493793659999959 0.007607437899999958 0.9996489465000196
1712732451.63928 0.021749928200000497 0.004277637840000281 0.9720449944800384 -0.004288215000000051 -0.025069733799999838 0.007365183299999955 0.9996481894999988
1712732451.665304 0.022424212720000437 0.004248120520000142 0.9531659992400319 -0.004007387900000037 -0.025131926999999978 0.0069031856999999695 0.9996510862999912
1712732451.702461 0.023051700280000986 0.0044161796000001625 0.9342169421200606 -0.003868963400000025 -0.025188512500000114 0.006425302300000002 0.9996534347000079
1712732451.735562 0.02385977636000071 0.004096895320000299 0.9152741186400589 -0.003799927000000025 -0.025232295300000374 0.0060326743000000075 0.9996551096000076
1712732451.767441 0.02488273984000095 0.0037687972000003352 0.896081473280069 -0.003566309500000031 -0.025229924600000685 0.00580673780000005 0.9996572375000141
1712732451.800259 0.026013020600000443 0.0035524179600002264 0.8766851433200644 -0.0033119663999999992 -0.025184970000000816 0.005643253000000037 0.999660080700005
1712732451.83347 0.02698438232000015 0.0031413440800001522 0.8569988868000609 -0.0031005957000000083 -0.025103462000000576 0.0055410206999999545 0.9996633946999964
1712732451.868651 0.027996778880000475 0.002469678960000081 0.8370408866400338 -0.002741190400000004 -0.025024752200000576 0.005563290999999993 0.9996657312000025
1712732451.905317 0.029094903040000304 0.001979421360000053 0.8170875260800585 -0.002180566000000006 -0.024936806900000618 0.005712838999999992 0.9996668339000052
1712732451.938166 0.030050133680000285 0.001549596440000087 0.7968604109200623 -0.0016244996000000177 -0.024860014700000477 0.005833172899999984 0.9996684134000133
1712732451.969058 0.030826640880000224 0.0008659378000001894 0.7763218901200616 -0.0010340681999999823 -0.024835071800000462 0.005805609899999986 0.9996695161000162
1712732452.004781 0.031628591959999994 0.000475773200000269 0.7555760049600622 -0.0002760692999999925 -0.024907088900000218 0.005702808800000003 0.9996677458000249
1712732452.033937 0.03269395108000005 0.00019872440000014531 0.7346948322000479 0.0004408497000000011 -0.02501731780000007 0.005602993000000023 0.9996663570000237
1712732452.067894 0.03366648264000005 0.0002451019199999038 0.713869230480036 0.0010504916000000364 -0.025085043600000034 0.005434249300000004 0.9996660888000178
1712732452.100059 0.034461520799999826 0.0005521168799999997 0.6934544940400382 0.0013924288000000118 -0.025105015799999818 0.005196949000000029 0.9996665061000158
1712732452.132971 0.035357379399999965 0.00040501915999996635 0.6728914315200473 0.0015336758000000117 -0.025125405499999687 0.004918366200000079 0.9996673107000106
1712732452.166733 0.0362896497599997 0.0002728056799999479 0.6524889868000309 0.0017568322000000246 -0.025142716899999938 0.004690779600000106 0.9996681750000107
1712732452.204359 0.037171509199999946 0.0006290723599998671 0.6323580813200351 0.0019628382000000054 -0.025169708099999966 0.0043811343000000665 0.9996689856000103
1712732452.236915 0.03776557959999998 0.000755945399999689 0.6121158080800342 0.001905255100000014 -0.02518834439999971 0.0038943237000000686 0.9996714115000032
1712732452.267631 0.03846450215999972 0.0009054973199996041 0.5922163662800266 0.0018518214000000199 -0.02521151849999974 0.0034257595000000583 0.999673354599986
1712732452.30597 0.0394691110799998 0.0017258399199996078 0.5724426702400023 0.0016598995999999922 -0.02522509759999956 0.0031932777000000636 0.9996743857999946
1712732452.335853 0.04073877444000011 0.0019347089999995502 0.5526659406800035 0.001090628700000007 -0.02516009669999981 0.003121934100000079 0.9996770560999948
1712732452.378207 0.041710835599999996 0.0016593278799996367 0.5337525653599914 0.0006741571000000058 -0.025046674600000075 0.0030925271000000086 0.9996800303999862
1712732452.405446 0.0424856796000001 0.0017240801199997335 0.5142678486399881 0.000583679299999984 -0.02494734720000018 0.003016015100000047 0.9996828079999887
1712732452.436413 0.04332828836000011 0.0020585529999996763 0.494088293999971 0.000395695000000007 -0.024948910100000176 0.0028326049000000353 0.9996832430999802
1712732452.474468 0.04414758347999999 0.002446842719999651 0.4743758767999725 2.6767700000007723e-05 -0.024951870700000357 0.002723096500000022 0.999682790199995
1712732452.501108 0.045089995440000266 0.0030025917599997595 0.45498257587998975 -0.00042423089999998886 -0.024949467300000094 0.0026383964999999953 0.9996823551000034
1712732452.534805 0.04611455687999992 0.0033995037999999056 0.43530287807998774 -0.0009753175999999808 -0.024969252900000072 0.002566535800000036 0.9996819080000023
1712732452.570287 0.047347526799999706 0.0036965409600000854 0.4159878500399736 -0.0014952932999999558 -0.025014503300000258 0.00263034400000004 0.9996803522999926
1712732452.603793 0.0485189490799997 0.0038991934800002067 0.39643311987997093 -0.0019438718999999604 -0.025024778600000276 0.0026916192000000726 0.9996795118999898
1712732452.634568 0.04953757003999975 0.003727541160000065 0.37693068335999663 -0.002251085999999969 -0.024981092100000525 0.00273010470000008 0.9996801615999857
1712732452.672194 0.05059957111999949 0.003686050200000252 0.3573970503599958 -0.0023058273999999822 -0.024983123500000204 0.002940011800000075 0.9996792257999914
1712732452.703877 0.051810749479999745 0.004057523120000219 0.3370023078800159 -0.0023789744999999753 -0.0250668656000002 0.0031908295000000917 0.999675953499991
1712732452.737245 0.05313915991999991 0.004127751880000332 0.3167605770000091 -0.0026301736999999824 -0.025210972700000056 0.0034591210000000316 0.9996713103000048
1712732452.780358 0.05454670787999994 0.0036180099200004176 0.2968453222000153 -0.002688657800000005 -0.025374128500000027 0.003747193900000045 0.9996664345999988
1712732452.805548 0.05579292823999985 0.0034184214400004007 0.27653636919999824 -0.002386957700000014 -0.025537278799999896 0.0039031534000000256 0.9996624648999841
1712732452.836433 0.05687270035999972 0.003303275080000212 0.2558006995599726 -0.0020402683000000366 -0.025705967400000064 0.003954362800000055 0.9996587633999752
1712732452.870731 0.05787023563999995 0.003109960000000242 0.23468785927999303 -0.0017238171000000246 -0.025860064899999813 0.003959488300000036 0.9996552944999848
1712732452.905131 0.05875443699999998 0.0030907508800002504 0.2135457449999967 -0.0014316073000000262 -0.026004085499999618 0.0038500005000000393 0.9996524036999972
1712732452.934785 0.05973830100000007 0.002802972760000202 0.19244604231999798 -0.0011651536000000461 -0.026180941399999824 0.003745329900000005 0.9996485890000031
1712732452.969033 0.060601462320000084 0.002963472120000183 0.17098355371998422 -0.0008878428000000493 -0.026361686199999568 0.0034564974999999444 0.9996449292000079
1712732453.002318 0.06135465672000045 0.0029968694000000436 0.14954732379997948 -0.000847912300000031 -0.026535406699999698 0.0029756225999999055 0.9996415794000086
1712732453.038508 0.06200620664000041 0.002638847400000124 0.12840343739997478 -0.000730477300000043 -0.02661263669999947 0.0024303120999999094 0.9996410429999969
1712732453.071639 0.0628261499600002 0.0027353631199999386 0.10706627064000258 -0.00031822230000004835 -0.026617414399999362 0.0021615998999999775 0.99964165089998
1712732453.105226 0.06368955992000039 0.0023729554799997387 0.08600857776001702 -2.917090000003064e-05 -0.026558981599999497 0.001956509099999959 0.9996435284999962
1712732453.140686 0.06498801932000034 0.0020593812399998155 0.06264214348003407 0.0006104264999999831 -0.02644925869999959 0.0019554635999999626 0.9996446908000053
1712732453.172492 0.06619590796000047 0.001668832479999942 0.040816360480034744 0.0014753225000000204 -0.026309855599999564 0.0019852513000000018 0.999644893499999
1712732453.204091 0.06748654780000052 0.0016197215999998347 0.020851719560014314 0.002256612499999999 -0.026175250999999733 0.002064483299999953 0.9996450007000022
1712732453.237604 0.06880534360000048 0.0010941064399996492 0.0030313113600050202 0.002764084599999972 -0.025983015599999958 0.0020924518999999365 0.9996485651000058
1712732453.272831 0.06988817192000055 0.0011418758399996773 -0.012304924520008172 0.0032441423999999943 -0.025686511199999984 0.002144801799999918 0.9996550143000149
1712732453.301161 0.07111506444000035 0.000865095839999661 -0.025078499880009986 0.0034468240000000263 -0.02542629780000034 0.002319148699999918 0.9996610881000152
1712732453.333978 0.07214560948000019 0.0005763466799995953 -0.03516025940000873 0.003777462100000006 -0.025130656700000385 0.002557153399999912 0.9996684076000065
1712732453.370591 0.0730706885999998 0.0008323151199995847 -0.043361922800027056 0.004038688100000032 -0.024848206600000467 0.002859612699999925 0.999675375300012
1712732453.402792 0.07371238475999967 0.0006743855999996028 -0.049237537720041476 0.003928074000000059 -0.02461085340000082 0.0029381322999999073 0.9996813477000159
1712732453.43623 0.07429446471999937 0.0009245779199996562 -0.05323625216005439 0.003936974400000048 -0.02443689500000055 0.0030321653999998864 0.9996854842000176
1712732453.470211 0.07436017455999937 0.0010218650399996321 -0.053026852480061275 0.003606664900000034 -0.024296073100000724 0.002949078099999891 0.9996905923000213
1712732453.503239 0.07440314839999927 0.0013809667199996057 -0.05233668384003977 0.0030745868000000343 -0.024162046400000747 0.002837920999999888 0.9996971309000401
1712732453.535776 0.07423855683999916 0.0013725963999996437 -0.051018820440021956 0.002545143400000072 -0.024015574700000996 0.002691603999999881 0.9997039497000287
1712732453.572414 0.07416015879999932 0.0015852902799997181 -0.04992204700000457 0.002262158500000089 -0.02393991590000084 0.0026335216999998855 0.9997069478000185
1712732453.60457 0.07416364619999939 0.0015180194399996337 -0.04920977487999152 0.002029593000000096 -0.023917168900000972 0.002587101299999883 0.9997083545000123
1712732453.637031 0.07402809763999947 0.0014730774799997803 -0.048772648679992016 0.002008066200000069 -0.02387356040000057 0.00255386109999991 0.9997095406000198
1712732453.667079 0.07394792999999943 0.0013244982799997728 -0.04881140460000551 0.0020399857000000577 -0.023822047800000235 0.0025526243999999033 0.9997107148000168
1712732453.707143 0.07392540147999958 0.001209111399999827 -0.04889546535997851 0.0021594379000000165 -0.023792500900000135 0.002549184499999946 0.9997112453000228
1712732453.73387 0.07400411311999953 0.0013068921599998617 -0.049142367959962026 0.002263028700000014 -0.023787812599999826 0.002564117299999946 0.9997111380000205
1712732453.769243 0.07389971707999976 0.0012841623199997799 -0.049269438679971245 0.0022426723000000147 -0.023744273599999845 0.0025589465999999563 0.9997122347000186
1712732453.805457 0.07382282908 0.001305135439999745 -0.04919894923997617 0.0022083546000000176 -0.02372236919999935 0.0025475666999999367 0.9997128605000171
1712732453.83664 0.07385016884000002 0.0011984179199996346 -0.04918460371997298 0.0021305326999999873 -0.023735838399999664 0.0025305833999999193 0.9997127711000076
1712732453.869317 0.07391145412 0.0011396109199995408 -0.04916206707997844 0.0020968085999999884 -0.02374948939999939 0.002475452299999947 0.9997126578999996
1712732453.905803 0.07393697360000011 0.0011337801999995634 -0.049058599519985355 0.0020997466999999937 -0.023762436299999478 0.002505734100000012 0.9997122644999991
1712732453.939186 0.07397293400000016 0.0011316667599995255 -0.04906995800000004 0.0021019159999999815 -0.023775302999999325 0.00249605870000007 0.9997119784000006
1712732453.971598 0.07393524124000002 0.00113176587999952 -0.04914235087998349 0.002108054800000003 -0.02375379509999931 0.00250856000000006 0.9997124372999906
1712732454.00433 0.07392056419999973 0.0012498774399995938 -0.04909420067996962 0.0021258726000000115 -0.02375173799999928 0.002517352700000064 0.9997124312999859
1712732454.036904 0.07396195883999979 0.0012989255999994852 -0.04911431335997349 0.0021231672000000313 -0.023763517699999424 0.0025149880999999928 0.99971216309998
1712732454.067725 0.07392007644000018 0.0013090565599996396 -0.04912682123999275 0.0021145477000000133 -0.023752416699999657 0.0024930686000000256 0.9997125028999789
1712732454.104354 0.07393624056000014 0.0012969143599996969 -0.049106789479992585 0.0021047236000000247 -0.023749061099999837 0.0024778272999999907 0.9997126399999843
1712732454.137455 0.07395032064000027 0.0012505648399997681 -0.0491458931599891 0.002090578600000015 -0.023745901200000218 0.0024609706000000564 0.9997127890999764
1712732454.169383 0.07386238048000023 0.0012466406399998674 -0.04910959704000106 0.002101674600000036 -0.023725979299999977 0.002430545000000084 0.9997133135999775
1712732454.200547 0.07388166968000014 0.0012839525999998357 -0.04916508155999509 0.002094119100000036 -0.023727799499999945 0.0024532963000001295 0.9997132360999785
1712732454.23717 0.07391637204000005 0.0013491743999997396 -0.04919512360000681 0.002097345900000036 -0.02373263960000003 0.0024525231000001035 0.9997131168999885
1712732454.275384 0.07390675992000005 0.0014313434799997538 -0.04917116511999211 0.002117383400000028 -0.023732759600000007 0.002471634500000075 0.999713021499997
1712732454.304132 0.07396624004000038 0.0014864191999997443 -0.04916475395998986 0.0021354596000000116 -0.0237522392999999 0.0024818915000000886 0.9997124969999959
1712732454.335912 0.07406930888000075 0.0015245389599996527 -0.049334675599998254 0.0021413228000000117 -0.023774246900000406 0.002495315800000064 0.999711924799999
1712732454.375093 0.07410533732000096 0.0015362785199996053 -0.04949195776001033 0.002147487700000017 -0.023778317900000446 0.002493815200000071 0.9997118235000017
1712732454.406168 0.07415537080000056 0.001546684999999428 -0.049501608520004084 0.0021429693000000415 -0.023782299500000194 0.0024842463000000594 0.9997117638999953
1712732454.436837 0.07422804536000037 0.0016030139999994118 -0.04960761203998117 0.002154513200000041 -0.02379206430000025 0.002471062300000071 0.9997115433999852
1712732454.469502 0.07432805380000018 0.001625429679999364 -0.0497715380399859 0.0021588163000000548 -0.023801333900000544 0.0024846138000000017 0.9997112810999852
1712732454.506048 0.07444796492000044 0.001635646039999372 -0.04991964263999762 0.0021567597000000218 -0.02382432040000069 0.0024929182999999357 0.999710720899975
1712732454.534174 0.07448312144000062 0.0016401954799995263 -0.04997899396000321 0.002145937799999986 -0.02382814640000106 0.0025057246999998562 0.9997106195999776
1712732454.572301 0.07445738608000055 0.0015875291599996898 -0.05009013155999127 0.002132023199999988 -0.02381411250000127 0.002497292799999862 0.9997110069999735
1712732454.609038 0.0744705754800006 0.001537015199999878 -0.05014777180001147 0.002122420300000005 -0.023807980500001234 0.0024847591999998643 0.9997112095999683
1712732454.640981 0.0744728572000004 0.0015423657199999138 -0.05015882004002833 0.0021161632000000095 -0.023797615500001257 0.002470524199999868 0.9997115075999773
1712732454.667763 0.07442440404000024 0.0014781398800000998 -0.05006202880003457 0.0021094635999999944 -0.023782774500001123 0.002460177899999927 0.9997119009999779
1712732454.70376 0.0744180001600001 0.0014703416000002177 -0.050052321200037116 0.002105864000000013 -0.023778995400000724 0.002462043199999986 0.9997119903999874
1712732454.741128 0.07443436140000044 0.0014820439200003222 -0.05010690356005397 0.002106460400000021 -0.02378893040000065 0.0024672342999999763 0.999711739999998
1712732454.770417 0.07442870204000072 0.001463008120000495 -0.050082177880067316 0.0020964667999999963 -0.023794899200000684 0.0024984635000000035 0.9997115373000043
1712732454.804466 0.07439184732000079 0.0014855618400004288 -0.04994498656006726 0.002103268699999994 -0.02379408170000019 0.002498657500000068 0.999711543300009
1712732454.838763 0.07436330748000045 0.0015074018400004971 -0.049845688200039144 0.002106952200000034 -0.023790379500000115 0.002508413800000131 0.9997116029000154
1712732454.871714 0.0743498151200002 0.0015061866400004219 -0.0497780449600259 0.002114827400000063 -0.02379418939999951 0.0024857540000001953 0.9997115492000148
1712732454.902242 0.07434934668000025 0.0015119252400004866 -0.04975498500002686 0.0021086257000000773 -0.023802728099999372 0.0024667407000001696 0.9997114062000036
1712732454.934019 0.0743686305600002 0.0015010674000003731 -0.04974036004001845 0.002093779300000076 -0.02380999499999916 0.002483736700000172 0.9997112215000016
1712732454.966936 0.07437649128000054 0.0014825011600003532 -0.04966243884002324 0.002070833700000074 -0.023813333399999692 0.0024626173000001474 0.9997112393999942
1712732455.011835 0.07437860752000054 0.0015110454800003126 -0.04964965684000617 0.002068645500000077 -0.023810092899999802 0.0024529390000001426 0.9997113406999916
1712732455.036325 0.07435927968000043 0.001568749560000171 -0.04956901460001063 0.0020711119000000446 -0.023804643000000424 0.0024395100000001333 0.9997115015999952
1712732455.074207 0.0743197030800001 0.00160512184000023 -0.04948359024000638 0.002070005700000044 -0.023796197600000825 0.0024573282000001305 0.9997116565999932
1712732455.105787 0.07428016455999993 0.0016497420800000739 -0.049369170479999405 0.002083248200000076 -0.02378651390000073 0.0024407246000000883 0.9997119009999779
1712732455.142799 0.07425858803999978 0.0016344532400001553 -0.04933007576000364 0.0020683800000000476 -0.023781059500000624 0.00243719070000008 0.9997120677999873
1712732455.172327 0.07423802176000016 0.001664327280000215 -0.049293590920005945 0.0020597388000000104 -0.02377442780000081 0.0024427267000000086 0.9997122286999911
1712732455.2061 0.07422269596000042 0.0016894127600002307 -0.04926645360002566 0.002059730599999998 -0.02377492570000115 0.002461817799999988 0.9997121750999896
1712732455.235339 0.07417744292000043 0.0016949844800001656 -0.04920303948004402 0.0020630324999999948 -0.023762138400000764 0.002461949200000024 0.9997124730999986
1712732455.275792 0.07417713772000055 0.0017040592800002228 -0.04921007504003228 0.0020699104999999827 -0.023759141800000806 0.00244387709999998 0.999712574399996
1712732455.310097 0.07418169500000012 0.0016693233200002666 -0.049250300960034105 0.0020778895999999936 -0.02376383970000049 0.0024566201999999928 0.9997124194999969
1712732455.340766 0.07417291868000013 0.0016408599200002881 -0.04920576556002288 0.002073170199999996 -0.023768604199999998 0.002458675199999938 0.9997123181999996
1712732455.372867 0.07415591904000017 0.001554783160000248 -0.0491867384399984 0.002060663899999993 -0.02376922089999951 0.002457795799999918 0.9997123300999874
1712732455.412052 0.07417555880000024 0.0015534873200002152 -0.049219983119978675 0.0020666424999999933 -0.02377068119999919 0.002420576499999871 0.9997123777999832
1712732455.439684 0.07419024648000039 0.0015401702400003002 -0.04925553248000142 0.002064028799999962 -0.023770863799999375 0.0024065169999999193 0.9997124135999911
1712732455.474447 0.07420925596000053 0.001522880520000207 -0.04931766727998364 0.002058879499999966 -0.023780372599999565 0.0024139669999999392 0.9997121811999932
1712732455.505585 0.07419154064000054 0.001479366000000084 -0.04932971539999471 0.002053884100000003 -0.023770739499999395 0.002401604499999976 0.999712449399999
1712732455.541222 0.07415847796000051 0.0014200398800000612 -0.04947756575998937 0.0020369992000000003 -0.02374946059999914 0.002435432899999945 0.9997128964000013
1712732455.571264 0.07423242820000041 0.0013000904000001156 -0.04986383611997098 0.002011505899999966 -0.023745607599999375 0.002437977799999924 0.9997130275000018
1712732455.604471 0.0742019927600004 0.00128061191999997 -0.050006593279967995 0.0020030405999999614 -0.02374586019999967 0.002444479600000005 0.999713021499997
1712732455.637178 0.0742126798000008 0.001230897919999947 -0.05037796679995154 0.0019998964999999647 -0.023735875699999555 0.0024236490999999917 0.9997133135000013
1712732455.669382 0.07413358400000092 0.0012349080799999967 -0.05028372299997955 0.001998972799999965 -0.02372894049999985 0.0024036606000000125 0.9997135221000008
1712732455.706496 0.07406165312000099 0.0013174593600000506 -0.05010859056000754 0.002014639499999982 -0.023726437900000265 0.002410071899999977 0.9997135341000103
1712732455.735688 0.07406161700000097 0.001225258160000102 -0.0500157616000024 0.001998603799999943 -0.02373431090000011 0.0024092165999999972 0.9997133791000123
1712732455.767659 0.07413967540000058 0.0011991977199999936 -0.05012941247999151 0.001994690799999965 -0.023753496999999867 0.0024038315999999503 0.999712938000016
1712732455.810487 0.07420023212000046 0.001226956360000102 -0.05011176155999237 0.002004860599999958 -0.023768577199999898 0.0024143292999998954 0.9997125267000001
1712732455.83582 0.07428128008000022 0.0012453078400000094 -0.05008927532000598 0.0020153763999999352 -0.023791511199999605 0.002402945599999917 0.9997119902999885
1712732455.872685 0.0743030346800002 0.0012471079599999867 -0.0499574180000036 0.002022997299999929 -0.02381094509999997 0.002374226499999921 0.9997115908999831
1712732455.905097 0.0741859678 0.0013535591999999496 -0.04960881324001093 0.0020535008999999606 -0.023814014700000285 0.0023693855999999515 0.9997114716999931
1712732455.936223 0.07416750515999986 0.0013794852400001289 -0.04949728588000653 0.002062344999999954 -0.02381527229999989 0.002359342099999928 0.9997114478999947
1712732455.971158 0.07420181915999947 0.0014501510800000973 -0.04918418092001957 0.002073262799999931 -0.02382178359999969 0.00237688459999994 0.9997112332999905
1712732456.003334 0.07434491511999916 0.0014382300800000537 -0.04935525028001848 0.0020670965999999512 -0.023839198999999665 0.0024055648999999233 0.9997107683999957
1712732456.034175 0.07440475951999928 0.0014029568000001546 -0.04954089420001764 0.002053395999999941 -0.023832582099999656 0.002407739299999978 0.999710947199992
1712732456.07254 0.07440364819999935 0.001442324520000113 -0.04953810288002841 0.002056561499999976 -0.023822828800000195 0.0024229534999999913 0.9997111378999989
1712732456.103482 0.07435262491999942 0.0014276589600002863 -0.04943036504002521 0.0020494874999999802 -0.023804826900000364 0.002453019400000045 0.9997115134000069
1712732456.135527 0.07426915075999936 0.0014292014800003372 -0.04940314792002937 0.002049899600000016 -0.023787551600000255 0.002437034600000043 0.9997119664000138
1712732456.170253 0.07420712599999937 0.0013899292400003204 -0.0494339834800212 0.002041508400000014 -0.023768510700000432 0.0024641222000000517 0.9997123657000202
1712732456.203722 0.07419900543999942 0.0014324819600004446 -0.049378906640013154 0.0020478553000000234 -0.023756956500000113 0.002478874900000072 0.9997125863000292
1712732456.23964 0.0742300498799996 0.0014019994800002777 -0.049291694760004244 0.002031248200000002 -0.023744411599999894 0.0024634259000000823 0.9997129559000086
1712732456.270364 0.07427723939999964 0.0013895481600001245 -0.049178710280002626 0.0020246393999999945 -0.023738000200000185 0.0024714945000000378 0.9997131049000018
1712732456.306805 0.07425947647999968 0.001342230960000208 -0.04910038419999182 0.0020116240000000118 -0.023737460700000667 0.0024607336000000758 0.9997131645000081
1712732456.338219 0.0741880739599997 0.00135995972000007 -0.04899855015997673 0.0020160187000000107 -0.023716580600000724 0.0024358604000001447 0.9997137069000018
1712732456.374766 0.0742608459599996 0.001293505359999898 -0.049042390879949375 0.002009036600000025 -0.023733075100000178 0.0024157466000001016 0.9997133789999907
1712732456.405357 0.07421652111999982 0.001295573439999913 -0.048962977839942134 0.002006434900000009 -0.023735928600000022 0.002426876300000114 0.9997132895999812
1712732456.435443 0.07417028444000003 0.0013016810799999234 -0.04890412323993587 0.0020161499999999943 -0.023733177100000093 0.002379380200000103 0.9997134445999791
1712732456.473888 0.07417137028000034 0.0012973783199997867 -0.04879146831995058 0.002017005599999999 -0.023733934999999918 0.0023557444000001483 0.999713480399987
1712732456.503205 0.07418542376000026 0.0012996930799998195 -0.04875176907994955 0.0020165196999999855 -0.023742571900000085 0.002320048900000149 0.999713367199979
1712732456.53682 0.07424566015999999 0.0012670615999996568 -0.048803308119968275 0.0020154913999999914 -0.023758992500000176 0.0022876184000001133 0.999713063199988
1712732456.570923 0.07426164227999983 0.0013073465999996613 -0.048674610039979596 0.0020319327999999805 -0.02377856720000011 0.0022771138000000414 0.9997125863000065
1712732456.607652 0.07425622763999996 0.0012856622799997906 -0.04873831788000643 0.002037167300000009 -0.023776489400000145 0.0022419465000000473 0.9997127055000192
1712732456.635795 0.07428343580000003 0.0012897110799995558 -0.04885083924000355 0.002039038500000023 -0.023778944000000024 0.002235883300000019 0.9997126578999996
1712732456.669433 0.07432941292000023 0.0012727758399996957 -0.048860314160010604 0.002035442300000012 -0.023793248500000176 0.0022672413999999643 0.9997122526000112
1712732456.703286 0.07430648344000004 0.0013319518799997355 -0.04874365244003002 0.0020473522000000076 -0.02378927770000061 0.002260146299999999 0.9997123361000149
1712732456.740236 0.07426423143999968 0.0014303984799996527 -0.04877711356004511 0.0020719613999999886 -0.023779270500000393 0.002257627899999992 0.9997125269000208
1712732456.773109 0.07429755619999952 0.0014538291599995288 -0.048823804400053634 0.0020651040999999813 -0.02378157870000024 0.0022890688999999574 0.9997124196000187
1712732456.808669 0.0742817462799995 0.0014717530799996225 -0.04879496832005316 0.00206674699999998 -0.02377384740000039 0.0023100099999999735 0.9997125567000011
1712732456.83634 0.07428492763999962 0.0014851381999996958 -0.048699908320054414 0.002063241799999993 -0.0237672615000001 0.002304371799999938 0.9997127295000154
1712732456.871868 0.07425726783999997 0.0014805439599998138 -0.04867654960003165 0.002061946300000006 -0.02375322050000008 0.0023071086999999933 0.9997130573000049
1712732456.903143 0.07424402132000019 0.0014743570799999617 -0.04870587904003514 0.0020507237000000345 -0.023745664500000173 0.002338738800000062 0.9997131884000054
1712732456.935998 0.0742652607199998 0.0014837309199998926 -0.04864987904001737 0.0020523987000000245 -0.02375121410000034 0.00234481010000005 0.9997130394000123
1712732456.969266 0.07420028251999966 0.0014943756800000329 -0.04853535764003482 0.00205220650000002 -0.02374211870000025 0.002360714600000069 0.9997132182000315
1712732457.005719 0.07420660183999978 0.0014778968399998859 -0.048578885320039254 0.002047393600000014 -0.023741750700000352 0.002373766500000052 0.9997132003000161
1712732457.039152 0.07418808179999985 0.0014534926000000323 -0.04864769476003857 0.0020333878000000196 -0.02373915100000019 0.002396737699999996 0.999713236100024
