1712732397.598003 0.0049988988 0.001786274 0.116892216 -0.001040945 0.009571845 0.001530324 0.999952495
1712732397.628894 0.0046037432 0.0018722675999999997 0.14504482159999998 -0.001721506 0.009744775 0.000967209 0.999950588
1712732397.662999 0.004956431199999999 0.0010963455999999999 0.1293284244 -0.001552895 0.009666875 0.001099438 0.999951541
1712732397.696206 0.0034945203999999994 0.0029426684 0.1700633368 -0.000693777 0.010969874 0.000578914 0.999939442
1712732397.733542 0.0036816415999999996 0.0027439607999999996 0.175716618 -0.001117918 0.010824987 0.000759911 0.999940515
1712732397.764239 0.0050736532 0.0017855963999999999 0.1455686372 -0.001953874 0.009685747 0.000621193 0.999951005
1712732397.797307 0.0014330708 0.0036409043999999996 0.193369078 -0.001940206 0.011316122 -6.5958e-05 0.999934137
1712732397.833473 0.0053033288 0.0022368331999999998 0.1567316408 -0.002655972 0.0099245 -9.1584e-05 0.99994725
1712732397.868889 0.0019855668 0.0035035812 0.20513860359999997 -0.002839658 0.012019526 -0.000938698 0.999923289
1712732397.895612 0.0036529144400000006 0.0026049144799999997 0.16485599480000002 -0.0018446651000000001 0.0105955761 0.0003364597000000001 0.9999410571
1712732397.929306 0.0032412856 0.00301441196 0.17459569960000004 -0.0019903207 0.010871700400000002 6.90097000000001e-05 0.9999378264999998
1712732397.960226 0.0030577139600000006 0.0033087118399999994 0.18195446612000005 -0.0020749390000000005 0.0111473832 -0.0002056492999999999 0.9999344707000001
1712732397.993973 0.0031118830400000005 0.003431352399999999 0.1885606618 -0.0022481406000000002 0.0113826845 -0.00047341949999999994 0.9999314308999999
1712732398.027813 0.0031253362 0.0035499223199999996 0.19447194620000002 -0.0024610203000000005 0.011612269200000002 -0.0006845973999999998 0.9999281765000001
1712732398.06512 0.0030464492800000003 0.0038437249200000004 0.20041796628000003 -0.0025713138000000003 0.011857596500000003 -0.0008988569999999998 0.9999249697
1712732398.096143 0.00288023232 0.00405127548 0.20968505600000004 -0.0026293855000000003 0.012174452200000005 -0.0010950532 0.9999211967000001
1712732398.133082 0.0032166274000000003 0.00419182932 0.21486375427999996 -0.0026542185000000005 0.012318342900000005 -0.0012486173 0.9999192834
1712732398.167647 0.00315274568 0.004282592159999999 0.22397713884 -0.0026248627 0.012613805100000004 -0.001374474 0.9999158978
1712732398.202517 0.00355019112 0.004293056880000001 0.22889793303999997 -0.0025467624000000003 0.012704943700000002 -0.0013599118 0.9999149739000002
1712732398.233729 0.0041099128 0.0040467742 0.22918203699999998 -0.0024855036000000002 0.012694342600000002 -0.0012742849 0.9999153196
1712732398.270057 0.00452336696 0.0037868627999999996 0.23191805783999997 -0.0024475461000000006 0.012785822400000002 -0.0012282419000000002 0.9999142825
1712732398.29558 0.00486488016 0.003652144719999999 0.23495430895999994 -0.0023988886000000003 0.012861614500000007 -0.0011259434000000003 0.9999135433999997
1712732398.328606 0.004955844599999998 0.0037282702799999994 0.24065633171999995 -0.0023047889000000006 0.01299029190000001 -0.0010212806 0.9999122856999996
1712732398.363525 0.005115007799999999 0.0035193925199999998 0.24370578623999992 -0.002299764700000001 0.01302038300000001 -0.0008984419000000002 0.9999120114999995
1712732398.396331 0.005422474399999999 0.0032048925999999993 0.24666005755999992 -0.0023278505000000013 0.013016211700000007 -0.0007411087000000002 0.9999121008999994
1712732398.434532 0.005710580119999999 0.00313450928 0.2498587895999999 -0.002299382500000001 0.013059085600000006 -0.0005335787000000002 0.9999116776999992
1712732398.47581 0.0058774592799999996 0.0028777271600000007 0.2530361968399999 -0.0023294694000000012 0.013149404500000007 -0.0003008506000000001 0.9999105153999992
1712732398.494957 0.0060881422 0.002801730120000001 0.25657007068 -0.0023471023000000016 0.013268310600000008 -4.0295800000000015e-05 0.9999088822999991
1712732398.534183 0.0061343727200000005 0.00258447448 0.26010741819999994 -0.002457664700000002 0.013411310500000006 0.00018164540000000003 0.9999065696999988
1712732398.568295 0.0065700720399999996 0.002986695040000001 0.26776675771999986 -0.0026106454000000014 0.013593283400000003 0.0003631674 0.9999036072999988
1712732398.596134 0.00710036852 0.0031482939600000013 0.27351601535999986 -0.0031972639000000017 0.0138192706 0.0005786097 0.9998973070999991
1712732398.630455 0.00742410032 0.0031298537200000025 0.2763695079599999 -0.003819797300000001 0.014034981799999995 0.0008577601000000001 0.9998908042999993
1712732398.66156 0.007691710600000002 0.003089720200000002 0.2787235816399999 -0.004299958300000001 0.014181630899999992 0.0011556709 0.9998861849999997
1712732398.697185 0.008020992559999999 0.0032719842400000016 0.2830744218399999 -0.0045536797 0.014308496999999993 0.0013924769 0.9998831510999999
1712732398.73545 0.00831067076 0.0035376790400000013 0.28666127364 -0.004748851899999999 0.014414171699999995 0.0016179436999999997 0.9998807133
1712732398.761778 0.00852527872 0.0036610098000000014 0.28957856536 -0.004965404099999999 0.014481736799999995 0.0017625781 0.9998788537
1712732398.797513 0.008741918639999999 0.003927567840000002 0.29164419367999994 -0.005082340899999999 0.014452721499999993 0.0018912181 0.9998787106000002
1712732398.83221 0.009019599119999997 0.003977177960000001 0.29043169091999993 -0.005219255899999999 0.014303672899999991 0.0019688821000000004 0.9998801292000004
1712732398.869332 0.009348810239999998 0.004156178600000001 0.28848580179999994 -0.005286415499999998 0.014162063599999997 0.0020545557 0.9998816669000007
1712732398.901087 0.009155375039999998 0.00404466916 0.28908331844 -0.0052861448999999994 0.014117048100000001 0.0021068785999999997 0.9998821914000008
1712732398.935247 0.00891672824 0.0041312138 0.2889384092 -0.004861019999999999 0.013925941900000006 0.0021684606000000003 0.9998873591000009
1712732398.966852 0.008750930439999997 0.004282323919999998 0.29104387088 -0.004448476500000001 0.013736391700000006 0.0021670453000000004 0.9998926818000011
1712732399.001305 0.008692263439999995 0.004424977199999998 0.29327709768 -0.004176956399999999 0.013597890800000007 0.0021079139 0.9998963296000006
1712732399.035938 0.008887443319999997 0.00441927248 0.29028601392 -0.0041036851 0.013378014800000004 0.0021247989 0.9998996675000008
1712732399.059822 0.008880138959999999 0.004232136159999999 0.28765322263999993 -0.004113061400000001 0.013252110900000003 0.0020940757 0.9999014139000011
1712732399.097754 0.008826544999999996 0.004111349199999999 0.28512432228000006 -0.004119384300000001 0.0131664917 0.0020736949 0.9999025881000009
1712732399.137335 0.008845906159999998 0.0038057580399999988 0.28276965612000016 -0.0041746897 0.0131311381 0.0020914461 0.9999027968000007
1712732399.160052 0.008875267519999997 0.004037492759999999 0.2830397035200002 -0.004099492800000002 0.013167329099999996 0.0021415413 0.9999024868000006
1712732399.200557 0.00873712 0.003965915519999999 0.2835988033200001 -0.004196409800000002 0.013208257099999992 0.0021366949999999997 0.9999015391
1712732399.232896 0.00879667096 0.003861173119999999 0.2817067164800001 -0.0041959495000000015 0.013156167499999993 0.0021780038 0.9999021351999999
1712732399.264507 0.00896375004 0.0037333741199999985 0.27978585936000017 -0.004210875900000003 0.01309179789999999 0.0022126769 0.9999028504999998
1712732399.299673 0.009009636720000002 0.0035693058800000013 0.27809632032000037 -0.004240822900000002 0.013068980799999996 0.0022823165 0.9999028623999997
1712732399.331569 0.009105958400000003 0.0035843136000000015 0.2765817577600004 -0.004219477900000004 0.0130325523 0.0023835574000000003 0.9999031961999997
1712732399.365023 0.008961394960000002 0.0035726566400000014 0.27784640828000035 -0.004213406900000005 0.013084728300000004 0.0024461414000000003 0.9999023914999995
1712732399.400319 0.008964502960000004 0.0035403566800000005 0.2792494527200004 -0.004223143700000004 0.013104766 0.0025139045 0.9999019205999993
1712732399.429482 0.009020317880000005 0.003486143639999999 0.28092223796000027 -0.004222949700000003 0.01312065440000001 0.0025781254 0.9999015628999999
1712732399.46186 0.009012533880000007 0.003607936079999998 0.28272941788000017 -0.004209228900000003 0.013129301100000013 0.0026439759 0.9999013482999999
1712732399.498346 0.008952319040000005 0.0034406279600000004 0.2848470606800002 -0.0043148679000000025 0.013137726400000016 0.0026399426000000004 0.9999008595999996
1712732399.526501 0.008963807160000005 0.0034971607999999994 0.28706754104000015 -0.0042682402000000005 0.013125440000000021 0.0026776475000000006 0.9999011457000002
1712732399.564175 0.008841787920000007 0.0034703314799999986 0.28939728608000004 -0.004319135400000002 0.013161224600000021 0.0026932426000000004 0.9999004245000002
1712732399.595832 0.008842736000000007 0.0034905116399999996 0.29428205659999984 -0.0043530667999999995 0.01322582280000002 0.0026806186999999994 0.9998994588999999
1712732399.632181 0.00894884648000001 0.0036441773199999998 0.29912495983999976 -0.0043205043 0.013272734600000013 0.0026279412999999996 0.9998990952999997
1712732399.663902 0.009013971680000012 0.0037312956800000007 0.3040549293599998 -0.004264430799999999 0.013319969100000006 0.002621977899999999 0.9998987077999999
1712732399.696812 0.009091789560000008 0.0038802688399999985 0.3090015860399998 -0.004179540199999998 0.013351378400000002 0.002625863399999999 0.9998986302999995
1712732399.730325 0.009238946640000011 0.00408572052 0.3139223970399998 -0.0041038925 0.013365676000000003 0.0026265622999999986 0.999898761499999
1712732399.763056 0.009417687440000011 0.004339086920000002 0.3189600957199998 -0.004066378000000001 0.013378859600000004 0.002652011299999999 0.9998986840999983
1712732399.801718 0.009553622400000007 0.004601765000000004 0.32418869727999994 -0.004063354100000002 0.013401981600000001 0.002677187199999999 0.9998983085999982
1712732399.829586 0.009644722360000014 0.004605847400000004 0.32852089983999994 -0.004147401400000003 0.0134141897 0.002701166899999998 0.9998977005999983
1712732399.872842 0.009758112840000015 0.004602416280000003 0.3330050205999999 -0.004247038300000003 0.013424258700000002 0.0027040442999999976 0.9998970747999983
1712732399.899581 0.00988501024000001 0.0045034547600000035 0.33746569920000014 -0.004332767500000004 0.013420627399999996 0.0027373334999999986 0.999896615799998
1712732399.933113 0.010000544120000012 0.004462480120000004 0.3396580684000001 -0.004427500900000003 0.013374366999999998 0.0028151547999999984 0.9998965799999986
1712732399.968318 0.010083120600000012 0.004486417040000003 0.3420846237200001 -0.004525642100000002 0.013331600899999995 0.002903425699999998 0.9998964726999994
1712732399.999226 0.01016139628000001 0.004423337800000001 0.3447334825200002 -0.0046974793000000015 0.013318616800000006 0.0029420178999999976 0.9998957574999991
1712732400.030303 0.01026606392000001 0.004399866800000002 0.3475491572000001 -0.0048770965 0.013305409700000003 0.0029540659999999982 0.9998950780000001
1712732400.068916 0.010359685280000003 0.004458626200000001 0.3505322547999999 -0.0050247771999999994 0.013309497700000006 0.002962507199999999 0.9998943150000003
1712732400.098173 0.01039360448 0.004395910399999998 0.3536018656799998 -0.0051842975000000015 0.01332544 0.0029414700999999986 0.9998933732000012
1712732400.134775 0.010486996800000007 0.004177226199999995 0.35394228771999986 -0.005348584000000001 0.013296904099999996 0.0029126845999999985 0.9998930394000013
1712732400.171322 0.01058004024 0.004089569119999995 0.3553386877599996 -0.005418694600000001 0.013286478299999993 0.0028824896999999987 0.9998928665000009
1712732400.199849 0.010766200759999999 0.0041933597999999975 0.35672101051999977 -0.0053602373000000035 0.013234220799999996 0.0028712329999999995 0.9998938798000012
1712732400.228305 0.010924113759999996 0.0042570948 0.35825830599999975 -0.005352867 0.013197695499999995 0.0027764958999999994 0.9998946427000022
1712732400.263393 0.01096311887999999 0.0041437477199999986 0.35979096384 -0.0053654855 0.013176586099999998 0.0026690514999999997 0.9998951255000023
1712732400.298995 0.011089840439999984 0.0041034537599999995 0.3612866798799997 -0.005291149099999998 0.013118711799999993 0.0025878682 0.9998964487000024
1712732400.335439 0.010943854039999989 0.003864237440000001 0.3626154988399996 -0.005267919899999996 0.0130867399 0.0024498726 0.9998973428000028
1712732400.366903 0.010924880679999988 0.003666969040000003 0.36399507003999965 -0.0051836193999999945 0.012999301400000007 0.0023455475000000005 0.9998991608000025
1712732400.396981 0.010925548479999995 0.0035030046800000026 0.36531498527999995 -0.005047906199999996 0.0129024095 0.0022426453 0.9999012947000026
1712732400.431696 0.011049605559999993 0.0036072582000000034 0.3663802632000002 -0.004923345599999995 0.012798931000000003 0.0021655224 0.9999034524000023
1712732400.467306 0.01112313999999999 0.0037913058400000053 0.3701452879600003 -0.004931222399999996 0.012762700299999995 0.0020793558000000005 0.9999040842000028
1712732400.498358 0.011157708519999995 0.0040435710000000045 0.37364924828000023 -0.0050783289999999925 0.01274271629999999 0.0020216192000000006 0.9999035180000035
1712732400.527982 0.011090528960000004 0.004027424520000002 0.3764625928000004 -0.00519931059999999 0.012767385399999975 0.0019925868000000013 0.9999026179000026
1712732400.564945 0.011235439880000015 0.004361052360000001 0.37837002112000034 -0.005126629399999994 0.01272885749999999 0.0020382598000000017 0.9999033511000022
1712732400.601897 0.011410190680000019 0.00454034392 0.3797988003600003 -0.005090422899999997 0.01269308539999998 0.0020562121000000004 0.9999039531000022
1712732400.632013 0.011532529120000018 0.004606954239999996 0.3805122263600004 -0.005071222799999997 0.01269491949999999 0.0020525623000000005 0.999904018700002
1712732400.67816 0.01178214212000002 0.004852385159999991 0.38092156900000046 -0.004959847000000001 0.012670105099999973 0.002100439200000001 0.9999047518000012
1712732400.700205 0.011955797280000026 0.005099930079999993 0.38062021844000077 -0.004823969 0.012699128099999957 0.0021584067000000014 0.9999047875000002
1712732400.730968 0.012125194760000017 0.005258740199999993 0.38006651340000064 -0.004836770499999999 0.012714775099999964 0.002210379700000001 0.9999044299000005
1712732400.764192 0.012064159520000015 0.005255231799999993 0.3795234354800005 -0.0048186844 0.012758535899999956 0.002228938800000002 0.9999039173
1712732400.801357 0.01214272864000002 0.005276281359999992 0.37870027748000035 -0.004672259899999998 0.012743622699999957 0.0022533140000000037 0.9999047875000002
1712732400.837344 0.01210874420000002 0.005239761519999992 0.3777288600400005 -0.0044278665 0.01273787209999997 0.002267436600000003 0.9999062955
1712732400.872499 0.012112677920000006 0.005353454679999994 0.37702575232000013 -0.0043062590999999985 0.012724969799999975 0.002255723200000001 0.9999071360000003
1712732400.903349 0.011929325800000001 0.005229211679999996 0.3768301871600002 -0.004321214099999998 0.012772561099999958 0.0022062622000000006 0.9999065697000006
1712732400.935611 0.011902521680000003 0.005349608039999994 0.3766664734000002 -0.004243961799999996 0.012768137499999966 0.002215757700000001 0.9999069571999997
1712732400.964009 0.011892802599999997 0.005373943120000001 0.3767539669600001 -0.004263736499999999 0.012744464099999964 0.002205589700000002 0.9999071955999994
1712732401.001795 0.011964889159999995 0.005482845760000002 0.3768026079999998 -0.0042834791999999955 0.01271534019999998 0.002185129700000002 0.9999075294000008
1712732401.033839 0.01198631924 0.005524507519999998 0.3770084289999997 -0.004375430599999996 0.012708149499999988 0.002124430500000002 0.9999074162000013
1712732401.064307 0.011924724560000006 0.00551416712 0.37719287479999974 -0.004388020999999997 0.012730499099999992 0.002097111900000004 0.9999071420000021
1712732401.099032 0.012020330280000003 0.005479828759999998 0.3771709866399997 -0.004401586699999993 0.012712277700000007 0.0020920911000000013 0.9999073268000018
1712732401.133312 0.01197282436 0.0054669045199999995 0.37716413559999984 -0.0044058669999999965 0.012747501800000016 0.002082051600000001 0.999906879800001
1712732401.175529 0.01214272136 0.005508743520000002 0.3770646213599996 -0.004375470899999995 0.012737327300000012 0.0020780885 0.9999071599000018
1712732401.20228 0.012294102520000003 0.005570516000000004 0.3769844917999997 -0.004333565699999997 0.012722423700000008 0.002072312800000001 0.9999075533000024
1712732401.231364 0.012485497079999996 0.005608322999999999 0.37691488491999964 -0.004302854599999994 0.012688346700000009 0.002085894200000002 0.9999081017000023
1712732401.283615 0.01243668271999999 0.005571633759999999 0.3769130825599997 -0.0043140894999999955 0.012716422000000005 0.002075131800000002 0.9999077202000024
1712732401.307133 0.012447663199999992 0.005554365879999995 0.3768495754799999 -0.004315012899999993 0.012729013200000017 0.002078987800000001 0.9999075533000024
1712732401.334241 0.012435434479999993 0.005555673199999999 0.3768671242 -0.004314559499999993 0.012745198199999997 0.002079007000000002 0.9999073447000015
1712732401.371637 0.012436820759999986 0.0056309301999999985 0.3769387711599999 -0.0042963855999999965 0.01273300930000001 0.0021010906000000023 0.9999075235000021
1712732401.404261 0.012452324639999977 0.005574670639999993 0.37697817051999993 -0.004315792499999993 0.012727231799999994 0.0020971303000000023 0.9999075175000016
1712732401.434574 0.012435241279999986 0.005617111079999997 0.37701658932000004 -0.004267759899999996 0.012747510099999993 0.002134160600000004 0.9999073685000027
1712732401.465512 0.01234985359999998 0.005619461119999996 0.3770144531999998 -0.004267370799999992 0.012761460000000002 0.0021382359000000047 0.9999071837000031
1712732401.504831 0.012356980719999975 0.005679734199999995 0.37717957311999983 -0.0042491083999999955 0.012749166499999997 0.0021611283000000066 0.9999073685000027
1712732401.532592 0.012348937719999972 0.0056388191999999955 0.37738521883999965 -0.0042254329999999955 0.012766114100000014 0.0021736094000000066 0.9999072314000017
1712732401.567037 0.01229836747999998 0.005619411279999998 0.37754738867999993 -0.004218232699999996 0.012810333900000016 0.0021613168000000045 0.9999067128000008
1712732401.605381 0.01230604339999998 0.005648967520000001 0.37781732547999974 -0.004173009099999997 0.012833376400000018 0.0021475530000000047 0.9999066353000003
1712732401.634817 0.012214524279999984 0.005639214559999998 0.37829227379999963 -0.004156376899999997 0.012886233600000008 0.002106300700000005 0.9999060989
1712732401.671045 0.012128115999999979 0.005650316559999998 0.37878875551999963 -0.004144593299999999 0.01294961830000001 0.0020747413000000046 0.9999053896000006
1712732401.69855 0.012057117239999977 0.005530171919999999 0.3794523513199995 -0.0041315179999999955 0.013029691499999996 0.002049726700000004 0.9999044597999998
1712732401.737505 0.011984162679999985 0.005577664960000002 0.3801956927999993 -0.004060819899999996 0.013093920699999994 0.0020420364000000024 0.9999039292999996
1712732401.773052 0.01197587215999999 0.005482928639999997 0.3811183815599991 -0.0040354549999999986 0.013143922899999994 0.001988212200000003 0.9999034821999985
1712732401.804695 0.012120939319999987 0.005501124439999994 0.3822538882399993 -0.003965299899999997 0.013165976999999973 0.001964962600000003 0.999903523899998
1712732401.831416 0.011941489559999985 0.005446423359999993 0.3835472213999993 -0.003937493599999997 0.013272854599999984 0.0018990648000000027 0.9999023615999973
1712732401.86293 0.01188437123999999 0.005430760439999992 0.3849663792799995 -0.003949151000000001 0.013334376199999975 0.001843914100000002 0.9999015926999973
1712732401.9036 0.011841275599999989 0.005366149879999992 0.38673294183999957 -0.003970102300000005 0.013365594499999989 0.001801144700000004 0.9999011635999991
1712732401.932134 0.011771328519999992 0.00522095475999999 0.3886274195999995 -0.004028311600000006 0.013427200199999989 0.001730892600000003 0.9999002159
1712732401.965776 0.01175952259999999 0.005251127839999994 0.39061557443999984 -0.003995779400000005 0.013484078999999993 0.0016781833000000025 0.9998996616
1712732401.999611 0.011716158999999995 0.005260645879999989 0.39289601288000003 -0.004011564900000003 0.0135334536 0.001623717300000002 0.9998989999999992
1712732402.034497 0.011680925760000006 0.0053679701599999895 0.39536320488000026 -0.0040709475 0.013558973600000001 0.0015414177000000028 0.9998985290999982
1712732402.070394 0.011670919680000004 0.00552325059999999 0.39804706144000035 -0.004149450799999998 0.01357097340000002 0.0014286276000000041 0.9998982012999974
1712732402.103869 0.011619200319999997 0.005753265839999994 0.4008942268800008 -0.0042528033999999935 0.013577011200000011 0.0013288731000000026 0.9998978198999978
1712732402.135931 0.01163806224 0.006094032559999996 0.4039750758400007 -0.004315342599999994 0.013557626000000012 0.0012661814000000022 0.9998979212999984
1712732402.170089 0.01175257664 0.00642267612 0.40712865256000086 -0.0043466959999999945 0.013504386099999998 0.0012157967000000019 0.9998985709999986
1712732402.20384 0.0118347726 0.0068283891199999985 0.41034056280000086 -0.004345279199999996 0.013455309000000004 0.0011476092000000022 0.9998993219999989
1712732402.233418 0.01184968596 0.007156343599999998 0.413639553600001 -0.004371911299999987 0.013441247899999986 0.0010464768000000013 0.999899500799998
1712732402.276639 0.011773946519999998 0.007451471160000001 0.41719293504000093 -0.004440088499999983 0.01343406239999998 0.0009747822000000017 0.9998993457999973
1712732402.29983 0.011803331959999996 0.007836979640000004 0.4209014686800007 -0.004505930899999988 0.013380603199999985 0.0009531525000000013 0.9998998106999977
1712732402.338904 0.011811319519999995 0.008136268560000008 0.42467335904000036 -0.004556346199999994 0.013341911399999984 0.000918809000000001 0.9999001503999978
1712732402.365599 0.011723493039999984 0.008326446240000005 0.42849710288 -0.004609476199999995 0.013336215499999993 0.0008910009999999996 0.9999000013999989
1712732402.404685 0.011680702039999977 0.008136213400000007 0.43158877887999986 -0.004760857899999993 0.01332892339999998 0.0008283806999999976 0.9998993337999991
1712732402.436713 0.011619364679999978 0.007906297280000005 0.4346417527199997 -0.004901276899999996 0.013340833799999997 0.0007379190999999979 0.9998984515999979
1712732402.469342 0.011458717199999975 0.007513075640000006 0.4377108775199995 -0.0050406815 0.013384648600000016 0.000603571199999997 0.999897259499997
1712732402.501905 0.011323740959999972 0.007141863960000004 0.44083591579999987 -0.005176841099999996 0.013427146000000011 0.0004596065999999982 0.9998960554999968
1712732402.532762 0.011128309919999958 0.006670289080000004 0.4440706818799995 -0.005319363599999993 0.013472907099999997 0.00032114009999999746 0.9998947858999969
1712732402.565323 0.01103440127999996 0.00626603712 0.4473826901599989 -0.0054080991999999935 0.013480700800000012 0.0001915231999999961 0.9998942255999964
1712732402.597214 0.010987507719999968 0.005866723799999999 0.45063712483999946 -0.005454458699999998 0.013472096500000008 5.070439999999565e-05 0.9998940825999967
1712732402.633231 0.010766146439999989 0.005246834319999992 0.45388903083999976 -0.005574098799999994 0.013506587399999992 -0.0001650829000000048 0.9998929857999969
1712732402.668151 0.010502416119999972 0.004609172679999983 0.45733978583999957 -0.0056907790999999874 0.013514991999999993 -0.00037639010000000415 0.9998922168999969
1712732402.705684 0.010657097639999969 0.004395887719999986 0.46089446088 -0.005609428899999991 0.013397755499999974 -0.0005364558000000047 0.999894112299998
1712732402.733938 0.010317098679999982 0.004066091119999984 0.46524624187999974 -0.005518719299999997 0.013403426099999982 -0.0006902787000000049 0.999894463999999
1712732402.765524 0.010004010239999967 0.003793195839999982 0.4697754552399996 -0.005421233699999995 0.013407890499999953 -0.0008248295000000044 0.9998948514000006
1712732402.800607 0.01001455251999999 0.0038090301199999706 0.4745054241199996 -0.0052369994999999945 0.013319816799999962 -0.0008551943000000034 0.9998968720000022
1712732402.83475 0.010120771359999997 0.0038348783199999657 0.47919491311999957 -0.0050398284999999985 0.013211880299999956 -0.0008402852000000044 0.9998992025000035
1712732402.865653 0.01060699892000001 0.004149584319999961 0.48418947416000035 -0.004766164299999998 0.013013060199999949 -0.000788180400000002 0.9999028682000045
1712732402.897509 0.01099277284000001 0.004479769559999969 0.48913159316000115 -0.004483198700000001 0.012842711299999943 -0.0006794843999999994 0.9999061822000044
1712732402.93185 0.01143393468 0.004893209999999964 0.49413449456000064 -0.004152597899999999 0.012676406999999945 -0.0006002087999999988 0.9999096035000037
1712732402.96419 0.011670946839999996 0.0051673535199999775 0.49912134524000007 -0.0038440149000000035 0.012567367699999932 -0.0005496053999999972 0.9999123752000031
1712732403.008483 0.011985232280000013 0.005480787759999989 0.5039847201200003 -0.0035127726999999997 0.012464015699999931 -0.0005213281999999986 0.9999151587000028
1712732403.035536 0.01196918072000003 0.005331859119999996 0.5082705034400006 -0.003343179900000004 0.012472506699999952 -0.000504298899999997 0.9999156296000024
1712732403.069496 0.012423346040000038 0.0055408301199999935 0.5127168043200011 -0.0030653131 0.012359817899999959 -0.0004661858999999963 0.9999181747000023
1712732403.102868 0.012895041040000067 0.005728242239999992 0.5170635117200008 -0.002763030499999997 0.012213565899999956 -0.00041867409999999663 0.9999212265000011
1712732403.139214 0.012980519160000066 0.0055743623600000005 0.5212632950000009 -0.002582664599999995 0.012180238399999955 -0.0004399964999999978 0.9999221503000001
1712732403.164741 0.013007363040000056 0.005416262880000006 0.5255827696000005 -0.002415593599999988 0.01217888979999997 -0.00046459209999999694 0.9999226450999998
1712732403.203717 0.012748287720000053 0.004984189000000011 0.5296756035200001 -0.0023321903999999893 0.01225322529999997 -0.0004952999999999985 0.9999219595999989
1712732403.23124 0.012551768600000054 0.0046916830800000035 0.5340093768799999 -0.0022436324999999925 0.012330222899999965 -0.0005332905999999998 0.9999212443999994
1712732403.264299 0.012458862640000049 0.004430248480000016 0.5381480314000007 -0.0022534461999999976 0.012371826299999977 -0.00047942359999999796 0.9999207138999993
1712732403.302425 0.012650872080000045 0.0044137497600000115 0.5425996811200011 -0.0022171386999999985 0.012338974599999997 -0.00028102339999999947 0.9999211430000002
1712732403.332641 0.012869947440000033 0.004533209240000013 0.546955780280001 -0.002176147400000006 0.012295331799999998 -1.7937399999998217e-05 0.9999216794999995
1712732403.372045 0.013163095960000022 0.005669957720000012 0.5518860205600007 -0.0022234980000000017 0.012200216000000009 0.0001501667000000012 0.999922656999999
1712732403.401333 0.013713972160000013 0.005866399000000022 0.5569414141200003 -0.0026311213000000055 0.012063385399999982 0.0005212989000000029 0.9999221086999995
1712732403.436925 0.014219092720000005 0.005487626760000019 0.5615294529600011 -0.0028223416000000114 0.012015424299999999 0.0009277969000000025 0.999921643799999
1712732403.469789 0.014198222919999979 0.005973453920000025 0.5648071814000012 -0.002788914000000009 0.012091952199999988 0.0010565385000000037 0.9999207318999993
1712732403.499397 0.014281125599999979 0.006081824280000018 0.567868270480001 -0.002885574000000013 0.012080383800000006 0.0012836625000000018 0.9999204874999975
1712732403.53446 0.014495373199999974 0.006434358840000014 0.5703286156400013 -0.0028385402000000058 0.012002477600000016 0.0015186593000000026 0.9999212742999987
1712732403.570079 0.014572859839999959 0.006608243880000021 0.5720929043200011 -0.002871954600000004 0.011963956800000019 0.001620733300000002 0.9999216318999998
1712732403.600995 0.014497097719999975 0.006669239080000012 0.5735381433600006 -0.0028293028 0.011987946700000007 0.0016939603999999997 0.9999213518000005
1712732403.634544 0.014578815159999956 0.006855218440000012 0.5743457720000001 -0.0027930215000000038 0.01195660150000002 0.0017562851000000018 0.9999217034999986
1712732403.664584 0.01463784699999997 0.00686441112 0.5748576330000008 -0.0027811637999999974 0.011928792800000032 0.0017872092000000006 0.9999220014999992
1712732403.698736 0.01463884687999998 0.005964371840000002 0.5748094427600006 -0.002692578899999998 0.011945718800000015 0.0018847086000000012 0.9999218762999987
1712732403.734248 0.014198107559999975 0.00601185816 0.5740242947600009 -0.002260369299999998 0.012053808200000038 0.0017414133999999997 0.9999227821999994
1712732403.764901 0.013836397679999968 0.006613963160000012 0.5732783624400001 -0.0020632085999999993 0.012074894500000034 0.001564006000000001 0.9999235272000021
1712732403.802134 0.014082780599999985 0.006407282560000005 0.5735252642000005 -0.0020952342000000066 0.011953652700000017 0.0016890587000000013 0.9999248146000014
1712732403.836475 0.014285435359999979 0.006567105440000016 0.5734707274800003 -0.002013145900000013 0.011896350999999994 0.001671149600000002 0.9999257444000023
1712732403.865505 0.014335240919999992 0.006575372160000016 0.57353609096 -0.002056815600000017 0.011909215099999981 0.0016535266999999992 0.999925553700001
1712732403.903592 0.014427778960000021 0.006649105680000018 0.5736937670799999 -0.0020513420000000115 0.011879056299999968 0.0017179713000000014 0.9999258338999993
1712732403.937127 0.014637460880000008 0.006785322040000028 0.5738269395599996 -0.0020577843000000096 0.011791869899999963 0.001780284300000004 0.9999267755999994
1712732403.96532 0.014592873120000025 0.006694817640000026 0.5738721925999997 -0.0020709505000000017 0.01179515759999994 0.0017628955000000058 0.9999267398
1712732403.997132 0.014683758040000019 0.006695012240000024 0.5738287668399996 -0.0020633401000000108 0.011774640499999923 0.0017606246000000047 0.9999270021000001
1712732404.033502 0.014631203160000016 0.0066639476400000165 0.5737681303200002 -0.0020599602000000105 0.011789012599999937 0.001736620800000005 0.9999268889000007
1712732404.069259 0.014800127160000008 0.006736229920000012 0.5738726428400001 -0.0020513400000000126 0.01173731749999991 0.0017846226000000048 0.9999274372999991
1712732404.10553 0.014923866159999997 0.006869840880000001 0.5741388161600004 -0.002033490100000013 0.011707039499999938 0.0018392682000000049 0.9999277412999987
1712732404.132866 0.014765816799999984 0.0068020262800000016 0.57397562796 -0.002030504500000008 0.011738123399999934 0.0017763404000000038 0.9999274730999985
1712732404.165303 0.014621948600000007 0.006793378479999991 0.57383967704 -0.0020096866000000047 0.01176594829999993 0.0017636552000000027 0.9999272048999984
1712732404.205247 0.014580516439999991 0.0066423649599999905 0.5738255829599999 -0.0020291295000000042 0.011770681599999966 0.0017495688000000065 0.9999271333999985
1712732404.233001 0.014584202359999979 0.00662157551999999 0.5737831506399995 -0.001993709900000007 0.011815187699999985 0.0017230364000000054 0.9999267041999985
1712732404.264627 0.014377086079999985 0.006523951839999991 0.5737696781599999 -0.001993615400000004 0.01192193399999999 0.0016633232000000052 0.9999255001999984
1712732404.301565 0.014480311439999973 0.006426847559999988 0.5739468725200002 -0.0019657579000000092 0.011943556499999985 0.001672438300000001 0.9999252796999997
1712732404.336203 0.01439313203999997 0.0065338425599999915 0.5741684732000002 -0.0019058547000000091 0.012039047699999994 0.0016648521000000027 0.9999242484999996
1712732404.369695 0.014497097719999975 0.006377181439999995 0.57451145528 -0.00188995970000001 0.012120955099999975 0.0016711232999999993 0.9999232649999982
1712732404.402401 0.014494805359999993 0.006222592039999987 0.5749343454399994 -0.001866017700000011 0.012265889200000001 0.0016762117999999993 0.9999215185999987
1712732404.43096 0.014525529760000001 0.006010890479999997 0.57536882648 -0.001884481800000004 0.012385543499999985 0.0017072417000000006 0.9999199569999974
1712732404.467484 0.014786876160000028 0.005922641200000005 0.57605248288 -0.0018474865000000062 0.012458711300000003 0.0018006593000000014 0.9999189436999985
1712732404.500985 0.01494676400000002 0.0058267202000000014 0.5767901498800003 -0.0018183848000000058 0.012562368700000003 0.0018644362000000026 0.9999175846999975
1712732404.536399 0.014770335720000038 0.005775047879999999 0.5775023951200011 -0.0017332590000000091 0.012761668699999973 0.0018379163000000031 0.9999152600999963
1712732404.563545 0.014597836120000048 0.0055946987599999895 0.5782440843200011 -0.0016774937000000102 0.012948961999999975 0.0018349022000000049 0.9999128877999965
1712732404.598599 0.014655204480000041 0.005524800119999974 0.5792322995200011 -0.001588065800000016 0.01307614659999996 0.0018966996000000015 0.999911230799998
1712732404.631437 0.014447151040000036 0.005503458799999978 0.5801337514000015 -0.001513183600000012 0.013274033199999957 0.0019179636000000056 0.9999087034999974
1712732404.666407 0.014124346880000027 0.005224910599999983 0.5810479953600008 -0.001412303700000006 0.013482151499999961 0.0018658021000000024 0.9999060570999972
1712732404.703887 0.013622884520000031 0.005238359279999985 0.5821237626400001 -0.0012948715000000055 0.013697321099999948 0.0018158789000000063 0.9999033331999982
1712732404.735763 0.01320687648000002 0.005271559999999995 0.5833134302800002 -0.0011944281 0.013865826799999948 0.0018277257000000047 0.999901097999998
1712732404.769102 0.012545259720000014 0.005305499919999989 0.5844973943199998 -0.0010590054999999987 0.014115513499999954 0.0017516277999999996 0.9998978971999974
1712732404.802105 0.01180947404000001 0.005358313799999989 0.5858210019199995 -0.0009679584999999991 0.014388455599999971 0.001660812899999997 0.9998942732999978
1712732404.833436 0.011025302680000001 0.005423852839999998 0.5873020815199992 -0.000864223899999994 0.014674114999999998 0.0015473005999999956 0.9998904347999996
1712732404.869606 0.010373701799999985 0.005534565120000003 0.588859773039999 -0.0007891208999999955 0.014900716600000008 0.001479594699999992 0.999887234000002
1712732404.900656 0.010230181359999965 0.005238409960000012 0.5907727422799997 -0.0008249441999999996 0.01500159270000001 0.0014587420999999877 0.9998857439000034
1712732404.93245 0.01001687203999995 0.004905158720000025 0.5924539933199997 -0.0009091780999999965 0.015108272300000048 0.001309445999999992 0.9998842538000019
1712732404.964687 0.009833050359999982 0.004567614800000019 0.5941088333600001 -0.0010100310000000002 0.015200467400000051 0.0011865147999999882 0.9998829425000025
1712732405.000764 0.009696142959999977 0.0042413792400000224 0.5965560899199996 -0.0011966730000000036 0.015305226300000063 0.0011404261999999887 0.9998811662000037
1712732405.035196 0.009565315759999983 0.0038964189600000274 0.599315056479999 -0.001376927800000005 0.015428218700000062 0.0010025425999999893 0.9998790681000032
1712732405.06983 0.00936019027999998 0.003509626960000018 0.601942031599999 -0.0015678855000000103 0.01555095990000006 0.0007908836999999891 0.9998770594000035
1712732405.10319 0.009934793119999997 0.003494936200000018 0.6053712489999984 -0.001646967300000013 0.015499256500000058 0.0007346973999999895 0.9998778224000034
1712732405.135597 0.010513529319999998 0.0034688432800000046 0.6089893308799987 -0.001712079600000016 0.015417401300000045 0.0006425065999999923 0.9998790800000024
1712732405.167053 0.011113011560000014 0.0034272462000000067 0.6127645717199981 -0.0017845921000000154 0.015327883700000022 0.0005852921999999928 0.9998804270000022
1712732405.202201 0.012163928840000037 0.0035248651200000024 0.6170394610799973 -0.0018195047000000076 0.015131688000000042 0.0005652438999999953 0.9998833536000007
1712732405.232404 0.01281937720000004 0.004062721040000001 0.6212772582799962 -0.0017460736000000088 0.014993588800000035 0.000541261799999998 0.9998854516999984
1712732405.26612 0.013437541320000069 0.004624803400000001 0.625890785799995 -0.0016126668000000066 0.014855146400000008 0.000609364699999998 0.9998875497
1712732405.297263 0.013817909840000064 0.004923378320000009 0.6307240197999943 -0.0014886336 0.01478119600000003 0.0005816494000000005 0.9998888311999992
1712732405.33088 0.014390161240000088 0.005187310520000004 0.6350729053199942 -0.0012780287 0.014650867199999995 0.0005474470000000009 0.9998910723999984
1712732405.367156 0.01510760748000006 0.005507038599999997 0.6390056556799945 -0.001051055199999995 0.014471024000000022 0.0006166915999999967 0.9998940823999988
1712732405.400648 0.01571372152000006 0.005849885720000009 0.6433060712399957 -0.0008104132999999902 0.014336528900000011 0.0006911899999999971 0.9998964725999968
1712732405.432981 0.01582635964000006 0.005778132080000015 0.6471374005599962 -0.000721356899999992 0.014304241600000012 0.0006485921999999977 0.9998970685999978
1712732405.467128 0.01599872204000005 0.0057308003200000285 0.6510994613199966 -0.000671827299999983 0.014291849200000017 0.0006911843999999945 0.9998972831999993
1712732405.5072 0.016232954360000048 0.005604938360000024 0.6552291785199968 -0.0006265486999999847 0.014251749300000015 0.0007472836999999954 0.9998978911999984
1712732405.532396 0.016148954920000038 0.005319215440000029 0.6591384634799965 -0.0005976515999999932 0.014283798899999978 0.0007803305999999954 0.999897426299998
1712732405.567638 0.015989657320000048 0.00498548316000003 0.6631162039599979 -0.000597877499999988 0.014328580199999986 0.0007991301999999978 0.9998967884999985
1712732405.599477 0.01599316796000002 0.0047062428000000265 0.6672773181199997 -0.000593134399999995 0.014348310399999998 0.0008266184999999981 0.9998964845999978
1712732405.634828 0.01615621560000002 0.004620372960000025 0.671649555919999 -0.0005447149999999956 0.014300603499999998 0.0009401635999999991 0.9998970448999984
1712732405.666811 0.016257512880000012 0.0044770485200000265 0.6762559403599997 -0.0005578671999999952 0.014237426499999994 0.0010923412999999994 0.9998977183999983
1712732405.699737 0.016353628480000014 0.00435383172000002 0.6811473821600003 -0.0005046145000000002 0.0141568248 0.0012274797000000003 0.9998986481999992
1712732405.732826 0.016654188600000005 0.004353697600000021 0.6861926870399997 -0.0003864951000000061 0.014028469700000023 0.0014688796000000004 0.9998999595000015
1712732405.765109 0.01701270760000001 0.004332512800000013 0.6911738173200004 -0.0001794085000000112 0.013867228500000018 0.0017403875000000014 0.9999015807000007
1712732405.803709 0.017347818040000015 0.0042795942000000056 0.6961988821200003 7.322589999998463e-05 0.013699171099999985 0.001961230900000005 0.9999033569000005
1712732405.838203 0.017740763599999994 0.004268708640000007 0.7012190738000009 0.00029929379999997784 0.01353414100000001 0.002218859800000006 0.9999050139000019
1712732405.876253 0.01806650916 0.004241547800000012 0.705859992880002 0.00046975429999998044 0.013414499600000029 0.002504450600000002 0.9999059318000036
1712732405.909202 0.018366216680000012 0.004207283360000009 0.7106613710000016 0.0006607057999999833 0.013319772500000004 0.0027586367 0.9999065934000043
1712732405.9385 0.01870195012000002 0.004082548680000003 0.7152952886800014 0.0008149793999999821 0.013240507499999988 0.003051965999999995 0.9999067901000046
1712732405.967337 0.01908246564000002 0.003996347880000003 0.7198428311200018 0.0009503109999999815 0.013158809299999996 0.0033212619999999915 0.9999070107000051
1712732406.005 0.01954078727999999 0.00416697176000001 0.724408535760002 0.0011025599999999857 0.013068107500000004 0.0035918876999999905 0.9999072074000054
1712732406.034169 0.019951095079999967 0.00428408904000001 0.7291496324000024 0.0011350045999999891 0.012994130500000001 0.0038639998999999924 0.9999072432000048
1712732406.068556 0.020288726079999965 0.004431289800000004 0.7339753520400025 0.0010755623999999964 0.012947543499999981 0.004049069799999994 0.9999071478000048
1712732406.09782 0.020522571719999928 0.004657689400000007 0.7390666735200025 0.0008438059000000053 0.012953811399999982 0.004206094699999996 0.9999065101000071
1712732406.134412 0.02077615707999992 0.004939142040000004 0.7447471441200016 0.0005115838000000039 0.01297840309999998 0.0043900673999999916 0.9999054671000038
1712732406.170582 0.020970951119999935 0.00523679296 0.7504949975600025 0.00015561650000001093 0.013033295899999953 0.004477327499999989 0.9999042333000006
1712732406.2053 0.02118586847999995 0.005593862119999994 0.7570547938800016 -0.0002057934999999844 0.013070246699999944 0.004517958099999992 0.9999032975000006
1712732406.232948 0.021393217719999916 0.005994009279999992 0.7636018479600009 -0.0005902553999999838 0.01308105989999997 0.004543866499999993 0.9999027313000027
1712732406.266369 0.021500247439999932 0.006307259279999993 0.7705260301200001 -0.0009920782999999767 0.013091063899999967 0.004482056199999996 0.9999024392000024
1712732406.30194 0.02167406835999995 0.006751565799999982 0.7771285009599999 -0.0013922699999999843 0.013113793999999946 0.004392806499999996 0.9999020994000005
1712732406.336812 0.021714468719999987 0.007104247079999979 0.7836877381199995 -0.0018628518999999843 0.013174235799999944 0.0042357056 0.9999014079999995
1712732406.367293 0.021696284680000007 0.007396798639999986 0.7904246747599983 -0.002331046899999989 0.013257286399999924 0.004075353300000001 0.9999001444000015
1712732406.40469 0.02169979056000005 0.0075294934399999765 0.797063586759998 -0.0027799984999999916 0.01335117329999993 0.0038318181000000008 0.9998989225000002
1712732406.435874 0.021706854400000093 0.007653725239999984 0.8036735845599977 -0.0031715522999999912 0.013432504699999948 0.003563256199999998 0.9998976588999995
1712732406.467455 0.021681706760000096 0.007736377039999992 0.8100574089999992 -0.003553838599999992 0.013495734499999967 0.003258006200000002 0.9998964787000034
1712732406.504971 0.02161589136000007 0.007898306079999999 0.8166498496799985 -0.00388473909999999 0.013535374399999966 0.002949822000000002 0.9998955310000042
1712732406.535595 0.021443796920000025 0.008068423160000008 0.8230677618799993 -0.0042231705999999924 0.01358660989999998 0.0026634816000000007 0.9998941899000044
1712732406.568875 0.021436264920000045 0.008032627680000003 0.82974128748 -0.004579326099999992 0.013589829899999994 0.0024387489999999957 0.9998931587000015
1712732406.606194 0.02141893432000005 0.008129300480000008 0.8363076761199993 -0.004872536199999999 0.013596132000000028 0.0022321841999999982 0.9998923063999996
1712732406.63544 0.021316233400000027 0.008121345680000013 0.8435960022000009 -0.005169976899999995 0.013611829300000045 0.0020931998000000007 0.9998911620000002
1712732406.670388 0.021456357720000038 0.008055474840000016 0.8509871008800016 -0.005403420800000003 0.013592004600000073 0.0020270198999999987 0.9998905302000025
1712732406.704196 0.021629911240000063 0.008011267880000016 0.8583935953600018 -0.005564970099999999 0.013575477100000066 0.001990535099999996 0.9998900772000013
1712732406.737436 0.021718776240000022 0.007929891480000012 0.8659108068800011 -0.0056966229000000035 0.013552222400000069 0.0020194348999999943 0.9998896838000008
1712732406.771513 0.021968763600000024 0.00806837052000002 0.8732788327200017 -0.005750427600000008 0.013492880600000045 0.002121223299999997 0.9998899460000018
1712732406.801658 0.022306044600000036 0.008199277800000003 0.8805343139600004 -0.005736993800000001 0.013397494200000049 0.002303611499999997 0.9998907863999988
1712732406.838064 0.02270522744000006 0.008257280639999993 0.8878704715999992 -0.0057383770000000054 0.01329758800000005 0.002581515000000001 0.9998913645000016
1712732406.865629 0.023260575240000046 0.008270742479999994 0.8953180468399994 -0.005690237700000001 0.013188410500000058 0.0029260688000000033 0.9998920380000016
1712732406.900871 0.023726418800000034 0.008695861160000012 0.902694500679999 -0.005621898000000003 0.013137993900000033 0.0032787508000000076 0.999891906900001
1712732406.935363 0.02416150380000001 0.008988003080000011 0.9102950418799993 -0.005731804699999998 0.013130720900000004 0.0036648039000000076 0.9998899219999998
1712732406.969416 0.02469123411999998 0.009186720480000011 0.918011014479998 -0.0058355292 0.013129259299999996 0.0040350572000000026 0.999887794099999
1712732407.003783 0.025112073839999964 0.009481668560000009 0.9257994521999977 -0.005933850099999994 0.01314075269999999 0.004333492200000006 0.9998858092999967
1712732407.034095 0.025539142159999965 0.009740163440000013 0.9336700595599972 -0.006087556299999996 0.013140172700000008 0.0046318585000000075 0.9998835442999962
1712732407.071412 0.025987777199999982 0.010039435560000011 0.9415987456399975 -0.006275592699999988 0.013122156799999996 0.004949482100000008 0.9998811839999974
1712732407.10324 0.026316895919999965 0.010104996719999985 0.9498782241199973 -0.006537644699999989 0.013133167300000003 0.005272590100000007 0.9998777805999964
1712732407.139969 0.02661748347999995 0.010234159040000001 0.9582028889999975 -0.00680495499999999 0.013162268499999996 0.005549120200000007 0.9998742281999966
1712732407.172971 0.026989069799999973 0.010507727720000005 0.9666522728799983 -0.007070533899999986 0.013199619900000004 0.0057923782000000035 0.9998706280999954
1712732407.204112 0.027295496199999995 0.010682379399999999 0.9753121173599976 -0.007376524299999987 0.013275527399999997 0.005947435299999998 0.999866598899996
1712732407.233203 0.02755920047999998 0.010618255199999984 0.9841491771999968 -0.00765107559999999 0.013381729899999995 0.006052133599999998 0.9998626470999966
1712732407.272687 0.027920396559999974 0.010635413039999984 0.9929434370799972 -0.007732315299999992 0.013433711200000031 0.006100772399999993 0.9998610616000008
1712732407.304149 0.028156991519999987 0.010617361439999988 1.001689323039998 -0.007805270299999989 0.013474654000000008 0.006137564499999998 0.999859744400004
1712732407.334042 0.028399179199999992 0.01059727284 1.0102218781199988 -0.007822286599999983 0.013483323899999978 0.006173012 0.9998593092000079
1712732407.369029 0.028668884439999997 0.010919292160000009 1.0188419186400002 -0.007773615599999973 0.013519047099999959 0.006150409899999998 0.9998592973000087
1712732407.403446 0.029005317319999963 0.01111419512000002 1.0275744698799998 -0.007802224599999985 0.01359304889999997 0.006080366499999995 0.9998584569000059
1712732407.437208 0.029304387279999976 0.011363187640000029 1.0364238046399992 -0.007807982399999991 0.013688477799999977 0.005908169899999993 0.9998580397000069
1712732407.470942 0.029583665719999992 0.011559160200000038 1.0453692446399991 -0.007863724599999988 0.013798893999999961 0.005719656699999987 0.9998570920000077
1712732407.501175 0.029829820719999983 0.011542690040000048 1.0542848859199985 -0.007929612399999985 0.013900936499999971 0.005548483899999989 0.9998560907000069
1712732407.535438 0.030104509680000016 0.011732856520000036 1.0632462391599993 -0.007936781299999996 0.013977996299999962 0.005383936299999992 0.9998558642000035
1712732407.569912 0.030465637160000048 0.011943540280000041 1.07223976944 -0.007948549199999998 0.01405031619999999 0.005176661299999985 0.999855816500002
1712732407.60498 0.030681266840000058 0.012194388920000061 1.08144532076 -0.007993643400000005 0.014208258799999962 0.004999037699999986 0.9998540761000015
1712732407.641187 0.030947727440000062 0.012508548360000062 1.0907664955600003 -0.008008778999999999 0.014380430599999983 0.0047429398999999876 0.9998527110999987
1712732407.673178 0.031176121200000056 0.01276244060000005 1.1004531490399985 -0.008026046700000001 0.014540040900000006 0.004508100899999978 0.9998514415999977
1712732407.703399 0.03136338380000004 0.012747589680000025 1.1103549027199973 -0.008025485100000007 0.01463265330000003 0.004317126499999979 0.999851012399995
1712732407.735804 0.031658937800000043 0.012755415120000042 1.1204304171199984 -0.007879182600000001 0.014651562500000059 0.004177382499999982 0.9998523951999971
1712732407.769685 0.032006845360000064 0.01274207956000006 1.1306295907199992 -0.007658378999999993 0.01468195570000006 0.004089601299999979 0.9998538375999942
1712732407.804815 0.032254373200000054 0.012653287640000056 1.1408294570399995 -0.0073765458 0.014739295300000111 0.003937825099999981 0.999855595899993
1712732407.84309 0.03230442852000003 0.012495405440000041 1.151010014 -0.007022462100000015 0.014789049300000068 0.0037172487999999836 0.9998581945999945
1712732407.869992 0.032381203959999987 0.012427667840000042 1.16137582204 -0.006606820400000002 0.014775224400000031 0.0035344700999999866 0.999861812599994
1712732407.909274 0.032389547119999994 0.012570000520000048 1.17169570952 -0.006168733999999998 0.014729959499999978 0.0034765697999999956 0.9998654484999975
1712732407.939881 0.032566539040000016 0.012618350640000034 1.1822248057199995 -0.00586339939999998 0.014604268699999956 0.003529629599999995 0.9998691200999985
1712732407.974903 0.03301376876000002 0.012403732320000017 1.1930983772400003 -0.005593487299999977 0.014435844999999992 0.0037495228999999907 0.9998722970000017
1712732408.002095 0.03340513680000004 0.012245920680000029 1.204078518440001 -0.0052442252999999935 0.014332416099999978 0.004012319399999997 0.9998743950000005
1712732408.039091 0.03392699800000005 0.012257901880000047 1.2149707236800025 -0.004892888699999998 0.014265107700000002 0.004231571599999995 0.999876058000001
1712732408.071106 0.0340123753200001 0.013357228640000027 1.2252669455600025 -0.004668183000000004 0.014301751699999966 0.004198163899999996 0.9998767911000016
1712732408.104947 0.03424559460000009 0.013786311840000018 1.2359288051600017 -0.005365462700000001 0.014265572999999953 0.004255308400000002 0.9998706220000031
1712732408.13546 0.03472780220000011 0.013069665000000006 1.246312387320001 -0.005884555600000008 0.014240786199999888 0.004507799300000004 0.9998655735000057
1712732408.168238 0.0350101340400001 0.014131699960000006 1.2554021396000012 -0.006002630500000006 0.014327649599999947 0.004636978400000003 0.9998631357000022
1712732408.214564 0.03552718960000014 0.014083862520000004 1.263894323440001 -0.006450077500000017 0.014392785200000003 0.004861685500000002 0.999858277900006
1712732408.236624 0.03605577304000009 0.014185004959999994 1.2708974877200008 -0.006569887400000018 0.01447751049999999 0.004972657999999996 0.9998560189000045
1712732408.269023 0.036265246920000084 0.01433514347999998 1.27645851284 -0.006629495300000033 0.014630256500000004 0.004942951200000001 0.9998535692000019
1712732408.309348 0.03626314720000007 0.014619622359999987 1.2807185820799973 -0.006656540000000044 0.01482885549999997 0.004850050900000002 0.9998509942999988
1712732408.338461 0.03624047364000004 0.014998458999999973 1.2836896447199992 -0.006775132800000039 0.015024835100000012 0.004713817200000003 0.9998483180999983
1712732408.368389 0.036172496080000054 0.015039003279999949 1.2856735603599987 -0.0069716349000000346 0.015181404099999973 0.004587307900000004 0.9998458444999982
1712732408.4036 0.036482747839999996 0.01422976743999995 1.2870352070799995 -0.007050174600000037 0.015249116800000007 0.004746165600000007 0.9998438000999954
1712732408.436898 0.03658488344 0.013937339639999942 1.2869366733999978 -0.006314496100000034 0.015382497800000028 0.00481152680000001 0.9998481929999968
1712732408.471491 0.03644089679999998 0.01492599975999993 1.2863120096399987 -0.005742004800000022 0.01551688320000002 0.004753096400000012 0.9998510658999976
1712732408.501475 0.03659583396000001 0.01435015567999992 1.2861172287599996 -0.005623495800000012 0.015547515499999952 0.004876409700000006 0.9998507261999976
1712732408.536735 0.03650399983999997 0.014570870159999933 1.2852994529199981 -0.005271809700000007 0.015611571999999897 0.004861729700000006 0.9998523533999958
1712732408.568911 0.036111041680000004 0.014226897439999922 1.2849673608799987 -0.005220152500000008 0.015619487999999926 0.004954471400000005 0.9998520195999958
1712732408.605184 0.035777492519999954 0.014178602199999937 1.2847079089599986 -0.005030440800000013 0.015405092799999931 0.0050472036000000055 0.9998555898999939
1712732408.634265 0.03549938112000001 0.014208570319999947 1.2846235360000007 -0.004899847000000013 0.01502723219999993 0.0050709019000000025 0.9998613417999934
1712732408.671735 0.035143915520000034 0.014183960839999963 1.2849973514000004 -0.004846952400000016 0.014575901399999935 0.0050670884999999945 0.9998677552999936
1712732408.704264 0.0349228656 0.013990397679999983 1.285566932160001 -0.004761673700000024 0.01405745119999997 0.005112289299999994 0.9998746455999935
1712732408.738459 0.034536085080000056 0.013881062719999978 1.2864605857599996 -0.00466688260000001 0.013559419599999956 0.00507157789999999 0.9998816550999947
1712732408.771942 0.034132733320000025 0.013784027039999976 1.2879127049600014 -0.004540971400000027 0.013018297999999895 0.005048435399999984 0.9998893082999928
1712732408.806707 0.03375765904000001 0.013687187079999975 1.2894944666800034 -0.004387572900000025 0.012401869099999897 0.005014026499999979 0.9998980939999911
1712732408.838221 0.033465600840000026 0.013576937359999975 1.2913287044000015 -0.004234155400000028 0.011734536699999954 0.004949384299999982 0.999907535299991
1712732408.873817 0.03309554052000005 0.013625966479999972 1.2935848808400026 -0.004039069200000034 0.011058893800000025 0.004883786399999979 0.9999169468999923
1712732408.906768 0.03294971960000003 0.013673771719999981 1.2958096062800029 -0.0039021815000000347 0.010402014800000003 0.0047718450999999825 0.9999258279999935
1712732408.935957 0.03293686984000005 0.013459520479999964 1.2984169256800049 -0.0038303614000000153 0.009854523500000045 0.00467231859999998 0.9999323844999936
1712732408.969039 0.032898891480000025 0.013391933799999953 1.301335175280006 -0.003705616300000014 0.009395978200000066 0.004627608099999981 0.9999374865999926
1712732409.004397 0.03294474036 0.013169264919999944 1.3044116892800046 -0.0035308097000000148 0.0089607494 0.00461583109999999 0.9999421595999933
1712732409.034915 0.032803396920000026 0.01329285663999993 1.3075622702800052 -0.003347113800000012 0.00859228700000001 0.0045855701999999885 0.9999460696999961
1712732409.076042 0.03273177880000004 0.013150440799999944 1.3109402264000038 -0.0031870727000000267 0.008195618899999957 0.004583595899999992 0.9999498903999949
1712732409.108206 0.03266758991999998 0.013219508959999961 1.314183883880002 -0.002957097800000019 0.0077863662000000385 0.00458373299999999 0.9999538779999966
1712732409.137209 0.03270106223999996 0.013345664359999966 1.317626477720002 -0.0028162459000000252 0.0073979381000000895 0.004568897599999988 0.9999574185999961
1712732409.171817 0.032781317239999955 0.013239729719999972 1.321144031480003 -0.002745035000000029 0.0071124305000000556 0.0045673005999999905 0.9999599219999993
1712732409.20619 0.0327289841199999 0.013101182639999993 1.3245105638800043 -0.0026697062000000217 0.006946591200000007 0.004585459999999997 0.9999613941999996
1712732409.236888 0.03274558643999994 0.013160883119999998 1.3282883538400017 -0.002565110000000015 0.006786427300000053 0.004604000099999994 0.9999628486000006
1712732409.271537 0.032649026199999986 0.013123777240000013 1.3319872451199994 -0.00244882980000003 0.006664849100000048 0.004662085399999993 0.9999637725000013
1712732409.306497 0.03257332987999998 0.01312639804 1.3354423807199987 -0.0023050396000000362 0.0065322859000000125 0.0046563460000000004 0.9999650004000046
1712732409.33557 0.032313861999999985 0.013150837839999999 1.3389684711199976 -0.0021705111000000386 0.006425262900000029 0.0046447326000000014 0.9999660077000044
1712732409.372517 0.031961176519999995 0.013042263359999995 1.3424811016399978 -0.0019563443000000236 0.006217510000000015 0.004672543200000001 0.9999673428000051
1712732409.40521 0.03163549283999998 0.012856396840000008 1.3459565568400012 -0.0017505440000000095 0.005866934700000037 0.004752978600000002 0.9999688090000063
1712732409.435032 0.03120735604000005 0.012671703239999985 1.3494955395600043 -0.0015400428000000189 0.005397902200000004 0.004822687500000011 0.9999703468000064
1712732409.476255 0.030729234760000102 0.012419972039999994 1.3530886961200037 -0.00122693410000001 0.004766125200000015 0.004928032200000021 0.9999717773000043
1712732409.510915 0.030146475800000034 0.012279748599999987 1.356778325000003 -0.0008064147000000022 0.0039009765000000305 0.005094314400000022 0.9999731482000016
1712732409.552464 0.029737941240000045 0.012184226879999979 1.3607785749600037 -0.000423917500000015 0.002793475700000059 0.005265094900000022 0.9999743283999976
1712732409.57483 0.029215782120000068 0.011976298039999958 1.364531873600007 -6.685800000001407e-05 0.0015764751000000743 0.005449606600000023 0.9999745250999978
1712732409.609721 0.028913116120000075 0.011934016359999942 1.368653112680007 0.00027566310000000095 0.00024238800000002668 0.005661246300000022 0.9999733746999994
1712732409.639466 0.028538821640000052 0.01191683443999997 1.3732331659200077 0.0005265304000000137 -0.0010845016999999403 0.005909764500000014 0.9999712169999952
1712732409.672648 0.028677830440000027 0.011748409119999956 1.3777156450400092 0.00064932200000003 -0.0024185787999999597 0.006250649100000005 0.9999682307999933
1712732409.708377 0.028710699360000064 0.01176957683999995 1.3826614356800075 0.0006931892000000106 -0.0035247091999999645 0.00656177200000001 0.999965149299993
1712732409.739235 0.02868985476000004 0.01181853875999995 1.3876697861600051 0.0007015006000000046 -0.004438262899999934 0.006840063200000013 0.9999617100999956
1712732409.772054 0.028750813840000014 0.011907450239999959 1.3928330469200028 0.0006624723000000054 -0.005202000099999981 0.0071496360000000035 0.9999576568999942
1712732409.80816 0.028875911959999948 0.011927224399999948 1.3981072912800014 0.0005318084000000001 -0.00579940170000004 0.007471999900000003 0.9999533652999958
1712732409.838199 0.028931167440000016 0.01207902947999996 1.4033504853200038 0.0003839055999999896 -0.006217246100000029 0.007687708000000004 0.999950069199997
1712732409.869571 0.02881453232 0.012256682759999958 1.408596157920004 0.0002036951000000009 -0.00645775680000007 0.007830738999999998 0.999947881700001
1712732409.906995 0.02879051335999994 0.01247458967999998 1.414373843400001 -6.339800000001449e-05 -0.006596837200000127 0.007875758799999999 0.9999467193999976
1712732409.935527 0.02874888463999992 0.012724355280000007 1.420053062400002 -0.0003605407000000227 -0.006636408500000091 0.007857138100000004 0.9999465345999965
1712732409.970459 0.028643260799999903 0.012675162640000005 1.4255155955600018 -0.0007064805000000174 -0.006613641100000134 0.007821182800000003 0.9999467073999995
1712732410.011094 0.028212540159999938 0.012838176960000015 1.4312032506800016 -0.0009348840000000136 -0.006575381100000133 0.007676201700000007 0.9999477743
1712732410.04086 0.02798087459999987 0.012998819120000029 1.4366406916400034 -0.0011586035999999965 -0.006657163300000146 0.007494082900000009 0.9999482927999963
1712732410.073355 0.027660771319999885 0.013286192360000027 1.4422613643200048 -0.0013799149999999872 -0.006782978500000159 0.007262445800000006 0.9999488173999964
1712732410.106431 0.027384180319999965 0.01342016284000003 1.4477739572800057 -0.0016180101999999862 -0.006937653900000118 0.006980549300000005 0.9999494134999963
1712732410.140745 0.02701212527999996 0.013618220560000038 1.4533970166800054 -0.001848783399999987 -0.007062925900000039 0.006641856899999998 0.9999505579999948
1712732410.179552 0.026722377919999988 0.01386358792000005 1.4591113997600051 -0.0021163876999999776 -0.0072083486000000365 0.006298104500000001 0.9999513268999977
1712732410.208289 0.02640642928000007 0.014000357840000055 1.4647829081200028 -0.0024168520999999776 -0.007379962400000028 0.005990116900000009 0.9999513327999978
1712732410.23644 0.026117450240000135 0.014249965520000043 1.4706931570800033 -0.002632813899999964 -0.0075536928 0.005699604600000008 0.999951082399997
1712732410.271385 0.02566294136000005 0.014542536400000017 1.476603188760005 -0.0028485771999999577 -0.007672284600000001 0.005399922200000007 0.9999512015999983
1712732410.309596 0.025137496160000123 0.014869779680000006 1.4827219204000033 -0.003124684099999975 -0.00778169860000002 0.0050601895000000115 0.9999510585999986
1712732410.341883 0.024593694440000122 0.01519748104 1.4890870694000031 -0.0033946720999999736 -0.00790291639999996 0.004764814400000017 0.9999506413999996
1712732410.375577 0.02423238076000016 0.015420977600000007 1.495370507680003 -0.003692174899999978 -0.008033475099999965 0.004510432100000017 0.9999497950000034
1712732410.414146 0.0238593076400001 0.015547876399999971 1.5018476253200004 -0.00397935749999998 -0.008135145699999935 0.00429886220000002 0.9999489545000018
1712732410.446766 0.02345819924000004 0.01575250655999999 1.5084771161600015 -0.004219328899999963 -0.008235116799999975 0.004158110800000015 0.9999479412000027
1712732410.478829 0.023154086480000086 0.015866619160000008 1.5153543428800031 -0.0044062354999999664 -0.008378604700000025 0.004090200000000011 0.9999463974000037
1712732410.504194 0.02281591284000008 0.015988741440000023 1.5221241408800035 -0.004502816799999976 -0.008475607100000015 0.004105627400000011 0.9999451754999995
1712732410.543378 0.022712722480000093 0.016180216080000007 1.5290280706400023 -0.0045538625999999695 -0.0085844861 0.004164661600000008 0.9999437449999959
1712732410.570765 0.022594795160000094 0.01615088244000002 1.5358837681600033 -0.004652302199999969 -0.008674604399999985 0.0042589830000000165 0.9999421058999985
1712732410.602119 0.02260133512000019 0.016048411960000036 1.5429303246000021 -0.004722246699999988 -0.008776242400000012 0.004353366000000014 0.9999405204999959
1712732410.636961 0.022685752040000166 0.016274340040000036 1.550053151080002 -0.004706677899999989 -0.008891830099999965 0.004556054400000009 0.9999387084999967
1712732410.672877 0.02283834728000022 0.016263195760000036 1.557126327120001 -0.004812728099999997 -0.009023723500000002 0.004803506099999999 0.9999357818999954
1712732410.704912 0.02284843652000015 0.01644244728 1.5644824868399978 -0.004900418099999993 -0.009131496500000048 0.005069833499999998 0.9999329625999962
1712732410.737217 0.02315726532000024 0.01660373176000004 1.571721854639998 -0.005006701399999991 -0.009262663300000095 0.005348203299999998 0.999929702299994
1712732410.773561 0.023165413320000213 0.016631558720000016 1.5788969352799982 -0.005157564899999989 -0.00931909330000007 0.005595182700000012 0.9999269723999931
1712732410.810709 0.02312217180000017 0.01660320704000002 1.5857338741999962 -0.005324269699999995 -0.00936278580000005 0.005799896900000023 0.9999244868999938
1712732410.83946 0.023044146160000167 0.01656573043999998 1.5928964379999964 -0.00554621329999998 -0.00944892320000008 0.005962689900000017 0.9999216139999987
1712732410.870737 0.02279149152000018 0.01640837380000002 1.6000949336399968 -0.005780179899999993 -0.009521744300000102 0.006106484100000009 0.9999188245000028
1712732410.910081 0.02251419212000009 0.01657359816000001 1.6074295974799984 -0.005952056699999986 -0.009602536800000117 0.006267989699999999 0.9999161661000017
1712732410.939961 0.022120385840000017 0.016670064039999995 1.6147074341999996 -0.006185903999999964 -0.009697374200000119 0.006469804700000003 0.9999127388000033
1712732410.972845 0.021746096400000033 0.016629287359999967 1.6221001266400008 -0.006399536199999956 -0.00983839030000011 0.006666666100000019 0.9999087751000048
1712732411.008426 0.021558093480000037 0.016661603839999994 1.6291211316799996 -0.00655640239999995 -0.010017123300000107 0.006831582000000025 0.999904704100004
1712732411.038277 0.021285706400000028 0.016593947719999988 1.6362262842800004 -0.006736577799999965 -0.010176589300000049 0.006982285200000016 0.9999007106000022
1712732411.075641 0.020840004079999943 0.016523111920000007 1.6432661151199999 -0.006889403199999977 -0.010336111900000056 0.0070951960000000145 0.999897134300005
1712732411.104348 0.020668523119999928 0.016578658599999983 1.650556118400001 -0.007024950799999985 -0.010534076700000039 0.007180043600000019 0.9998934984000073
1712732411.13899 0.020417492199999998 0.016656371759999997 1.658229825280003 -0.007173230699999977 -0.010740165200000007 0.007228275800000006 0.9998899519000076
1712732411.181403 0.020145841800000015 0.016881559800000036 1.6659121270399997 -0.0072820643999999875 -0.010957659299999988 0.0072552218 0.9998866974000066
1712732411.206067 0.019962804399999905 0.01703511432 1.6737630912799994 -0.007430456999999979 -0.011167849699999977 0.007197822900000017 0.9998836874000062
1712732411.244604 0.019628190679999998 0.017044982080000014 1.6814284034799982 -0.0076097891999999945 -0.011383900799999935 0.007130044100000022 0.9998803973000066
1712732411.271926 0.01942201184000007 0.016967966959999997 1.6894311067199959 -0.007733592099999997 -0.011639494299999952 0.007037158000000021 0.9998771310000052
1712732411.308251 0.019217102519999984 0.01687095592000005 1.697316884759994 -0.007810026300000006 -0.011864963799999994 0.00686349380000002 0.9998750329000018
1712732411.341579 0.018749079439999965 0.01697126032000005 1.7059192177999976 -0.007777093800000023 -0.012022979799999955 0.006686382000000024 0.9998745799000005
1712732411.373315 0.018261648999999967 0.01710118424000007 1.7143551084800004 -0.007728116700000021 -0.012176863499999958 0.006463971700000038 0.999874609699998
1712732411.408863 0.017672590320000035 0.017004223600000062 1.7230663391200014 -0.007737143000000013 -0.012340091199999926 0.006216714800000034 0.9998741566999968
1712732411.441182 0.01694712516000008 0.017026231040000058 1.7317146845599982 -0.0076930329000000075 -0.012536039699999968 0.0059591672000000265 0.9998736977999954
1712732411.476894 0.01634920308000005 0.017168157720000046 1.7401498911999969 -0.007660184300000017 -0.01280196130000002 0.0057351731000000235 0.9998718857999961
1712732411.507587 0.01582868728000001 0.016958308919999988 1.7486630867999986 -0.0076786183000000065 -0.013075092800000031 0.005505882600000023 0.9998694598999919
1712732411.539218 0.015382369800000129 0.016812358359999998 1.7572516844400008 -0.007620881300000004 -0.013348285000000005 0.00531251880000001 0.999867254499992
1712732411.573891 0.014933733920000039 0.016559270559999985 1.7662117026399982 -0.007465521400000008 -0.013606467500000007 0.005117818200000013 0.99986587759999
1712732411.607307 0.014389206719999947 0.01651983200000001 1.7750248882799966 -0.007176449800000007 -0.013846570799999958 0.0048739276000000055 0.9998655735999933
1712732411.641719 0.013775177360000048 0.016308039160000006 1.7839035460399981 -0.006842683799999994 -0.014088525099999938 0.004580324200000008 0.999865478299995
1712732411.677873 0.013028358559999977 0.016123230480000004 1.792674658039998 -0.006483655199999982 -0.014376358599999995 0.004204548300000011 0.9998648345999982
1712732411.712818 0.012364946439999986 0.01580594539999999 1.8016069049999945 -0.006067271299999977 -0.014751854000000009 0.003856534800000011 0.9998628617000008
1712732411.737195 0.011708364079999941 0.01611995391999997 1.810617308079997 -0.005536203099999981 -0.015165494400000012 0.003584253500000001 0.9998604239000031
1712732411.77488 0.011196033239999945 0.016368383079999996 1.8198137302799977 -0.005082213299999983 -0.015591109699999972 0.0033976827999999903 0.9998568893000026
1712732411.808248 0.010728916239999914 0.016367396639999948 1.829259690719998 -0.004706476499999978 -0.015969673599999946 0.00328958319999999 0.9998533667000004
1712732411.839042 0.010245004279999942 0.01638975855999999 1.8388333910799972 -0.004292060299999978 -0.016322596599999926 0.003245914899999991 0.9998500289000049
1712732411.887353 0.009703593479999934 0.016382361519999986 1.8483248299599953 -0.0038000101999999814 -0.016649758599999932 0.0032670808999999855 0.9998470427000029
1712732411.914811 0.009328829719999997 0.016611087919999958 1.8575869577999964 -0.0033265019999999756 -0.017004885999999962 0.003287777699999972 0.9998430551000069
1712732411.941596 0.008626260720000082 0.01680251271999995 1.8669883077999991 -0.002974907999999976 -0.017301470799999975 0.003295266899999971 0.9998392881000087
1712732411.975446 0.007915886440000078 0.017149701239999905 1.876520418640001 -0.0027117321999999833 -0.017622316199999943 0.0033709267999999515 0.9998344839000083
1712732412.008121 0.007392434840000099 0.0173977204799999 1.8860639781199993 -0.002544292699999984 -0.017953664299999915 0.0035243438999999375 0.9998287380000079
1712732412.041402 0.006809916680000185 0.01783659387999992 1.8958813759200006 -0.002408083499999991 -0.018242404099999908 0.0037133783999999228 0.9998232782000059
1712732412.074462 0.0063169097600002284 0.018096335599999944 1.905650374599998 -0.0023841709999999905 -0.018478321099999917 0.003874872399999929 0.9998184502000071
1712732412.111637 0.005763297120000193 0.018413742759999928 1.9155576941199994 -0.00243341829999999 -0.018657992599999895 0.003929706299999935 0.9998147905000053
1712732412.142205 0.005060258280000198 0.01879420955999997 1.925315894599998 -0.0025540932999999822 -0.018818612999999918 0.0038320423999999463 0.9998115778000056
1712732412.172513 0.004284479920000131 0.01899023475999998 1.935351204360001 -0.0027303144000000003 -0.019000496399999945 0.0037216641999999523 0.9998077810000041
1712732412.207251 0.0033013786400000987 0.019368871760000017 1.945633866399999 -0.0028990830999999994 -0.019218256399999946 0.0036133333999999627 0.9998034776000054
1712732412.238935 0.002581484640000031 0.021403397120000035 1.9556835625600029 -0.002959900999999987 -0.019482253299999953 0.003589744699999975 0.9997982444000059
1712732412.272976 0.002004571519999949 0.021546152600000024 1.9646171949600029 -0.0032397127999999943 -0.019735250799999982 0.003519689499999967 0.9997927071000049
1712732412.309845 0.00152869499999996 0.021827338400000063 1.9724891208400008 -0.003443747899999994 -0.019982890600000004 0.0034641704999999858 0.9997873785000024
1712732412.345936 0.0011698083599999975 0.02201042788000007 1.9803519512000023 -0.0036306147999999984 -0.020138387400000023 0.0034593607999999997 0.9997837545000039
1712732412.37517 0.0009196563599999229 0.022154037360000083 1.9876451086800029 -0.0038327800999999884 -0.02028640710000005 0.0034141181000000077 0.999780374900007
1712732412.409172 0.0007442310399999563 0.021952177520000084 1.9942328764400064 -0.00396634429999998 -0.020422329200000044 0.003394066200000001 0.9997773231000053
1712732412.441543 0.0005082517999999681 0.021632039240000126 1.9998357918000078 -0.00400296739999999 -0.020538563800000055 0.003388766100000007 0.9997748912000077
1712732412.475786 0.00048112427999997816 0.021536581640000135 2.0046661093200053 -0.0038716288999999906 -0.020667236600000027 0.00348042850000001 0.999772536800009
1712732412.508338 0.0004935820400000423 0.02174979240000008 2.0085045484000035 -0.003698045499999991 -0.02075310140000002 0.0035489274000000126 0.9997712910000075
1712732412.549346 0.0007624125599999765 0.021738567200000034 2.011507888040003 -0.003651743099999982 -0.02081186260000001 0.003600926900000001 0.9997700929000075
1712732412.579941 0.0008578382399999995 0.020038835040000036 2.0141605520400017 -0.003731364199999998 -0.020797052599999998 0.0035831624999999923 0.9997702478000065
1712732412.607519 0.0009785269200000535 0.02015724396000003 2.0172598888400044 -0.0036134241000000066 -0.020773639499999996 0.0036688561000000064 0.9997708975000024
1712732412.639295 0.0009992962000000638 0.020198542280000006 2.0200682140800073 -0.0035731963000000143 -0.020709939499999976 0.0037179644999999926 0.9997722147000048
1712732412.676384 0.0009545034799999996 0.020130272400000013 2.0222547626400025 -0.003617441400000021 -0.020702390199999955 0.0036754122999999917 0.9997723339000004
1712732412.705446 0.000921818800000036 0.019891332719999974 2.0240453410799986 -0.003630668900000034 -0.02068094499999993 0.003615649899999984 0.9997729239999955
1712732412.740337 0.0006532248800000317 0.019869943519999964 2.025894165119996 -0.00365054890000005 -0.020610931299999934 0.003520609600000002 0.9997746167999935
1712732412.77424 0.0006824342000000528 0.01997252011999996 2.0278101633999923 -0.003628139300000055 -0.02059965409999993 0.003497306100000008 0.999775004299994
1712732412.807567 0.00048106604000000883 0.02008302435999991 2.030194263439996 -0.0035828428000000525 -0.020545023299999965 0.0034870493000000113 0.9997763155999962
1712732412.844873 0.0004710311199999672 0.02002896951999996 2.0324688481999966 -0.003562740000000053 -0.020513552999999973 0.003507769900000013 0.9997769473999994
1712732412.873296 0.0002565360000000716 0.020253507399999985 2.0349190878799983 -0.003452704600000067 -0.020468362299999977 0.0035300599000000154 0.9997781395000004
1712732412.909043 0.00013925212000009068 0.02030439991999997 2.0372788550799985 -0.0034272749000000546 -0.02044869119999997 0.003560274500000027 0.9997785030999978
1712732412.940874 0.00013819344000003396 0.020330595879999976 2.0397266747199922 -0.0034073355000000527 -0.020461668599999962 0.0036341037000000133 0.9997779964000018
1712732412.975043 0.0001567299999999605 0.02025877952 2.0429049684399874 -0.0033935670000000417 -0.020457488599999962 0.003764402900000019 0.9997776090000002
1712732413.012163 0.0002988148800000445 0.020431553520000003 2.0459062052799903 -0.0033248919000000267 -0.020458050999999956 0.003958349500000002 0.9997770666000008
1712732413.047629 5.962432000007566e-05 0.02064635020000004 2.04943046811999 -0.003306990100000018 -0.020384748699999955 0.004192827900000018 0.9997776448000024
1712732413.078955 0.00011029172000002418 0.020802157320000052 2.052899973319988 -0.003341297700000001 -0.02036684159999993 0.004421847600000017 0.9997769117000018
1712732413.113076 -6.270012000003433e-05 0.02058807996000003 2.056614677879989 -0.0034468490999999936 -0.020294668599999934 0.0046196507000000105 0.9997770725999999
1712732413.139637 -2.9321319999962014e-05 0.020452097400000077 2.0600457645599874 -0.0035270930999999894 -0.020247605699999928 0.004813132100000006 0.9997768341999972
1712732413.181888 -0.0001837849999999186 0.020408024280000055 2.06374556555999 -0.003648124099999972 -0.02015711699999989 0.004978880799999997 0.9997773944999949
1712732413.211519 -0.00020604164000001643 0.020298653480000064 2.0674451330399948 -0.003818729399999965 -0.020049287299999906 0.005131885500000011 0.9997781931999953
1712732413.240131 -0.0004679276000000776 0.020088192880000057 2.0713533164799967 -0.004020913199999976 -0.0198795099999999 0.005241237099999995 0.9997802376999971
1712732413.27755 -0.0008201832800000019 0.019991265560000072 2.0754203654800016 -0.00422429649999998 -0.019676849999999878 0.0052947233000000034 0.999783122599996
1712732413.309405 -0.0010366495999999791 0.019955729360000053 2.0794491958800005 -0.004413602299999986 -0.019497733799999882 0.00528971170000001 0.9997857868999972
1712732413.342303 -0.0014296066400000386 0.01988384832000001 2.0837633135199995 -0.004607919100000002 -0.019286450399999877 0.005176330200000012 0.9997895300999972
1712732413.374573 -0.00146304620000004 0.020018346040000023 2.087958870200001 -0.004797029399999997 -0.019143936399999895 0.005050733800000007 0.9997919857999988
1712732413.407639 -0.0017607463999999948 0.02023801023999999 2.0924816373999997 -0.005004282600000009 -0.018958084999999913 0.004884259999999996 0.9997952104000035
1712732413.439801 -0.0019427139199999918 0.020673007040000007 2.0971251515199967 -0.0052308361000000135 -0.018809743699999926 0.004677957399999988 0.9997976601000061
1712732413.481537 -0.0024294793600000554 0.020902038639999992 2.10216226612 -0.005576185900000019 -0.018598349799999924 0.004425038399999992 0.999800801300006
1712732413.51311 -0.002678983440000113 0.021271397279999976 2.107140434 -0.005876741600000024 -0.018426767399999953 0.004141916499999998 0.9998034358000041
1712732413.544736 -0.003045963200000106 0.021497582959999935 2.1120778131599978 -0.006228708400000027 -0.018254620799999975 0.0038259728999999964 0.9998056947999998
1712732413.579552 -0.003541963040000002 0.021943789839999988 2.1172350407599945 -0.006514307600000024 -0.018098999399999992 0.003502505499999997 0.9998078464999992
1712732413.611628 -0.00376687752000004 0.022161716920000032 2.1223339393199896 -0.006828306500000015 -0.018038126300000012 0.003168514900000008 0.9998079657000005
1712732413.64104 -0.004035888360000097 0.02244204676000006 2.127570658079995 -0.0071153611000000175 -0.017965062900000016 0.002855964599999994 0.9998083113999996
1712732413.675478 -0.004372753560000025 0.02277350376000009 2.1331004741199955 -0.007411549900000014 -0.017887208000000054 0.002587032800000011 0.999808353100002
1712732413.705858 -0.00487063976000007 0.022788759560000073 2.1386946274399947 -0.0077580908000000285 -0.01779547800000003 0.002264283200000006 0.9998082637000039
1712732413.738273 -0.005339753440000177 0.02288429976000006 2.1444270514799992 -0.008048235000000025 -0.017724604000000043 0.001973104800000014 0.999807929900004
1712732413.77987 -0.005933079040000138 0.023049741960000043 2.1502792382400013 -0.008316521000000021 -0.017625440000000037 0.0016531815000000228 0.9998080849000018
1712732413.812377 -0.00638143464000004 0.023369141880000024 2.156106874879998 -0.008552470300000014 -0.01755860550000001 0.001359978400000017 0.9998077213000045
1712732413.838152 -0.0071013588799999985 0.023355199000000056 2.1622247219999915 -0.008888842800000019 -0.017478215100000007 0.0011144679000000268 0.9998064518000092
1712732413.877088 -0.0075386838799999184 0.023454410280000077 2.1684888674399914 -0.009138404900000018 -0.0174682824 0.0009425610000000306 0.9998046100000124
1712732413.908623 -0.007871828159999978 0.023301880840000067 2.1748040985999895 -0.009397240500000015 -0.017461590299999986 0.0008140889000000318 0.9998025179000137
1712732413.943954 -0.00860646415999998 0.02323233304000003 2.18148420811999 -0.009603233500000008 -0.01737262529999999 0.0007060243000000188 0.9998022855000102
1712732413.973386 -0.009213642479999907 0.02314161416 2.1883716987999864 -0.009754370599999996 -0.017335449700000005 0.0006580046000000284 0.9998016418000134
1712732414.007839 -0.009964631319999952 0.02288202139999999 2.195153512999985 -0.00988031599999999 -0.017248999200000004 0.0006330964000000217 0.9998020054000107
1712732414.046251 -0.010426458839999897 0.02287278559999998 2.20192703247999 -0.009948948599999974 -0.017183127500000017 0.0007356834000000311 0.9998023511000099
1712732414.081853 -0.010285549399999833 0.02275224896000001 2.208362677079988 -0.010043623199999963 -0.017221090100000013 0.0009256182000000335 0.9998004497000068
1712732414.109442 -0.010203712679999838 0.022562834 2.2149185514399856 -0.010132715499999967 -0.01724090960000004 0.0011553311000000344 0.999798929800005
1712732414.141146 -0.01002857239999983 0.02238605124 2.2215691875999846 -0.010154286899999976 -0.017287965600000055 0.0014257742000000294 0.9997974754000041
1712732414.172905 -0.009556436119999815 0.02252059739999998 2.2282188891199914 -0.01003975069999996 -0.017403489400000048 0.0017738839000000172 0.9997958899000026
1712732414.206752 -0.009151406319999838 0.022533374919999957 2.234835679439993 -0.009982997599999942 -0.01750382580000003 0.0020514030000000185 0.9997940958000016
1712732414.247473 -0.008914785319999846 0.02267876631999994 2.2415688441999975 -0.009944815899999937 -0.017547274100000055 0.0023316233000000297 0.9997931479999977
1712732414.281414 -0.008497027279999809 0.022855109199999973 2.2482553122399995 -0.00989577029999993 -0.017602254200000056 0.0026233280000000246 0.9997920989000022
1712732414.316174 -0.00827473695999979 0.023071018039999957 2.25496763212 -0.009892853399999946 -0.01759860010000005 0.0028936752000000123 0.9997915445999979
1712732414.351253 -0.008049824159999764 0.023310276359999937 2.2620194455599996 -0.009903402599999934 -0.01762113000000003 0.003138903000000015 0.9997904896000023
1712732414.386316 -0.007863768919999767 0.023373236039999936 2.268984341399997 -0.009894846999999918 -0.017657325800000033 0.003292252000000007 0.9997895419000031
1712732414.412925 -0.008154764239999784 0.023732754919999925 2.276414584920001 -0.009794226799999906 -0.017602877500000023 0.0034559001000000087 0.9997909009000011
1712732414.440602 -0.008614585559999739 0.023962880759999923 2.2839945147600007 -0.009700851499999885 -0.017525818500000012 0.0035941089000000037 0.9997927010000012
1712732414.482063 -0.009102091599999777 0.024021858839999934 2.2915252446800025 -0.0096735918999999 -0.017470717800000025 0.0037059773000000184 0.9997935354999982
1712732414.506503 -0.009862172599999823 0.02408996155999996 2.299383702279999 -0.009689989599999916 -0.01736281630000005 0.003780590100000025 0.9997949718999962
1712732414.540642 -0.01065694699999991 0.02430008896 2.3074902129999963 -0.009659477299999919 -0.01725678240000006 0.003931926800000008 0.9997965275999945
1712732414.572745 -0.010962586039999936 0.024595363799999975 2.3154683997199954 -0.009592648799999947 -0.017259579000000035 0.004111449499999998 0.999796336899999
1712732414.609133 -0.011060012039999964 0.025012489319999966 2.3234663799199926 -0.009588382699999976 -0.017283783100000026 0.004302928000000006 0.9997951030999956
1712732414.639336 -0.011370019919999998 0.02528566964000001 2.331860814359993 -0.009618023499999984 -0.01723519470000001 0.004414111700000012 0.9997951626999964
1712732414.683045 -0.011279706760000093 0.025729719680000044 2.339837482359994 -0.009616623599999975 -0.017257349100000006 0.004545802099999996 0.9997942447999947
1712732414.71081 -0.011574405080000112 0.027066201680000016 2.348877592319995 -0.009803713300000006 -0.01720661269999999 0.004621628799999988 0.999792826199996
1712732414.744323 -0.011959877160000099 0.02752056664 2.3571000269599924 -0.010039430700000018 -0.01716986979999997 0.004515450799999976 0.9997914373999948
1712732414.793833 -0.012031105800000129 0.027420791159999992 2.364308920399993 -0.010399614600000051 -0.017191227999999947 0.004431892099999968 0.9997873365999965
1712732414.814377 -0.012089752640000152 0.027720723800000006 2.3705979827599943 -0.01050829280000003 -0.017161080699999953 0.0043963072999999575 0.9997868717000017
1712732414.844747 -0.01199573676000014 0.02785021456 2.3756401541599903 -0.01065273570000005 -0.01713028949999993 0.00426104669999996 0.9997864068000013
1712732414.878523 -0.011976017200000067 0.02771056343999997 2.3800142528399886 -0.010831116400000073 -0.017037824099999942 0.004065629299999962 0.9997868837000056
1712732414.90911 -0.012259458680000036 0.02779695492 2.383724584639989 -0.010929847500000056 -0.016887321199999937 0.003871124899999967 0.9997893095999985
1712732414.940624 -0.012653647720000069 0.02780876056000001 2.386596212279993 -0.010979909200000026 -0.01673954749999993 0.003704184499999963 0.9997920872000009
1712732414.977873 -0.012768030240000101 0.027892397400000043 2.3884721898799897 -0.01104716830000001 -0.01669670829999994 0.003556812599999959 0.9997927129999994
1712732415.010208 -0.013026614160000012 0.02779336728000003 2.3897749901199936 -0.011178973100000045 -0.01662091269999997 0.003385767599999978 0.9997932851999962
1712732415.04494 -0.01333085684000002 0.02688638624000008 2.389639873599992 -0.011123031600000033 -0.016536584199999992 0.0032758703999999916 0.9997957110999891
1712732415.074721 -0.013279828240000027 0.02653020160000011 2.3894483471599948 -0.01109441910000002 -0.016537677500000035 0.003273131699999987 0.9997960209999974
1712732415.112566 -0.013203562400000023 0.026738866560000137 2.3892635964399958 -0.010921972999999996 -0.01654397270000003 0.003282051099999994 0.9997979760000021
1712732415.144571 -0.013186946639999987 0.026685495480000182 2.3892688702399933 -0.010914436199999988 -0.01652909020000002 0.003211660999999988 0.9997985362999998
1712732415.176926 -0.013344333239999936 0.02657879644000017 2.389610366920001 -0.010858280399999965 -0.01644671360000003 0.0032055289999999735 0.9998005152000019
1712732415.212606 -0.013375575359999912 0.026871907720000185 2.3898462366800035 -0.010785376099999943 -0.01643164180000003 0.00320694859999997 0.9998015581999994
1712732415.243729 -0.013390967519999925 0.026943977200000215 2.39020388852 -0.01079431479999995 -0.01642889910000005 0.0031853234999999814 0.9998015880000025
1712732415.278717 -0.013412223719999936 0.026950279160000205 2.390793070960001 -0.010818815299999951 -0.01642508810000005 0.003124129699999978 0.9998016118000009
1712732415.31771 -0.01359496431999986 0.026915391720000147 2.3915013813600035 -0.010796228099999939 -0.016370292600000048 0.003071579499999988 0.9998029052999982
1712732415.339025 -0.013646647559999926 0.026770370760000103 2.392224094679999 -0.010745823299999912 -0.016340698200000038 0.0030305364999999806 0.9998040616000026
1712732415.374887 -0.013500739279999951 0.02661764672000009 2.3929628466799975 -0.0106557384999999 -0.016335755200000034 0.002974817399999985 0.9998052477000101
1712732415.407969 -0.01347982019999998 0.026461895320000026 2.393792955679994 -0.01058828579999993 -0.016274847700000004 0.0028979150999999927 0.9998072028000025
1712732415.439764 -0.013719366080000003 0.02640079119999999 2.395072273999997 -0.010500904899999951 -0.01617537950000003 0.0028243387000000063 0.9998099922999927
1712732415.474287 -0.013982301479999978 0.0263291965999999 2.396521522920001 -0.010415575999999982 -0.01612296350000002 0.002747319100000012 0.9998119233999887
1712732415.508552 -0.01420083868000008 0.026210246719999847 2.398061394399994 -0.010381695699999981 -0.01611913560000002 0.0026482620000000123 0.9998126028999877
1712732415.544093 -0.014524053600000126 0.026138956759999842 2.399920716199997 -0.010318351799999981 -0.016098594900000006 0.002560134400000025 0.9998138069999868
1712732415.579836 -0.014723857400000052 0.02609990095999983 2.401942207839994 -0.010241512699999955 -0.01609584930000001 0.002511150100000026 0.9998147666999898
1712732415.611777 -0.015015349720000034 0.02601933991999981 2.4041953135199887 -0.010147851999999968 -0.016073487500000018 0.0024347244000000323 0.9998162746999923
1712732415.641798 -0.015136328760000114 0.025719127559999784 2.4064839173199912 -0.010099395599999995 -0.016101811700000024 0.0023750519000000246 0.9998164713999926
1712732415.673807 -0.01566217856000007 0.025595223359999773 2.4092468976799966 -0.01000102410000001 -0.01604174610000002 0.002301102700000013 0.9998186052999927
1712732415.708827 -0.01606492160000009 0.02569829191999975 2.4122434615999975 -0.009886569400000012 -0.016012898900000017 0.002263028999999994 0.9998202444999833
1712732415.739553 -0.01654926812000008 0.025820442759999798 2.4155076887200013 -0.009763682100000004 -0.015955259000000034 0.0022326462999999962 0.9998224557999833
1712732415.775394 -0.016782536400000082 0.026069300599999855 2.418849504120004 -0.009637395699999995 -0.015944530000000023 0.002243283399999996 0.9998238326999853
1712732415.808579 -0.01694560840000017 0.02617961387999992 2.422346646720002 -0.009583971499999988 -0.015948102400000042 0.0022525839999999906 0.9998242618999938
1712732415.847446 -0.01700868876000008 0.026448829680000025 2.4259869838400037 -0.009469699000000008 -0.016001577400000033 0.00229550919999999 0.9998244108999984
1712732415.879276 -0.01720636204000005 0.026506126920000046 2.4297277902800007 -0.009364228100000016 -0.01601788560000004 0.0022942185999999865 0.999825143999999
1712732415.912908 -0.017243701720000074 0.026428101839999964 2.433428575760001 -0.009298529900000041 -0.01607222510000004 0.0022430320999999864 0.9998249829999963
1712732415.945444 -0.01738559340000009 0.02619836183999993 2.437245301960007 -0.00929677790000003 -0.01611715920000003 0.0021915437999999953 0.9998243690999971
1712732415.979682 -0.01769740448000011 0.026485343359999972 2.4412336611600036 -0.009190346100000024 -0.01612410980000003 0.0021618480000000105 0.999825316800002
1712732416.011951 -0.017578862000000067 0.026583499599999987 2.445066309000001 -0.009123133100000036 -0.016236326300000027 0.002124301900000014 0.9998242021999999
1712732416.043411 -0.017485009920000055 0.026549442640000007 2.4490563367200036 -0.00907241670000003 -0.016352696700000013 0.002052547800000015 0.9998228909000091
1712732416.080731 -0.017407511240000006 0.026226335800000073 2.452817620960003 -0.009004205200000026 -0.016472482600000005 0.001950434400000023 0.9998216988000082
1712732416.109873 -0.01719836607999998 0.025811374120000005 2.4566155885600014 -0.008874701800000028 -0.01660922880000002 0.0018083734000000184 0.9998207808000075
1712732416.145805 -0.01721044863999996 0.025379035359999944 2.4606940363600005 -0.008690745700000013 -0.016687910800000004 0.0016481503000000286 0.9998212695999996
1712732416.176157 -0.017492019439999958 0.024994654719999863 2.464997305680001 -0.008457116200000003 -0.016671853699999996 0.0014294887000000367 0.9998237252999956
1712732416.211375 -0.017519388039999997 0.024808789599999805 2.4693125080400047 -0.008162280400000022 -0.016708086799999976 0.0012312933000000249 0.9998255312999959
1712732416.24755 -0.01774338020000007 0.024413149599999833 2.473785390720011 -0.007834687400000017 -0.016705710099999972 0.000985432300000011 0.9998282254999935
1712732416.27847 -0.018238054519999967 0.024565629479999913 2.477208800080011 -0.007352546300000018 -0.016643788199999964 0.0008111415000000121 0.999832856799992
1712732416.313983 -0.018438951159999915 0.024431099559999846 2.4805476780000104 -0.0069399562000000085 -0.016666908499999966 0.0006237199000000082 0.9998354912999957
1712732416.343675 -0.018496188199999927 0.024418151799999902 2.483960873800008 -0.006523661999999986 -0.016745529599999975 0.000499731800000025 0.9998371721000012
1712732416.379366 -0.019238326519999942 0.02429158507999993 2.4876011941200042 -0.006181326700000022 -0.016682928899999984 0.00036209240000002475 0.9998406231999979
1712732416.410352 -0.019716136159999974 0.024670136399999903 2.4916616174799993 -0.00580088790000004 -0.016696189599999987 0.00035387160000002196 0.9998429359000056
1712732416.443743 -0.020816190079999932 0.02491681163999992 2.4959742995599954 -0.0055455201000000455 -0.01661579379999998 0.0003112162000000085 0.999845993700012
1712732416.480752 -0.021316392159999982 0.025071922959999996 2.500153250559998 -0.005361265300000051 -0.016651998099999975 0.0003784106999999981 0.9998465122000197
1712732416.520225 -0.02147005756000004 0.025494726320000057 2.5042133569599945 -0.005203158000000041 -0.016752869099999977 0.0004929787000000019 0.9998456539000244
1712732416.546099 -0.021950420240000046 0.025449473280000082 2.50843551615999 -0.005187437100000025 -0.016759167499999995 0.0006196260000000065 0.9998455407000278
1712732416.574541 -0.02244247711999998 0.02568517084000014 2.5128242182399854 -0.0051027334000000035 -0.016761291700000003 0.0008465339000000016 0.9998457791000306
1712732416.610173 -0.02262746527999997 0.025663581720000064 2.5183926034399846 -0.00505448890000002 -0.0168101069 0.001054430899999992 0.999844968400032
1712732416.644951 -0.022819327159999944 0.02531673648000016 2.524206204519987 -0.0050351488 -0.01681630649999999 0.0012601101999999865 0.9998447300000294
1712732416.6773 -0.02345531607999998 0.025165920640000117 2.5301710604799905 -0.004885437100000001 -0.016690255399999975 0.0014831279999999668 0.9998471440000231
1712732416.710705 -0.023525479319999893 0.02507799672000006 2.5359010314399937 -0.004676276899999987 -0.016671340599999973 0.0017136479999999787 0.999847996300025
1712732416.74406 -0.024029149759999927 0.02478971740000007 2.5417503476399927 -0.004517713799999967 -0.016515695399999974 0.0018192059999999621 0.9998510003000206
1712732416.776778 -0.023937474679999987 0.024527774320000133 2.547487628559995 -0.0042934120999999605 -0.016431516599999973 0.001959397099999971 0.9998530983000137
1712732416.812519 -0.024266849039999983 0.02440739028000005 2.553341450799994 -0.004026175399999943 -0.01627902159999999 0.0020289760999999684 0.9998566388000085
1712732416.844898 -0.024828918240000025 0.024116171799999964 2.559513571159995 -0.003698515699999927 -0.016125803799999994 0.0020792967999999634 0.9998602747000064
1712732416.876611 -0.024914636319999985 0.023928816799999985 2.5655104042399977 -0.003350745699999935 -0.01609833999999999 0.00214307699999996 0.9998620151000068
1712732416.911572 -0.025228724079999994 0.02407852747999998 2.5716507149200023 -0.0030502420999999557 -0.015981747099999978 0.0021973924999999727 0.9998648165000077
1712732416.941829 -0.025462503640000023 0.024322657800000067 2.577874405400004 -0.002799064399999951 -0.01587728319999999 0.00219830099999998 0.9998672305000014
1712732416.980407 -0.025717520080000077 0.024648126999999992 2.5841153192400053 -0.002642944299999961 -0.015777762000000008 0.002126136199999973 0.9998695491000035
1712732417.007183 -0.02602560856000009 0.024992792439999967 2.5906712605200037 -0.0026451846999999695 -0.015647577200000005 0.0019751617999999916 0.9998718439000072
1712732417.04746 -0.026262090680000155 0.02516253151999997 2.5975044776800043 -0.002691182499999956 -0.01555426150000001 0.0018124479999999776 0.9998734115000047
1712732417.077869 -0.02643386900000015 0.025295051039999943 2.6044176365200076 -0.0026803064999999736 -0.015523360699999999 0.0017121550999999791 0.9998740791000046
1712732417.112854 -0.02686958680000014 0.02553431971999991 2.611290023440006 -0.002608011099999974 -0.015481348699999998 0.001587083499999986 0.9998750865000033
1712732417.146258 -0.0273304827600001 0.025623939599999906 2.6182280493600043 -0.0024751176000000095 -0.015443669299999985 0.0014554495000000055 0.999876159400003
1712732417.177336 -0.02764656580000007 0.025685592799999983 2.625138020680007 -0.0023184424000000092 -0.015412919599999974 0.0013526134000000135 0.9998769759999959
1712732417.211833 -0.02820936468000006 0.025834443319999935 2.6322247649600046 -0.0021090845000000247 -0.015312735399999977 0.0012600019000000185 0.9998789667999859
1712732417.244086 -0.028604739800000126 0.02575530943999988 2.6392907477999996 -0.0018865316000000298 -0.015289520799999989 0.001149420900000009 0.9998797296999896
1712732417.279969 -0.028877935240000114 0.02545112555999976 2.6462802436 -0.0016945125000000338 -0.015291286499999978 0.001061801799999995 0.9998800098999936
1712732417.308187 -0.02921272200000004 0.025389474879999766 2.6533664539199946 -0.0013918952000000484 -0.01529042589999997 0.0010618773000000026 0.9998804807999931
1712732417.341521 -0.02945458712000009 0.025120270559999863 2.6603185489999985 -0.001037338500000029 -0.015344161399999978 0.0010947041999999963 0.9998802065999939
1712732417.381156 -0.029628324040000126 0.024928821679999873 2.667172711280001 -0.0006643712000000245 -0.015401189499999978 0.001211954000000004 0.9998797535999984
1712732417.412946 -0.029720265400000084 0.02472020907999988 2.673986919240002 -0.00033132300000002777 -0.015451754299999986 0.0013342437000000151 0.9998792290999973
1712732417.450863 -0.0297120728800001 0.024540228159999875 2.6808508445599966 -5.294420000003797e-05 -0.015510312399999993 0.0015612407999999966 0.9998781502000043
1712732417.481723 -0.029733716320000072 0.02461188855999994 2.687888388639999 0.00015238559999999345 -0.015521786400000005 0.0018574749999999752 0.9998774350000076
1712732417.512831 -0.02960335784000003 0.024519083399999884 2.6949722458400016 0.00018844809999998268 -0.015563018500000015 0.002163945399999978 0.999876022400008
1712732417.541971 -0.02961303464000004 0.02447689215999995 2.7021613455200075 0.0002258787000000151 -0.015541479600000008 0.0024701105999999752 0.9998755515000084
1712732417.581115 -0.02951691259999997 0.02468666395999998 2.709137656680008 0.00016012020000002458 -0.015502530700000006 0.0027020011999999705 0.9998755575000018
1712732417.616408 -0.02971828300000001 0.02514352036000007 2.7160975122400055 -0.0005078479999999885 -0.015357950500000018 0.002879418999999972 0.9998751699999957
1712732417.644419 -0.03006454612000006 0.024642122680000076 2.722977826520007 -0.0012576206999999951 -0.01514635430000002 0.0031085858999999605 0.9998748480999893
1712732417.682072 -0.030309720280000032 0.02455135900000007 2.728788657 -0.001602087799999996 -0.014950936100000011 0.0033325636999999462 0.9998765646999914
1712732417.709032 -0.030453117519999965 0.024626825720000106 2.7333030127199978 -0.0017920149000000053 -0.014800480300000007 0.0035702003999999567 0.9998779355999886
1712732417.748896 -0.030578751279999955 0.024879723960000107 2.7368668961199956 -0.0019096243999999984 -0.014665223700000007 0.0037510407999999497 0.9998793600999875
1712732417.781212 -0.030553177759999908 0.025090282280000178 2.739740693760002 -0.002010292199999997 -0.014564331700000011 0.0038768220999999548 0.9998804389999805
1712732417.817771 -0.03064289087999991 0.025095929320000127 2.741729340839997 -0.00207057500000003 -0.01442591700000001 0.003934101799999956 0.9998822628999733
1712732417.848697 -0.030819951959999932 0.0253092243600002 2.7428342891600024 -0.001954015400000042 -0.014267492500000012 0.003975292999999947 0.9998844204999727
1712732417.883282 -0.030740918039999936 0.025513627720000206 2.7433636904799914 -0.001926953300000056 -0.014229359200000014 0.004006952999999957 0.9998848436999765
1712732417.916758 -0.030774914239999923 0.025365776800000146 2.7432663918799993 -0.001916880500000051 -0.014173116600000013 0.004039178299999957 0.9998855469999739
1712732417.941168 -0.030634400159999933 0.025122297760000103 2.742638406760002 -0.0012724240000000276 -0.014169646100000011 0.004138494199999965 0.9998873589999789
1712732417.979304 -0.03045235759999994 0.02577624084000012 2.741451931120002 -0.0005638397000000239 -0.01420200720000001 0.004168636199999964 0.9998895941999877
1712732418.009903 -0.030228343879999887 0.026173279440000047 2.7406223560800096 -0.0002506574000000317 -0.014273543300000014 0.004238361999999984 0.9998888729999862
1712732418.043544 -0.03021935867999991 0.026313355040000007 2.740320363200001 -0.00013913510000005403 -0.01427248040000002 0.004199851899999984 0.9998891650999895
1712732418.077596 -0.030239820519999912 0.026295553199999943 2.7402358152400073 -9.066620000002246e-05 -0.014253078200000014 0.004209090199999999 0.9998894333999943
1712732418.114911 -0.030344263319999943 0.026265237879999927 2.740175266360013 -7.0776100000014e-05 -0.014201517200000013 0.004213865100000014 0.9998901664999948
1712732418.151995 -0.030369928679999943 0.02635864448000001 2.7401729633600165 -6.358070000000993e-05 -0.01417597370000001 0.004183164100000014 0.9998906433000002
1712732418.179457 -0.03053989399999995 0.026347848519999918 2.7402697280000052 -0.00016105529999999035 -0.014117360200000007 0.004147561200000016 0.9998916745000088
1712732418.216896 -0.03085609295999994 0.026373667039999906 2.7401754500400126 -0.00019974079999998117 -0.01400599280000001 0.004126189100000022 0.9998933554000132
1712732418.245513 -0.030987970159999986 0.026451899039999952 2.7402431252000063 -0.0001782471999999924 -0.013963996800000012 0.004141320600000031 0.9998938919000239
1712732418.277456 -0.031131034199999952 0.02639877715999997 2.740236199120006 -0.00018794070000001107 -0.01394714640000001 0.004162111100000021 0.9998940409000283
1712732418.308638 -0.03124634407999993 0.026434765559999976 2.740189218760004 -0.00017302090000002047 -0.013943259100000016 0.004224292700000021 0.9998938323000288
1712732418.341742 -0.031164072799999977 0.026746721680000057 2.7398470545600047 -0.00023522590000002452 -0.014005822300000016 0.004240668700000017 0.9998928190000242
1712732418.376621 -0.03112088700000001 0.026666009160000073 2.7396064281600183 -0.0004391333000000053 -0.014017514200000015 0.004277405200000017 0.9998921932000144
1712732418.417114 -0.03097338104000002 0.026607852320000052 2.7390223358400156 -0.0005200178000000389 -0.014025756100000019 0.004298825300000008 0.9998919190000152
1712732418.445512 -0.03102093483999999 0.02665067804000001 2.737992372360006 -0.0005630770000000229 -0.014013177300000013 0.004311842299999991 0.9998920144000181
1712732418.479737 -0.030970042879999986 0.02678579287999998 2.7365939090000073 -0.0005841415999999988 -0.014099764600000014 0.004334346600000006 0.9998906852000118
1712732418.513237 -0.03070864635999995 0.026839356320000056 2.734700274320005 -0.0006415057999999974 -0.014235513900000019 0.004324577100000004 0.9998887659000048
1712732418.549284 -0.03052061096 0.026705332919999998 2.7322949458000036 -0.0007202783999999962 -0.01433563480000002 0.004250802099999995 0.9998876155000062
1712732418.595136 -0.030549206239999946 0.02663239488000004 2.729570250680008 -0.0007221439999999912 -0.014398391700000013 0.004200614199999997 0.9998869181000032
1712732418.612651 -0.030575274519999956 0.02671882219999999 2.726364636800008 -0.0006543864999999816 -0.014491306600000009 0.0041230411000000135 0.9998858869999936
1712732418.647098 -0.03057334223999999 0.02668206492000003 2.722680290120013 -0.0006286747999999509 -0.014599156700000004 0.00395959250000002 0.999884980999991
1712732418.6843 -0.030689975959999956 0.026178892599999927 2.7187128595200103 -0.0005744066999999742 -0.014637147300000009 0.003727873200000009 0.9998852134999879
1712732418.714763 -0.030677265639999944 0.026327335999999892 2.7141774086000052 -0.0003187169999999906 -0.014726031900000002 0.00347777090000001 0.9998849869999958
1712732418.74852 -0.030772556359999932 0.02637961675999991 2.709738906000004 -0.00022024419999997492 -0.014803538100000003 0.0031761314000000153 0.9998847902999956
1712732418.779651 -0.03070059243999993 0.026568164839999877 2.7052967816000115 -0.00012450029999997448 -0.014896079900000003 0.002866195000000027 0.9998843670999917
1712732418.811368 -0.030526089159999967 0.026508536879999874 2.7006941729600156 -0.00016546099999996676 -0.014943417300000001 0.0025706422000000284 0.9998844446000021
1712732418.846936 -0.030564591119999977 0.026455505999999837 2.696121237880029 -0.0001991383000000013 -0.0149085362 0.002300529600000023 0.9998856665000062
1712732418.884438 -0.030395874879999986 0.026575077479999844 2.6915074972800266 -0.00018956750000000965 -0.0149423315 0.0020904763000000326 0.9998856904000035
1712732418.916204 -0.03031342047999999 0.02665564523999979 2.6867134954800167 -0.0002291733999999934 -0.014926634500000003 0.001876802600000027 0.999886453299996
1712732418.947877 -0.029950683560000028 0.026526547319999788 2.6816247942400127 -0.00032918980000000707 -0.014957579300000006 0.0017033127000000148 0.999886453299996
1712732418.97735 -0.02978767595999998 0.026876018399999726 2.6765704728000173 -0.0003164345000000068 -0.014961364800000005 0.0015343437000000294 0.9998867512999936
1712732419.013281 -0.02974172095999999 0.027113967999999725 2.67159928112002 -0.00039162099999998643 -0.014931505600000002 0.0013949769000000333 0.9998873591999995
1712732419.044634 -0.02956004519999995 0.027371012759999737 2.6667273906000215 -0.0005057891999999508 -0.014932705400000005 0.0013226123000000146 0.9998873829999979
1712732419.080905 -0.029335064919999935 0.027645260999999796 2.6617504074000267 -0.0006801390999999768 -0.0149236051 0.0012724463000000075 0.9998873889999913
1712732419.113396 -0.029219276519999973 0.02780296511999978 2.6568809201200154 -0.0008837950999999844 -0.014859876200000002 0.0012425786999999966 0.9998881996000023
1712732419.146292 -0.02921912363999994 0.028152913879999825 2.6521895411200034 -0.0010228520000000075 -0.014753880500000002 0.001225376999999983 0.9998895764999929
1712732419.178527 -0.029072736839999978 0.028206253599999797 2.6475498153999952 -0.001273796799999971 -0.014692875800000001 0.0011882262999999948 0.9998899937999909
1712732419.217626 -0.02888826247999997 0.028540872639999895 2.6432421733200018 -0.0014774547999999665 -0.014604710600000001 0.0011664207999999786 0.9998909712999875
1712732419.246995 -0.028526407840000018 0.02860680283999997 2.6391176296800127 -0.0017601736999999674 -0.014526235100000002 0.0011567153999999745 0.9998915613999884
1712732419.286908 -0.028348563320000016 0.028860903679999998 2.6354178286800103 -0.0020283847999999606 -0.014392032699999998 0.001162888399999984 0.999892973999988
1712732419.314585 -0.027980166480000034 0.028743366959999985 2.631803760600012 -0.0023606644999999648 -0.014269869100000002 0.0012178501999999813 0.9998941243999866
1712732419.351282 -0.027670923000000017 0.028923573000000095 2.6284697222000113 -0.002601055299999944 -0.014126987500000002 0.0013270747999999833 0.9998954833999847
1712732419.380935 -0.027537582240000046 0.028642610080000155 2.625168294840007 -0.0029030995999999474 -0.013932217400000002 0.0013991893999999894 0.999897360899979
1712732419.4111 -0.027359123400000077 0.02846809756000011 2.6217861415200012 -0.003086427999999941 -0.013769169200000004 0.0015059296 0.9998989760999848
1712732419.444653 -0.026877918200000052 0.028246782200000185 2.618533430240011 -0.0032296721999999444 -0.013719488700000004 0.0016501490000000007 0.9998990594999781
1712732419.477738 -0.026575309880000047 0.028045828160000088 2.6152411152000123 -0.003314203499999957 -0.013657322900000001 0.0017696018000000091 0.9998995064999804
1712732419.513995 -0.026420989840000037 0.028045903480000103 2.61210866700002 -0.00331450219999998 -0.013575420800000002 0.0019121504000000123 0.9999003945999789
1712732419.545704 -0.026292736679999987 0.027854125600000113 2.608757288760009 -0.00333135539999998 -0.013521628900000002 0.002053945900000009 0.9999008177999826
1712732419.581271 -0.025958900799999966 0.02786326172000002 2.605213632840011 -0.003299755900000001 -0.013546266400000001 0.0021714793000000123 0.9999003409999887
1712732419.61854 -0.025660816439999932 0.027807164560000073 2.601594574600008 -0.003276001199999978 -0.0135598784 0.0022513428000000115 0.9999000548999902
1712732419.655602 -0.025267445559999952 0.02774743804000012 2.597798693560003 -0.003235638899999982 -0.0135948232 0.002327670000000004 0.9998995243999957
1712732419.680892 -0.024908735599999995 0.027422550960000115 2.5937105160399936 -0.0032280270999999862 -0.013617158600000002 0.002402100500000004 0.9998990773999935
1712732419.720531 -0.024704408119999993 0.027542599280000028 2.5896285298799877 -0.0031136497999999955 -0.0136177125 0.002468232200000009 0.9998993277999944
1712732419.750714 -0.024315393200000014 0.027724617760000014 2.585583761039984 -0.003029671799999978 -0.0136577709 0.0025486597 0.9998988867999969
1712732419.783003 -0.02413699372000004 0.027838300000000052 2.581405945159986 -0.003007644399999965 -0.0136345646 0.002608823199999999 0.9998991073999945
1712732419.811357 -0.023882350240000072 0.02783400200000006 2.5771878745199888 -0.003054923999999959 -0.0136342196 0.0026817190000000047 0.9998987617000011
1712732419.849135 -0.023546003320000067 0.028017391640000094 2.57284134631999 -0.00309585259999996 -0.0136676276 0.0027367370999999974 0.9998980166000024
1712732419.877942 -0.023270699200000116 0.02817229631999998 2.568512792439992 -0.0032217511999999447 -0.0136801979 0.0027692998000000022 0.9998973191999994
1712732419.914254 -0.02319863728000009 0.02831478131999997 2.564219219799977 -0.0033694479999999416 -0.013661911699999998 0.0027972059000000104 0.9998969437000028
1712732419.94575 -0.02335082092000009 0.02844697883999991 2.5598830056799757 -0.0035386047999999446 -0.013604088 0.0027788643000000056 0.9998971344000097
1712732419.981325 -0.023671613840000064 0.028582409799999924 2.555642204359967 -0.0037641997999999345 -0.0135266194 0.00271970210000001 0.9998974324000074
1712732420.023216 -0.023875383000000062 0.02882166279999984 2.5513538217999754 -0.003991244599999932 -0.0134994173 0.0026482699 0.9998969496000086
1712732420.05497 -0.023730015120000034 0.029009691479999853 2.546945677079989 -0.004241296599999922 -0.0135643705 0.0025909270999999955 0.999895137600015
1712732420.08941 -0.024095034599999978 0.028967455999999864 2.5426105644799892 -0.004526404899999914 -0.0135039403 0.002450182699999992 0.9998949766000124
1712732420.120782 -0.024440431679999992 0.028966394799999847 2.538066017759979 -0.004778293299999925 -0.013467108600000003 0.002256172200000006 0.999894797800016
1712732420.149167 -0.024517287199999984 0.029066245599999933 2.5334917809599755 -0.005005150199999919 -0.0135169064 0.0020805737999999964 0.9998934567000106
1712732420.180917 -0.024570316399999938 0.028905349199999934 2.5287727144399605 -0.005217969499999908 -0.013545958000000002 0.0018204408999999977 0.9998924792000139
1712732420.217158 -0.02473405059999992 0.02864993180000002 2.523942881039968 -0.005361855899999934 -0.0135136101 0.0015338773999999944 0.9998926699000095
1712732420.244283 -0.02501645159999997 0.0284776298800001 2.51903136995998 -0.0054456908999999335 -0.013457913700000004 0.0012373514999999946 0.9998934328000019
1712732420.278162 -0.024802885519999977 0.02828903644000011 2.513834622319989 -0.005502897199999923 -0.013504213100000004 0.001008796199999984 0.999892824899996
1712732420.311741 -0.024562817159999993 0.028110470080000134 2.50850377596 -0.005538136199999944 -0.013511897200000003 0.0008529025999999718 0.9998927414999912
1712732420.349192 -0.024402292879999937 0.028238371840000144 2.5033500363200027 -0.005500705299999975 -0.013454168400000004 0.0007276381999999915 0.9998938739999972
1712732420.38278 -0.024170059199999993 0.028371336280000124 2.4978905655199948 -0.005537149799999997 -0.013391611800000005 0.0006604709999999958 0.9998946190999959
1712732420.412002 -0.023956390080000053 0.028551836880000108 2.492449920239994 -0.00568159210000001 -0.013352899900000003 0.0006552789999999975 0.9998941780999985
1712732420.450333 -0.02341098508000001 0.028624366960000012 2.4868436336800004 -0.005947473099999989 -0.013358620600000004 0.0007079727999999896 0.9998921991999964
1712732420.48341 -0.02314178971999998 0.028702054919999928 2.4811514305200033 -0.006232393199999997 -0.013255699000000006 0.000800393899999996 0.9998913945000026
1712732420.511402 -0.022949127040000024 0.02908312763999987 2.475422677840008 -0.006514857900000015 -0.01315511190000001 0.0009920070999999808 0.9998904527000037
1712732420.548446 -0.022731562560000015 0.028525841679999803 2.4698396895200085 -0.006956229999999985 -0.013111822600000008 0.0011769584999999916 0.9998874189000049
1712732420.586072 -0.02239379967999999 0.02817647083999983 2.464432139119997 -0.007020367299999997 -0.013102148700000005 0.0013912884999999875 0.9998869778000085
1712732420.618253 -0.022158888919999994 0.02823222667999989 2.4593341752000013 -0.00705209240000002 -0.013099048500000005 0.0015909673999999984 0.9998866201000169
1712732420.648359 -0.02188031552 0.02880455647999987 2.4548789663999897 -0.0070656944 -0.013117141200000005 0.0017531358000000053 0.9998860955000168
1712732420.694496 -0.021726946079999997 0.02865940391999988 2.45108473735999 -0.007334242599999996 -0.013153014000000001 0.001896707199999992 0.9998836577000134
1712732420.715036 -0.021830152679999958 0.0285688283999999 2.448326630119986 -0.007545828999999981 -0.013176611300000002 0.001991363899999987 0.9998817324000129
1712732420.744853 -0.021443165239999926 0.02844440479999994 2.446054632279988 -0.007733494399999996 -0.013308625900000004 0.0020713062999999864 0.999878293200004
1712732420.782149 -0.021466470199999966 0.028615157760000027 2.444641332279991 -0.007854699400000031 -0.013319050000000004 0.0020962164999999812 0.9998770296000089
1712732420.812217 -0.021495769399999996 0.02829278480000001 2.444352657599995 -0.008081494200000039 -0.0133468372 0.0020679404999999875 0.9998745262000057
1712732420.845525 -0.021519789479999992 0.028163883160000083 2.4445597719199963 -0.008104381800000037 -0.013379318499999992 0.0020509200000000003 0.9998739362000038
1712732420.879261 -0.02146621147999998 0.028870150960000146 2.4450313781599946 -0.008027516500000064 -0.013432392899999989 0.0020433060000000004 0.9998739838000119
1712732420.915223 -0.02145907315999999 0.0292892815600001 2.445866827879997 -0.008327429000000075 -0.013469297699999988 0.002033570600000001 0.9998712778000141
1712732420.949585 -0.021493903479999986 0.029345893080000084 2.446940150199998 -0.008652736900000058 -0.01346837929999999 0.0020255429999999964 0.9998689890000036
1712732420.987233 -0.021530568359999974 0.028931887600000046 2.447950837640005 -0.008973912400000072 -0.013479927099999988 0.002017706100000005 0.9998665512000116
1712732421.01381 -0.021305422600000012 0.028980567560000062 2.4486912086000006 -0.009100180100000044 -0.013544149899999986 0.002007787900000002 0.9998646200000053
1712732421.047094 -0.02115103928000002 0.028855717800000028 2.4493013694800014 -0.00923723600000006 -0.013550092299999983 0.0019999351000000052 0.9998633743000027
1712732421.080264 -0.02130565388000003 0.028967333360000038 2.4497795845599963 -0.009234046400000029 -0.013485154499999985 0.002010716499999998 0.9998642743000119
1712732421.114802 -0.021255501679999997 0.028633263680000007 2.449965219799992 -0.009298477200000033 -0.013507352299999987 0.0020179731000000032 0.9998633325000128
1712732421.148847 -0.02115125740000001 0.02879681420000002 2.449407947279985 -0.009230255800000009 -0.013508275999999986 0.0020516355999999902 0.9998639703000094
1712732421.187213 -0.02101108183999998 0.028536187120000046 2.4488264919999803 -0.009377600899999994 -0.013516418699999987 0.0020650075999999904 0.9998624205000055
1712732421.213347 -0.02095631719999999 0.028486711399999965 2.4482239748399817 -0.009426639000000004 -0.013487335699999992 0.0020864651999999984 0.9998623013000042
1712732421.252003 -0.02080704051999997 0.02848963459999998 2.4474836875999926 -0.009492696499999998 -0.0134594031 0.002131222900000007 0.9998619674999987
1712732421.284391 -0.020803493199999978 0.02826107703999993 2.446611604919983 -0.009630977600000002 -0.013403472199999999 0.002122279700000007 0.999861419199999
1712732421.316613 -0.02070980268 0.02806145411999992 2.4455450583199805 -0.009781430600000007 -0.013376855799999999 0.0021195061000000015 0.9998603522999929
1712732421.351804 -0.020694484159999988 0.02790112723999991 2.4441564417199717 -0.009863904400000045 -0.013318924300000002 0.002121023200000005 0.9998603522999929
1712732421.383157 -0.0207017216 0.02794075395999991 2.4425861121199817 -0.009906173200000045 -0.0132642363 0.0021318115999999997 0.9998606443999961
1712732421.416156 -0.02062521999999998 0.027696760279999937 2.440748903879992 -0.00999390140000007 -0.013229517399999991 0.002161502800000004 0.9998601913999892
1712732421.446543 -0.020626849599999993 0.027658926679999956 2.438729882399998 -0.009978578700000051 -0.013171821699999985 0.0021947983000000005 0.9998610437999901
1712732421.48561 -0.020430270559999977 0.027533822119999978 2.436552229160004 -0.009966490300000075 -0.013193500399999992 0.002235481700000008 0.99986078149999
1712732421.52008 -0.02033893147999999 0.02775091619999992 2.434328096200013 -0.009917655600000064 -0.013178396299999996 0.002280935900000003 0.9998613596999917
1712732421.546528 -0.020076395360000006 0.02764744807999996 2.432084586960013 -0.010008982000000045 -0.013212884999999997 0.0023360953999999935 0.9998598457999833
1712732421.582362 -0.019898921280000006 0.027678712599999922 2.4296392038800123 -0.010044000100000039 -0.013224674499999988 0.0023803569999999883 0.999859231899984
1712732421.611536 -0.019641484239999986 0.02780372055999999 2.427196157400019 -0.010039171400000057 -0.013262089999999994 0.0024768336999999806 0.9998585463999916
1712732421.651479 -0.019324337199999986 0.02788415195999997 2.424516773560026 -0.01002881570000005 -0.013315198899999992 0.0026069666999999795 0.9998575867999875
1712732421.685399 -0.01911086408 0.02799010143999995 2.421836922400041 -0.010051866100000018 -0.013342613799999991 0.002718644899999978 0.9998566866999908
1712732421.713608 -0.018787486479999987 0.02784508076000005 2.4188608696000324 -0.010117990100000007 -0.0134135098 0.0028005086999999705 0.9998548686999925
1712732421.751042 -0.018520547920000015 0.027922812399999976 2.4157389690000355 -0.010180988499999977 -0.013477864000000006 0.0028304910999999546 0.999853283199991
1712732421.783485 -0.01834771568000001 0.0279894664 2.412772145280023 -0.010262410099999997 -0.013533314500000004 0.0028726473999999723 0.9998515963999808
1712732421.812796 -0.01830966340000003 0.027933781399999958 2.4096831393600313 -0.010348459999999981 -0.013533641100000004 0.0028676742999999673 0.9998507023999877
1712732421.847462 -0.018295580800000034 0.027701640679999997 2.406453592760031 -0.010443101200000004 -0.0135387288 0.0028542302999999603 0.9998496950999879
1712732421.882441 -0.018157235040000018 0.027704739440000112 2.4030042148000255 -0.010469225699999996 -0.0135676523 0.002908497699999968 0.999848860599991
1712732421.915665 -0.01817612440000004 0.027661498760000142 2.3996563911600175 -0.010553747599999986 -0.0135798325 0.0029167764999999514 0.9998477995999906
1712732421.944459 -0.018072902680000037 0.027598556720000108 2.396236937080016 -0.010615916999999975 -0.013601257899999997 0.0029473390999999794 0.999846768399982
1712732421.986316 -0.01823008264000002 0.027723076640000205 2.3927466203200196 -0.010596858499999983 -0.013537411300000001 0.0029758487999999696 0.9998477338999919
1712732422.018951 -0.017974036080000002 0.027489565880000285 2.3888863684000126 -0.010640655600000003 -0.0135764082 0.003046443399999976 0.9998465000999885
1712732422.047155 -0.017927051240000012 0.02752245188000012 2.38516820920001 -0.01061101550000001 -0.0135614683 0.003204197399999975 0.9998464046999856
1712732422.082735 -0.017800905359999983 0.027390676320000154 2.381379170519999 -0.010583965200000022 -0.013558568500000001 0.003386618600000002 0.999846047099993
1712732422.115888 -0.017554015639999972 0.02762695908000001 2.3771903397200136 -0.010506024099999988 -0.0136052088 0.0036382501999999927 0.9998451886999987
1712732422.158272 -0.01732559107999995 0.027738014920000092 2.373166883080014 -0.010528000399999992 -0.013683329499999997 0.00389530549999999 0.9998428700999966
1712732422.184859 -0.016888051319999948 0.027562669680000162 2.368963298800011 -0.010596589599999984 -0.013806689399999994 0.00417986899999998 0.9998392699999954
1712732422.215461 -0.01695303651999995 0.02751795704000013 2.364755008280008 -0.010622514199999999 -0.01382217389999999 0.004358795799999982 0.9998380481000027
1712732422.254356 -0.01670507831999994 0.02735190304000014 2.360289635760016 -0.010618231700000003 -0.013915405699999984 0.004574220900000014 0.9998359262000008
1712732422.283398 -0.016524097519999954 0.027302282000000094 2.3556392120800114 -0.010607558199999988 -0.014017246099999991 0.004751695800000011 0.9998338580000109
1712732422.31536 -0.016160035919999968 0.02701532792000009 2.3510303115600095 -0.010684871100000003 -0.01417138309999998 0.004921886800000008 0.9998301447000018
1712732422.347804 -0.01637673575999996 0.026864249719999973 2.3466018391200167 -0.010732690899999975 -0.014206767799999987 0.004985085599999994 0.9998288573000081
1712732422.381268 -0.01627156999999995 0.026698179480000125 2.34195356836002 -0.01073972849999998 -0.014315404999999993 0.00501463590000002 0.9998271229000124
1712732422.419834 -0.01599918823999995 0.0264643624000001 2.336946745000027 -0.01072950829999999 -0.014463906999999988 0.004980573800000032 0.9998252394000133
1712732422.462459 -0.016120315399999943 0.025985589560000084 2.3323066354000206 -0.010727489699999992 -0.014500224699999986 0.004866257700000043 0.9998252812000146
1712732422.484148 -0.016157500519999955 0.02583735447999995 2.3273478102000102 -0.010611532899999965 -0.014509300599999997 0.004783360300000039 0.9998267653000085
1712732422.514992 -0.01622478367999994 0.026010537559999915 2.322141215800013 -0.010458508099999975 -0.014526974699999995 0.004655766500000036 0.9998287501000049
1712732422.548732 -0.01585267179999992 0.026084830239999805 2.31686390880001 -0.010364962199999984 -0.014663257199999991 0.004612512700000027 0.9998279453999999
1712732422.582878 -0.01548327927999993 0.02615788979999987 2.311398479879999 -0.010270868399999999 -0.014761639300000007 0.004559543700000024 0.9998277070000086
1712732422.614002 -0.015414743959999921 0.026259983679999904 2.3060022448399966 -0.010195933299999993 -0.014781824599999993 0.004516845199999997 0.9998283865000076
1712732422.645352 -0.015434554799999932 0.026367793479999867 2.300764107599991 -0.01010837069999999 -0.014817731500000009 0.004414559900000015 0.9998292448000143
1712732422.685315 -0.015279650399999943 0.026600750119999822 2.295478222239985 -0.009989476400000008 -0.014896686600000009 0.00435365860000001 0.9998295905000077
1712732422.716624 -0.015418214279999945 0.02666468727999987 2.290125679799994 -0.009974477799999982 -0.014879916800000004 0.004214782400000017 0.9998305560000063
1712732422.74643 -0.015587508719999968 0.026835853519999838 2.2849818871599923 -0.00997907579999997 -0.014819077600000008 0.00414918179999999 0.9998316825000074
1712732422.78271 -0.015532791119999985 0.027070181319999838 2.279518961719991 -0.009954037299999996 -0.014819598000000012 0.004076538299999965 0.9998321951000093
1712732422.812899 -0.015275715279999979 0.027289350760000025 2.2738333175599927 -0.0099699808 -0.0149067375 0.0039540287999999535 0.9998312116000079
1712732422.852344 -0.015130430559999995 0.02744947575999987 2.268602657159988 -0.009971588099999984 -0.01494318830000001 0.003870344399999981 0.9998309613000174
1712732422.881255 -0.015183032200000012 0.02756245827999983 2.2631535337599913 -0.00988764419999999 -0.01489381230000002 0.0037885576999999947 0.999832868700014
1712732422.918586 -0.015419608960000011 0.027710764199999852 2.257473964480002 -0.009825319699999956 -0.014860576100000022 0.003659759699999965 0.9998344661000147
1712732422.953054 -0.01536173884000003 0.027796348999999977 2.251767876120004 -0.009801742699999982 -0.014879529100000033 0.003490875299999985 0.999835044200006
1712732422.984302 -0.01533718116000001 0.027807001319999997 2.245821378080004 -0.009765722099999952 -0.014828559600000023 0.00332728259999997 0.9998367072000065
1712732423.017439 -0.015290788800000019 0.02806747132000016 2.239638709840003 -0.00969261889999995 -0.014784844700000011 0.003175575800000008 0.9998385311000106
1712732423.054256 -0.014940679600000038 0.02823885511999997 2.2334637189199995 -0.009665316799999957 -0.014856171100000015 0.0030368407000000096 0.999838137800009
1712732423.080544 -0.014668253600000012 0.028164851959999914 2.227189576640005 -0.009694475899999944 -0.014904366300000004 0.002790625499999999 0.9998377086999994
1712732423.116317 -0.014318144680000023 0.02800967792000012 2.2207600237200062 -0.009795537299999912 -0.014949369700000003 0.002538447799999988 0.9998365583000008
1712732423.15202 -0.014265746880000022 0.02773717520000012 2.214573950960007 -0.00992270929999992 -0.014913374400000002 0.0022822313999999897 0.999836188800009
1712732423.179635 -0.013992567400000013 0.027236725040000315 2.208069029040016 -0.010102505899999947 -0.014907095800000002 0.0020064796999999857 0.9998348536000095
1712732423.215136 -0.013794981760000024 0.026701999520000363 2.2015697480000243 -0.01027398569999991 -0.014854217199999997 0.0017202140999999838 0.9998345258000085
1712732423.249399 -0.013219652600000001 0.026242069560000372 2.195102894600027 -0.010369098699999935 -0.014834022999999984 0.0015258868000000091 0.9998343529000067
1712732423.291597 -0.01254275820000001 0.025692403520000223 2.1881229283200283 -0.01042334029999994 -0.014842928399999988 0.0013749765000000025 0.9998340132000066
1712732423.318453 -0.01178873556000003 0.02501205728000009 2.1814691379600344 -0.01045923559999995 -0.0148549751 0.001285659100000025 0.9998336794000011
1712732423.353822 -0.011067635040000015 0.02461563523999995 2.174918804520034 -0.010394165799999966 -0.01481293210000001 0.0012685225999999883 0.9998349013000052
1712732423.385012 -0.01036148820000001 0.02424949968000018 2.1681930163600325 -0.010318049299999998 -0.014745484199999992 0.0013241096999999868 0.999836480800002
1712732423.416071 -0.009711806160000034 0.023901338720000213 2.1615647270000227 -0.010192926599999996 -0.014667251700000005 0.0014994208000000064 0.9998385073000122
1712732423.449249 -0.009048919600000004 0.023565004400000193 2.1547559429200236 -0.009954525600000031 -0.01456954050000001 0.00174696360000004 0.9998416604000113
1712732423.488073 -0.008158515120000018 0.02310004927999998 2.147717397280021 -0.009651410000000027 -0.014495392400000019 0.00206736640000007 0.999845034000009
1712732423.513071 -0.007633587640000029 0.02268438955999997 2.140492715760017 -0.009236964699999994 -0.014356791400000013 0.0024364241000000677 0.9998501600000054
1712732423.553816 -0.006814456600000018 0.02243301760000005 2.1331763101600063 -0.008781123000000024 -0.01428238970000002 0.0028401439000000474 0.9998540343000059
1712732423.58707 -0.006250475560000046 0.021988602999999822 2.1257846688399944 -0.008361762100000013 -0.014152826900000016 0.0032336896000000337 0.9998579502999974
1712732423.614144 -0.005848732120000042 0.02164406467999992 2.1185132908799935 -0.007880591699999995 -0.013993973300000007 0.0036952925000000468 0.9998622478000015
1712732423.658727 -0.005319663160000018 0.02180324104000011 2.1105463528799917 -0.007342387199999978 -0.013928501300000007 0.004126095200000046 0.9998653770000032
1712732423.681076 -0.004706569840000041 0.021442927240000315 2.1024638748399886 -0.006935347099999989 -0.01395390380000001 0.004479249200000046 0.9998662829999944
1712732423.715282 -0.0043147787200000206 0.020845394640000306 2.094246530599987 -0.0064968793999999885 -0.013940628800000021 0.004664480400000004 0.999868792299992
1712732423.749497 -0.003991868720000022 0.020791252440000463 2.0858482576399866 -0.005934667500000002 -0.013960132000000014 0.004754891600000022 0.9998718857999848
1712732423.784357 -0.003479692160000045 0.020663564040000325 2.0774012685999876 -0.005467398199999973 -0.014045724000000015 0.004770384800000027 0.999873393799976
1712732423.823725 -0.003090732960000042 0.02069440380000046 2.069055700319998 -0.005015363399999995 -0.014105684000000007 0.004697866500000014 0.9998755216999712
1712732423.854497 -0.0024847337200000295 0.020948416720000293 2.0607486843999934 -0.004674622000000017 -0.014190941300000004 0.004591309499999996 0.9998767375999705
1712732423.88353 -0.0020782644400000414 0.021034262760000144 2.052485728160002 -0.004473698100000023 -0.01423411080000001 0.004433792900000011 0.9998778878999701
1712732423.919056 -0.001789763640000039 0.02109206456000038 2.0443272970400086 -0.004326871600000004 -0.014248408800000023 0.0042594715000000335 0.9998792289999756
1712732423.952735 -0.0016077336800000364 0.021355024600000404 2.0362057326800165 -0.004228639700000025 -0.014251000400000024 0.003986985200000026 0.9998809455999776
1712732423.981804 -0.0014253100400000384 0.021376687640000256 2.028058700360009 -0.004248733300000041 -0.014245016100000018 0.003690084700000007 0.9998822926999764
1712732424.018558 -0.0013800150000000367 0.02148451620000003 2.0197909877600067 -0.004329110400000014 -0.014205929600000023 0.003360276700000009 0.9998838006999791
1712732424.047549 -0.0009920758400000329 0.02144782555999999 2.011384770640013 -0.004514935799999975 -0.014211385200000027 0.003124810400000033 0.999883478899983
1712732424.084831 -0.0004917432800000077 0.021234587919999937 2.002942738440022 -0.004732736099999979 -0.014171849800000035 0.003002867899999995 0.9998833775999856
1712732424.119889 -8.284416000000849e-05 0.02099009863999999 1.9945352862400225 -0.004932935599999988 -0.014050297300000025 0.002995949499999995 0.9998842000999957
1712732424.152719 0.00033343267999998535 0.020834959879999882 1.9860162828800159 -0.005076953699999986 -0.01393490270000004 0.003088217399999982 0.9998848556999974
1712732424.190017 0.0005614291199999632 0.02041644275999996 1.9774106455600164 -0.0051539625999999835 -0.013841012600000036 0.0031452552999999828 0.9998856187000001
1712732424.223302 0.0006936031199999791 0.020080228280000154 1.9690201498800228 -0.00513637689999995 -0.013807959400000036 0.003114601799999983 0.999886244600009
1712732424.254388 0.0009768620399999816 0.019919836999999916 1.9606162528400204 -0.005045864099999964 -0.013846023800000041 0.0030686654999999784 0.9998862268000039
1712732424.286827 0.0013269407199999871 0.019677285039999857 1.9521080474000199 -0.004868259499999939 -0.013898116000000038 0.0030356525999999827 0.9998862268000039
1712732424.321111 0.0016641673999999804 0.01946138011999995 1.9435028438000175 -0.0046216896999999426 -0.013907192500000031 0.003044362499999975 0.9998869122000087
1712732424.350705 0.0021260850799999886 0.01928698688000008 1.9347864726400257 -0.004335145899999971 -0.013872307500000014 0.0031091437999999803 0.9998883367000075
1712732424.392398 0.0023081931599999894 0.019328345400000124 1.9260085180000146 -0.004040214599999992 -0.013776449300000016 0.0031973153999999672 0.9998909235000042
1712732424.420987 0.002485444359999982 0.01948696596000008 1.9170933437600157 -0.003842888199999983 -0.013753371699999994 0.0032555112999999914 0.9998920440000006
1712732424.452177 0.002542969239999997 0.019328162840000187 1.9083517552400167 -0.003774185299999999 -0.013800039600000003 0.003186364899999994 0.9998919724999951
1712732424.48341 0.0024247599600000134 0.019165148520000272 1.8994951273200216 -0.0036670947999999813 -0.013852560200000008 0.002982980900000021 0.9998923420999972
1712732424.514127 0.002421596240000023 0.01924725152000029 1.890548093280024 -0.003574443599999988 -0.013906184600000038 0.0027667638000000495 0.9998925864999932
1712732424.551958 0.002511902680000029 0.019130788880000117 1.881113581480024 -0.0035758170999999894 -0.013924322800000045 0.0025737519000000207 0.9998927235999873
1712732424.582968 0.0025380625200000307 0.019185369560000182 1.8716952749600317 -0.003619149900000007 -0.01385567080000003 0.0024338779000000255 0.999893826199991
1712732424.619361 0.002783767000000021 0.019194315280000252 1.862090599040025 -0.0038189544000000186 -0.013744345100000022 0.002346495800000037 0.9998948334999909
1712732424.654892 0.0029739074400000295 0.019391489880000244 1.8525139612000383 -0.004143623200000013 -0.013600037400000042 0.0023416393000000647 0.9998955368999873
1712732424.684472 0.0032232354000000327 0.01923897164000035 1.84293033064004 -0.004620388400000008 -0.013501653400000046 0.0024402128000000634 0.999894183899994
1712732424.716087 0.003576113800000002 0.019155142720000275 1.8333202140400497 -0.005063890500000001 -0.013446622700000055 0.002560735800000069 0.9998919248999982
1712732424.760425 0.004086707520000012 0.018868676120000316 1.8240472714800375 -0.005471426300000015 -0.013397133300000075 0.0026714374000000873 0.9998897553000006
1712732424.794596 0.004732332640000019 0.018668306160000297 1.8144735210000271 -0.0058014717000000274 -0.013318252800000074 0.0028335963000000854 0.999888080400001
1712732424.823867 0.005711452040000009 0.016918553680000236 1.80515742008002 -0.0061820009000000285 -0.013224585100000042 0.0030514680000000905 0.9998863936000021
1712732424.852429 0.00677281976000001 0.01666851592000029 1.795552994760021 -0.005980113099999995 -0.01306634790000003 0.0033435400000001005 0.9998882294000054
1712732424.885491 0.0077041854399999945 0.01649725560000025 1.787234847160007 -0.005956415899999979 -0.01284596050000002 0.0036829174000001077 0.9998901963000094
1712732424.916418 0.008697063759999995 0.016495587920000287 1.7793050763599965 -0.005911120599999986 -0.012683840700000015 0.00403009260000009 0.9998912335000114
1712732424.952589 0.009296821239999996 0.016397596320000218 1.7729412626799967 -0.005979501099999984 -0.012558700200000005 0.004297877300000063 0.9998915256000146
1712732424.984109 0.009842243879999976 0.016139040680000282 1.7679161477599834 -0.00611812399999998 -0.012504362999999996 0.004444546300000063 0.9998907865000206
1712732425.01844 0.010377079159999964 0.016224704720000246 1.764267983519985 -0.006152699099999959 -0.012434044500000008 0.004474759800000072 0.9998912812000185
1712732425.052207 0.010823114959999977 0.016333370760000177 1.7617729331999863 -0.006262807499999967 -0.012342060199999994 0.004513704900000093 0.9998913170000151
1712732425.08484 0.011169773999999955 0.016144151240000112 1.7599089054399972 -0.0063666019999999435 -0.012235725200000002 0.004556107100000073 0.9998916031000136
1712732425.125122 0.011349500119999929 0.016341053959999987 1.758983266600005 -0.006328480399999936 -0.012115476399999991 0.004565504200000037 0.9998933913000088
1712732425.152286 0.011153466239999944 0.018070839360000014 1.7586893511600123 -0.0062925482999999 -0.011992368400000019 0.004615196700000013 0.9998949887000095
1712732425.196224 0.01090793479999994 0.01832082503999988 1.7595749021200071 -0.006827422199999944 -0.011951981300000015 0.004633339199999975 0.999892872700002
1712732425.221307 0.010729699959999945 0.018664637599999912 1.760102734600018 -0.007166307199999977 -0.011979029000000007 0.004641598999999985 0.9998905659999991
1712732425.254357 0.010425756039999942 0.01870135791999992 1.7611276076800162 -0.0075689635999999895 -0.01198889430000003 0.004579083699999975 0.9998885037000036
1712732425.288909 0.01045104479999996 0.018626186599999952 1.7616672726800104 -0.007838274099999954 -0.012011208400000051 0.004527525699999968 0.999886685699994
1712732425.318252 0.010520398839999973 0.01849683135999992 1.7620972891200108 -0.007942840899999925 -0.011997591300000022 0.00453574919999995 0.9998860418999925
1712732425.348925 0.010507189839999986 0.01823632131999993 1.7621508951200073 -0.00798631709999995 -0.011988484000000011 0.004596689699999957 0.9998855292999906
1712732425.381912 0.010501397199999988 0.01811188987999994 1.7620534629599955 -0.007859265199999932 -0.01198596860000003 0.004632339799999929 0.9998864590999915
1712732425.417947 0.010368000719999979 0.018343811360000045 1.762025458199989 -0.007728604499999925 -0.011957217200000026 0.004656083699999947 0.9998877882999977
1712732425.453787 0.010405610039999992 0.01849208927999999 1.7619291110399944 -0.007703459599999895 -0.01196569580000002 0.004699100399999967 0.9998876750000022
1712732425.48724 0.01060009691999999 0.018566849840000045 1.7619534774799919 -0.007728098699999908 -0.011993835300000023 0.004733643799999987 0.9998869836000039
1712732425.51789 0.010725905959999999 0.018545890160000196 1.7619544955600006 -0.007779285599999852 -0.011998333000000017 0.004763368400000001 0.9998863935000145
1712732425.548519 0.010917006800000016 0.018549900880000292 1.7621147796000034 -0.00781759159999984 -0.012012989900000015 0.004816246200000008 0.9998856723000131
1712732425.587384 0.011111272200000029 0.018358099480000226 1.7621820708800144 -0.007855642799999795 -0.012029423400000017 0.004880211400000034 0.9998848795000072
1712732425.623458 0.01127583884000003 0.018288643800000167 1.7622546359600233 -0.007854408899999842 -0.012051367199999996 0.004955366700000052 0.9998842835000119
1712732425.656521 0.011292043560000032 0.018281306960000163 1.7621248601600357 -0.007856337199999874 -0.012053457700000037 0.0049723163000000795 0.9998841643000105
1712732425.681518 0.011404265320000028 0.01834021084000007 1.7619098686000345 -0.007873570099999849 -0.012047324000000036 0.004984604300000095 0.9998840391000158
1712732425.720822 0.011433321480000027 0.018334160880000103 1.7615686891600464 -0.007960423199999855 -0.012016826400000014 0.004982636500000126 0.9998836934000224
1712732425.753208 0.01155267876000003 0.0181503372400001 1.761162271400046 -0.008082127499999902 -0.012018982099999987 0.004993289900000119 0.9998826027000177
1712732425.784069 0.011581852520000031 0.01809981488000009 1.7606232403200326 -0.008150778999999896 -0.011992025800000005 0.005007432500000108 0.9998823106000145
1712732425.817289 0.011633053880000018 0.01807391124000002 1.760099346600036 -0.008180501899999904 -0.011975723999999976 0.005038674600000093 0.9998821139000142
1712732425.849722 0.011737554360000003 0.018084778319999904 1.7592902826800354 -0.008208006899999898 -0.011974090199999976 0.005065683600000081 0.9998817801000086
1712732425.883746 0.011753084559999996 0.018009783959999904 1.7581298924000317 -0.008287679099999945 -0.011969766499999989 0.005074664000000073 0.999881124500007
1712732425.917213 0.011848890759999984 0.01803824624000004 1.7568178798800203 -0.008380460399999911 -0.011977037499999987 0.005084452300000031 0.9998802066000053
1712732425.956698 0.011826047799999961 0.018108325199999945 1.755439877800015 -0.00845025649999993 -0.011978222400000016 0.005126143600000033 0.9998793900000009
1712732425.98128 0.011910002159999936 0.018083737279999814 1.753833248720009 -0.008517882999999938 -0.0120080513 0.005182183400000007 0.9998781860000008
1712732426.01981 0.011903662959999948 0.018076635639999877 1.7520116784800095 -0.00855828599999997 -0.012038346599999982 0.0051884963000000004 0.999877441000001
1712732426.053999 0.011985417919999953 0.018003682479999908 1.7501605013199966 -0.00857543380000001 -0.012090730399999972 0.005202395199999987 0.9998765945999935
1712732426.090816 0.012089753199999982 0.018146754079999813 1.7480684807600002 -0.008544677099999998 -0.01211843199999998 0.005240518899999991 0.9998763322999935
1712732426.116746 0.012214040719999967 0.018010799519999877 1.7459138085200128 -0.008629464699999988 -0.012163364499999973 0.005296693699999988 0.9998747408999975
1712732426.14931 0.012328646959999981 0.017920979159999958 1.743445928279998 -0.008697154800000018 -0.012199204200000003 0.005346110199999999 0.9998734593999984
1712732426.184361 0.01232757876000001 0.017826792479999864 1.7410708069999965 -0.008757997000000017 -0.012209161200000018 0.005379704500000004 0.9998726368999996
1712732426.213758 0.012297542879999988 0.017710710639999867 1.7385674283599928 -0.008782861400000019 -0.012214152399999989 0.005414414800000022 0.9998721778999993
1712732426.249676 0.012263877919999987 0.017829605919999877 1.7359252783600025 -0.008737029900000071 -0.012229277499999958 0.005466806000000046 0.9998721004000004
1712732426.287278 0.012251247960000006 0.017610461960000056 1.732996005719997 -0.008792434500000024 -0.012236740199999962 0.0054958974000000275 0.9998713494000071
1712732426.316802 0.012319130320000017 0.017449532800000077 1.7298155257599956 -0.008800740300000064 -0.012245885299999948 0.005573814600000037 0.9998707176000039
1712732426.358083 0.012367973520000018 0.017304309399999943 1.7265546199999857 -0.008789210900000021 -0.012235475099999959 0.005687656700000021 0.9998703002999946
1712732426.39093 0.012498833480000016 0.017356806039999916 1.7232198642399952 -0.008738780399999957 -0.012239034299999974 0.005840895999999996 0.9998697876999927
1712732426.419648 0.012400876880000012 0.017347494359999906 1.7197567007599854 -0.008691777499999987 -0.012232690000000001 0.005965919699999977 0.9998694955999895
1712732426.461853 0.012299140000000017 0.017434904199999827 1.7162669515599873 -0.0086058564 -0.012236997300000007 0.006102451499999972 0.9998693346999857
1712732426.48368 0.012320213919999991 0.01762758983999969 1.712638480559988 -0.008571647499999991 -0.012271995700000015 0.0062475531999999665 0.9998682498999756
1712732426.519322 0.01239576435999996 0.01763741615999976 1.7090003800799922 -0.008615276800000071 -0.012318915200000013 0.006427447899999983 0.9998661160999746
1712732426.557475 0.012562206719999977 0.017666846399999655 1.705248725599986 -0.008635715800000021 -0.01237338410000004 0.006618807199999965 0.9998640239999759
1712732426.586332 0.012733052079999998 0.017612682079999473 1.7014414955999768 -0.00867194849999997 -0.012421172400000069 0.006782577099999942 0.9998620391999793
1712732426.620408 0.012968418959999992 0.017757696599999484 1.697660768159992 -0.008618087999999968 -0.012474058000000055 0.006936822599999948 0.9998608649999824
1712732426.648136 0.013178670400000005 0.018090829399999463 1.6939595819999953 -0.008573849399999922 -0.012530222800000069 0.007067640999999947 0.999859631199979
1712732426.691736 0.013323183439999995 0.01812045535999964 1.6901815750400009 -0.008617552799999918 -0.0125959249000001 0.007170999099999964 0.9998577238999815
1712732426.715664 0.01348592895999999 0.01813402919999966 1.6861665298800017 -0.008610971699999937 -0.012675173000000095 0.007222050399999969 0.9998564304999832
1712732426.755864 0.01372723351999998 0.017967123999999612 1.68196783580001 -0.008627324799999858 -0.012750606800000064 0.007269003199999968 0.9998550238999883
1712732426.783044 0.0139223462 0.017858131479999775 1.6777901366800028 -0.008576757199999906 -0.012806916400000068 0.007246472499999967 0.9998548807999896
1712732426.818859 0.013931499680000006 0.017640036399999948 1.6732468418400117 -0.008495958499999911 -0.012830285700000044 0.007186312699999942 0.9998556555999926
1712732426.850571 0.014103140520000008 0.017496347399999942 1.668607299800003 -0.008352984299999911 -0.012883795600000036 0.007074741699999931 0.9998569429999975
1712732426.891437 0.014235263560000003 0.017442588800000002 1.6640123682000079 -0.008186715699999958 -0.012939541600000038 0.006958499499999915 0.9998583972999995
1712732426.915498 0.014299707239999999 0.017307681440000167 1.6594110279600158 -0.008009626199999963 -0.012981125400000026 0.0068566861999999505 0.9998599588999924
1712732426.949378 0.014364966279999999 0.017182040960000113 1.6545885378400043 -0.007848413500000007 -0.013023115700000032 0.006732845899999962 0.9998614966999867
1712732426.990554 0.014289966599999995 0.016932493480000196 1.6497050147200094 -0.007714977899999998 -0.013047701700000048 0.006631231699999951 0.9998628973999871
1712732427.021846 0.014328792520000013 0.016886407160000158 1.6446814017200129 -0.0075651759000000315 -0.01307115590000003 0.006513740999999929 0.9998646079999844
1712732427.057583 0.014297718959999995 0.016602596920000143 1.6396722249600157 -0.007501318200000018 -0.013065587100000053 0.0064375319999999455 0.9998657046999824
1712732427.087618 0.01431240104000001 0.01656071928000017 1.6345781496800076 -0.007377308100000058 -0.013064819500000047 0.006343919399999942 0.9998673020999831
1712732427.114086 0.014173041959999988 0.01647069200000004 1.6293378760400103 -0.007297434000000003 -0.01305009410000002 0.006272448699999966 0.9998685299999807
1712732427.162078 0.014335951840000001 0.01638109872000001 1.6242598391600085 -0.0072227843000000295 -0.013072251600000006 0.006242099299999993 0.9998689829999876
1712732427.188189 0.014398212360000003 0.016326072000000094 1.6189386057600155 -0.007149614199999999 -0.013048948000000005 0.006215446200000007 0.9998699962999809
1712732427.224622 0.014503455960000017 0.016236006360000024 1.6134621952400152 -0.007100400299999965 -0.013018039000000004 0.006153465200000019 0.9998711168999762
1712732427.253057 0.014583585240000025 0.01613244555999998 1.6077913712000143 -0.007063411699999999 -0.012998762200000024 0.006051115300000021 0.999872219599979
1712732427.287632 0.01457954456000003 0.0160433308 1.602148902200024 -0.00701695400000002 -0.012959195300000026 0.00596460190000001 0.9998735367999757
1712732427.317897 0.014758486120000025 0.01578997812000008 1.5964102862400227 -0.006953713700000019 -0.012925630600000026 0.005827342700000004 0.9998751699999844
1712732427.349208 0.014863291240000008 0.015646304240000075 1.5906408952000264 -0.006787822799999965 -0.012897032200000024 0.005702534000000004 0.999877315799995
1712732427.384346 0.014997456040000018 0.015694266000000102 1.5847406433600257 -0.006600038100000027 -0.012900387300000028 0.005533997300000015 0.9998794615999941
1712732427.416431 0.015135280160000021 0.01574376048000012 1.5788650248000338 -0.006451773800000016 -0.01287883510000003 0.005383349500000012 0.9998814999999922
1712732427.454154 0.015368298680000027 0.01564413480000013 1.5728321263200382 -0.0063337332000000576 -0.012856100900000066 0.005236125000000013 0.9998833297999908
1712732427.491285 0.015405141920000011 0.015589157360000064 1.56728769036004 -0.0062267783000000245 -0.012842096400000091 0.005029659900000016 0.9998852788999898
1712732427.520568 0.01551952444000001 0.015651277039999946 1.5618503997600397 -0.006116577099999976 -0.012869668800000112 0.0048254115999999845 0.9998866378999878
1712732427.554693 0.015581510280000009 0.01562620584000012 1.556175236560041 -0.006063349499999937 -0.012877177300000087 0.004599203499999982 0.9998879133999935
1712732427.589067 0.015708550199999994 0.015494713920000115 1.5504587338800389 -0.006040017199999958 -0.012866209900000047 0.004384374799999957 0.9998891292999929
1712732427.620605 0.015904359239999995 0.015606234840000005 1.5447693679600387 -0.006038029499999898 -0.012849898900000056 0.004185646199999971 0.9998901724000007
1712732427.65338 0.016060261559999987 0.015505038079999842 1.539108824680038 -0.006106271699999955 -0.012807776500000045 0.004024046699999983 0.9998909471999923
1712732427.685682 0.01622838279999999 0.0152794815599999 1.5332016632800376 -0.006113364499999996 -0.012748464200000021 0.003902205599999986 0.999892169099985
1712732427.714801 0.01636015136 0.015129344439999812 1.5270069953600385 -0.006029633099999998 -0.012657557700000011 0.0038341615999999855 0.9998940465999908
1712732427.753435 0.016666564879999977 0.014757282119999821 1.520808822960032 -0.0059227424000000365 -0.012617833200000029 0.003810234199999973 0.9998951969999894
1712732427.78765 0.017161747119999994 0.014497065519999984 1.514508895760032 -0.00571028870000001 -0.012593206400000011 0.003873439699999981 0.999896210299994
1712732427.81744 0.017509414439999992 0.014486978800000008 1.5075839374400377 -0.00543428300000004 -0.01249918270000001 0.003979141199999958 0.9998981354999955
1712732427.851988 0.017920237440000014 0.014107003960000133 1.5003185008000262 -0.005235442600000084 -0.012390756599999974 0.00415485569999996 0.9998996553999973
1712732427.884368 0.018481305639999987 0.013686489880000109 1.4930193350800323 -0.004947014800000105 -0.012286873299999978 0.004409876499999976 0.9999011872999972
1712732427.924861 0.018886716520000003 0.013562204320000005 1.4856185481200326 -0.004571920000000063 -0.012166782499999983 0.0047100044999999644 0.9999029396999959
1712732427.955901 0.01937617444000002 0.013050031679999918 1.4780380510000237 -0.004169402600000094 -0.012062921699999984 0.00507434649999996 0.9999042211999949
1712732427.989431 0.019886549480000026 0.012662686399999998 1.4700155209600188 -0.003657642100000036 -0.011970354199999988 0.005486063799999963 0.9999053000999993
1712732428.021462 0.020453117720000004 0.012489039919999988 1.4619838284800128 -0.0032110938000000644 -0.011907416600000031 0.005899158999999976 0.9999052643000027
1712732428.065135 0.021037123800000022 0.012266062200000042 1.4539996338000125 -0.002816982900000031 -0.01186543130000004 0.006322888499999957 0.9999043165999979
1712732428.084118 0.02152624712000005 0.012134134600000053 1.4457045674400115 -0.0024411882999999966 -0.011864086200000035 0.0066954165999999924 0.999902969499999
1712732428.117746 0.02175807144000001 0.012045078919999987 1.4373035742800016 -0.0021454009000000164 -0.011879134600000053 0.006923614899999997 0.9999019859999976
1712732428.152655 0.022112938120000043 0.011587647960000103 1.428885082239992 -0.001884516199999986 -0.011941222200000068 0.007067226000000026 0.9999008296999932
1712732428.185822 0.022363601120000028 0.011540864440000078 1.4203762927199932 -0.0014984126999999959 -0.012015452100000079 0.007103354700000031 0.999900477999995
1712732428.22044 0.02253098400000002 0.011679334519999996 1.4118073799199873 -0.0011804904999999978 -0.0121200297000001 0.007023257500000035 0.9999002395999923
1712732428.255229 0.022881059599999993 0.011677518160000167 1.4034982110799912 -0.001004873900000014 -0.012258456100000092 0.006863057900000058 0.9998997150999912
1712732428.283355 0.023055759439999993 0.011822492080000302 1.3951586258399948 -0.000919054500000005 -0.012367335900000054 0.006607990800000074 0.9998999892999905
1712732428.320309 0.023125915119999965 0.012041851640000302 1.3866988027199887 -0.000902965499999997 -0.012470499900000043 0.0063135215000000855 0.9999005733999866
1712732428.357499 0.02320726856000001 0.012309687600000138 1.378226170439982 -0.0009407142999999785 -0.012596147499999998 0.005979201200000084 0.999901044299986
1712732428.389748 0.023421579159999997 0.012572044240000224 1.3698934278399768 -0.001060405700000011 -0.01275753909999997 0.005586482900000078 0.9999013124999919
1712732428.421953 0.023429114799999966 0.012954261320000347 1.3615703819199894 -0.0012817090000000419 -0.012841860299999962 0.00515246200000008 0.9999024390999921
1712732428.456754 0.02366267315999997 0.013324741360000232 1.3531956740399935 -0.00159460720000002 -0.012913245599999934 0.004734950800000082 0.9999030530999903
1712732428.493158 0.023871060919999944 0.013655341000000012 1.344656192879993 -0.0019925009000000492 -0.012922358599999928 0.0044382534000000804 0.9999034881999933
1712732428.522389 0.024107257999999927 0.013815875359999907 1.336112322439983 -0.0024138420999999964 -0.012880122299999953 0.004250352600000085 0.9999040484999909
1712732428.55812 0.024241072799999947 0.013891673319999995 1.3275786409199737 -0.00278248010000004 -0.012814167799999953 0.004224859300000094 0.9999041974999955
1712732428.586771 0.024423213919999947 0.013879447119999817 1.3184599159199775 -0.0030656157000000126 -0.012785192499999987 0.004287757200000098 0.9999036014000012
1712732428.615441 0.024707453399999916 0.01399738423999988 1.3091686736799828 -0.003248049799999997 -0.012805526200000018 0.004359086500000098 0.999902534499995
1712732428.665376 0.025078939479999913 0.01422182299999985 1.2999476013999878 -0.0034244274999999822 -0.012855266300000024 0.0044265475000000885 0.999901115900002
1712732428.686831 0.025413404239999868 0.01428995399999998 1.2907264207600087 -0.003646815399999959 -0.012865242700000046 0.004503870800000076 0.999899983399996
1712732428.72553 0.025610087999999843 0.014321896959999875 1.2811398947200086 -0.003865420599999947 -0.012815499100000061 0.004584917800000099 0.9998995422999997
1712732428.754826 0.02591638307999988 0.014349047159999875 1.2714712905999976 -0.004036349799999961 -0.012767672400000051 0.004728938900000079 0.9998988389000033
1712732428.788584 0.026165921599999926 0.014401907240000077 1.2617337096000072 -0.004181793599999928 -0.012737182300000071 0.004908809900000044 0.9998978196000052
1712732428.820898 0.026339536999999913 0.01437083844000014 1.2521093656400217 -0.004375442299999932 -0.012768668100000057 0.004987726100000023 0.9998960255000042
1712732428.855582 0.026487416199999947 0.01425738272000032 1.242313689120051 -0.004572628599999984 -0.012881778300000058 0.004942495400000047 0.9998936890000095
1712732428.887558 0.026775863799999928 0.014125298600000313 1.2323891879600615 -0.004801144799999957 -0.013022353400000065 0.004776388600000026 0.9998913644000027
1712732428.919439 0.026981590439999932 0.014030758840000353 1.2226401664400646 -0.005023716599999961 -0.01306893730000005 0.004549066900000032 0.9998906194000028
1712732428.961617 0.027190605119999926 0.014128939440000394 1.2127937962000486 -0.005241291799999992 -0.013032794300000062 0.004380167000000013 0.9998907803000066
1712732428.992374 0.027460399119999934 0.014125111000000457 1.2027547397600529 -0.0055579904000000015 -0.01294299450000005 0.004222279900000014 0.9998910366000018
1712732429.018524 0.027710476359999976 0.014252940240000312 1.1924362959600465 -0.005914725000000054 -0.012848452600000027 0.004125910100000007 0.9998906254000076
1712732429.0612 0.027961943520000004 0.014312330760000193 1.1821347084400393 -0.00634127040000001 -0.012782447700000032 0.004080206900000017 0.9998889028999998
1712732429.09173 0.028301124879999955 0.014192050040000195 1.1719995882000285 -0.006824946899999951 -0.012731864800000058 0.004058556700000038 0.9998862027999962
1712732429.124455 0.028672886199999907 0.013925331840000084 1.1615073005200156 -0.00724816490000002 -0.012663949600000057 0.004095830700000036 0.9998837053999978
1712732429.15748 0.029241716559999947 0.01387989120000025 1.1507784500800153 -0.007528152999999982 -0.012575150400000058 0.004169622300000064 0.999882280899999
1712732429.190004 0.029726486159999944 0.013985422640000208 1.1398800949199903 -0.007799939899999941 -0.01241146160000004 0.004324034500000051 0.9998815954999941
1712732429.221791 0.030213681399999942 0.01420562920000016 1.128870814119996 -0.00807760979999994 -0.01226136720000004 0.00455024160000006 0.9998804153000037
1712732429.257058 0.030547534359999948 0.014200608520000308 1.1184539869999934 -0.0084383957 -0.01214000280000005 0.004828160100000067 0.9998779237999997
1712732429.287756 0.030791563879999966 0.013997538800000233 1.1079251996400126 -0.008785123899999992 -0.012067255100000018 0.005128707500000074 0.9998747886000047
1712732429.317999 0.03108807239999999 0.013657532560000298 1.0971541002800131 -0.008994128900000042 -0.01204333240000004 0.005470435400000051 0.9998716296000112
1712732429.364728 0.031449951119999944 0.01342359172000048 1.0865382698800203 -0.009048668600000021 -0.012046257300000062 0.005806804100000074 0.9998691619000055
1712732429.386396 0.03189509651999996 0.013075430760000515 1.0756876958800283 -0.009082950300000014 -0.012030830800000069 0.006163342200000033 0.9998667479000118
1712732429.418072 0.032203699360000004 0.01280098428000034 1.0643941714000356 -0.00900030230000004 -0.01198855460000008 0.006423924999999997 0.9998663426000121
1712732429.452727 0.03241020104000004 0.012521621840000278 1.0530255699600501 -0.008887699799999992 -0.011952894800000058 0.006588453100000002 0.9998667479000118
1712732429.48612 0.032447921240000024 0.012181544480000176 1.0414962840800308 -0.008726300899999994 -0.011952798800000063 0.0067479328999999755 0.9998671413000124
1712732429.522735 0.03263795584000001 0.011930233560000081 1.0298219596000444 -0.00850530300000001 -0.012023292100000083 0.006815063699999957 0.9998676419000162
1712732429.558844 0.03282486200000003 0.011762248120000186 1.0181106017600359 -0.008290296799999996 -0.012062597000000074 0.006859554299999937 0.9998686194000129
1712732429.586785 0.03329330368000006 0.011611502000000194 1.0053528746800293 -0.008083277999999972 -0.01212714740000007 0.006895602499999898 0.9998693824000157
1712732429.626824 0.03368396780000009 0.011319619640000268 0.9923636338000233 -0.007917895799999996 -0.012207411600000074 0.006838256799999875 0.9998701275000144
1712732429.671857 0.0338855361600001 0.011162789120000197 0.979362777120018 -0.007707804200000013 -0.012308709900000058 0.00661990979999989 0.9998717904000045
1712732429.694878 0.0340822818000001 0.010765092240000022 0.9660922798799992 -0.007493238200000007 -0.012413269600000065 0.006246729599999901 0.9998741388000099
1712732429.720128 0.03413721780000009 0.01077605088000002 0.9527916084399976 -0.007179232899999999 -0.012489067700000068 0.0057597916999999384 0.9998783528000104
1712732429.757544 0.03428056604000007 0.010825873800000102 0.9391660294800112 -0.006962744700000023 -0.012594588700000076 0.00525833419999997 0.9998813033000147
1712732429.789163 0.03440669512000007 0.010853196760000223 0.9256104706799851 -0.00688783630000005 -0.012727798100000109 0.004740218299999999 0.9998825908000185
1712732429.823921 0.034739583200000076 0.010774198120000165 0.912084551839989 -0.00685298370000007 -0.012819616300000147 0.0042616858000000144 0.9998838186000171
1712732429.85397 0.03511972240000005 0.010540717040000336 0.8985057614399965 -0.006738224400000092 -0.012807719100000137 0.0039463438000000295 0.9998860598000192
1712732429.884305 0.03546861192000006 0.01027039860000027 0.8850238524399991 -0.006530489700000075 -0.012743818300000154 0.0036976253000000625 0.9998892368000156
1712732429.919044 0.03570364056000004 0.010080441840000133 0.871432828840011 -0.006217958700000104 -0.012677019700000125 0.003560052900000077 0.9998926581000205
1712732429.95737 0.03622143868000003 0.009759472799999891 0.8577615295200031 -0.005848708300000105 -0.012636959900000156 0.0035424620000001016 0.99989534030002
1712732429.990369 0.03673238939999999 0.009335848479999917 0.8441158149200009 -0.005474332000000093 -0.012536665900000177 0.0036762026000001224 0.9998975934000214
1712732430.02443 0.037188305280000035 0.008957475800000054 0.8302160809599946 -0.005003899500000042 -0.012399435400000191 0.00398249990000008 0.9998992922000184
1712732430.059257 0.03766312452000003 0.008380913520000028 0.8160803685999963 -0.004472752000000124 -0.012350632000000195 0.004306937600000049 0.9998999538000135
1712732430.094786 0.03804581228000005 0.00779418555999996 0.8021174739200022 -0.0038546912000001045 -0.012381533400000144 0.004558922500000051 0.9999007048000067
1712732430.119019 0.03847137588000001 0.007414812999999931 0.7879724403600266 -0.0030758007000001087 -0.012417375700000122 0.004686800800000013 0.9999028386000077
1712732430.156458 0.038850527519999976 0.007132233360000022 0.773719010120044 -0.002393868200000071 -0.0124596276000001 0.004703580600000023 0.9999048711
1712732430.187341 0.03911223315999998 0.00690303515999993 0.759496617880045 -0.0019233317000000305 -0.012489676300000063 0.004643820500000029 0.9999061943000015
1712732430.219525 0.039370448319999966 0.006676400359999802 0.7450495833200511 -0.0015404699000000298 -0.012537578700000029 0.004537419700000012 0.999907040700009
1712732430.262819 0.03943134411999999 0.006523362439999935 0.7303027712400489 -0.0012876015999999878 -0.012608144300000035 0.004224324500000032 0.999907952600006
1712732430.287417 0.03957023867999996 0.00649290319999995 0.7158001530400588 -0.0011800983999999738 -0.012760528699999973 0.003848491400000009 0.9999077022000051
1712732430.322848 0.03991372699999997 0.006565344239999825 0.7012448550800491 -0.0011139255999999876 -0.012915395799999984 0.0034279598999999994 0.9999076724000133
1712732430.360584 0.040309868759999916 0.0064527349599996595 0.6867112823200522 -0.0012171227000000507 -0.012998933799999968 0.0030110803000000354 0.9999085247000152
1712732430.392273 0.040655381479999926 0.006456051279999747 0.6721178282000528 -0.001313064999999991 -0.012994907399999978 0.002636814700000034 0.9999102592000213
1712732430.425565 0.041162598119999914 0.0063864413199998535 0.657629483560031 -0.0014172564999999971 -0.01294968360000004 0.002423175500000019 0.9999116301000186
1712732430.458246 0.041733173999999956 0.006370664999999888 0.6430649562400276 -0.0015835820999999584 -0.012851461200000002 0.0024208725000000263 0.9999128043000155
1712732430.486926 0.04225312252 0.006421177559999833 0.6283445800800064 -0.0017992543000000083 -0.012743226599999958 0.0024799500999999947 0.9999137342000154
1712732430.529217 0.042605778040000056 0.006476164799999715 0.6135601752000093 -0.0020806328000000816 -0.012693718099999973 0.002442853300000003 0.9999137580000138
1712732430.553538 0.04308214512000003 0.006269328799999875 0.5988052271600054 -0.0023100199000000822 -0.012747233999999974 0.002333570399999996 0.9999127804000068
1712732430.584339 0.043839864600000035 0.006128151679999795 0.5839964020800061 -0.002397396700000076 -0.01276254149999998 0.002229281900000002 0.9999125003000018
1712732430.620477 0.044381529920000024 0.006252032359999972 0.5687309241600133 -0.002482994400000038 -0.0126123475 0.0021340338999999986 0.9999143122999954
1712732430.658901 0.04474144668000005 0.006514905600000027 0.5532471084000099 -0.0027876295000000438 -0.012455413399999938 0.0020974786999999663 0.9999152361999905
1712732430.684722 0.04511545136000009 0.006788871320000211 0.5378472232000194 -0.0032382916000000426 -0.012402938499999915 0.002082383299999968 0.9999138950999964
1712732430.724255 0.0455027375600001 0.006756728440000187 0.5226260678800281 -0.0037577930000000314 -0.012379518599999884 0.0020345122999999798 0.9999121903999935
1712732430.761635 0.04596898992000002 0.006911456440000129 0.5070776018000334 -0.004176755499999985 -0.012349177699999814 0.0020026580999999767 0.9999111949999928
1712732430.787746 0.046430163920000045 0.0068816652799999645 0.4918230805600387 -0.004606395299999999 -0.012361961899999852 0.001912479499999975 0.9999096929999951
1712732430.819406 0.04685386663999998 0.006737292799999856 0.47627695528005454 -0.004975410800000013 -0.012413081299999896 0.0018697850999999765 0.9999075113999993
1712732430.858686 0.04740256807999996 0.006614390719999825 0.46071003944004124 -0.00509595979999995 -0.012464636399999928 0.0019964790999999595 0.9999060331999999
1712732430.896087 0.04801112623999997 0.006509999999999749 0.4445388458000434 -0.0052063457000000035 -0.012494646899999929 0.002234504799999959 0.9999046324999995
1712732430.920339 0.04861164419999998 0.006350014439999753 0.4285782541600247 -0.00550218530000004 -0.01256462669999996 0.002629723799999928 0.9999014675000012
1712732430.954762 0.04914647107999998 0.005902805439999596 0.41254358740001856 -0.005696688400000038 -0.01268981069999997 0.002966042599999952 0.9998981177000019
1712732430.984611 0.04974438083999999 0.005369253679999524 0.39660433316003946 -0.0056144753999999965 -0.012881895599999993 0.0031404923999999836 0.999895596400006
1712732431.020141 0.050198762039999956 0.0050493290399994 0.38039738660003874 -0.005264054600000012 -0.013082822299999996 0.0031838768999999712 0.999894618899998
1712732431.055244 0.05085999519999996 0.004861905719999484 0.3638431129200307 -0.005023457400000009 -0.013331788999999983 0.0032337020999999577 0.9998925149000002
1712732431.088156 0.05121803092000002 0.004089549519999558 0.348472125400026 -0.004858166600000047 -0.013531311800000001 0.003453906999999967 0.999889796900004
1712732431.119092 0.05181799979999992 0.0035454691999997575 0.33056066316002214 -0.004069764200000048 -0.013609088499999977 0.003443311499999968 0.9998903035000012
1712732431.152804 0.05228921627999993 0.0031176182799999806 0.31443507732002673 -0.003288026999999971 -0.013636593699999987 0.0034453879999999603 0.9998917996000045
1712732431.194668 0.05268884263999997 0.002676099720000131 0.2995026742400387 -0.002483757799999964 -0.013662552999999989 0.0033976486999999444 0.9998923539999964
1712732431.220216 0.053011912519999954 0.0025301575600002123 0.28618772504004936 -0.0019319895999999836 -0.013707007499999957 0.003246100699999932 0.9998931109999944
1712732431.256497 0.05311660451999996 0.002360428840000317 0.27499114244004885 -0.0014360400999999356 -0.013743262299999958 0.0029927986999999322 0.9998950242999968
1712732431.289955 0.05331677036 0.002426458440000409 0.2655226845600373 -0.0010433352999999813 -0.01377640229999999 0.0027873900999999092 0.9998966277000022
1712732431.319026 0.05340246044 0.002477461560000407 0.25807325264001973 -0.0009326315000000029 -0.013749956799999996 0.0026534111999998887 0.99989779
1712732431.353393 0.053498911200000034 0.0024287662000003606 0.2525671125600138 -0.0009824098999999364 -0.013681139899999995 0.002592643299999864 0.9998987258000056
1712732431.385393 0.05342323168000006 0.0023178016400002472 0.24892733684001994 -0.0009308250999999323 -0.013568126699999983 0.0025242378999998927 0.999900680799999
1712732431.418828 0.05347768467999999 0.00269885308000017 0.24572431156002036 -0.0008234783999998996 -0.013463694799999981 0.0022369824999998846 0.999903494199998
1712732431.453326 0.053265334640000016 0.0028761255600000266 0.2462209850800218 -0.0012951896999998879 -0.013473431700000038 0.0022338293999998983 0.9999032199999988
1712732431.487449 0.05315769928000007 0.0030560496399999336 0.24657758524000656 -0.0016989290999998908 -0.013506987700000028 0.002196356799999899 0.9999026537999953
1712732431.529352 0.053154913840000005 0.0032785062799997886 0.2472116824800014 -0.002252530599999947 -0.013555968500000048 0.0021486397999999074 0.9999022842000045
1712732431.558822 0.05303542440000007 0.0033862693199996127 0.2482191840799896 -0.0026238077999998664 -0.013543998900000086 0.0021331193999999166 0.9999021948000063
1712732431.585748 0.052975926640000025 0.0034890766399994885 0.24875181911998426 -0.0028324346999998974 -0.013501575200000105 0.002145178699999928 0.9999023795000085
1712732431.622771 0.052847814320000006 0.0034429578399995005 0.24927498903999545 -0.0029595590999998756 -0.013468243800000047 0.002148334699999932 0.9999025404000121
1712732431.65814 0.05276797652000002 0.0034000464399995423 0.2494041390400116 -0.002907159299999851 -0.013468786600000015 0.0021666231999999397 0.9999026477000144
1712732431.689739 0.05275829412000005 0.0033793639599997505 0.24930293724002692 -0.0027929133999998967 -0.013487269800000057 0.0021378604999999773 0.9999028265000106
1712732431.720806 0.05281068688000001 0.0034193924799999207 0.24912145356002383 -0.00268341999999997 -0.013514842200000121 0.0021477722999999837 0.9999027789000138
1712732431.755781 0.052848993960000125 0.0034497220799998727 0.2489263308000272 -0.0026745392999999672 -0.013534164500000135 0.002155328600000006 0.9999025285000129
1712732431.786554 0.05281439604000014 0.0035404084799998256 0.24895422076000612 -0.0026821552999999553 -0.013521804200000088 0.002157058899999997 0.999902665600007
1712732431.821361 0.0527663603600001 0.0035403586399999297 0.24906736176000774 -0.0027210791999999983 -0.013507859200000106 0.0021562034000000008 0.9999027550000165
1712732431.85616 0.05275387684000014 0.0035225184400000486 0.24912963376000333 -0.002752010999999932 -0.013503249400000073 0.0021475334000000236 0.9999027610000212
1712732431.889304 0.0527660733600001 0.0035385963200000956 0.24914935639999383 -0.0027536242000000045 -0.013508314700000046 0.002164690600000041 0.9999026537000191
1712732431.919216 0.05277217120000017 0.0035265876800000123 0.24912707400001635 -0.002749911500000035 -0.013511393699999985 0.0021659049000000595 0.9999026180000101
1712732431.961205 0.05278073864000015 0.0035257012000000283 0.2491175047200204 -0.002745065499999999 -0.013505254599999983 0.0021626178000000882 0.9999027253000122
1712732431.997137 0.05280681672000011 0.0035563032400001402 0.2490794992000292 -0.002735468399999963 -0.013507493500000045 0.0021384605000001056 0.9999027728999976
1712732432.029678 0.05284517588000005 0.003531712240000004 0.2490256552000028 -0.0027500441999999126 -0.013518196600000022 0.0021379803000000754 0.999902588100008
1712732432.057266 0.052792700520000096 0.0035646071999998336 0.24899713524000158 -0.002757503899999847 -0.013502780600000009 0.0021244302000000383 0.9999028026000019
1712732432.088241 0.0527922917200001 0.0035468683599998835 0.24901046576001135 -0.002766158899999915 -0.013498494999999977 0.0021199957999999963 0.999902850300009
1712732432.12206 0.052808361480000086 0.003514691039999995 0.2489614201200129 -0.002777181899999981 -0.013497268700000032 0.002118879100000015 0.9999028444000032
1712732432.155878 0.0528349242400001 0.003520790559999831 0.2488927268800262 -0.0027754663999999705 -0.013495951600000033 0.002126002600000021 0.9999028502999863
1712732432.189261 0.052781112720000016 0.0035423233999998514 0.24888591784002984 -0.0027843186000000133 -0.013477194900000012 0.0021466177000000197 0.9999030290999826
1712732432.217736 0.052691845920000015 0.0035543437999999124 0.24886297212003225 -0.0027926009999999835 -0.013447458400000034 0.0021543097000000346 0.999903386699998
1712732432.25678 0.05265086987999991 0.003559027639999996 0.2488669358000061 -0.0027935710999999587 -0.013436906500000045 0.0021558205000000276 0.9999035238000034
1712732432.28899 0.052628820999999965 0.0035422086000000516 0.2489356979199965 -0.002780237200000002 -0.013433869500000117 0.002152712300000026 0.999903607300007
1712732432.32055 0.052581878439999966 0.0035032768399998557 0.24897752543999555 -0.002713589200000044 -0.013412866200000106 0.0021640141000000223 0.9999040305000108
1712732432.35827 0.05255201139999999 0.003525963559999851 0.24902852800002165 -0.0026609053000000494 -0.013379238500000135 0.002183737100000016 0.9999045669999986
1712732432.390815 0.05258602579999993 0.003471918799999862 0.24933684412000726 -0.002615136500000048 -0.01335869400000007 0.0021942445000000532 0.9999049305999961
1712732432.427327 0.0526041843599999 0.003471823039999897 0.24974579252001602 -0.0025522621000000356 -0.013336471000000127 0.002242636600000081 0.9999052643999903
1712732432.46333 0.052667792519999965 0.0034078861599998686 0.25035213140004087 -0.002539365300000007 -0.01331616690000006 0.002256247500000086 0.9999055325999961
1712732432.490685 0.05265598491999998 0.0034089790000000164 0.25126478160002075 -0.0025334974999999815 -0.013278242200000002 0.002314460700000076 0.9999059141000088
1712732432.523079 0.05270688780000002 0.003380425720000062 0.2524113446399997 -0.002547045099999945 -0.01324439040000005 0.002337266800000082 0.9999062717000016
1712732432.553515 0.05276139819999999 0.003302357800000166 0.2539079681600151 -0.0025642583999998967 -0.013205786700000033 0.0023726998000000777 0.9999066471999868
1712732432.588948 0.05280544248000005 0.0032801524000002046 0.25555861296002147 -0.0025511062999998835 -0.013157576800000025 0.0024428979000000518 0.9999071358999799
1712732432.618117 0.05280694048000002 0.003258476760000057 0.2573911085200325 -0.002566204799999916 -0.013108380799999963 0.0025000066000000487 0.9999076007999748
1712732432.653136 0.05282292484000005 0.0032034727200002775 0.2595405526000331 -0.002661964199999911 -0.013068810299999978 0.0025684992000000405 0.9999077080999769
1712732432.686323 0.05286247847999997 0.0031509010400003136 0.2619382626000197 -0.0027465394999999226 -0.013040080699999911 0.0026343791000000396 0.9999076901999843
1712732432.72107 0.052832783080000015 0.003160970400000345 0.2644547295600159 -0.0028331313999999884 -0.012989403199999926 0.002714783399999998 0.9999078987999838
1712732432.755211 0.0527432715599999 0.003112170320000338 0.2672805993199972 -0.002912385099999959 -0.012936496899999917 0.0027623890000000096 0.9999082444999885
1712732432.784866 0.052636775519999845 0.0031344896800002786 0.2701285806799797 -0.0029300016999999736 -0.012888306399999916 0.002832552599999971 0.9999086378999891
1712732432.821419 0.05258509423999982 0.0031137906800001143 0.27300878275998 -0.0029627611000000442 -0.012852998299999908 0.002864566699999971 0.9999089001999891
1712732432.856833 0.05248154379999988 0.003163798680000091 0.27612033203999087 -0.002970362000000115 -0.01283138899999985 0.002921442999999968 0.9999089955999807
1712732432.892309 0.05238096723999992 0.0031776936800000754 0.279201032879987 -0.0030066568000001403 -0.012822256399999876 0.0029710295999999304 0.9999088585999744
1712732432.921723 0.05224752315999993 0.003132031000000026 0.2825118312799986 -0.003077163700000174 -0.012816097599999932 0.0029909928999999557 0.9999086738999722
1712732432.957412 0.052131775079999935 0.0031415664000001443 0.28602909943998384 -0.003111353300000097 -0.012800309899999984 0.003031851499999938 0.9999086618999626
1712732432.990319 0.051959736359999904 0.003141896520000103 0.2895177370399597 -0.003157377700000108 -0.012777712199999947 0.003062277299999927 0.9999087095999585
1712732433.025753 0.051767616039999936 0.0031128473600001527 0.2932035565199612 -0.0032136769000000952 -0.012779456699999959 0.003101921999999968 0.9999083638999536
1712732433.064469 0.05164909707999986 0.0030845833200002556 0.29690188891996055 -0.003287143500000056 -0.012817786699999978 0.0031326340999999758 0.9999075174999689
1712732433.093605 0.05157627439999986 0.0031005959600003763 0.3006442580399607 -0.0034140523000000477 -0.012856791000000012 0.00319820639999997 0.9999063313999613
1712732433.119937 0.05147879743999985 0.0031063656400005255 0.3045249104799677 -0.0035744124999999905 -0.012883374500000055 0.003261702199999972 0.9999051809999628
1712732433.15905 0.05145772995999991 0.003071900720000613 0.30858335199999143 -0.003706166999999905 -0.012927465900000091 0.0033476714999999936 0.9999038099999552
1712732433.191395 0.05134291735999986 0.0030184565600005794 0.31269855567999455 -0.003841339899999863 -0.012934070800000086 0.00343639699999998 0.9999029099999689
1712732433.224679 0.05126977407999982 0.0029657065200005303 0.317004683239993 -0.0039945105999998455 -0.012952335900000111 0.0035243971999999956 0.9999017476999825
1712732433.258361 0.051171295279999855 0.003018438640000589 0.32135874456000235 -0.0041452749999997705 -0.012963873600000042 0.003637899599999983 0.9999005675000034
1712732433.292142 0.05111608795999979 0.0031309793200005485 0.3258036308800092 -0.004308925499999816 -0.012988636900000027 0.003729102899999992 0.999899262200006
1712732433.322138 0.0510404579999998 0.003158611960000428 0.33054189224002584 -0.004463964099999806 -0.013004714800000006 0.0037855137999999846 0.9998982132000037
1712732433.358808 0.0509464152399998 0.0032798343200002474 0.3353318967600353 -0.004560288899999865 -0.012997575500000025 0.003822625199999985 0.9998977721000074
1712732433.389452 0.05078006023999989 0.0033331074000000523 0.340246290720047 -0.004671545499999841 -0.012969878 0.003835629400000018 0.9998975992999931
1712732433.420995 0.05063878427999997 0.0034794804799998143 0.3452675234400521 -0.004724124099999827 -0.012949997099999954 0.003774566400000001 0.999897825800008
1712732433.466672 0.05048041684000006 0.003565201079999731 0.3502890188000492 -0.004772602699999862 -0.012931098099999972 0.003686371800000021 0.999898123800017
1712732433.489621 0.05021682651999999 0.0036389441199996494 0.355292883960019 -0.004858942799999877 -0.012899807099999983 0.0035529116000000195 0.9998985411000149
1712732433.531184 0.05001432660000006 0.0036649141199997354 0.3603647625200028 -0.004926515699999889 -0.012900811600000051 0.0033737292000000085 0.9998987497000144
1712732433.566485 0.04978599752 0.003732290239999578 0.3654084694399944 -0.004978852399999933 -0.012875296500000032 0.003194878999999995 0.9998993636000023
1712732433.594311 0.04950768395999994 0.003682641479999482 0.3706997579599829 -0.005060296899999983 -0.012831587500000107 0.0029492097999999967 0.9999002158999929
1712732433.629665 0.04920571935999991 0.0036440706399995548 0.3760091941199698 -0.005136859499999957 -0.01281542930000006 0.002747345199999973 0.9999006330999919
1712732433.66635 0.04897476443999995 0.003709894159999507 0.3812568191599575 -0.005215572299999938 -0.012834438900000045 0.002543130299999996 0.9999005198000077
1712732433.692356 0.04873852255999998 0.003766731639999534 0.386704473959935 -0.005328859999999924 -0.012853900200000013 0.0023359252999999745 0.9999002694999944
1712732433.734481 0.04850874503999996 0.0038674495999996236 0.3922832605999474 -0.005401599899999976 -0.012870579000000059 0.002148989499999976 0.9999001442999997
1712732433.759432 0.04823037827999997 0.003845392039999709 0.39789112859994474 -0.005494256199999992 -0.012891572900000092 0.0020046243999999993 0.999899721099996
1712732433.787708 0.047941390559999936 0.003902781679999662 0.40370763355994765 -0.005571795999999995 -0.012928234800000027 0.0018743683999999927 0.9998990952999975
1712732433.824801 0.04762958899999995 0.0040281278799997365 0.4097626663199753 -0.005603477400000045 -0.012937431200000038 0.001745570900000004 0.999899041599997
1712732433.858178 0.04737161183999988 0.004221998759999685 0.4158000207199756 -0.005641508200000001 -0.012949005599999985 0.0016807119000000093 0.9998988091000001
1712732433.890088 0.04698643683999998 0.004397019759999771 0.4220748389199844 -0.005682766500000014 -0.012963620900000005 0.001610107900000024 0.9998985230000017
1712732433.919919 0.04668686400000002 0.004589786319999866 0.42831017851998243 -0.005713497799999967 -0.013017503799999997 0.001574627400000006 0.9998977124000021
1712732433.960446 0.04633361656000011 0.004673493439999809 0.4346537356000044 -0.0057589392999999765 -0.01304860810000008 0.001484061200000042 0.9998971819999951
1712732433.994084 0.04589599392000005 0.004768852759999937 0.4412081623600079 -0.0057118766999999515 -0.0130460095000001 0.0013956552000000233 0.9998975872999836
1712732434.028065 0.04549741028 0.0048340580399999665 0.4476055385200333 -0.005549810499999896 -0.013063486600000118 0.0013194264000000455 0.99989824889999
1712732434.059502 0.04511562496000003 0.0048183035600000675 0.4540359552400332 -0.0053417142999999 -0.01309163110000009 0.0012103262000000114 0.9998989760999848
1712732434.09141 0.04472391223999997 0.004845474200000019 0.46046229964003027 -0.0050651556999999235 -0.013096996000000072 0.0010806132999999995 0.9999002455999744
1712732434.123613 0.04425347667999992 0.004869575759999947 0.4669871861200317 -0.004725873799999914 -0.013088852700000065 0.0009557298999999908 0.9999018488999581
1712732434.159508 0.04385520440000001 0.004836629279999833 0.473468163000025 -0.004368770899999852 -0.013130543599999989 0.0008416702999999969 0.999902760899954
1712732434.188113 0.043413244280000055 0.0047218953599997 0.4800691403200562 -0.004012980499999852 -0.013177094 0.0007270837000000086 0.9999035655999478
1712732434.222506 0.043069726840000065 0.004639381319999742 0.48668136608005624 -0.003625572199999816 -0.013273351199999972 0.0006387963999999968 0.9999038337999536
1712732434.261982 0.04280499356000005 0.004629605399999619 0.4931866634800553 -0.0032382013999998627 -0.013388472899999915 0.0005930739000000074 0.9999038754999446
1712732434.291207 0.04259065132 0.004724469119999525 0.4997807648400339 -0.0028854122999998565 -0.013495481099999828 0.000630833399999986 0.9999038754999446
1712732434.324345 0.04245704148000008 0.00469296267999944 0.5065615816800437 -0.002650467899999942 -0.013592236099999867 0.0007408003000000107 0.999903374799942
1712732434.361566 0.04231141964000018 0.0045782808399993866 0.5135999643600189 -0.002482656399999961 -0.01365293199999984 0.000856951199999978 0.999902921799935
1712732434.39622 0.042217614600000085 0.004494628599999259 0.5208007092400158 -0.0022756759999999153 -0.013688640199999824 0.0010615113000000064 0.9999026475999472
1712732434.425997 0.04205616940000018 0.004441176879999347 0.527993802000019 -0.002068732599999912 -0.013714062399999793 0.0012813602000000036 0.9999023972999567
1712732434.46738 0.04200613480000024 0.004364177159999549 0.5354830129600213 -0.0019253116999998986 -0.013755927999999872 0.0015244924000000104 0.9999017297999672
1712732434.489572 0.041836769240000175 0.004208782479999655 0.5429398968000169 -0.001779959699999978 -0.01376098189999988 0.001767970299999977 0.9999015330999782
1712732434.522523 0.04182653832000021 0.004126970959999632 0.5504550595599949 -0.001599712199999992 -0.013774078399999912 0.002002621899999957 0.9999011873999735
1712732434.558722 0.04185955788000015 0.003933083279999536 0.5579967374799752 -0.001428919800000017 -0.013729869599999934 0.0022192528999999796 0.9999016045999725
1712732434.588013 0.04186820260000019 0.003778058199999634 0.5659665751599823 -0.0012121172000000512 -0.013616151299999935 0.0023935212999999676 0.9999030768999774
1712732434.619583 0.04182811696000014 0.0037000829599996973 0.574043099280002 -0.0009330308000000898 -0.013484475899999992 0.0025202960999999744 0.9999049126999807
1712732434.657032 0.04170404532000008 0.0037630871599996494 0.5819552589200065 -0.0006785264000000347 -0.013369288200000006 0.0025458936999999794 0.9999068319999879
1712732434.687773 0.04150141547999997 0.0039531774799996455 0.5900012624800137 -0.0005318110000000154 -0.013271274800000033 0.0025051615999999834 0.9999084651999965
1712732434.720468 0.041209273559999954 0.0040106317999997285 0.5982672309600139 -0.0005407046000000193 -0.013199039000000034 0.0023856177999999504 0.9999096513999802
1712732434.753766 0.040970129759999876 0.004037830999999805 0.6069852334000234 -0.0005315293999999859 -0.013177390900000053 0.0023176325999999304 0.9999100983999825
1712732434.787805 0.040681942839999825 0.004050077919999708 0.6155608678800263 -0.0004542818000000004 -0.013160497800000037 0.0022413765999999224 0.9999105453999846
1712732434.826894 0.04056772019999972 0.004215436679999626 0.6243224878800128 -0.0003874781999999577 -0.013167850900000033 0.0022462000999999175 0.9999104618999809
1712732434.85913 0.04033097207999965 0.004298481879999762 0.6332526404400233 -0.0003879731999999692 -0.013153938399999987 0.0022283371999999523 0.9999106942999788
1712732434.895482 0.04006995299999957 0.004440726359999871 0.6422684842000489 -0.0003669915999999773 -0.01315775919999993 0.002226639699999966 0.9999106406999771
1712732434.922103 0.03957657815999951 0.005653293799999908 0.650610134720041 -0.00033370319999992404 -0.013221429899999925 0.0022194579999999854 0.9999098001999756
1712732434.956389 0.039243752239999555 0.006065708879999789 0.6595923454400235 -0.0010149934999999389 -0.01338026439999993 0.0021538752999999745 0.9999056456999824
1712732434.99386 0.03896859455999948 0.005437423039999842 0.6679284505600254 -0.00153060199999997 -0.013603959299999867 0.0022601483999999507 0.9999007044999871
1712732435.021091 0.03865781303999959 0.005459621439999971 0.675049833640046 -0.0016416713999999998 -0.013820424499999895 0.002320354099999955 0.9998973903999968
1712732435.059248 0.03849090223999958 0.005600998199999907 0.6810570471600293 -0.0016134238000000245 -0.014022900399999916 0.002438886699999987 0.9998943744000144
1712732435.090885 0.038385471879999536 0.005779481119999942 0.6859002194800222 -0.0015718244000000325 -0.014210270299999906 0.002542682900000015 0.9998915014999966
1712732435.124203 0.03825295095999944 0.0058850528800000025 0.6897593656800245 -0.001622796600000065 -0.014376277399999892 0.0026062846000000305 0.9998889801999894
1712732435.159346 0.03814067123999969 0.005884991000000106 0.6926696834400218 -0.0016656475000000448 -0.014551215699999976 0.002599924400000031 0.9998864708999917
1712732435.191541 0.03799629455999973 0.006016336200000154 0.6946399765200203 -0.0016457386000000795 -0.014694636000000028 0.0026133167000000233 0.9998844026999905
1712732435.228732 0.03782892847999985 0.006168921640000135 0.6958414016400183 -0.0016590187000000256 -0.014834076600000046 0.0025696738000000165 0.9998825429999897
1712732435.261663 0.03785336491999988 0.005207508880000197 0.6967064664000281 -0.0017100265000000725 -0.014950143700000052 0.0025584127000000123 0.9998809157999858
1712732435.290187 0.03785785696000001 0.004866380680000191 0.6961248775600506 -0.0010920222000000202 -0.015003340700000044 0.0026322198000000353 0.999882078099995
1712732435.326868 0.03781495676000023 0.005514394760000307 0.6954197546800333 -0.0005784756999999807 -0.014984463800000115 0.0025832693000000352 0.9998840330999883
1712732435.356326 0.03788276548000006 0.005439466480000305 0.6951020655600132 -0.00041225300000000684 -0.014987430200000063 0.0026306718000000283 0.9998840748999782
1712732435.389433 0.03783815952000015 0.005402504240000425 0.6948022883200338 -0.00031699920000001215 -0.01499430730000002 0.0026244997000000048 0.9998840688999735
1712732435.420733 0.037762838120000204 0.005347262480000374 0.6947262226800239 -0.00030527689999999553 -0.014991215700000015 0.0025999000000000104 0.9998841880999862
1712732435.45774 0.037845377080000235 0.00536988032000039 0.6947258346000217 -0.00026318419999995515 -0.01500533810000002 0.0026230191000000238 0.9998839377999957
1712732435.488039 0.03789845723999999 0.0054138484400002435 0.6947934638400238 -0.00024413399999998476 -0.01500148569999995 0.0026182067000000584 0.9998840152999946
1712732435.52419 0.038046948519999936 0.005317904200000214 0.6949055699600194 -0.00023118329999993747 -0.015027173799999894 0.002642517800000066 0.9998835623000104
1712732435.563146 0.03814214627999987 0.0052568633600003165 0.6950634924800078 -0.00019814909999995577 -0.015028738099999916 0.002716771500000048 0.9998833358000183
1712732435.596474 0.038190672239999834 0.005219945640000141 0.6953882037199992 -0.0001697453999999432 -0.0150299390999999 0.002781621900000042 0.9998831451000342
1712732435.625433 0.03814487711999977 0.00521230500000037 0.6958152538399827 -0.00013136409999994214 -0.015023419799999882 0.002810005800000015 0.9998831690000316
1712732435.660866 0.03814109767999966 0.005139369480000369 0.6963473840400002 -7.707329999995238e-05 -0.01503004059999986 0.0028172089000000344 0.9998830617000294
1712732435.696767 0.03824671115999969 0.00504271460000023 0.6969640328000195 1.3931700000036074e-05 -0.015044003899999936 0.002849418500000045 0.9998827458000278
1712732435.723799 0.0383444014799997 0.004991196840000178 0.6976690557200118 0.00010472090000002154 -0.015051033499999988 0.0029382799000000404 0.9998823643000151
1712732435.765263 0.03851145087999974 0.004881696400000095 0.6984386953600323 0.0001875202999999992 -0.015070353100000045 0.003025999300000004 0.9998817921000182
1712732435.794743 0.03848631527999981 0.00475495832 0.6995968828800141 0.00026557970000000707 -0.01506558490000005 0.0031343268999999728 0.999881500000015
1712732435.826001 0.038411077599999816 0.00464600304000001 0.7009403881200387 0.00037736730000004215 -0.015057805600000052 0.003263281699999965 0.9998811722000255
1712732435.861979 0.038250651599999935 0.004663038519999958 0.702556262800026 0.00046133760000000024 -0.015055688000000077 0.0033860220999999413 0.9998807192000185
1712732435.891033 0.03818308592000008 0.00459748435999991 0.704331228440028 0.000509758100000024 -0.01508772510000007 0.003519334099999938 0.9998797179000121
1712732435.924791 0.03824227148000016 0.004534944120000048 0.7062290356800395 0.0005793817000000701 -0.01513213550000012 0.003646986899999938 0.9998785318000045
1712732435.967316 0.03830362340000018 0.004466053199999961 0.7081433192400254 0.000649708600000043 -0.015172287800000106 0.003837827799999971 0.9998771310999928
1712732435.997787 0.0383455844800001 0.004501636439999892 0.7103816798400248 0.0006953105000000015 -0.015214164500000127 0.004040943399999941 0.9998757006000005
1712732436.03144 0.03826589844000011 0.004433234960000014 0.7127421310800173 0.0007070629000000217 -0.015228231700000094 0.004213093799999923 0.9998747946000094
1712732436.063325 0.03827428752000013 0.004474979599999926 0.7152526105200194 0.0007511755000000342 -0.015275006000000068 0.004398617799999949 0.9998732389000224
1712732436.090068 0.03822364252000017 0.00456650291999999 0.7179705548400079 0.0007467650000000603 -0.01530789239999999 0.004611948499999974 0.9998717428000191
1712732436.124703 0.038396427160000246 0.004656961680000009 0.7207926737200251 0.0007512735000000603 -0.015373927299999934 0.0048450592000000015 0.9998695553000061
1712732436.160131 0.038535439600000276 0.004797103080000191 0.7239301288800197 0.0006869516000000076 -0.01542558379999992 0.005107187599999996 0.9998674750999953
1712732436.191805 0.0386902983600001 0.004781598920000113 0.727307575960026 0.0006001691999999892 -0.01545723559999992 0.005344406999999984 0.9998657881999862
1712732436.231241 0.03888552500000006 0.004887319080000018 0.7307632040800172 0.0005543849999999573 -0.015465060399999953 0.005567510699999989 0.999864464999996
1712732436.266363 0.03891800696000004 0.005011047440000027 0.7346119317599958 0.0004698021999999469 -0.015429324299999969 0.005773538700000014 0.9998639284999854
1712732436.298821 0.03894210795999992 0.005146746639999975 0.7387210961200117 0.00035923119999994315 -0.015382060600000002 0.0058961491999999895 0.9998639701999992
1712732436.32685 0.038907963639999925 0.00521787531999994 0.7429545040400126 0.0002076816999999842 -0.015295137099999944 0.00600113160000002 0.9998646795000014
1712732436.363681 0.03882655056000004 0.00541952487999989 0.7473148006800057 5.014210000000574e-05 -0.015187682499999956 0.006082442200000049 0.9998658238999951
1712732436.400762 0.03867340483999996 0.00558425391999993 0.7520371303199863 -0.00019783439999994102 -0.015064988199999973 0.006095703000000041 0.9998675166999874
1712732436.434277 0.03850033123999985 0.005789388919999787 0.7570090399199989 -0.00046133499999996276 -0.014946490600000039 0.006022281600000045 0.9998694657999749
1712732436.460143 0.03826328295999982 0.005983874679999879 0.7621997879999798 -0.0007833956999999892 -0.014819276300000083 0.005849881200000029 0.9998719691999896
1712732436.498889 0.037923040399999976 0.006166534079999798 0.7675505277999674 -0.0010823310999999336 -0.014682287200000133 0.005628245000000032 0.9998748182999861
1712732436.529873 0.03766265524000012 0.006515149759999837 0.7728810238799679 -0.0013656491999999077 -0.014585897100000089 0.005395879200000042 0.9998771488999865
1712732436.558674 0.03728515756000003 0.00682044159999986 0.7785043501199788 -0.001705575099999912 -0.014505642500000082 0.0051297600000000275 0.9998792647999835
1712732436.595399 0.036996959720000076 0.007057787239999874 0.7840014053199911 -0.002031086199999965 -0.014461822000000079 0.004886033200000028 0.9998806535999847
1712732436.625219 0.03668802788000004 0.007305111239999852 0.7896953273999862 -0.002355307399999962 -0.014416445000000078 0.004607266100000018 0.9998820184999658
1712732436.663579 0.036412055680000215 0.007638720879999994 0.7954321743199626 -0.0026932888000000153 -0.014396717800000135 0.004308217200000008 0.9998827396999559
1712732436.695438 0.036149664040000216 0.007883099840000013 0.8015277160799587 -0.003094801800000013 -0.01439550270000014 0.0040164376999999975 0.9998827932999574
1712732436.73883 0.035895672120000124 0.00809454856000002 0.8076214302799598 -0.0034263482000000066 -0.014409455600000154 0.0037210546999999925 0.9998827038999707
1712732436.767682 0.035580706000000184 0.00833434112000006 0.8136843861999478 -0.0037610683000000476 -0.014406768000000092 0.0034472609999999905 0.9998824415999706
1712732436.795119 0.03524625104000023 0.008616974799999965 0.8199914231599632 -0.004127202400000041 -0.014410358400000068 0.0032242659000000008 0.9998814819999552
1712732436.831647 0.03508557528000007 0.008852673479999993 0.8262858931599794 -0.004518986200000086 -0.014463865200000026 0.0030524596999999877 0.999879449399964
1712732436.859366 0.03472819840000007 0.008925483280000037 0.8329106441599742 -0.004912187000000045 -0.0144836305000001 0.002876722400000009 0.9998779234999802
1712732436.895013 0.03441731468000018 0.00894500151999999 0.8395234791999611 -0.005192346900000011 -0.014527648400000093 0.002775436500000028 0.9998763677999705
1712732436.923984 0.0341784004800002 0.009013936680000006 0.8462500099199723 -0.0054359916999999315 -0.01458706990000005 0.0027097584999999924 0.999874645199975
1712732436.973674 0.03391254776000032 0.009083055520000051 0.8531751936399858 -0.005621406499999893 -0.014623842499999994 0.0027332975000000205 0.9998731789999737
1712732436.995435 0.03368880844000028 0.009140493039999987 0.8600831035999909 -0.0057303770999998175 -0.014648689099999945 0.002830879700000022 0.999871957099981
1712732437.033586 0.03351090400000011 0.009192562679999945 0.8670360162799988 -0.00579283809999982 -0.014703409599999962 0.003006823500000033 0.9998701927999718
1712732437.063344 0.03339415156000033 0.009234969239999911 0.874116226760002 -0.005847403099999848 -0.014740775699999986 0.0031871185000000414 0.9998687562999748
1712732437.094085 0.033368519520000355 0.009246568239999923 0.8813573971999903 -0.005872658499999783 -0.01478150100000004 0.0034600693000000236 0.9998670515999948
1712732437.139673 0.03324980036000024 0.009234406719999875 0.8885043313999903 -0.005844925799999778 -0.014800522000000083 0.0037820535000000267 0.999865716499994
1712732437.162849 0.03316400332000022 0.009275918119999886 0.8958153212399929 -0.005780802299999799 -0.014805395500000085 0.004104571300000037 0.999864738999986
1712732437.197818 0.033137757800000216 0.009197885759999948 0.9030352293200075 -0.0057299320999998574 -0.014806512100000013 0.004424490300000005 0.9998637674999827
1712732437.227513 0.033183358600000115 0.009313424960000061 0.9103790889200082 -0.00570081939999989 -0.014795829899999991 0.004705149599999991 0.9998628793999842
1712732437.261057 0.03305270303999993 0.00941971827999989 0.9179094181599976 -0.005722273699999914 -0.01472957380000004 0.0049389000000000126 0.9998626826999952
1712732437.302138 0.032959741359999975 0.009468435759999777 0.9253538974399952 -0.005793911899999937 -0.014686133000000101 0.005172085799999992 0.9998617646999947
1712732437.325521 0.032883449759999836 0.009486942359999837 0.9331455646800078 -0.005891104999999985 -0.014680864900000135 0.005414926100000006 0.9998600301999886
1712732437.363438 0.03273489015999995 0.009587094439999859 0.9410051988400163 -0.005955974000000008 -0.01465932090000006 0.005573401899999997 0.9998591182999916
1712732437.393673 0.03253776063999996 0.009620764159999878 0.948890309080034 -0.006093065800000019 -0.014646432700000035 0.005827844799999982 0.9998570619999783
1712732437.427998 0.0324806594 0.009677613399999884 0.9570674988000427 -0.006233519800000043 -0.014669478400000014 0.006063721899999974 0.9998543619999737
1712732437.46182 0.03244186064000011 0.009756034399999896 0.9654400450800267 -0.006389151100000046 -0.01467036429999995 0.0062531449999999825 0.9998520790999919
1712732437.49661 0.03232152644000017 0.009889790399999966 0.973895721120025 -0.006573583900000024 -0.014658519500000012 0.0064470813999999875 0.9998496830000022
1712732437.532479 0.032248743240000086 0.010187453079999926 0.9824768422000352 -0.006761778200000013 -0.014630824300000001 0.006607235599999983 0.9998477338999919
1712732437.561193 0.0320533931200001 0.010400641439999879 0.9913766035600338 -0.006966638599999975 -0.014566186999999963 0.006759373199999974 0.9998463152999875
1712732437.594722 0.03189269888000016 0.010600229079999827 1.0002993044800312 -0.00716377149999996 -0.014508155899999941 0.006858895999999959 0.9998451649999879
1712732437.627243 0.03173289447999998 0.010842933360000051 1.0093432115200174 -0.007362084599999985 -0.014470236999999919 0.006909673999999954 0.9998439609999877
1712732437.663041 0.03143786072000019 0.011092330199999943 1.018505353600026 -0.007584482099999956 -0.0144067967999999 0.006861058599999925 0.999843496099993
1712732437.694256 0.031196863880000227 0.011259196760000022 1.0276683387599996 -0.007812464999999946 -0.014347780399999977 0.006832274699999941 0.9998428345000093
1712732437.725743 0.03090679340000001 0.01150102688000004 1.0372091864399953 -0.00795550659999993 -0.014279011799999974 0.006706867499999936 0.999843531900001
1712732437.768218 0.030478063559999883 0.011625348560000148 1.0465921449200004 -0.008051106699999977 -0.014191646499999955 0.0065395437999999475 0.9998451591000048
1712732437.791077 0.030085438599999816 0.011780805960000258 1.055893017200001 -0.008129682900000023 -0.014137530699999967 0.0063520961999999235 0.9998465061999923
1712732437.825707 0.029665504399999775 0.011821698000000254 1.0653612076799754 -0.008212318300000021 -0.014092330399999931 0.0061348235999999275 0.9998479009999756
1712732437.863572 0.02923498423999973 0.011919901840000227 1.0752234911599678 -0.00825578880000002 -0.014073144500000013 0.0059662893999999685 0.9998488903999714
1712732437.895818 0.028818818279999617 0.011996695480000133 1.0848322309999865 -0.00830040770000009 -0.014074457700000043 0.0057380381999999844 0.9998499155999753
1712732437.928093 0.02841187803999961 0.011915231720000285 1.0946590331600008 -0.00826512620000015 -0.014093077199999993 0.005518670500000012 0.9998511553999606
1712732437.960111 0.02792266567999977 0.011818978080000271 1.1047218719599958 -0.008047323600000133 -0.014088439499999961 0.00524536750000002 0.9998541713999657
1712732437.994915 0.027450179119999623 0.011714506160000191 1.1146889560799855 -0.00769347230000017 -0.014084624999999917 0.0049733099000000445 0.9998578549999593
1712732438.026462 0.026918386039999583 0.011758671960000234 1.1249618547999942 -0.007314219100000141 -0.014087419199999918 0.00472204310000004 0.9998614669999597
1712732438.069494 0.026389721119999727 0.011927879320000265 1.135168179599982 -0.006937831200000133 -0.014107256999999863 0.0045134806000000525 0.9998645067999632
1712732438.097001 0.026018050799999838 0.012165345360000293 1.1456576885599679 -0.006672728400000061 -0.01417211949999988 0.004379000800000065 0.9998660385999528
1712732438.12398 0.025842225359999842 0.012103498960000144 1.1564949857999862 -0.006448213600000053 -0.01425350209999987 0.004361302600000094 0.9998665749999646
1712732438.163823 0.02576553335999989 0.011955419839999983 1.1675195288399982 -0.006028660800000018 -0.014305626699999862 0.004395364400000101 0.9998683809999648
1712732438.189655 0.025540680199999954 0.012112610440000005 1.1784255946400024 -0.005492299800000033 -0.014317318899999787 0.00441043660000009 0.999871200299981
1712732438.226815 0.025334444800000067 0.012090663760000063 1.1898440467200044 -0.005015326000000009 -0.014359204499999834 0.0045063367000000906 0.9998728036999864
1712732438.265284 0.025113847360000108 0.012115608400000111 1.2013154873999745 -0.004517023000000009 -0.01443538809999989 0.004598857900000075 0.9998737394000046
1712732438.297919 0.024983256480000052 0.01222914895999999 1.212667257479984 -0.0041050928999999846 -0.014524616599999884 0.004764602000000062 0.9998733222000056
1712732438.332337 0.024960392800000085 0.012541332439999983 1.2243689438399952 -0.0038038670999999804 -0.01460984209999996 0.004990079600000063 0.9998722135000208
1712732438.365224 0.024788526280000125 0.012718600439999967 1.2360535737199916 -0.0036450374000000173 -0.01464661309999995 0.005151757800000034 0.9998716532000117
1712732438.397679 0.024674353760000184 0.012559159480000017 1.2478778930799899 -0.0035765908000000126 -0.014687061800000034 0.00518722450000002 0.9998712121000153
1712732438.425078 0.024286580920000203 0.012263465759999832 1.2597499440400042 -0.00331166430000005 -0.014696780800000031 0.0051553504000000135 0.9998722850000149
1712732438.461476 0.023833982760000295 0.012138827399999884 1.271712217159993 -0.0028532481000000053 -0.014742040800000033 0.005045598299999998 0.9998738824000156
1712732438.495933 0.023261700840000295 0.012199192320000059 1.2835668694799822 -0.0024807524999999942 -0.014832930500000074 0.004944629899999997 0.9998739956000235
1712732438.526356 0.022845805080000402 0.011932093880000067 1.2955513894399744 -0.0022601073999999775 -0.015013781500000078 0.004883737999999971 0.9998719929000117
1712732438.55927 0.022376931080000478 0.011572703800000105 1.3077854647199727 -0.001963939199999931 -0.015185583700000027 0.004809841999999964 0.9998703061000015
1712732438.593166 0.021981283800000532 0.011379723039999944 1.3200383487199814 -0.0016426872999999453 -0.01532439339999998 0.004891950300000003 0.9998679695999954
1712732438.632013 0.021776660920000523 0.011313947960000022 1.33249853884 -0.0014081771999999936 -0.015493538200000056 0.005144336200000011 0.9998637913000039
1712732438.66398 0.02156948584000048 0.010822979440000111 1.345094262679977 -0.0012600044000000033 -0.015640219100000064 0.005463753100000001 0.9998594998000044
1712732438.694511 0.02137581656000055 0.010572735600000022 1.3579161349600006 -0.0009219425999999586 -0.015752651000000027 0.005817115599999978 0.9998559474000104
1712732438.729086 0.021099601880000554 0.010731497559999992 1.370824933519998 -0.0005959625000000023 -0.015810826199999982 0.006161961899999957 0.9998538553000117
1712732438.763523 0.020755649880000424 0.01097494860000008 1.3840424922799957 -0.000531910900000021 -0.015826485499999966 0.006342551599999968 0.9998529135000126
1712732438.795377 0.020158311600000332 0.011179640920000119 1.3974897210400103 -0.0006385554000000404 -0.01575144230000003 0.006418809799999936 0.9998534798000037
1712732438.833101 0.01956746876000025 0.01144608668000007 1.4112616400400155 -0.0008108373000000668 -0.015629499000000012 0.006415706999999937 0.9998550653000166
1712732438.858932 0.01908069156000021 0.012021465400000153 1.42482328212001 -0.0010398135000000864 -0.015517556300000023 0.006330816699999975 0.9998567521000268
1712732438.89814 0.018606672840000123 0.012776779960000118 1.4384066536000046 -0.0014803169000001226 -0.015409257300000067 0.0061482387999999945 0.9998581111000476
1712732438.928657 0.018010986840000208 0.013172616240000287 1.452649527840017 -0.0021605668000001187 -0.015293098700000129 0.005880250799999942 0.9998593926000467
1712732438.958093 0.017234726600000305 0.013234675160000363 1.4667139267200127 -0.002752936700000053 -0.015148014000000121 0.00549436959999996 0.9998625278000418
1712732439.000972 0.016465644160000428 0.0137686791200003 1.481043710440017 -0.0031431915999999838 -0.015021183500000035 0.005146995099999963 0.9998658836000232
1712732439.032642 0.015937231240000287 0.014176932840000303 1.4953706737199899 -0.0037188953000000247 -0.014959122900000033 0.004878590700000007 0.9998672187000238
1712732439.064772 0.01537110232000007 0.014311968160000283 1.5100764341600006 -0.004281691300000024 -0.014892645900000012 0.004741643800000084 0.9998672604000376
1712732439.099948 0.01486812908000015 0.014376867400000357 1.524599797279993 -0.004651972200000021 -0.014808686400000059 0.004794119000000041 0.9998666763000301
1712732439.129783 0.014533892520000114 0.014675157560000257 1.539047674639987 -0.00499362320000003 -0.014751680899999986 0.004942251800000097 0.999865174200022
1712732439.170417 0.014238301840000245 0.01478031744000031 1.553623859479994 -0.005428180400000038 -0.01472177170000002 0.005135579900000043 0.9998624801000006
1712732439.200173 0.01366530116000021 0.014599219600000275 1.568734735959988 -0.00580546420000001 -0.01460487860000006 0.0053857325000000065 0.9998609065999972
1712732439.236193 0.013371719200000172 0.014626246040000231 1.5839681953199898 -0.006023238200000058 -0.014492512400000023 0.005786978699999956 0.9998591124999848
1712732439.262417 0.013305599160000056 0.015003642640000158 1.599021009879998 -0.006180248200000005 -0.01440168359999996 0.006244120800000008 0.9998566865999919
1712732439.29105 0.013280673839999865 0.015393198239999925 1.6147719713999775 -0.0064492782000000306 -0.014251044699999937 0.0066083296000000406 0.9998548626999991
1712732439.328095 0.013037449879999663 0.015709896159999914 1.6304701946399835 -0.006781199100000102 -0.014030349999999992 0.006778653500000065 0.9998548686000049
1712732439.365281 0.012612782279999664 0.015933785279999915 1.6463059709599837 -0.007086866600000086 -0.013779960499999966 0.006795818500000017 0.999856036899996
1712732439.399936 0.01216128115999975 0.015829681279999938 1.662169318039996 -0.0072911236000000375 -0.01356676480000001 0.00675909929999996 0.9998576581999942
1712732439.430164 0.011772520479999856 0.016123780399999742 1.6784893008799915 -0.007406950400000056 -0.013425200999999998 0.006670128900000005 0.9998593390999986
1712732439.475197 0.011346033999999817 0.016364242159999945 1.6948803636799765 -0.007548968600000006 -0.0132860129 0.006539154800000002 0.9998610021000104
1712732439.495305 0.010763256559999839 0.016567656279999916 1.7111599917999638 -0.007588176600000019 -0.013117735199999902 0.006355383900000078 0.9998640300000261
1712732439.530956 0.010199736959999903 0.016478111999999958 1.7275174257599883 -0.007540785700000008 -0.012975511899999858 0.006053713900000091 0.9998677910000197
1712732439.562593 0.009281947919999922 0.016240586599999992 1.7436496209999903 -0.007259045200000003 -0.012850130499999945 0.0055490498000001056 0.9998735011000235
1712732439.597356 0.008058726199999953 0.016445690800000034 1.759577388799971 -0.00679152150000002 -0.01278611199999995 0.004965384100000048 0.9998799206000057
1712732439.630344 0.006661669280000026 0.017045437640000216 1.7755974149199756 -0.0063820234000000475 -0.012849823999999987 0.004462242299999986 0.9998841645000084
1712732439.657858 0.005710460560000073 0.016606290680000378 1.791633696439967 -0.006196964999999999 -0.013029957799999981 0.004066076399999919 0.9998848917000032
1712732439.697078 0.004751510679999988 0.016238440120000454 1.8074442721999728 -0.005589411800000032 -0.013135352699999991 0.003834707199999965 0.9998879911000131
1712732439.727878 0.003862394479999906 0.016736381760000363 1.8231306794399642 -0.004848681400000032 -0.01324806590000005 0.0035973239999999686 0.9998908580000034
1712732439.774332 0.0029433795999997156 0.016707245240000397 1.8385010747599924 -0.00432545219999998 -0.013380391499999967 0.003383315799999931 0.9998923182999988
1712732439.792127 0.0020190889599997065 0.01674393980000026 1.8540050510800028 -0.003727444300000027 -0.01356085070000006 0.0032195962999999493 0.9998932362000005
1712732439.83212 0.001412765759999779 0.01729577388000024 1.8693806199600065 -0.0031961765000000143 -0.013775731600000184 0.0030650496999999 0.9998933613999952
1712732439.863759 0.0008873681599996886 0.018077190320000013 1.8844970874799853 -0.002975458199999981 -0.013930292000000222 0.0029899093999999236 0.9998927355999967
1712732439.893935 0.0002483577599997133 0.01820921395999999 1.8999792173599914 -0.003128272799999987 -0.01399991000000007 0.002992138999999927 0.9998910606999971
1712732439.933545 -0.00023040276000028113 0.017828501600000022 1.9155321934000085 -0.00319893139999996 -0.014054015400000175 0.003063210299999941 0.9998898924000059
1712732439.966924 -0.0006029525600003183 0.017621357600000064 1.9308176400799992 -0.00304527289999994 -0.014071190800000188 0.003159416699999973 0.9998898387000054
1712732439.999311 -0.0010859870000003013 0.01815291940000012 1.9459189870399904 -0.002805115999999952 -0.014046967400000198 0.0032107610999999813 0.9998911619000183
1712732440.030406 -0.0016315266800002348 0.018325108200000138 1.9612933541600024 -0.0029067031999999494 -0.014043226400000285 0.003222009899999989 0.9998908639000093
1712732440.062011 -0.0022234954000002103 0.018368573720000184 1.976434338200015 -0.003064921899999984 -0.013997896500000273 0.003394754800000044 0.999890530200014
1712732440.098513 -0.0025342998800002544 0.01859171944000035 1.9917999936800015 -0.003297180700000002 -0.01392266000000042 0.0037042921000000283 0.9998893858000202
1712732440.127413 -0.002788439640000142 0.01880496100000048 2.0070842554000135 -0.0035543937999999997 -0.013754785700000305 0.0039478656 0.9998898328000223
1712732440.16618 -0.0035536667600003465 0.018950083880000503 2.0225370622800116 -0.0039149974999999945 -0.013470091000000295 0.004045392500000045 0.9998918951000177
1712732440.194364 -0.004337215960000264 0.019162949680000627 2.038423006480016 -0.004244441800000054 -0.01322562480000027 0.004054357299999989 0.999893057300028
1712732440.229548 -0.004901083600000397 0.019953781120000756 2.0542535924399954 -0.004464840899999966 -0.01300023300000035 0.00398934750000004 0.9998944997000307
1712732440.25975 -0.0054406646000004595 0.020799427600000687 2.0702035401599868 -0.004924504099999982 -0.0126924178000003 0.003798002200000017 0.9998959779000188
1712732440.300341 -0.006261762080000501 0.021235751880000497 2.0862751697199973 -0.005691729399999979 -0.012327738000000288 0.003470859699999984 0.999896347500021
1712732440.333149 -0.007146911520000393 0.021579382720000415 2.102748811239999 -0.00650389889999996 -0.012020960700000315 0.003200522299999964 0.9998946249000256
1712732440.369849 -0.007935096680000413 0.022140865320000418 2.119686448599978 -0.007149618599999919 -0.011810802300000312 0.0030268022999999644 0.9998933732000296
1712732440.394974 -0.008511838440000367 0.022920285920000436 2.136782717719957 -0.007723035599999939 -0.011647498600000184 0.0028269562999999388 0.9998931705000359
1712732440.43228 -0.00922892880000024 0.023630788440000355 2.153929588719966 -0.008342039099999976 -0.011425758700000089 0.0025094166999999777 0.9998929320000343
1712732440.465728 -0.00999406352000026 0.023739534280000175 2.1713379477999384 -0.009034451999999948 -0.01121618030000011 0.002275392499999995 0.9998913108000351
1712732440.493772 -0.01053435432000011 0.023711508800000124 2.1889105629999586 -0.009454282499999956 -0.011063426599999992 0.0022586248999999724 0.9998898862000487
1712732440.52629 -0.011164041840000145 0.024102095920000188 2.20629093411997 -0.009672062399999959 -0.010915982500000077 0.002336689000000014 0.9998893438000322
1712732440.561298 -0.011878367760000081 0.024028188800000124 2.225381908399972 -0.009986123000000013 -0.010822711900000037 0.0026138228999999847 0.9998865246000378
1712732440.592763 -0.012443936119999924 0.02438731372000003 2.2434066535999726 -0.01026320890000001 -0.010952016100000073 0.002970880800000053 0.9998813092000546
1712732440.63277 -0.012831471519999907 0.024319634920000013 2.259593455839986 -0.010469948300000009 -0.011072147299999991 0.0033460717000000527 0.9998767733000478
1712732440.667448 -0.013163716440000037 0.024583256320000045 2.273810369879984 -0.010390612300000069 -0.01115942160000003 0.0036929979000000835 0.9998758256000428
1712732440.699178 -0.013350264759999921 0.02528460480000007 2.28588401076001 -0.010377059800000055 -0.011236623699999981 0.003961616200000062 0.999874162600031
1712732440.731741 -0.013662376839999978 0.025423883239999973 2.296440994680006 -0.010526477100000075 -0.011295189099999981 0.004115978000000009 0.99987159960001
1712732440.761897 -0.013974391199999905 0.02567888540000009 2.3050580643999865 -0.010419937500000032 -0.011408100499999917 0.0042734346000000475 0.9998706937000179
1712732440.795548 -0.014219599239999887 0.02665495504000013 2.3118710874000086 -0.010229864200000004 -0.0115678213999999 0.004391222000000017 0.9998702645000094
1712732440.82658 -0.014187142760000028 0.02745917860000016 2.3171561884799847 -0.01017580279999999 -0.011806845199999926 0.004508036100000013 0.9998674810000011
1712732440.863218 -0.014115165679999996 0.027760686520000206 2.3208293032399796 -0.010139765499999953 -0.012015516799999838 0.004623947400000006 0.9998649955000019
1712732440.894164 -0.013970100760000043 0.028638427720000158 2.320964670359981 -0.0099533984999999 -0.012178348499999814 0.00469404339999997 0.9998647092999817
1712732440.937632 -0.013824545000000263 0.02881858896000029 2.3205311656799767 -0.009821753699999913 -0.012195145499999782 0.004756962999999903 0.9998655675999771
1712732440.962715 -0.013506592400000164 0.029321383280000324 2.320273499599957 -0.009581684899999932 -0.01227059819999976 0.004850457999999946 0.999866860999964
1712732440.993267 -0.013631764159999981 0.029764796880000294 2.3201686575199845 -0.009465583599999938 -0.01225539439999963 0.00488779749999999 0.999868076999951
1712732441.026351 -0.013832837480000002 0.029844367560000185 2.3201642181199804 -0.009445244399999986 -0.012225507499999644 0.004879616699999989 0.9998686670999632
1712732441.065609 -0.014044736439999959 0.029903632920000155 2.3200496292399793 -0.009439150199999968 -0.012195633299999642 0.004841290800000042 0.9998692392999828
1712732441.095862 -0.014233770600000105 0.029827378840000127 2.320272948839988 -0.009499382499999954 -0.01217540609999972 0.0047898166999999605 0.9998691438999685
1712732441.133847 -0.014439735240000216 0.029518035400000107 2.32049907235998 -0.009579517500000013 -0.012149554899999693 0.004767185999999946 0.9998687981999638
1712732441.165252 -0.014947185120000235 0.029160481000000082 2.3204423286799964 -0.009650396800000039 -0.012046966499999812 0.004643375299999963 0.9998699485999623
1712732441.196718 -0.015250607960000303 0.02895626747999987 2.320621221239994 -0.009682458100000079 -0.012006811199999846 0.00460266779999996 0.9998703181999644
1712732441.234572 -0.015601789000000216 0.0286259769599998 2.3207787514799927 -0.00973804050000009 -0.011964756599999937 0.004502716599999968 0.9998707652999655
1712732441.268946 -0.015903114360000074 0.028682588759999808 2.3207930208400054 -0.009697833800000045 -0.011910926299999857 0.004434191499999951 0.9998721361999742
1712732441.295618 -0.01624171528000012 0.028902228319999848 2.3207739116800212 -0.009630776699999987 -0.011832593399999957 0.004419641699999932 0.9998738169999797
1712732441.329891 -0.016311746360000292 0.029061831119999756 2.3207141638800066 -0.009574795599999941 -0.011812173300000062 0.004437453899999877 0.9998745023999845
1712732441.359586 -0.016131830960000357 0.02901731279999989 2.3206196524000005 -0.009550907299999967 -0.011838507500000085 0.004439276099999922 0.9998744069999702
1712732441.39953 -0.01616781152000033 0.028257792080000073 2.3210432436800192 -0.009439779699999918 -0.011772138000000076 0.004533542499999932 0.9998757361999651
1712732441.432409 -0.01632962884000019 0.02819972176 2.321506789000018 -0.009015223899999914 -0.011697312300000106 0.0046473467999999405 0.9998793362999777
1712732441.465171 -0.016678256560000226 0.027866403040000057 2.3224781563200256 -0.008481259799999918 -0.011675566200000098 0.004731937799999919 0.9998830377999866
1712732441.493711 -0.01694758604000004 0.027778668679999893 2.32448357596003 -0.007902302099999935 -0.011820287900000004 0.004879445299999929 0.999884575599981
1712732441.532546 -0.01710855943999995 0.027905701039999967 2.327502286760041 -0.007395513999999892 -0.012097879100000064 0.004984026899999971 0.9998839973999794
1712732441.562513 -0.016871192519999915 0.028379721160000173 2.3319241335600553 -0.007086480999999889 -0.01246216140000005 0.005159595000000028 0.9998807488999774
1712732441.592332 -0.016878107120000044 0.02863359828000021 2.3383156683600372 -0.007067001599999933 -0.01272136510000017 0.0052141232000000315 0.9998772500999621
1712732441.625096 -0.017187337159999882 0.02877884772000026 2.3463341762000343 -0.007217187299999939 -0.012887646000000075 0.005110935999999988 0.9998740910999686
1712732441.660693 -0.017554711999999736 0.02851364404000037 2.3556146625200243 -0.00756513589999992 -0.01300251570000004 0.004967551500000056 0.9998694597999702
1712732441.692991 -0.01822423791999963 0.02846423832000024 2.3662949136400173 -0.007798444899999879 -0.013050535600000046 0.004777311299999987 0.9998670994999884
1712732441.72507 -0.018843409479999487 0.029266615840000225 2.377553666040012 -0.008040129399999874 -0.01313910620000005 0.0045366858999999595 0.9998646735999955
1712732441.765438 -0.01940970919999966 0.029588262480000082 2.389527388080014 -0.008526591499999903 -0.013210817000000041 0.004284874599999977 0.9998609721999856
1712732441.798801 -0.01995848567999957 0.03011665636000014 2.401786647119993 -0.00907837969999985 -0.013205690400000058 0.004019202599999971 0.9998580693999883
1712732441.833422 -0.020442842279999773 0.03065415584000032 2.4138349370799914 -0.009577898599999824 -0.013099892600000019 0.003721344099999957 0.9998573123999904
1712732441.865279 -0.02111017439999994 0.030612357160000412 2.425333781639988 -0.010047504399999862 -0.012860224900000005 0.0033705516999999576 0.9998586118000048
1712732441.900065 -0.02198675752000007 0.030121000840000245 2.4361387853599945 -0.010169134499999899 -0.012596644799999978 0.002967146099999951 0.999862986800008
1712732441.933895 -0.0228237909200001 0.02977792412000017 2.4457043413600013 -0.0098634839999999 -0.012382819899999831 0.0026136345000000285 0.9998693764000108
1712732441.968586 -0.023471256200000318 0.029248557240000177 2.4542433719999917 -0.009372804699999904 -0.012209015599999873 0.0023170040000001003 0.9998763382000107
1712732441.996856 -0.023997175160000522 0.029303490440000066 2.4621520142800133 -0.008556625799999917 -0.012113529199999817 0.0021244709000000305 0.9998849273000132
1712732442.029605 -0.024489242960000615 0.029583111880000172 2.4693860416400044 -0.007749748799999878 -0.012080234599999785 0.0019579581000000344 0.9998918593000099
1712732442.065274 -0.02474099320000075 0.029664860960000004 2.476379692920004 -0.0070731874999999 -0.012134716799999801 0.0018106698000000421 0.9998964846000036
1712732442.105068 -0.02490792948000063 0.029785641760000092 2.483265531319998 -0.006415608399999861 -0.012246347399999812 0.0017057433000000621 0.9999000370000204
1712732442.136908 -0.024927103880000738 0.030005308760000165 2.4900640682400077 -0.005859785799999883 -0.0123762542999998 0.001642264600000143 0.9999026120000053
1712732442.161697 -0.025042449320000732 0.02947468860000018 2.497064912720016 -0.005546895499999848 -0.012448418599999834 0.0015117560000001084 0.9999043167000081
1712732442.196425 -0.025128489680000744 0.028935466280000204 2.5042493895999995 -0.00514486519999986 -0.01248253919999982 0.0014195021000000807 0.9999069631000111
1712732442.236495 -0.02541800744000074 0.028988100960000155 2.5117229751599734 -0.004670143499999835 -0.012433907599999827 0.0014343062000000905 0.9999101222000263
1712732442.276424 -0.025582642400000705 0.028953180480000104 2.5194338327199786 -0.00432554199999986 -0.012457271599999941 0.0014958992000000393 0.999911224900029
1712732442.301214 -0.025859184960000725 0.029058234800000127 2.5273580127600006 -0.004025259499999922 -0.012499540499999994 0.0016188356999999876 0.9999118150000186
1712732442.331596 -0.026180448560000718 0.02893829120000017 2.535584035319998 -0.0038119133999999556 -0.012531399700000102 0.0017205620000000366 0.9999119699000175
1712732442.363617 -0.026411974960000712 0.028625848720000135 2.543944824120017 -0.0035769295999999785 -0.012541236900000108 0.0018649699000000907 0.9999121726000112
1712732442.396306 -0.026546481640000723 0.028435298640000144 2.5525859265200235 -0.0032374142000000106 -0.012526077500000099 0.002064167200000089 0.9999127269000155
1712732442.436922 -0.0267721179600008 0.028247701440000265 2.5613223081600336 -0.0028899463000000127 -0.01244016840000004 0.002164565800000062 0.999914336200004
1712732442.465829 -0.027238665160000685 0.02817084732000008 2.5701971442000238 -0.0025040597000000274 -0.012292995300000165 0.0021382695000000673 0.9999172091000219
1712732442.495237 -0.0276847760000005 0.02846743480000011 2.579263740200017 -0.0021150944000000393 -0.01218555890000026 0.0021354077000000694 0.999920070100029
1712732442.538156 -0.028289515800000477 0.029024637040000092 2.588559964200026 -0.0018040940999999755 -0.01208053720000013 0.0021071840000000284 0.9999225020000267
1712732442.567285 -0.0286744673600003 0.028858687760000307 2.5977986770400503 -0.0017439637999999923 -0.012057342100000135 0.0019783020000000207 0.9999231338000072
1712732442.615534 -0.029124593400000332 0.028525314720000344 2.6074690751200293 -0.0016139150999999962 -0.012035862900000183 0.0018614719000000334 0.9999238610000021
1712732442.633465 -0.029466338160000126 0.028314261920000267 2.6172330167200015 -0.0012705753999999736 -0.012039357500000136 0.0017916660000000916 0.9999243140000089
1712732442.676696 -0.029634886400000084 0.028402512040000327 2.6270738127199817 -0.0008932030999999618 -0.01210888040000011 0.001702104900000112 0.9999237716000152
1712732442.704172 -0.029844390520000093 0.028402620680000365 2.6370974067199766 -0.0006957074999999868 -0.012185643300000137 0.0016379658000000852 0.9999230027000067
1712732442.735654 -0.030267677720000028 0.028230339480000415 2.647304682959961 -0.0005374299999999721 -0.012222653900000147 0.00155096970000006 0.9999227582999992
1712732442.770312 -0.030853762240000075 0.02778585040000024 2.657871813799957 -0.00036223929999996686 -0.012227167300000197 0.0014780620000000688 0.9999228059999951
1712732442.812551 -0.03109388351999996 0.0273479147200004 2.6685520649199814 -0.00011510699999996987 -0.012284776000000086 0.001618935200000049 0.9999216138999827
1712732442.840455 -0.03121056736000003 0.02706562264000041 2.6794105242799833 0.00022606779999998495 -0.012342841299999917 0.00190432790000008 0.9999202846999878
1712732442.865055 -0.031154491480000105 0.026703406800000412 2.690284037559977 0.0005887136999999321 -0.012387119299999938 0.002256648500000136 0.9999189495999872
1712732442.896966 -0.031138924040000262 0.026790870400000305 2.7013162492399667 0.000992508899999933 -0.012372374999999991 0.002586222300000074 0.9999185144999956
1712732442.927058 -0.03112921140000015 0.027236481720000327 2.7124230288399844 0.001183612899999975 -0.012317497799999976 0.002847402100000096 0.9999186337000083
1712732442.96465 -0.031365123160000154 0.027457974320000248 2.7239198207200115 0.0009780508999999605 -0.012138099699999927 0.002901644500000078 0.9999204993000148
1712732443.000221 -0.031681166719999966 0.027436966760000164 2.7358917902400206 0.0005332787999999588 -0.011886989299999939 0.002845426200000034 0.9999231516999998
1712732443.033915 -0.0320797456 0.02741561620000006 2.7479795000000147 0.00017172959999998128 -0.01154161769999984 0.0027623874000000546 0.9999267756000109
1712732443.062978 -0.032466682639999966 0.027817885760000074 2.7597421356400353 -0.0002301811999999792 -0.011225246299999903 0.0027345879000001184 0.9999299228000155
1712732443.096464 -0.032806808999999895 0.028617133720000253 2.771349861280041 -0.0015851239999999933 -0.011060213399999875 0.002587306200000139 0.9999246478000259
1712732443.133086 -0.03344770632000006 0.02827494320000014 2.783053216440039 -0.003089842699999945 -0.011017818200000029 0.002322557100000111 0.9999170899000319
1712732443.164575 -0.03397799720000016 0.028681553039999908 2.7931043142800216 -0.003840297899999889 -0.011068782800000143 0.0021156088000000572 0.9999152958000195
1712732443.200116 -0.03459326639999993 0.029167865999999838 2.8021731799600134 -0.004781685499999888 -0.011170449500000146 0.0017684802000000666 0.9999119400000154
1712732443.232945 -0.03518462975999981 0.029075038719999814 2.8102538388400125 -0.005598895999999876 -0.011279203200000153 0.001462509500000131 0.9999093114000288
1712732443.266585 -0.035778895599999846 0.02908336675999976 2.8166571062 -0.006130455699999882 -0.011375789800000114 0.0012057546000001195 0.9999076186000139
1712732443.294879 -0.03607527251999986 0.029127251719999945 2.8217873137999776 -0.006513407699999885 -0.011614846000000156 0.0011002208000000734 0.9999037085000054
1712732443.336895 -0.03647430303999996 0.029189279559999937 2.825311893879989 -0.006626565399999862 -0.011829973000000039 0.0010751137000000633 0.999900847500021
1712732443.36374 -0.03669342655999983 0.029393503440000007 2.8276997991199866 -0.006737551299999911 -0.012127617200000173 0.0010357532000000447 0.9998971878000248
1712732443.402725 -0.036920449159999966 0.02921066428000014 2.829230475119971 -0.006835600799999941 -0.012383318200000205 0.0009212044999999947 0.9998942254000213
1712732443.434395 -0.03700953816000005 0.028809481119999987 2.8296417995999668 -0.0060347492 -0.012569048800000182 0.0009033256999999573 0.999898654000026
1712732443.467899 -0.03691055143999996 0.029455911799999904 2.8290818735199625 -0.005137371000000002 -0.012645684400000157 0.0009140457999999186 0.9999055443000315
1712732443.496847 -0.03697458911999987 0.029329525120000036 2.8289507623999635 -0.004969521200000049 -0.012622575300000171 0.0008006089999999411 0.9999068795000312
1712732443.531272 -0.03687111959999992 0.029210665960000028 2.828655829159975 -0.004625117500000009 -0.012631411800000159 0.0007997844999999337 0.9999089001000356
1712732443.563374 -0.03686510295999998 0.029517696599999924 2.8282311867599623 -0.004381458900000012 -0.0126320745000001 0.0007895963999999366 0.9999102114000152
1712732443.593622 -0.036924853839999834 0.029517962879999828 2.8282489776799773 -0.0043124794000000575 -0.01263519620000011 0.0007814813999999614 0.99991047970002
1712732443.628917 -0.0369038751199999 0.029668744279999753 2.828224244159978 -0.004184055200000003 -0.012634514500000193 0.0007707069999999483 0.9999110877000248
1712732443.663715 -0.03692785095999987 0.02976771671999991 2.8283708429199668 -0.004186232999999984 -0.012630537500000294 0.0007719668999999207 0.9999111294000158
1712732443.696728 -0.03698692563999998 0.02980303451999976 2.8284856317199862 -0.004195599099999914 -0.012632836200000242 0.0007865181999998861 0.999911051900017
1712732443.732159 -0.03694636176000003 0.030009435959999702 2.828543209799995 -0.004225080199999898 -0.012674884800000185 0.0007582133999998852 0.9999104261000185
1712732443.761437 -0.036922318999999995 0.03018226763999969 2.828555927119996 -0.004435444399999877 -0.012625540000000157 0.0007787759999999366 0.9999099135000051
1712732443.797977 -0.03685278324000002 0.03008797483999977 2.828371110039975 -0.0046165601999999415 -0.012560043400000076 0.0008050438999999798 0.9999097644999893
1712732443.834683 -0.03681760908000011 0.03008578355999976 2.827725601399984 -0.004682305999999947 -0.012497471600000054 0.0008263540999999819 0.9999101935999988
1712732443.868676 -0.03697529696000025 0.030029411159999665 2.8267728759200006 -0.00468292839999993 -0.012386646300000059 0.0008645665999999607 0.9999115227999937
1712732443.896623 -0.037035350800000304 0.0299110526399998 2.825354252000011 -0.004647472499999949 -0.012313914100000111 0.0008799935999999065 0.999912559900008
1712732443.931828 -0.036896103720000496 0.02975414399999998 2.8233236312400183 -0.004583182499999871 -0.012271753200000114 0.0009226203999999072 0.9999132870000039
1712732443.967955 -0.03687410664000062 0.02959445523999992 2.8208665990400363 -0.0044953264999999295 -0.012198572600000013 0.0009613854999999561 0.9999144731000115
1712732443.997792 -0.03665322948000064 0.029534793119999705 2.8179305173600504 -0.00437709419999992 -0.012159818099999952 0.0010687598999999715 0.9999152480000248
1712732444.032074 -0.036444362080000584 0.029295021279999882 2.814454820520036 -0.004304371799999984 -0.012097621299999872 0.0011655776999999646 0.9999161719000085
1712732444.064735 -0.03625663664000054 0.02889919787999979 2.810619385560021 -0.0041549639000000305 -0.012038667199999863 0.0013006740999999878 0.9999172686000065
1712732444.103865 -0.036013956440000564 0.02854834191999991 2.806240897600014 -0.0037571043999999887 -0.01202717559999993 0.001484628600000004 0.9999188362000041
1712732444.13837 -0.035797446720000604 0.02840180111999995 2.8013845781600137 -0.003347040799999945 -0.012011108699999972 0.001666520100000035 0.9999203323000074
1712732444.178459 -0.035575275960000534 0.02807473227999985 2.7964892723600174 -0.003004967599999908 -0.011969974199999988 0.00184797200000002 0.9999216198000113
1712732444.198093 -0.03521290500000038 0.02773703268000002 2.7912987163600107 -0.0026794928999999356 -0.011948748200000026 0.0020227545000000013 0.9999224185000003
1712732444.236846 -0.03484136796000033 0.02754808560000011 2.786165821880022 -0.0023344021999998966 -0.011946191100000014 0.002266455200000017 0.999922621199994
1712732444.267227 -0.034634353040000114 0.027373129559999928 2.7810852316800125 -0.0020066602999999185 -0.011901447900000051 0.0024663921000000143 0.999923259000002
1712732444.29907 -0.034306921880000125 0.02717926288000008 2.775941539280002 -0.0017145217999998685 -0.01188539240000015 0.002736916499999964 0.9999232291999988
1712732444.333113 -0.03403841280000005 0.026914335560000176 2.77072092555999 -0.0014699141999998666 -0.011889103700000092 0.002989420499999973 0.9999228655999787
1712732444.364611 -0.03378688348000004 0.026744884600000133 2.765597493679979 -0.001191443499999867 -0.011944780700000202 0.003229236600000007 0.9999220370999865
1712732444.403483 -0.03349711791999994 0.026637088240000287 2.7603427504799853 -0.0009334428999998145 -0.01201341270000018 0.0034289548999999475 0.9999210237999933
1712732444.432098 -0.03333424471999975 0.026488039760000248 2.7551305149199923 -0.0007246889999998451 -0.012064708000000124 0.003524407199999935 0.9999203919999899
1712732444.465472 -0.03316757891999962 0.026331458720000176 2.749963457359995 -0.0005649149999998216 -0.012158813300000126 0.0035879656999998843 0.9999192356999856
1712732444.504495 -0.032968731319999486 0.026373206720000365 2.7447155567999926 -0.00041695749999988153 -0.012287734400000083 0.0036022481999999022 0.9999177812999733
1712732444.529387 -0.032839383919999604 0.026392965480000325 2.7393497297599834 -0.0003257241999999216 -0.012402932700000058 0.0035417937999999262 0.999916613099981
1712732444.565486 -0.03283125019999957 0.026460008400000203 2.7339476701599823 -0.0002906085999999419 -0.012483594300000077 0.0033874267999999042 0.9999160288999747
1712732444.603985 -0.03278371431999971 0.02645919752000026 2.728461162839994 -0.00031509419999995456 -0.01261167830000005 0.003202500999999902 0.9999148844999809
1712732444.631523 -0.032826642519999574 0.02650487728000023 2.7228420253999954 -0.0003551520999999447 -0.012706235499999963 0.0029037902999999865 0.9999144195999861
1712732444.668992 -0.03280856207999971 0.02664208876000021 2.717119564880004 -0.00038573159999995 -0.01279050460000004 0.002573655499999994 0.9999141812000062
1712732444.703807 -0.03277140131999982 0.026831257600000064 2.7112717175600207 -0.00041367639999991825 -0.012828778499999948 0.0022487834999999736 0.9999144911000031
1712732444.739262 -0.03264593639999987 0.02695542472000007 2.7053629374800128 -0.00047037459999996754 -0.01289390939999997 0.0019180903000000527 0.9999143539999977
1712732444.771793 -0.0324686655999999 0.02706562264000016 2.699428289040006 -0.0005520122999999266 -0.012996447100000096 0.0016446959000000483 0.9999135374000161
1712732444.803899 -0.03227576771999988 0.02728968228000035 2.6930926632400176 -0.0006413091999999843 -0.013056643300000026 0.0013885141000000267 0.9999132155000325
1712732444.834168 -0.031991067360000076 0.027450463320000257 2.686824395640033 -0.0008140346999999437 -0.01312970300000007 0.0011956539999999904 0.9999124585000345
1712732444.864221 -0.03171789235999991 0.027701921520000103 2.6803946590400343 -0.0010420465999999352 -0.013161529500000135 0.0010413971000000188 0.9999119757000472
1712732444.898727 -0.031560947879999864 0.027664710640000045 2.67384270664003 -0.0013850336999999158 -0.01314197220000004 0.000876895700000091 0.9999118208000481
1712732444.933086 -0.031170775719999815 0.027798635480000156 2.6670108914400132 -0.0016952659999999397 -0.013134385799999926 0.000826745600000045 0.999911373800046
1712732444.965648 -0.030644826519999845 0.027669759599999996 2.6602130724400195 -0.0020681777000000068 -0.013152130299999953 0.0008394996999999904 0.9999102354000342
1712732444.996289 -0.03011866843999975 0.027555706079999954 2.653404738879999 -0.00233885530000002 -0.013169058799999966 0.0008943969999999802 0.9999093592000236
1712732445.031902 -0.029687308839999635 0.027484839760000063 2.64656943544001 -0.0025654455999999824 -0.013178179900000054 0.001003434400000014 0.9999086142000351
1712732445.062924 -0.02939179487999965 0.027450356919999908 2.6395961284000165 -0.0027530084999999537 -0.013151623300000104 0.00111175879999994 0.9999085129000378
1712732445.096316 -0.029055083399999758 0.02747407795999969 2.632578260760024 -0.0029307615999999647 -0.013120173000000079 0.00126031969999989 0.9999083758000324
1712732445.127934 -0.028700771119999895 0.0274032351599995 2.62558941596003 -0.0031014819999999332 -0.013124937200000098 0.0014374438999999128 0.9999076546000196
1712732445.165788 -0.028504383879999897 0.027350111039999587 2.618488385800019 -0.0032139622999999063 -0.013112056900000012 0.0015665587999999175 0.9999073209000244
1712732445.208519 -0.02815619043999998 0.027345852799999654 2.611411621560019 -0.0032774068999998464 -0.013162235699999946 0.001696676699999866 0.9999062659000174
1712732445.232399 -0.027688091760000047 0.027631507399999825 2.6039905071600105 -0.0032984804999999008 -0.01322774090000003 0.001858135199999822 0.9999051572000326
1712732445.266999 -0.027545006159999975 0.027691613599999734 2.5968522596800128 -0.0034061834999998377 -0.013236425600000068 0.0019020333999998583 0.9999045551000336
1712732445.295631 -0.027443065719999955 0.028013499079999702 2.5895387243599997 -0.003459117599999839 -0.013257253999999996 0.0019510519999998976 0.9999039709000271
1712732445.333861 -0.02727445951999993 0.02836616047999975 2.581844873440027 -0.0036527198999998234 -0.013298315699999997 0.002008319899999922 0.9999024510000254
1712732445.369862 -0.027058168199999882 0.028664270599999674 2.5739907552800014 -0.0039640526999998645 -0.013358893799999905 0.001955255099999942 0.9999002635000125
1712732445.395713 -0.026737924079999933 0.028928058319999787 2.566373892039996 -0.004354001799999896 -0.013441585899999886 0.001937990700000025 0.9998973548000094
1712732445.429039 -0.026432420279999782 0.02912833335999991 2.5585237291600014 -0.004720812999999957 -0.013499213099999885 0.0018933551000000826 0.999894952800014
1712732445.478265 -0.026247747679999663 0.02926981931999993 2.5508583167200003 -0.005044805399999941 -0.013538426999999941 0.0017863457000000694 0.9998931587000243
1712732445.498364 -0.02595481587999945 0.029412431719999892 2.5427702977600073 -0.005276932599999995 -0.013580271500000051 0.0016801927000001271 0.9998918116000141
1712732445.535981 -0.025739336559999444 0.029575207479999966 2.5346028212400005 -0.005538128800000042 -0.0135779985000001 0.0015364363000001547 0.9998908638000102
1712732445.566991 -0.025367032599999353 0.029618433600000098 2.5265429904400163 -0.005828598800000062 -0.013587968200000055 0.00144218630000017 0.9998893796999937
1712732445.604181 -0.024878741159999364 0.02980842816000038 2.518089275520001 -0.006141955400000132 -0.013585837900000008 0.001467827000000188 0.9998874365999881
1712732445.634826 -0.024593590279999338 0.02989193312000051 2.509653318200003 -0.0065072164000000935 -0.013506698300000152 0.0014933380000001328 0.9998859883000023
1712732445.669322 -0.02431231039999954 0.030048433520000372 2.5014877106799984 -0.0067969641000001245 -0.013451988400000125 0.0015476947000001573 0.9998845816000085
1712732445.698791 -0.023965449759999726 0.0300588677200005 2.4930270030400195 -0.007099088900000083 -0.01339747150000008 0.0016464980000001183 0.9998827637000204
1712732445.730128 -0.023536408279999674 0.029918463120000672 2.48404926084002 -0.00740284210000004 -0.013353515000000015 0.0017528411000000688 0.9998806775000275
1712732445.76394 -0.023191071959999653 0.02980328792000058 2.4749822974799964 -0.007721830400000051 -0.01330833570000003 0.0018259356000000615 0.999878549600021
1712732445.796399 -0.022733297999999742 0.029747613000000502 2.4656728221999993 -0.008125364100000088 -0.013269088100000026 0.0019613223000001234 0.9998754680000275
1712732445.831095 -0.02230247599999984 0.029597876840000516 2.456394038279991 -0.00862824910000004 -0.013210266799999992 0.002120478800000125 0.9998719454000365
1712732445.868726 -0.02178420439999996 0.029284590440000285 2.447024898639988 -0.009096903899999998 -0.013212982699999997 0.002364206700000082 0.999867588300026
1712732445.904319 -0.021471822960000005 0.02893654091999984 2.4376893211999824 -0.009472176699999935 -0.013220398600000039 0.002652128700000045 0.999863618600034
1712732445.93415 -0.021253796760000155 0.028880277999999607 2.4284892108400027 -0.009678633299999895 -0.013244959700000081 0.0029491501999999946 0.9998605132000421
1712732445.966437 -0.020804123480000276 0.028824543999999362 2.4190643456000087 -0.00987882969999987 -0.013366530799999943 0.0032912965000000405 0.9998558163000325
1712732446.00087 -0.020215078520000117 0.028341665799999374 2.4093149236800127 -0.010161366699999874 -0.013509822400000005 0.0035675968999999697 0.9998499870000387
1712732446.03736 -0.019686505440000026 0.0279470413599995 2.3995739795999995 -0.01032607909999994 -0.01366903610000012 0.003819444999999977 0.9998451709000392
1712732446.06787 -0.01933982959999996 0.027641596919999283 2.389916949560015 -0.01043971689999994 -0.013786942000000125 0.003983410599999982 0.9998418033000235
1712732446.0984 -0.01877631504000007 0.02734024719999915 2.38013631856003 -0.010463792799999894 -0.013935978299999974 0.004139479799999979 0.9998389661000147
1712732446.134155 -0.018395171760000134 0.026978712039999523 2.3701915815200345 -0.01045136609999986 -0.014041577399999916 0.0042290512999999304 0.9998373270000002
1712732446.169574 -0.017964573200000195 0.02677599315999963 2.3602129653200197 -0.0104226205999999 -0.014162547399999958 0.0043146904999999515 0.9998356639999884
1712732446.208624 -0.017546294640000112 0.02668905259999974 2.3500983144800283 -0.01040027479999992 -0.014255150999999877 0.004412633399999954 0.9998342275999903
1712732446.234858 -0.01704518900000016 0.026258534959999903 2.33991462012003 -0.010436154299999955 -0.014360659399999776 0.0043918234999999585 0.9998324513999932
1712732446.270543 -0.016610030360000055 0.0254671356799998 2.329243731640022 -0.010461572599999958 -0.01445851739999977 0.004180480700000011 0.9998316169999726
1712732446.302177 -0.015942691239999928 0.02504660115999982 2.3184959722400205 -0.010352262299999993 -0.01459218379999978 0.003980492899999977 0.9998316229999773
1712732446.33405 -0.015418629239999928 0.0252435610000002 2.307759661760001 -0.010183893600000004 -0.014670016199999658 0.0037976750000000337 0.9998330236999664
1712732446.369964 -0.014901012279999879 0.025169607960000066 2.29700170531999 -0.010220551000000012 -0.014694901899999557 0.003626368200000041 0.9998329461999674
1712732446.401985 -0.014228697279999878 0.02482102755999996 2.286193797719975 -0.010287436300000063 -0.014745580599999641 0.00354305290000001 0.9998317659999657
1712732446.435866 -0.01380526839999991 0.024638752600000015 2.27520083923996 -0.010387012700000042 -0.014761835199999674 0.003407315799999999 0.9998309374999735
1712732446.477356 -0.013277847239999882 0.024703498959999876 2.2640679409599485 -0.010478683300000036 -0.014822482099999767 0.0031993629000000466 0.9998296380999818
1712732446.500491 -0.012788502719999801 0.024611037919999815 2.252859323399957 -0.010662316300000007 -0.01491229549999975 0.002918293599999977 0.9998269319999963
1712732446.53963 -0.012267535839999864 0.024139356640000144 2.2419784335199524 -0.01084985550000006 -0.015014793899999823 0.002612830200000005 0.9998240948000102
1712732446.569304 -0.011622960719999912 0.024012597280000277 2.230645463759947 -0.010853707700000026 -0.015108546499999775 0.0024406832000000377 0.9998231173000022
1712732446.609582 -0.010743857879999952 0.02418102204000021 2.219483692999938 -0.010785078800000037 -0.015188220999999835 0.0024405064999999835 0.9998225987000069
1712732446.631019 -0.010158450119999943 0.023777054560000226 2.2079746177999366 -0.010811819800000056 -0.01516773159999989 0.0023673779000000115 0.9998228609000079
1712732446.666067 -0.009732990679999958 0.022996226399999882 2.196314354079941 -0.010778480200000029 -0.015092695799999944 0.002286254299999957 0.9998245358000076
1712732446.702602 -0.009107357560000029 0.022415224439999833 2.1846540906399423 -0.010564715800000003 -0.015080664299999925 0.002252852299999919 0.9998270213000069
1712732446.738257 -0.008509313680000118 0.02193208191999986 2.172711694439968 -0.010277712399999927 -0.015057309399999852 0.002292207799999968 0.9998301029000232
1712732446.769635 -0.007707243040000033 0.02124669343999983 2.1609406139999963 -0.009887399499999994 -0.015039175399999927 0.002506623399999963 0.9998330772000145
1712732446.80277 -0.007171794839999972 0.020618495239999673 2.149072134719995 -0.00936090390000004 -0.014973895899999867 0.0028985240999999107 0.9998370290000139
1712732446.831838 -0.006453351799999963 0.02035226115999933 2.136899342760007 -0.008678794300000004 -0.01494450279999988 0.0033690939999999614 0.9998417557000039
1712732446.865339 -0.005730504639999889 0.02015295855999909 2.1244479897200246 -0.008013778800000005 -0.014924730299999921 0.0037538400999999944 0.9998467683999934
1712732446.899677 -0.004964892799999809 0.01978944183999914 2.111931631880011 -0.007448249900000014 -0.014955461599999964 0.003963995500000017 0.9998501360000092
1712732446.932255 -0.004198189519999822 0.01945582827999942 2.099168055320015 -0.006995106900000003 -0.0150611155 0.004021876899999999 0.9998515188000056
1712732446.967212 -0.003515569399999929 0.01932775067999941 2.0868868664000226 -0.0065701652999999634 -0.015175030099999987 0.004026075999999978 0.999852943399992
1712732447.002468 -0.0027141097199999105 0.0188359886399995 2.0745391872800156 -0.006222089599999947 -0.015306511900000075 0.004018838600000052 0.9998535632999846
1712732447.031216 -0.00227140087999981 0.019022783639999402 2.0621600154400266 -0.005770301499999952 -0.015367198800000103 0.004006473400000132 0.9998558103999813
1712732447.068797 -0.001702027039999816 0.019585740439999524 2.049520390400016 -0.005494691300000021 -0.015472984300000192 0.003908806700000156 0.9998564957999634
1712732447.102212 -0.0011388582799998126 0.019952957639999765 2.036947322200017 -0.005489871799999957 -0.015614836000000132 0.003703460100000111 0.9998551248999774
1712732447.136501 -0.00012351975999990827 0.01968647771999997 2.0244174624800233 -0.0056098942999999405 -0.015770495800000183 0.0034515986000001496 0.9998530982999683
1712732447.166726 0.0007757232000001046 0.019055856400000265 2.0121805169200115 -0.0056736990000000095 -0.01583908640000011 0.0032634765000000955 0.9998525856999777
1712732447.201844 0.0013527390800001093 0.018755848720000256 1.9997933009600046 -0.005564160399999985 -0.01582608640000007 0.0031618994000000454 0.9998537956999826
1712732447.236388 0.0017287264400000699 0.01845823952000025 1.9875247291200229 -0.005487415200000001 -0.015785277600000036 0.0030942194000000535 0.9998550414999727
1712732447.266233 0.0020926077200000923 0.0183324554 1.9753275040800415 -0.005334473699999976 -0.01575999389999989 0.0031034371000000505 0.9998560309999902
1712732447.296424 0.0025446545600001434 0.01824942280000016 1.962685275320032 -0.005150837999999958 -0.015766591999999947 0.003119430800000078 0.9998566986000015
1712732447.331713 0.0027885765600001553 0.018803148000000432 1.9501796319600315 -0.004940470900000005 -0.015733438899999896 0.0031286974000000354 0.9998581648000027
1712732447.365397 0.0033588629200000495 0.019033893480000473 1.937566175720026 -0.00492463789999995 -0.015711205199999866 0.003128886799999986 0.9998585760999958
1712732447.400657 0.0036223933200001386 0.018515344960000558 1.9252052453200303 -0.004990499099999912 -0.015611448299999785 0.003118122799999945 0.999859738400005
1712732447.431495 0.004023962880000056 0.01797619992000051 1.9125332763599998 -0.004836253299999971 -0.01553860219999983 0.003125643899999986 0.999861818599993
1712732447.466858 0.004422830720000128 0.01831855676000046 1.899586551520001 -0.004525224100000003 -0.015515696299999781 0.003086780499999975 0.9998639823000076
1712732447.50475 0.004815443080000019 0.01897188440000029 1.8863746168399893 -0.004461490799999979 -0.015467765399999856 0.0029984620000000463 0.9998653711000088
1712732447.533331 0.005525840040000034 0.01944694864000034 1.8731026507199702 -0.004757799799999951 -0.015395959499999811 0.0029869421000000783 0.9998647274000177
1712732447.568981 0.0064369676000000636 0.019949497960000003 1.859870271839959 -0.005175027299999968 -0.015293562899999813 0.0031410948000000437 0.9998629511000218
1712732447.602239 0.007256026960000082 0.01989644328000011 1.846718268359932 -0.005677193599999963 -0.015102451099999924 0.003340848600000079 0.9998620630000232
1712732447.633909 0.008130587360000092 0.019896078440000266 1.8334291791199346 -0.006128450200000035 -0.014889293199999898 0.0036345838000000795 0.9998614133000274
1712732447.669337 0.009338661079999982 0.019608690079999887 1.819870324159942 -0.0066333249000000375 -0.01475073769999984 0.003984251400000094 0.9998588205000261
1712732447.708371 0.010403658440000072 0.01763622980000008 1.8062137363199509 -0.007178691900000089 -0.014615597499999921 0.004321122600000127 0.9998553217000336
1712732447.731175 0.011519633160000016 0.017581826920000054 1.7923858495199372 -0.006618953200000099 -0.014460587599999996 0.004763047300000167 0.9998574257000428
1712732447.764623 0.012603262839999995 0.01835015671999983 1.77959380115994 -0.006207876500000075 -0.014252330100000066 0.0052932082000001655 0.9998588979000488
1712732447.807756 0.01343852383999998 0.017893452079999858 1.7678489228399394 -0.006231695800000025 -0.01393496729999999 0.005759415300000193 0.9998609245000353
1712732447.832246 0.014205812039999995 0.017488028599999764 1.7574138707999598 -0.006037410600000026 -0.013637214599999937 0.0062375066000001315 0.9998632967000276
1712732447.879073 0.01483756791999994 0.017585501079999656 1.7484071393599878 -0.0057535886000000145 -0.013406338299999909 0.006630390500000072 0.9998657882000088
1712732447.909512 0.015128198119999966 0.017664525480000106 1.7411150497999823 -0.005540228300000028 -0.01319059720000002 0.006891570400000102 0.9998686135000071
1712732447.936789 0.015369466279999989 0.017904040280000044 1.7353593941599954 -0.005426907000000103 -0.013053176899999918 0.007073710600000105 0.999870204900003
1712732447.968397 0.015723097599999958 0.018104421720000017 1.7312416931599817 -0.0054512313000000924 -0.012937436099999821 0.007188457800000059 0.9998708367000063
1712732448.007583 0.015746802960000056 0.018116375200000263 1.7286407157599935 -0.005530306400000118 -0.012740039699999883 0.007259282300000081 0.9998722375000171
1712732448.036243 0.015696061919999983 0.01945499416000004 1.7272666524400027 -0.005407455200000122 -0.012575218199999938 0.007356056800000043 0.9998748959000068
1712732448.068753 0.01573432615999991 0.019672317839999707 1.727242586720008 -0.00610534540000014 -0.012484844299999942 0.007368702599999999 0.9998729110999875
1712732448.103975 0.015439247600000013 0.019616974159999925 1.7274608159200213 -0.006723239500000133 -0.01237825759999982 0.007272621300000015 0.9998722911999949
1712732448.135531 0.015289526840000053 0.019989875919999987 1.7280379152400156 -0.007178595500000195 -0.012360497799999948 0.00723825059999994 0.9998698592999972
1712732448.167876 0.015145156600000006 0.020105140160000232 1.7285883952399943 -0.007670917000000177 -0.012377909499999973 0.00718700839999995 0.9998672366999927
1712732448.205301 0.014821581319999985 0.019846083600000383 1.7290074468799868 -0.008083202300000192 -0.012372854600000061 0.007130255900000026 0.999864989599996
1712732448.231475 0.014806242079999875 0.019707476320000052 1.7286660171200037 -0.00830529730000018 -0.012390763299999996 0.007154858699999966 0.9998629273000006
1712732448.268855 0.014577299239999774 0.019575046960000078 1.7279567718000042 -0.00845480700000012 -0.012328811000000073 0.007183472699999971 0.9998623015000021
1712732448.303403 0.014385238559999767 0.019451586000000062 1.7267600655200157 -0.008511014600000078 -0.012300204700000173 0.007257906899999967 0.9998616517999835
1712732448.33674 0.014457932719999818 0.01949465140000008 1.7249827383599994 -0.008486323600000035 -0.012364593600000084 0.007352409999999932 0.9998603880999781
1712732448.373959 0.01459090079999985 0.01965936420000027 1.7230701779199988 -0.008560420900000042 -0.012417334200000064 0.007405923899999944 0.9998586594999779
1712732448.40527 0.01467341959999995 0.019581459240000428 1.7209279390800065 -0.008734588700000056 -0.012442931100000009 0.007474975199999978 0.9998562931999914
1712732448.432779 0.014860028399999869 0.01930801712000054 1.7185810062400104 -0.008926672700000093 -0.01247638250000005 0.007549658800000003 0.9998536824999746
1712732448.465615 0.015010402959999709 0.01930184396000058 1.715938155399999 -0.00902758040000009 -0.012507746999999902 0.007659021600000049 0.9998515426999802
1712732448.498395 0.015077871479999736 0.019260613400000678 1.713114642960013 -0.009168021300000096 -0.01252364669999988 0.0077410321000000335 0.9998494863999895
1712732448.533295 0.015300961199999748 0.019180759920000765 1.7100039241600054 -0.009239890700000064 -0.012574695899999887 0.00782177449999999 0.9998475909000035
1712732448.565089 0.015428909439999748 0.019275395440000693 1.706803584080003 -0.009301507100000083 -0.012616011999999977 0.0078546255 0.9998462616999859
1712732448.598574 0.01579054259999978 0.01908915036000053 1.7032975960000019 -0.009415176200000097 -0.012690246300000041 0.007884419500000028 0.9998440562999804
1712732448.630198 0.015859886839999823 0.018954594680000693 1.6999452495199965 -0.00944848320000009 -0.01271483300000007 0.007900173200000093 0.9998433230999808
1712732448.665128 0.015824669839999608 0.018842499200000515 1.6964458702800085 -0.009411599600000108 -0.012722912100000094 0.007876694400000073 0.9998437283999919
1712732448.701117 0.01568957179999966 0.018776049040000443 1.6928695867999977 -0.009297051000000067 -0.012717088499999996 0.007848243500000063 0.9998450337999885
1712732448.730928 0.015669161479999756 0.018858455280000682 1.6891799999199837 -0.00915045930000007 -0.012743503499999953 0.007777514500000038 0.9998465298999918
1712732448.768553 0.015643038599999704 0.018783929640000422 1.685134279639983 -0.009003693300000037 -0.012771873999999883 0.007658629700000042 0.9998483180999983
1712732448.806196 0.01567217511999992 0.01876322111999997 1.6809518241599972 -0.008828582100000038 -0.012796420499999961 0.007499021600000067 0.999850708200006
1712732448.840001 0.015757747880000037 0.01864401783999959 1.6767102049599953 -0.00865705220000006 -0.012824016599999943 0.007360192200000082 0.9998528480000004
1712732448.868707 0.015820385840000027 0.018559427599999196 1.6719890521599836 -0.008461452900000133 -0.012837209499999957 0.007241796000000101 0.9998552084000039
1712732448.900651 0.015871243360000165 0.018365256279999256 1.6672197841599699 -0.00827755520000011 -0.01285177519999987 0.007108245200000152 0.9998575330000221
1712732448.93417 0.01598505300000017 0.018486039599999556 1.6623593758799824 -0.00802400210000016 -0.01288149049999987 0.007027677300000157 0.9998599053000135
1712732448.964876 0.016172828000000087 0.018364893399999572 1.6571132278400045 -0.007876500900000138 -0.012927390799999827 0.006932544700000154 0.9998612465000178
1712732448.999145 0.016302579440000322 0.018181903039999624 1.651800239319991 -0.00774032730000016 -0.012962871999999948 0.006845521500000196 0.9998625161000063
1712732449.032992 0.016526900320000235 0.018072791239999615 1.6462670517999778 -0.007589097200000161 -0.013038344599999974 0.006771411300000185 0.9998632015000112
1712732449.069693 0.016648108400000118 0.01786120391999958 1.640619275679992 -0.007426898000000115 -0.013095950700000003 0.006709439700000175 0.9998640598000066
1712732449.099005 0.016688260960000107 0.0176753133199999 1.6350096179199818 -0.0072755228000001 -0.013157656600000145 0.00665082520000011 0.9998647095000024
1712732449.134587 0.016704193520000066 0.017535817320000147 1.6292744064799944 -0.00707483050000004 -0.013233183400000214 0.006588824800000115 0.999865484399993
1712732449.165685 0.01683511704000004 0.01757405496000061 1.623263020399986 -0.006868634400000051 -0.013330739700000293 0.0065028992000001114 0.9998661161999962
1712732449.202571 0.016988321560000016 0.017573115000000923 1.6173177076000091 -0.0067638920000000265 -0.013416918200000261 0.006408301000000094 0.9998663009999745
1712732449.234452 0.017008466719999865 0.017519714520000774 1.611184389640016 -0.006689866500000008 -0.013465951200000248 0.006321246000000081 0.9998667181999735
1712732449.266208 0.016990212679999814 0.017305654240000547 1.6047624303199925 -0.0066461839999999665 -0.013501997800000253 0.006187838700000015 0.99986737979998
1712732449.298082 0.017018722279999884 0.017206629160000517 1.5983515360399678 -0.006534237600000025 -0.01355167940000026 0.0060853262000000186 0.9998681545999943
1712732449.33228 0.017042824399999858 0.01727820360000031 1.5916460921199724 -0.006425435400000001 -0.013626505400000256 0.005935419299999989 0.9998687924000024
1712732449.36623 0.017110256239999833 0.017202044160000155 1.5849537493999921 -0.006407389100000049 -0.01371100680000037 0.005766019300000025 0.9998687269000129
1712732449.403105 0.017104764319999785 0.01724817219999991 1.5781807971999886 -0.006386558600000036 -0.013762861400000404 0.005563018500000005 0.9998692633000019
1712732449.433401 0.017258742199999833 0.017287286239999772 1.5711886313200056 -0.006403849600000022 -0.013823503100000422 0.005387372700000004 0.9998692394000045
1712732449.46712 0.017390708999999838 0.017295788159999926 1.564191758919978 -0.006492062700000023 -0.013860680300000362 0.005203686299999966 0.999869072499996
1712732449.498351 0.017485698719999724 0.016927424919999864 1.5569864872799781 -0.006635679700000008 -0.01385727170000024 0.004995327899999946 0.9998691678999876
1712732449.53317 0.017676277359999836 0.016699280639999682 1.5497102524399633 -0.006622646599999981 -0.013859921500000283 0.0048497813999999195 0.9998699725000051
1712732449.568715 0.01784773675999993 0.016363469919999714 1.54227538583998 -0.006527392799999987 -0.013858371200000264 0.004741948199999868 0.9998711467000021
1712732449.604399 0.01807330335999996 0.016136494639999766 1.534674093680005 -0.00626804390000002 -0.01384159260000022 0.004699384599999856 0.9998730361000071
1712732449.636397 0.01845839799999993 0.016073460479999326 1.5265941356400117 -0.005973540000000011 -0.013834698400000178 0.004697170299999787 0.9998746574000051
1712732449.665843 0.019095515319999947 0.015861095879999638 1.5187383649200183 -0.0056997083999999806 -0.013834263100000044 0.004762767499999843 0.9998756646999937
1712732449.697799 0.01966510755999998 0.015777771799999556 1.5103965853200223 -0.005362953199999953 -0.013758368299999902 0.004905593699999855 0.9998775719999913
1712732449.735059 0.020303991679999953 0.015473046119999622 1.501848559120017 -0.00509277379999995 -0.013701467799999811 0.005106194699999911 0.9998785971999951
1712732449.772449 0.020938853879999896 0.015047854639999797 1.4932335922000175 -0.004713547099999982 -0.013623980899999744 0.00538705059999991 0.9998798250999925
1712732449.797003 0.021711726959999813 0.014545440279999367 1.484145533920032 -0.004214875200000012 -0.013561700399999665 0.005768847399999899 0.9998805343999948
1712732449.830763 0.022347576439999874 0.014432301239999388 1.4750240134000432 -0.003584626600000007 -0.013501894999999741 0.00624722249999996 0.9998809992999895
1712732449.864972 0.022968105159999867 0.014270068959999518 1.4655632829600562 -0.0030354025000000283 -0.01346883669999972 0.006665111600000007 0.9998806476999789
1712732449.905146 0.023696890559999732 0.0141425082399995 1.4558059334000517 -0.002585717600000059 -0.013487677599999692 0.007038522100000044 0.9998794377999729
1712732449.930562 0.024267011719999763 0.013932351999999495 1.4460223817200446 -0.002251909699999999 -0.013515332499999744 0.00730759600000006 0.9998781741999665
1712732449.969219 0.02476463835999972 0.01356205143999979 1.4361826038000571 -0.0019530110999999906 -0.013555909599999794 0.007456039500000067 0.9998773038999615
1712732450.004964 0.024984200919999606 0.013378269519999505 1.4260603677600645 -0.0016340365999999661 -0.013577979899999804 0.007488354300000033 0.9998774528999774
1712732450.037797 0.025187256639999517 0.013216138879999591 1.415959577480048 -0.00143067849999996 -0.0136383636999998 0.007355114799999995 0.9998778402999733
1712732450.065112 0.02539235131999952 0.013208022519999503 1.4057329916000343 -0.0012434987999999868 -0.013684021399999935 0.007171359299999925 0.9998787462999872
1712732450.103933 0.025547842599999693 0.013277704439999382 1.3953536570400364 -0.0011631480000000138 -0.013736399199999916 0.006862889899999924 0.9998799800999905
1712732450.135601 0.02561177303999969 0.013538605639999658 1.385019233080029 -0.001205990700000026 -0.0137804182 0.006491622599999936 0.9998815358000002
1712732450.175373 0.025744067159999665 0.013705557039999547 1.3745823288400287 -0.0014316747000000518 -0.013847158099999923 0.00607568849999991 0.999882817300022
1712732450.205154 0.02584219343999969 0.013767837999999344 1.3641131557200106 -0.0017695559000000748 -0.013889722999999955 0.005633153399999901 0.9998842478000369
1712732450.232818 0.025944885959999768 0.013864689439999578 1.3535513403999857 -0.0021306876000000584 -0.013885173000000074 0.005209322399999916 0.9998859584000457
1712732450.272334 0.026175524199999883 0.013881884799999822 1.3428353324399678 -0.0025022680000001073 -0.013868174099999919 0.004887859399999961 0.9998871684000505
1712732450.306132 0.02639730772 0.013985250159999863 1.3322996775199725 -0.0028116209000001112 -0.013807059499999852 0.004670763000000022 0.9998886466000385
1712732450.336205 0.02660824264000002 0.014171957800000001 1.3216263860799744 -0.0030757764000001408 -0.013717687799999823 0.004616693899999991 0.9998897255000202
1712732450.368828 0.026947893000000108 0.014283150000000047 1.3108592002799695 -0.0032926443000001805 -0.013662240299999873 0.004685326700000036 0.999889618300017
1712732450.40485 0.027279597240000262 0.014536843720000334 1.2999614375999817 -0.0034844680000001736 -0.013648980699999846 0.004793658300000114 0.9998887123000031
1712732450.435986 0.027724666760000218 0.01479031512000013 1.288838369279979 -0.00374252170000009 -0.013659265899999795 0.004885999700000099 0.9998872877000167
1712732450.468771 0.027941814880000276 0.01500818928000008 1.2778846807999842 -0.004065523200000065 -0.013611332999999703 0.004967375300000132 0.9998863280000023
1712732450.500564 0.028240424800000278 0.015271178440000028 1.2667717677999872 -0.004425951600000033 -0.013563633799999763 0.005043874900000134 0.9998848437999868
1712732450.538077 0.028308721840000214 0.015278817400000406 1.2554713421599855 -0.004791918200000023 -0.013502833399999758 0.005076758200000153 0.9998833237999861
1712732450.567414 0.028540828120000188 0.015126447560000356 1.2442038027999978 -0.004999460300000003 -0.013521683899999814 0.005060484800000165 0.9998819349999849
1712732450.612594 0.02892784131999999 0.015148583800000068 1.2325162606400182 -0.0051193212000000266 -0.01355997079999991 0.004976257500000169 0.9998811362999731
1712732450.638847 0.029140726719999992 0.01549219896000018 1.2205892851600082 -0.005394109700000005 -0.013536684199999982 0.004829476100000107 0.9998806594999905
1712732450.675831 0.029480019240000068 0.015527912400000189 1.208523162839988 -0.005925568500000011 -0.013472911500000073 0.004674376600000141 0.999879205100001
1712732450.702027 0.02987568472000003 0.015517179160000437 1.1963094987199883 -0.006586112199999938 -0.01339619280000015 0.0046480904000000935 0.9998759328000005
1712732450.737345 0.03029869443999988 0.015171303840000334 1.1839016296799945 -0.007254068599999908 -0.013341988400000204 0.004650774500000043 0.9998719750999954
1712732450.775862 0.03071362363999988 0.014882138600000658 1.1712490952399774 -0.007775422899999907 -0.013283610900000298 0.004726274800000052 0.9998686014999748
1712732450.804417 0.03122398691999997 0.014511008120000923 1.1582368397599703 -0.008204460099999889 -0.013269724800000304 0.004764418300000006 0.9998653291999744
1712732450.837089 0.03172182832000004 0.013955401040001121 1.1449952149999807 -0.00854346779999986 -0.013251471600000286 0.004857625599999959 0.9998621939999793
1712732450.871513 0.03246223371999992 0.013601279440001121 1.131585979439992 -0.008740572699999838 -0.01326374190000017 0.005096925899999949 0.999858927699961
1712732450.903449 0.03316319803999999 0.013650397600001085 1.1177441071999874 -0.008913709699999828 -0.01325498610000011 0.0054406719999999355 0.9998556970999516
1712732450.933323 0.033760329680000145 0.013714592640001086 1.1039486144399733 -0.009270683899999809 -0.013260132300000116 0.0058466608999999 0.9998505531999626
1712732450.973325 0.03444120988000019 0.013104488320000909 1.090043373159956 -0.009599723699999795 -0.013324732600000111 0.00626795429999989 0.9998446045999572
1712732451.002885 0.035042040600000025 0.012532413040000846 1.0760422598799642 -0.009605121099999803 -0.013433447400000098 0.006604601399999854 0.9998411594999652
1712732451.034423 0.03542044632000014 0.012169828720000452 1.0616851389199609 -0.009334109999999817 -0.01353977430000004 0.006739559399999884 0.9998412607999626
1712732451.076022 0.03578012872000016 0.011975518520000462 1.0470815753999476 -0.009024503799999816 -0.01364710210000002 0.0068044562999999055 0.9998420951999833
1712732451.10318 0.036167647320000246 0.011697783440000008 1.0324676062399658 -0.008765769099999775 -0.013768295599999902 0.006860238799999951 0.9998422740000024
1712732451.143321 0.0366287821200002 0.011324085359999713 1.0175217701599695 -0.00846416959999976 -0.013893741999999954 0.006956953099999996 0.9998424588000034
1712732451.178583 0.03704896804000018 0.011309076239999313 1.0020827233199587 -0.008044750699999704 -0.014013029599999883 0.006931163600000012 0.999844330399992
1712732451.207354 0.0374287877600004 0.01135214751999932 0.9865322006399719 -0.00775076449999963 -0.014133226099999873 0.006717007299999978 0.9998463570000012
1712732451.234953 0.037824823680000424 0.01100147159999942 0.9709793581599752 -0.00757007409999968 -0.014243707399999828 0.006415162799999941 0.9998480081000025
1712732451.277376 0.038031834120000274 0.010919530719999387 0.955195185279981 -0.007293860199999625 -0.014312077899999841 0.005937231999999959 0.9998518525999998
1712732451.302777 0.03825196984000008 0.010992382239999399 0.9392429760000004 -0.0071508866999995925 -0.01437672129999985 0.0054201582000000135 0.9998549163000007
1712732451.340373 0.03855743500000027 0.010634178519999366 0.9232246021599985 -0.007078144199999592 -0.014420619499999888 0.0049410104000000565 0.9998573421999936
1712732451.369326 0.03904226760000032 0.010256981559999545 0.9068960826800049 -0.006831219499999541 -0.014401381699999938 0.004631657200000028 0.9998607397000114
1712732451.405374 0.03964890020000048 0.009961995959999257 0.8903282301200034 -0.006568813799999518 -0.014349328799999839 0.0044236388999999935 0.9998641670000097
1712732451.438971 0.04016385968000037 0.009663557959999309 0.8736934533599923 -0.00631063399999956 -0.014289737399999858 0.0043261304999999695 0.9998671175000027
1712732451.473967 0.040794048960000384 0.00908363315999935 0.8568629280399818 -0.005927902199999657 -0.014230897999999926 0.004327812499999961 0.999869781800021
1712732451.506809 0.041416347280000314 0.008579888799999295 0.8402407938399664 -0.005368357699999748 -0.014166835199999995 0.004467130100000017 0.999871552100035
1712732451.537967 0.04198830132000029 0.008067377919999074 0.8232917744799669 -0.0048148117999998515 -0.01413507470000006 0.004640962200000054 0.999873292500024
1712732451.566349 0.04230612456000013 0.007489039599999074 0.8063395087999834 -0.004198532699999901 -0.014136127000000087 0.004679442500000075 0.9998753608000243
1712732451.605346 0.04260342576000027 0.006938375359999398 0.789310180399998 -0.0034481838999999683 -0.014200356200000108 0.004667281900000031 0.9998765946000276
1712732451.63928 0.04300481220000034 0.0066382464399993065 0.7720124213200006 -0.002711654199999991 -0.014295339400000096 0.0045777028999999915 0.9998788298000363
1712732451.665304 0.043481550000000334 0.006656393519999213 0.7546834321600135 -0.0020735799000000553 -0.014369310700000072 0.004460064399999996 0.9998809040000424
1712732451.702461 0.043824931360000256 0.00672291367999911 0.7376756746800174 -0.0017393969000000452 -0.0144069322 0.004277404000000029 0.9998819470000399
1712732451.735562 0.04411866424000009 0.006565625639999482 0.7207351082400419 -0.0015933694000000997 -0.014421204599999982 0.004052185700000077 0.99988304970002
1712732451.767441 0.04448775968000006 0.006203424359999444 0.70384193124004 -0.0014017625000001034 -0.014429408500000029 0.003780794400000076 0.9998847305000254
1712732451.800259 0.044713549719999926 0.0062602061199993385 0.6870637684400617 -0.0012169315999999597 -0.01442343939999997 0.0034280914000000885 0.9998867929000198
1712732451.83347 0.04494309764000011 0.006201857479999617 0.6701627139200628 -0.001275677499999972 -0.014450400800000018 0.002976731500000085 0.9998885750000227
1712732451.868651 0.04511331915999999 0.006330367119999564 0.653740391920046 -0.0013056763999999888 -0.014451068700000036 0.002534130700000059 0.9998904228000356
1712732451.905317 0.04561308136000007 0.006722402119999558 0.6372741398800462 -0.0015497188999999522 -0.014447016200000107 0.0022422587000000328 0.9998910546000388
1712732451.938166 0.046286024119999915 0.00690493999999937 0.6208687326800464 -0.0021093943999998645 -0.014390221600000076 0.002112133200000077 0.9998911261000331
1712732451.969058 0.046866668519999974 0.00659167151999938 0.6052288928000326 -0.0025213478999999593 -0.014304386000000058 0.002058304200000105 0.9998912215000246
1712732452.004781 0.04724360619999998 0.006439966959999665 0.5890420947600069 -0.0026411923999999586 -0.014235556000000038 0.001983914400000053 0.9998920739000141
1712732452.033937 0.04802593179999988 0.006563530119999683 0.5721931944400148 -0.0028384910999999847 -0.014316133099999994 0.0018627589000000278 0.9998905779000097
1712732452.067894 0.04874295215999993 0.0066387848799995906 0.555860006239991 -0.0032267726000000606 -0.014370347800000082 0.0018660159000000397 0.9998878122000179
1712732452.100059 0.049272587560000004 0.006967178959999671 0.5396368171599942 -0.003673328400000031 -0.01435978130000013 0.001840102100000074 0.9998858095000059
1712732452.132971 0.04990084428000002 0.007241921959999757 0.5234489842399944 -0.004216579500000072 -0.01438613480000015 0.0018103699000000084 0.9998834789000057
1712732452.166733 0.050576322720000025 0.00732288731999965 0.5074059978400192 -0.00476538099999999 -0.014431443800000032 0.0018465846999999869 0.9998807132999901
1712732452.204359 0.05149462499999995 0.007150948559999932 0.4909194808000347 -0.00525466889999997 -0.014477606200000003 0.0019263298000000261 0.9998778581999886
1712732452.236915 0.05221052508000006 0.007025934719999754 0.47463663968002945 -0.005519516699999905 -0.01446070869999989 0.0020938367000000293 0.9998764693999874
1712732452.267631 0.05302125164000024 0.006839529759999791 0.4581016106800052 -0.005565417499999903 -0.01450465269999981 0.0023768197999999964 0.9998747289999983
1712732452.30597 0.05385086644000022 0.00687806335999987 0.4408251556800178 -0.005668917799999918 -0.014606018299999768 0.002718751599999969 0.9998716414000001
1712732452.335853 0.05468303092000002 0.006840923879999749 0.42405810160002144 -0.005912592499999825 -0.014751334399999826 0.0030483201000000015 0.9998677432000023
1712732452.378207 0.05522284572000004 0.006341023639999932 0.4075469406400134 -0.005964881399999911 -0.014854526299999903 0.0033093859000000057 0.9998654484000099
1712732452.405446 0.05575353111999995 0.0060796565199999 0.39053257208002834 -0.005664409099999901 -0.015004090199999886 0.003376601300000015 0.9998646676000135
1712732452.436413 0.05634494459999999 0.005768078960000054 0.3732077031200151 -0.005343766599999888 -0.01519227669999985 0.0034360974000000157 0.9998634934000166
1712732452.474468 0.0568826963599999 0.005496145480000152 0.35562311959999987 -0.005029947599999929 -0.01537296219999984 0.00345730530000008 0.999862265600018
1712732452.501108 0.05738266519999967 0.005256697320000256 0.3378407594799773 -0.004754893099999968 -0.015540441799999982 0.003391630100000054 0.9998612583000295
1712732452.534805 0.057801860199999736 0.0050227760800000704 0.320348496999959 -0.004479419399999962 -0.015729430900000098 0.003304058199999993 0.9998599470000272
1712732452.570287 0.05828601155999962 0.004818576560000025 0.3022095409199391 -0.004259887899999981 -0.01595817670000006 0.002992389300000031 0.9998580277000201
1712732452.603793 0.05853745351999961 0.004614065680000081 0.28418185879996144 -0.004247808200000059 -0.016125024300000134 0.0024729993000000227 0.9998564005000162
1712732452.634568 0.05866919659999951 0.004294995880000058 0.266641011559941 -0.004128874299999907 -0.01621736300000016 0.001940249400000038 0.9998565972000051
1712732452.672194 0.05903817611999958 0.003929564520000355 0.2485288887199658 -0.003808478499999879 -0.016241947000000145 0.00160078540000006 0.9998581051999963
1712732452.703877 0.05944020207999959 0.0035062067600005516 0.23081921883996528 -0.0035410289999997955 -0.016189693600000155 0.001426690700000055 0.9998600482999791
1712732452.737245 0.06023318167999964 0.003108626360000315 0.2108485609999434 -0.002904186199999792 -0.016083025900000082 0.0013603530000000142 0.9998624145999884
1712732452.780358 0.06113441179999955 0.0026649915600004447 0.1922728625999707 -0.0020665936999998634 -0.015982835900000048 0.0013455708999999595 0.9998638331999927
1712732452.805548 0.061991877359999566 0.0024268445600002762 0.17518128627998977 -0.001288625899999829 -0.01585596270000007 0.0013384600999999385 0.9998653649999824
1712732452.836433 0.06282595003999958 0.002188629520000447 0.16024724015999708 -0.0007235177999998399 -0.015656625399999947 0.0013051466999999483 0.9998689411999748
1712732452.870731 0.06364240035999959 0.002106361880000236 0.1472647940400111 -0.0002339682999998871 -0.015379224999999863 0.0013405176000000018 0.9998737035999739
1712732452.905131 0.06429653915999964 0.0019939410400004933 0.13676073292001092 2.485080000003137e-05 -0.015058515700000007 0.0014586255000000215 0.9998790203999761
1712732452.934785 0.06506737271999966 0.0018096517600005055 0.12838187263998407 0.00038148710000012186 -0.014754917099999964 0.00171812030000007 0.9998846708999736
1712732452.969033 0.06585738011999975 0.0018891894000006458 0.12135139939998679 0.0006407761000000178 -0.014449182599999943 0.0019694472000001185 0.9998900770999853
1712732453.002318 0.06643250487999972 0.0020494185600004045 0.11644427899996117 0.0006309652999998861 -0.01419735959999997 0.002099166800000063 0.9998935819000053
1712732453.038508 0.06688302739999973 0.002236536960000208 0.11296956887995292 0.0006569471999998911 -0.014019419699999957 0.0021398435000000936 0.9998961091000182
1712732453.071639 0.06695821775999977 0.002394323400000289 0.11343150559996501 0.000353178399999976 -0.013893660899999993 0.002105582800000061 0.9998982251000144
1712732453.105226 0.06695170523999984 0.0027080558400003696 0.11407574079995811 -0.00015542000000010603 -0.013759645500000061 0.0020039522000001144 0.999901300700003
1712732453.140686 0.06694412452000005 0.0027427142400006234 0.11519396139993658 -0.0006837413000001291 -0.013648166100000126 0.001912488200000073 0.9999040127000172
1712732453.172492 0.06685912240000014 0.002758001400000651 0.11602471523994154 -0.0009827401000000791 -0.013568435100000187 0.0018826196000000905 0.9999053121000315
1712732453.204091 0.06677880104000006 0.0027471071600010076 0.11661446271993554 -0.0012060534999999816 -0.013539223800000144 0.00180692760000003 0.9999058664000359
1712732453.237604 0.06680653756000009 0.0026893504400010214 0.11676226211995981 -0.0012299513999998624 -0.013533219199999991 0.0017909804000000307 0.9999059558000454
1712732453.272831 0.06676588351999989 0.002612736840001091 0.11666789987996706 -0.0011933281999999324 -0.013510378700000025 0.0017849019999999882 0.9999063254000475
1712732453.301161 0.06675244547999991 0.0025926250000007653 0.11645807487998354 -0.0010575711999999625 -0.013507116899999972 0.0017876396999999323 0.9999065936000534
1712732453.333978 0.06674707535999999 0.0025893999600010175 0.11619883267998375 -0.0009731494999998703 -0.013513272399999998 0.0017735127999999988 0.9999066591000428
1712732453.370591 0.06675411932000012 0.0025990778800009905 0.11608368687998336 -0.0009835122999998446 -0.013502519599999907 0.0017847174999999992 0.999906772400027
1712732453.402792 0.06671751352000015 0.002612445360000848 0.11601150035998216 -0.0010195786999998902 -0.013478837099999908 0.0017862169000000705 0.9999070585000254
1712732453.43623 0.06662952071999999 0.00261212280000052 0.11617464571996605 -0.0010554250999998515 -0.013457036999999871 0.0017900962000000574 0.9999073148000435
1712732453.470211 0.06657344735999977 0.0026400838800002186 0.11633460131997253 -0.001073305899999788 -0.0134493630999998 0.0017954349000000925 0.9999073983000244
1712732453.503239 0.06659138667999964 0.0026280606800001744 0.11643722691995662 -0.001079779399999836 -0.01345019229999984 0.001804640700000082 0.9999073626000154
1712732453.535776 0.06659014067999976 0.0025922131200000107 0.11642246755996892 -0.0010838437999998618 -0.013450148299999931 0.0018334751000001147 0.9999073090000138
1712732453.572414 0.06654363379999974 0.002596965839999825 0.11646261367995521 -0.0010866902999998374 -0.01342970870000002 0.001873854000000108 0.9999074997000207
1712732453.60457 0.06653768967999983 0.002592971359999581 0.11646432307995837 -0.0010862815999997722 -0.01342616999999997 0.0018936025000001245 0.9999075056000265
1712732453.637031 0.06654100627999969 0.0025792633999999026 0.11645168919996648 -0.0010983721999997087 -0.01342953410000014 0.001891350200000108 0.999907452000025
1712732453.667079 0.06651810059999974 0.00257801095999973 0.11643239215996344 -0.0011075914999997493 -0.013424674000000003 0.0018837145000000887 0.999907517600036
1712732453.707143 0.06653501679999976 0.0025800118399996563 0.11642216263997851 -0.0011042073999998792 -0.013425723000000112 0.0018581955000001038 0.9999075593000498
1712732453.73387 0.06653187659999982 0.002540216280000109 0.11647878227996898 -0.0011144125999997812 -0.013419901000000145 0.00185319090000009 0.9999076368000488
1712732453.769243 0.06656943748 0.0025078334400001263 0.11643689315998472 -0.001127041399999662 -0.013426892500000065 0.0018478042000000805 0.9999075354000297
1712732453.805457 0.06660216668000003 0.0024872366400004605 0.11635055515999737 -0.0011409088999997153 -0.013429521200000138 0.0018516602000000937 0.9999074758000461
1712732453.83664 0.06659960580000028 0.0025151151200002884 0.11632716508001976 -0.0011436308999996925 -0.013429651300000067 0.0018431654000001351 0.9999074877000567
1712732453.869317 0.0665920018400003 0.002523416560000271 0.11627833112001099 -0.0011525627999997567 -0.01342266770000009 0.001828704200000164 0.9999075950000588
1712732453.905803 0.06657874692000032 0.002520422520000238 0.11625452607999705 -0.0011531293999997416 -0.013419336200000131 0.0018057487000000983 0.9999076904000503
1712732453.939186 0.06660006164000044 0.0025509038800005613 0.11623668532000009 -0.0011480921999998729 -0.013424848300000214 0.001778657100000114 0.9999076785000398
1712732453.971598 0.06655766292000063 0.00258297732000031 0.1162343226799976 -0.001138806899999878 -0.01341398850000015 0.0017634782000001791 0.9999078632000191
1712732454.00433 0.06657892668000052 0.0025006312800000784 0.1162519184400071 -0.0011687954999999306 -0.013413428800000205 0.0017534356000001416 0.9999078572000144
1712732454.036904 0.06661920580000052 0.002491165600000258 0.11621320340000692 -0.001182090899999899 -0.013420296300000167 0.0017583383000000729 0.9999077380000017
1712732454.067725 0.06667542112000031 0.0025143467999998847 0.11614323448001414 -0.0011839323000000235 -0.013437422500000195 0.0017734069000000297 0.9999074757000017
1712732454.104354 0.06673192596000017 0.0025242800800000962 0.11609988180000527 -0.001179528200000135 -0.013461650600000218 0.0017783163000000713 0.9999071479000122
1712732454.137455 0.06672503488000024 0.0025470295199998103 0.11609923835999779 -0.0011769484000001996 -0.013457688100000097 0.0017830737000000597 0.9999071955000091
1712732454.169383 0.06675125324000024 0.002538966639999671 0.11601960635998239 -0.001178782200000228 -0.0134629471000002 0.0017957158000000638 0.9999070941999889
1712732454.200547 0.0667655867200002 0.002557479679999517 0.11601840991996594 -0.00117590870000015 -0.01346716350000019 0.0018079693000000673 0.9999070166999899
1712732454.23717 0.06679487752000024 0.0025700334799996934 0.11597068055998988 -0.0011722010000001504 -0.013475943800000145 0.0018339960000001375 0.9999068497999815
1712732454.275384 0.06677839224000007 0.0025517085999995 0.11595989104000635 -0.0011805800000001198 -0.013467791200000079 0.001853330400000086 0.9999069153999927
1712732454.304132 0.06681107103999992 0.0025159881599994094 0.11595167163999577 -0.0011912195000000736 -0.013471487600000031 0.0018791596000000688 0.9999068022000074
1712732454.335912 0.06682671351999998 0.0026125044399997674 0.11593285760000979 -0.0011701006999999207 -0.01347868529999996 0.0018922188000001228 0.9999067068999921
1712732454.375093 0.06679617 0.0026490489199994015 0.11594462152000232 -0.0011591697999998375 -0.01346963670000001 0.0018933638000001806 0.9999068439999974
1712732454.406168 0.0668287765600001 0.002660402359999736 0.115960379359999 -0.0011591100999998715 -0.013473057599999904 0.0018871566000002282 0.9999068082999883
1712732454.436837 0.06679433040000023 0.002669350319999495 0.1159911169200086 -0.0011708951999999328 -0.013459027000000035 0.0018814969000001901 0.9999069990999943
1712732454.469502 0.0667860813200001 0.0026561715599998335 0.1160157138000204 -0.0011794605999998708 -0.01345413880000006 0.0018825441000001498 0.9999070527999947
1712732454.506048 0.06677770344000002 0.0026472868799998395 0.11606585480002193 -0.0011901106999998134 -0.013447708600000042 0.0018751495000000951 0.9999071422000043
1712732454.534174 0.06678968939999996 0.0026469503199998455 0.1160705162400336 -0.0011933186999998568 -0.013452194899999981 0.0018581291000000278 0.9999071124000011
1712732454.572301 0.0667962559599999 0.002638410600000043 0.11610979016001238 -0.0012026490999998529 -0.013449824899999996 0.0018276842999999765 0.9999071899
1712732454.609038 0.0668074363600001 0.0026331032000000932 0.11612466543998379 -0.0012119514999998416 -0.013445143400000071 0.0017944699000000063 0.9999072970999805
1712732454.640981 0.06683209568000016 0.0026390520800003967 0.11612282751997098 -0.0012204920999998592 -0.013452121400000117 0.0017921539999999681 0.9999072016999662
1712732454.667763 0.06682394152000018 0.002642552640000062 0.11614132851995691 -0.0012241175999999853 -0.013445183200000165 0.001804145099999932 0.9999072671999784
1712732454.70376 0.06682261572000016 0.002639896560000139 0.1161869279199527 -0.0012263025000001093 -0.013449664100000192 0.0018063648999999237 0.9999071956999842
1712732454.741128 0.0667489925200002 0.0026308674000001275 0.11621829127996533 -0.0012294217000000883 -0.013434166400000258 0.001803567399999917 0.9999074042999837
1712732454.770417 0.06679756132000021 0.0026321965600001815 0.116226029919967 -0.001228165600000075 -0.013447840700000135 0.0018188234999999332 0.9999071896999794
1712732454.804466 0.06679197028000043 0.0026328313199999796 0.11624888491993715 -0.00122668000000008 -0.01345618270000024 0.0018075998999999676 0.9999071002999699
1712732454.838763 0.06678940856000036 0.002636459840000285 0.11626943159993515 -0.0012215650000001687 -0.01346015910000009 0.0018243387000000054 0.9999070227999709
1712732454.871714 0.06677713056000037 0.0026495778400003897 0.11625563067993425 -0.0012114700000001477 -0.013455363400000132 0.0018466656000000192 0.9999070525999741
1712732454.902242 0.06682832100000045 0.002666665120000147 0.11622613547993295 -0.0011991189000001511 -0.013470593500000128 0.001881922799999991 0.9999067902999741
1712732454.934019 0.06679571108000032 0.0026670299599999936 0.11626546595995021 -0.0011929736000000802 -0.013466825200000088 0.0019146206000000277 0.9999067902999741
1712732454.966936 0.06676487300000034 0.002669052679999737 0.11626674779995481 -0.001184549000000068 -0.013456563300000113 0.0019275725000000854 0.9999069094999868
1712732455.011835 0.06674889452000031 0.0026840407999998914 0.11626548667995393 -0.0011736804999999961 -0.01345427180000005 0.0019308866000001146 0.9999069452999947
1712732455.036325 0.06671704256000023 0.0026917380000001144 0.1162708906799753 -0.0011818170999999822 -0.013437938300000063 0.001951378000000048 0.9999071180999863
1712732455.074207 0.06672297296000024 0.0027028761200000415 0.11626462903998344 -0.0011798024999999158 -0.013431020500000024 0.0019545075999999996 0.9999072074999958
1712732455.105787 0.06666236472000008 0.0027029399600003497 0.11626161231995864 -0.00117604939999989 -0.013410140900000122 0.001934293799999942 0.9999075293000033
1712732455.142799 0.06665770159999997 0.0027058757600005377 0.11623668475997419 -0.0011863597999999698 -0.013392202600000047 0.001954431699999937 0.9999077200000102
1712732455.172327 0.06666138500000009 0.002699547200000154 0.11618868295998253 -0.0011920145999999576 -0.013384511100000118 0.0019562836999998724 0.9999078094000197
1712732455.2061 0.06665342208000026 0.002683033080000072 0.11620245055998565 -0.0012015433000000185 -0.01337193180000007 0.0019471678999998688 0.999907988200016
1712732455.235339 0.06661041520000012 0.002666181279999904 0.11620614627999203 -0.001217333500000173 -0.013352514400000005 0.0019413243999998997 0.9999082505000161
1712732455.275792 0.06661876984000002 0.0026529417600001893 0.11620790495998336 -0.0012226831000001325 -0.013357683999999991 0.0019400814999999128 0.9999081790000218
1712732455.310097 0.06662371967999998 0.0026479919200004783 0.11625945407999097 -0.0012226085000001774 -0.013373683499999877 0.0019230737999999191 0.9999080062000303
1712732455.340766 0.06661495063999986 0.002622725280000395 0.11635070691998406 -0.001235185400000205 -0.013384963000000027 0.0019169522999998635 0.9999078512000097
1712732455.372867 0.06667369491999973 0.0026172129200003977 0.11635572955996394 -0.0012312467000000992 -0.01341259069999996 0.0019066141999998897 0.9999075055000048
1712732455.412052 0.06664999207999972 0.002600474800000185 0.11640650251996704 -0.0012325674000001285 -0.01342591990000006 0.0019101291999999326 0.9999073207000038
1712732455.439684 0.06662200803999986 0.0025987066000001135 0.11645228251999469 -0.0012279176000001613 -0.013426813999999964 0.001908084100000007 0.999907314799998
1712732455.474447 0.06661438419999999 0.002580119919999646 0.11653343295999548 -0.001224256700000126 -0.013445463099999878 0.0019016500000000214 0.9999070824
1712732455.505585 0.06668065348000002 0.002606136120000073 0.11653406519999407 -0.0012146266000002015 -0.01347602659999989 0.0019105979000000773 0.9999066710999841
1712732455.541222 0.06670134939999993 0.0026144636000002205 0.11654814471997722 -0.0012152429000002129 -0.013498275699999951 0.0019186755000000666 0.9999063551999825
1712732455.571264 0.06670841464000009 0.0026285330400004623 0.11653706819997296 -0.0012078164000001834 -0.013494607800000048 0.0018876156000001032 0.9999064743999952
1712732455.604471 0.06673189852000014 0.002667873600000163 0.11645861387998138 -0.0011960755000002266 -0.0135023275 0.0018840594000000266 0.9999063909999905
1712732455.637178 0.0667442476400003 0.0026851823599998424 0.11639095663998887 -0.001190261300000195 -0.013499304700000003 0.001874524299999969 0.9999064505999741
1712732455.669382 0.0667644331200005 0.0027043917600001063 0.11630416728 -0.0011790504000002144 -0.013488210199999883 0.0018631769999999826 0.9999066353999752
1712732455.706496 0.06672148616000058 0.0026996505200002473 0.11630988124002214 -0.0011707252000002556 -0.013470282999999838 0.001839700699999991 0.9999069274999783
1712732455.735688 0.06676553688000054 0.0027283449200004384 0.11620602476000384 -0.0011643216000003064 -0.013467117599999768 0.001836820999999933 0.9999069811999789
1712732455.767659 0.0667982529200005 0.002751957880000475 0.11609930388000521 -0.0011647051000002405 -0.013464547199999899 0.0018550967999998668 0.9999069811999789
1712732455.810487 0.0668460760800005 0.0027972722400005524 0.11593068899999252 -0.0011487608000003036 -0.0134557182 0.0018387945999998935 0.9999071479999657
1712732455.83582 0.06681649996000046 0.0028121052400003066 0.11584033524000914 -0.0011478804000002896 -0.013429503400000087 0.0018021377999998477 0.9999075651999647
1712732455.872685 0.06688508932000047 0.0028376490800004458 0.11577355496003747 -0.0011361077000001884 -0.013431727600000087 0.0018046339999998827 0.9999075472999721
1712732455.905097 0.06688915800000039 0.0028541293200002116 0.115724510440059 -0.0011267713000000512 -0.013432756300000116 0.0018115818999998369 0.9999075233999747
1712732455.936223 0.0668639507200005 0.0028355149200004347 0.115793581120065 -0.001133654200000045 -0.013424284900000139 0.0018041861999998688 0.9999076425999874
1712732455.971158 0.06684753796000034 0.0028121951200007797 0.11584415080005328 -0.0011482889000001607 -0.013418389700000154 0.0018246175999999004 0.9999076663999859
1712732456.003334 0.06680547888000027 0.0027826187200007267 0.11594448684005783 -0.0011650712000001561 -0.013421206900000194 0.0018439545999998862 0.9999075709999943
1712732456.034175 0.06674981432000031 0.0027387385200004387 0.11609319484005481 -0.001183142600000231 -0.013421834500000252 0.0018531646999998762 0.9999075232999985
1712732456.07254 0.06664703864000031 0.0026477329200004364 0.11638592532006894 -0.001206725500000161 -0.013419430600000304 0.001839842599999919 0.999907547099997
1712732456.103482 0.06656715016000024 0.0025713436000001618 0.1166434183600404 -0.0012290177000000568 -0.013424585700000158 0.0018210569999999927 0.9999074933999964
1712732456.135527 0.06647156907999992 0.002491023360000426 0.11692535904004216 -0.0012586311999999821 -0.013431131800000173 0.0018295084999999211 0.9999073564000127
1712732456.170253 0.06638578771999995 0.0024054660000005865 0.11720974888002274 -0.001279485999999963 -0.01344679030000009 0.0018402272999999524 0.9999071001000175
1712732456.203722 0.06625098563999987 0.0023337697600006634 0.11743999455999983 -0.0012995277999999998 -0.013435993200000062 0.0018163060000000008 0.9999072611000202
1712732456.23964 0.06617875235999979 0.002236161760000996 0.11776096723999216 -0.0013268722000001176 -0.013460580799999988 0.0018047357000000376 0.9999069154000153
1712732456.270364 0.06614270151999971 0.002187104920000635 0.11791138687996863 -0.0013417116000001173 -0.013472521000000093 0.00181067800000001 0.9999067246000095
1712732456.306805 0.06611100019999991 0.0021689253600005285 0.11803027291998205 -0.0013445377000000035 -0.013478914000000054 0.0018073283999999745 0.9999066412000275
1712732456.338219 0.06611777199999967 0.0021661052000004587 0.11807942187997014 -0.0013424652999999508 -0.013489028500000088 0.0018070386999999855 0.999906510100027
1712732456.374766 0.06614176827999958 0.002185123080000792 0.11802770671996768 -0.0013397599999999343 -0.013493009300000126 0.0018069313999999892 0.9999064624000311
1712732456.405357 0.0661639196399998 0.002217759880000898 0.11794789215997296 -0.0013290601999999651 -0.01349277270000009 0.001806773599999989 0.9999064862000295
1712732456.435443 0.06617347631999969 0.002236756480000963 0.11791440387999046 -0.0013182569000001366 -0.013491497900000126 0.0018071682999999616 0.999906510100027
1712732456.473888 0.06621339339999985 0.0022605676800009885 0.11781608916000096 -0.001305853900000109 -0.013491268500000153 0.0017843892000000139 0.9999065637000285
1712732456.503205 0.0662445137199998 0.0022823850000006727 0.11771131148001586 -0.0013021987000000125 -0.013480036300000187 0.0017820270000000527 0.9999067247000312
1712732456.53682 0.06628398951999975 0.002323698160000447 0.1175625533600396 -0.0012930859000000795 -0.013477420100000082 0.0017971294000000526 0.9999067485000296
1712732456.570923 0.06640729451999981 0.0023845810800004583 0.11735158596004111 -0.00128215650000012 -0.013483034700000118 0.0018218555000000692 0.9999066472000322
1712732456.607652 0.0664516075999996 0.0024243590000005352 0.11719552852006472 -0.0012744664000001293 -0.013476286000000037 0.0018312282000001012 0.999906730700036
1712732456.635795 0.06648280659999961 0.002435852160000493 0.1171071409200431 -0.0012747695000001613 -0.013466817400000154 0.0018246500000000943 0.9999068737000243
