1712732397.035211 0.00816852 -0.00117439 0.039977442 0.001520749 0.018923899 -0.000351145 0.999819696
1712732397.065984 0.008703083 -0.001336038 0.044090852 0.001815655 0.02069452 -0.000366979 0.999784112
1712732397.097425 0.008066283 -0.000348445 0.047865123 0.002911216 0.022408389 -0.000165601 0.999744654
1712732397.131189 0.00938538 -0.001478244 0.052614611 0.002872858 0.022567308 0.00010791 0.999741197
1712732397.162288 0.010092285 -0.000371104 0.057576228 0.00428666 0.023005391 0.000476684 0.999726057
1712732397.193138 0.010078187 -0.000781983 0.06175011 0.003987684 0.023381582 0.000819867 0.999718308
1712732397.233208 0.010456981 -0.000769569 0.065518461 0.003934835 0.023057673 0.001005131 0.999725878
1712732397.261036 0.011449447 -0.001368796 0.069374569 0.003639002 0.022588311 0.00129658 0.999737382
1712732397.29326 0.010710008 -0.002625529 0.071508989 0.003044162 0.022862451 0.001463548 0.999732912
1712732397.329205 0.009877180900000001 -0.0012231466 0.0587303602 0.0031977337 0.0222402183 0.0005816476 0.9997458637000001
1712732397.364914 0.010253996000000001 -0.0012505938000000002 0.06280591690000001 0.0034774967 0.0226490376 0.0007770078 0.9997363508000001
1712732397.399112 0.010777406300000002 -0.0012187418 0.0669569528 0.0037029935 0.022829386200000003 0.0010062142 0.9997316122000001
1712732397.433285 0.011383742700000001 -0.0013169055000000001 0.0710754616 0.0037554278999999994 0.022860891100000003 0.0012482219999999998 0.9997304797
1712732397.469283 0.011828237700000003 -0.0012642946 0.07505799399999999 0.0037305673 0.022928571600000003 0.0014678440999999999 0.9997287331999999
1712732397.496624 0.012290454000000001 -0.0013725804000000001 0.07895239500000001 0.003420923399999999 0.022952326200000005 0.0016253937 0.9997288286
1712732397.532688 0.0126506758 -0.0014069858000000002 0.0826155993 0.003127458899999999 0.023022559100000006 0.0017119664999999998 0.9997277914999998
1712732397.56581 0.012922128799999998 -0.0014367426999999998 0.0862577411 0.002783242599999999 0.02319779900000001 0.0017281382000000002 0.9997243403999999
1712732397.598003 0.0131018992 -0.0014130647999999997 0.08984937019999999 0.0024371849999999993 0.023468972000000008 0.0016993022000000003 0.9997185409
1712732397.628894 0.013444159 -0.0012602476999999997 0.0936226884 0.0020969968999999993 0.023682839100000005 0.0016219351 0.9997139631999998
1712732397.662999 0.0138761329 -0.0012417972999999994 0.09765331829999999 0.0016575131999999998 0.023862721400000005 0.0015459522 0.9997105418999996
1712732397.696206 0.014126156800000001 -0.0012345383999999996 0.1012323447 0.0012474227000000004 0.024096711400000005 0.0014317078 0.9997059284999997
1712732397.733542 0.014143133699999996 -0.0011528140999999994 0.1046827659 0.0008831060000000001 0.024410257500000004 0.0013006007 0.9996993660999998
1712732397.764239 0.0142525982 -0.0009457437999999995 0.10818322970000001 0.0005475292000000007 0.024650726100000003 0.0010882844 0.9996944546999996
1712732397.797307 0.0143941129 -0.0006871444999999997 0.11168235309999999 0.0002939684000000005 0.0248410675 0.0008584386000000003 0.9996904552999999
1712732397.833473 0.014498546900000003 -0.00030940529999999957 0.11507757889999996 0.00019949330000000042 0.025067086299999996 0.0006440461000000001 0.9996852220000001
1712732397.868889 0.0147705366 5.9607800000000334e-05 0.11861475619999995 5.127630000000063e-05 0.02522032629999999 0.0004339579999999999 0.9996815981000001
1712732397.895612 0.0151695357 0.0004670920000000002 0.12212505629999997 -3.618609999999911e-05 0.02526205119999999 0.00027141869999999964 0.9996806205999998
1712732397.929306 0.0154198072 0.0005437570000000003 0.12553929979999995 -0.0002678445999999994 0.025358309099999993 7.882779999999965e-05 0.9996779204999999
1712732397.960226 0.015725822799999997 0.0006301969000000001 0.12873975029999998 -0.0004251945999999993 0.02547545419999999 -8.94647000000002e-05 0.9996747138
1712732397.993973 0.01575851 0.0007935155999999998 0.1314606487 -0.0005653401999999995 0.025761160899999996 -0.00029932910000000023 0.9996670308000002
1712732398.027813 0.015945330299999998 0.0008479752999999999 0.13455492479999995 -0.0008076151999999997 0.026012677799999995 -0.0004762743999999999 0.9996600213000004
1712732398.06512 0.0162045835 0.0008416876 0.13757399019999997 -0.0010073010999999993 0.026200923499999994 -0.0006738581999999998 0.9996548357000006
1712732398.096143 0.0163508821 0.0007111875 0.14048521819999996 -0.0011805168999999998 0.026417029999999998 -0.0008044690999999997 0.9996489646000007
1712732398.133082 0.016563909299999995 0.0005100436000000004 0.14334552739999995 -0.0013209399999999996 0.026629713 -0.0009280637999999999 0.9996432246000004
1712732398.167647 0.016721521499999992 0.00010753550000000035 0.14624005409999996 -0.0015202163999999997 0.0268433429 -0.0010544458999999999 0.9996373058000007
1712732398.202517 0.016865857099999992 -0.0002538496999999997 0.1491903797 -0.0015897887 0.0270730664 -0.0011120143999999998 0.9996310592000004
1712732398.233729 0.01697341959999999 -0.0006895225999999997 0.1521017939 -0.0016664568000000005 0.027354718300000004 -0.0011460702999999998 0.9996234715000007
1712732398.270057 0.017328532399999985 -0.0006581937999999999 0.1550985828 -0.0015087294 0.0275157042 -0.0010925281999999998 0.9996193588000004
1712732398.29558 0.017652276199999983 -0.0006813802999999997 0.15829170050000002 -0.0013928896000000002 0.027676615100000003 -0.0010674844999999998 0.9996151924000006
1712732398.328606 0.01799019489999998 -0.0006924593999999996 0.1614580766 -0.0012941273000000003 0.027767641599999993 -0.0009745078999999999 0.9996128499000008
1712732398.363525 0.018321609199999984 -0.0007128176999999996 0.16469594989999997 -0.0012198356000000005 0.027836367599999988 -0.0008541662 0.9996111333000008
1712732398.396331 0.018656665199999985 -0.0008144053999999997 0.16794560859999996 -0.0011967328000000005 0.027921926899999994 -0.0007132644 0.9996088623000006
1712732398.434532 0.01903973729999998 -0.0008244597999999999 0.1712336943 -0.0011307087000000005 0.0280366914 -0.0005392522000000002 0.9996058046000001
1712732398.47581 0.019419011999999986 -0.0009162342 0.17462901779999998 -0.0011385606000000003 0.028176500300000008 -0.00038057360000000025 0.9996019542000006
1712732398.494957 0.019898240799999984 -0.0008863555000000002 0.17792687729999995 -0.0011171483 0.02827428470000002 -0.00014186640000000018 0.9995992780000001
1712732398.534183 0.020390248299999986 -0.0009335861000000001 0.18120911429999992 -0.0012006063999999996 0.028370539100000026 7.099559999999976e-05 0.9995963991000003
1712732398.568295 0.020949432099999988 -0.0006040500000000001 0.18430745459999986 -0.0013339926999999994 0.02849996610000003 0.0003082144999999998 0.9995923520000005
1712732398.596134 0.02132521009999999 -0.0004777343 0.18758313509999985 -0.0019729365 0.028839085800000032 0.0005272018999999998 0.9995797634000005
1712732398.630455 0.021595341699999993 -0.0005188806000000001 0.19085311299999982 -0.002672725 0.029215888300000027 0.0008176248999999996 0.9995653868000005
1712732398.66156 0.021909919 -0.0005838322 0.19363992959999984 -0.0032210995 0.029444151400000028 0.0011287884999999997 0.9995562971000005
1712732398.697185 0.022259429899999995 -0.0004735712999999999 0.19602748009999987 -0.0035027678 0.02957603080000004 0.0013500358999999995 0.9995514095000004
1712732398.73545 0.022508719999999992 -0.0003205333999999997 0.19795365779999985 -0.0037317977 0.029713987000000032 0.0015602366999999994 0.9995465994000007
1712732398.761778 0.0227181391 -0.00031407029999999984 0.19944947059999985 -0.0039941538 0.029776238500000017 0.0017040538999999993 0.9995440245000011
1712732398.797513 0.022797371199999993 -0.0002459992999999997 0.2004992260999999 -0.0041688712 0.029783860000000016 0.0018632628999999995 0.9995432258000008
1712732398.83221 0.022838172299999994 -0.00021808789999999966 0.20124975729999992 -0.004312191599999999 0.02976278050000001 0.0019095633999999992 0.9995434463000009
1712732398.869332 0.022796066799999994 -0.00017684349999999953 0.20163000369999998 -0.0044256518 0.02975597430000001 0.0019836076 0.9995432436000009
1712732398.901087 0.022663111699999995 -0.00046100209999999956 0.20189668090000001 -0.004514659 0.029696519200000004 0.0020109509 0.9995446622000003
1712732398.935247 0.022537622699999992 -0.0005808371999999999 0.20176431690000002 -0.0041278683 0.0294569681 0.0020180105999999995 0.9995537996000003
1712732398.966852 0.022447309699999994 -0.0005157829999999999 0.2012879819000001 -0.0036953930000000004 0.02915435230000001 0.0019928916 0.9995653748000002
1712732399.001305 0.02240485889999998 -0.00043295450000000005 0.20099757920000014 -0.0034128560999999993 0.02892854770000002 0.0019141852000000002 0.999573642
1712732399.035938 0.022379348399999978 -0.0004731141000000005 0.20077220360000014 -0.0033399735 0.028803721900000002 0.0019113559000000005 0.9995775877999996
1712732399.059822 0.02236911909999998 -0.0005387990000000002 0.20076636090000025 -0.0033311372999999993 0.0287097017 0.0018884867000000007 0.9995804189999994
1712732399.097754 0.02232372549999998 -0.0005104549 0.20083614760000018 -0.0032878090999999996 0.028675019400000012 0.0018597562000000005 0.9995816229999995
1712732399.137335 0.02243474959999998 -0.0005230692000000002 0.20095682910000007 -0.0032550617 0.028650640800000016 0.0018602076000000002 0.9995824156999994
1712732399.160052 0.022426272299999984 -0.00038777400000000045 0.20113001190000004 -0.003188248 0.028710810700000013 0.0018936882999999998 0.9995808124
1712732399.200557 0.02246093189999998 -0.00035216090000000087 0.2013953688 -0.0032413369999999995 0.028728956900000012 0.0019174052999999997 0.9995800614000003
1712732399.232896 0.022469351999999988 -0.0003135501000000006 0.20173840840000007 -0.0031851799 0.0287491516 0.0019517795999999996 0.9995795845000004
1712732399.264507 0.022549175799999977 -0.0003138997000000004 0.2020571234 -0.0031737851999999998 0.028757270700000004 0.0019793138999999993 0.9995793282000001
1712732399.299673 0.022615735999999987 -0.00031668730000000077 0.20252060909999994 -0.0031556539000000008 0.028786825000000005 0.0020018735999999997 0.9995784936999996
1712732399.331569 0.022670851999999984 -0.0003618302000000004 0.20301999019999997 -0.003157638000000001 0.028824970299999995 0.002044765099999999 0.9995772955999996
1712732399.365023 0.022688767300000003 -0.00040149969999999995 0.20364538149999997 -0.0031799059000000005 0.0288512957 0.002077129499999999 0.9995763837000006
1712732399.400319 0.022721959699999995 -0.0004516056000000004 0.2043447317 -0.0031998247000000015 0.028875583700000006 0.0021093480999999983 0.9995755433
1712732399.429482 0.022771131499999986 -0.0005350668000000003 0.2052190245 -0.003230972200000002 0.02891595039999999 0.002160822199999999 0.9995741663999993
1712732399.46186 0.02272534209999999 -0.0005713152999999999 0.20614316620000003 -0.0032778076000000026 0.028977955399999988 0.002191695299999999 0.9995721697000001
1712732399.498346 0.02279159099999999 -0.0006607281999999999 0.20724925710000014 -0.003384275700000003 0.028975708399999987 0.0022114004999999994 0.9995718894999996
1712732399.526501 0.022758008799999986 -0.0006772743999999998 0.20846103740000022 -0.0033750172000000024 0.029000596499999975 0.0021964358999999995 0.9995712278999989
1712732399.564175 0.02278915089999998 -0.0007165609000000003 0.2096803726000001 -0.003464114300000002 0.029027079899999995 0.0021933773999999995 0.9995701728999989
1712732399.595832 0.022861377399999983 -0.0008565573 0.21099712110000013 -0.003552858400000002 0.02905408060000001 0.0021773513999999994 0.999569111999999
1712732399.632181 0.02296352169999998 -0.000943703 0.21229134210000017 -0.003597421100000002 0.02906997119999999 0.0021635427 0.9995685219999999
1712732399.663902 0.023090334699999993 -0.0009761157999999999 0.21368146100000002 -0.0035762716000000026 0.029065808999999998 0.0021323261999999996 0.9995687782999993
1712732399.696812 0.02320678599999999 -0.0009628540999999998 0.21505999419999994 -0.003531306900000003 0.029059999899999987 0.0021126986999999995 0.9995691477999984
1712732399.730325 0.023360952999999983 -0.0009286266999999994 0.21651685689999986 -0.003497331100000002 0.029042631799999996 0.0021299504999999995 0.9995697318999988
1712732399.763056 0.023519898099999992 -0.0009056814999999996 0.21794747269999987 -0.0035199407000000016 0.02902298779999999 0.0021509430999999994 0.9995701669999988
1712732399.801718 0.02369890069999998 -0.0008719461999999997 0.2194938854 -0.0035714275000000005 0.029007137599999976 0.0021939538999999992 0.9995703397999989
1712732399.829586 0.023886017199999988 -0.0007893982999999993 0.2211256622999999 -0.0036121159 0.02898207509999997 0.0022648133 0.9995707510999992
1712732399.872842 0.024086236599999998 -0.0007550084999999991 0.2228061689999999 -0.0036715759 0.028965345399999974 0.0023210705 0.9995708882000003
1712732399.899581 0.024319198999999993 -0.0006949989999999989 0.22459336959999998 -0.0036642515 0.028909338299999955 0.0024157240999999998 0.9995722830000006
1712732399.933113 0.024512669199999993 -0.0005827561999999994 0.22640494249999996 -0.003693714200000001 0.02887207529999993 0.002534343 0.9995729386000007
1712732399.968318 0.024632331799999997 -0.0005115119999999993 0.22835501569999989 -0.0037572808 0.02888352079999996 0.0026407190999999997 0.9995720802999998
1712732399.999226 0.02475121899999999 -0.0004707270999999999 0.23041711290000003 -0.003879600999999999 0.028912213299999934 0.0027455785999999996 0.9995705068000007
1712732400.030303 0.02490962619999999 -0.0004799840999999999 0.2325566619 -0.0040330273 0.028945584099999967 0.0028406587999999997 0.9995686591000009
1712732400.068916 0.02510623489999999 -0.00047159520000000023 0.2347338035 -0.004172254700000001 0.028975876499999977 0.0029042783000000003 0.9995670319000013
1712732400.098173 0.02527689839999998 -0.00039385870000000004 0.23708754019999995 -0.004265518500000001 0.029017379899999973 0.0029300599999999995 0.9995653690000011
1712732400.134775 0.025429934799999998 -0.00035516530000000016 0.2394760398999999 -0.004363426600000002 0.029050768199999986 0.0029416759000000002 0.9995639445000009
1712732400.171322 0.0255214434 -0.0004168252000000004 0.2419040365999999 -0.004434571500000001 0.029121319100000022 0.0029228914999999992 0.9995616497
1712732400.199849 0.025705764799999996 -0.0004072563000000008 0.2443047001 -0.0044140495 0.0291298029 0.0029134332 0.9995615065999999
1712732400.228305 0.025834019200000013 -0.0003933115000000008 0.24669447380000004 -0.004441864100000001 0.029175442000000017 0.0028333429999999995 0.9995603025999997
1712732400.263393 0.025942657400000013 -0.0004879434000000002 0.24911100410000026 -0.0044622571 0.02920959980000002 0.002721398199999998 0.9995595218000005
1712732400.298995 0.026114101600000005 -0.0005091190000000003 0.25154770460000025 -0.004402307499999999 0.029202904600000013 0.0026099785999999974 0.9995602370000014
1712732400.335439 0.02627487770000001 -0.0005432166000000002 0.2539609730000002 -0.004330477399999999 0.02915611850000004 0.002527897099999998 0.999562108500001
1712732400.366903 0.026455939400000017 -0.0005983689000000007 0.25634603940000034 -0.004213367899999998 0.02905113090000002 0.0024339773999999996 0.9995658695000017
1712732400.396981 0.026649309200000016 -0.0006185022000000006 0.2587152048000002 -0.004040474299999997 0.02893176930000001 0.002336403899999999 0.9995702147000017
1712732400.431696 0.0268564872 -0.0005724319000000005 0.2608984559000003 -0.003935474699999997 0.028825394800000036 0.0022784461000000004 0.999573850500002
1712732400.467306 0.027075586799999975 -0.0004756466000000008 0.26306503410000026 -0.003951532899999996 0.028759387700000038 0.0021985799 0.9995758770000023
1712732400.498358 0.027320065999999987 -0.0003996799000000009 0.2650386154000003 -0.004163984399999998 0.028674898800000025 0.0021266401000000004 0.9995773075000031
1712732400.527982 0.02751250949999997 -0.0004554044000000007 0.26684460640000013 -0.004303871700000001 0.028632698500000053 0.0021000656999999993 0.9995779453000025
1712732400.564945 0.02772794439999997 -0.00042235240000000065 0.26821528380000004 -0.0043091926 0.028562693900000057 0.0020819450999999987 0.999579977800002
1712732400.601897 0.027914564099999973 -0.0003815186000000012 0.2693115949999999 -0.0043121993 0.028515827100000068 0.0020840403000000006 0.9995813189000018
1712732400.632013 0.02803041709999996 -0.00037216000000000126 0.26994294829999993 -0.0043075859999999995 0.028500936300000078 0.002108670500000001 0.9995817183000014
1712732400.67816 0.028143912199999944 -0.00038749130000000076 0.27037886980000003 -0.004270584899999999 0.02850433730000006 0.0020886398 0.9995817958000017
1712732400.700205 0.02823846159999994 -0.0002600519000000003 0.2705244928999999 -0.0041405309 0.028546543500000077 0.0020930592999999996 0.9995809852000008
1712732400.730968 0.028254257399999937 -0.00018722270000000042 0.2704765231 -0.0041773339999999996 0.02860986990000005 0.0020981215 0.9995790659000008
1712732400.764192 0.028268441399999976 -0.00025356990000000094 0.2704268604999999 -0.004199821199999998 0.028644756100000057 0.002095498899999998 0.9995779990000002
1712732400.801357 0.028275552800000003 -0.0003564629000000007 0.27020977739999985 -0.004106937699999999 0.02863192450000005 0.0020845806999999993 0.9995788036999997
1712732400.837344 0.02828948539999998 -0.0003851475000000007 0.2699174464999999 -0.0038470752999999968 0.02861003120000003 0.0021198972999999983 0.9995807348999989
1712732400.872499 0.028315023700000008 -0.00030087670000000094 0.26955927919999995 -0.003724297199999993 0.028581369800000013 0.0021228638999999994 0.9995821236999987
1712732400.903349 0.028310768100000015 -0.0003331073000000011 0.2694547773 -0.003717314499999991 0.028573631099999997 0.002128650800000001 0.9995823621
1712732400.935611 0.028355963500000005 -0.0002822494000000009 0.2693675160999998 -0.003658395399999992 0.028531710399999976 0.00214558 0.9995837627999989
1712732400.964009 0.028353821600000016 -0.0002613622000000003 0.2694716483999997 -0.0036727951999999953 0.028506691599999946 0.0021394549000000014 0.9995844481999996
1712732401.001795 0.028351720100000043 -0.0001954428000000008 0.2695125341999997 -0.003702070299999996 0.028501701799999956 0.0021168993000000025 0.999584531699999
1712732401.033839 0.02833560820000005 -0.00021225090000000086 0.2696166008999999 -0.0038303756999999968 0.02851596469999995 0.0020867332000000017 0.9995837985999998
1712732401.064307 0.02828747590000007 -0.0002552040000000005 0.2697072029000001 -0.003859718599999998 0.028545363499999966 0.002072892300000001 0.9995828747999994
1712732401.099032 0.028266293300000057 -0.00022761030000000015 0.26965289120000013 -0.0038416813999999967 0.028554080499999968 0.0020819345000000016 0.9995826722000004
1712732401.133312 0.02825338390000005 -0.00021421690000000062 0.2696223199000002 -0.003817287099999997 0.02858032589999997 0.0021004099999999996 0.9995819808000007
1712732401.175529 0.02823025080000008 -0.0002250032000000006 0.26952058670000023 -0.0037849476999999992 0.028615958499999962 0.002093969700000001 0.9995810987000013
1712732401.20228 0.02819314120000005 -0.00025108149999999996 0.2694475144000002 -0.0037589316000000038 0.028654444399999958 0.002068777299999999 0.9995801510000021
1712732401.231364 0.028143501700000018 -0.0002688675999999994 0.2693971127000001 -0.0037421477000000036 0.028702181199999944 0.0020687539999999977 0.9995788457000018
1712732401.283615 0.028080235700000022 -0.000272866699999999 0.26937169730000043 -0.003739625000000002 0.028749116899999948 0.0020551232999999973 0.9995775404000028
1712732401.307133 0.028088937800000036 -0.00028257829999999985 0.2692981958000004 -0.0037377873999999978 0.02876708689999998 0.0020597725999999955 0.9995770159000031
1712732401.334241 0.02810992170000004 -0.0002739198999999998 0.2692591637000003 -0.0037330739999999973 0.028771373899999998 0.0020762761999999963 0.9995768788000035
1712732401.371637 0.028074153000000025 -0.00027350430000000063 0.26928005520000015 -0.003735389799999994 0.028779513099999977 0.0020782988999999974 0.9995766344000032
1712732401.404261 0.028094420100000007 -0.0002815098000000002 0.26928836710000004 -0.0037363239999999966 0.028770089099999962 0.0020780081999999976 0.9995769026000033
1712732401.434574 0.028096407999999996 -0.00029273250000000085 0.26935749059999986 -0.0037120478999999986 0.02880409279999996 0.002076219999999998 0.9995760085000029
1712732401.465512 0.028101470799999983 -0.00024485540000000056 0.2693505436999999 -0.003688497999999996 0.028804719399999935 0.0021067717999999984 0.9995760085000015
1712732401.504831 0.028112970599999974 -0.0002362576000000005 0.2694398046 -0.003684400599999993 0.02879633539999995 0.002106823299999999 0.9995762648000011
1712732401.532592 0.028132575299999997 -0.00025637260000000025 0.26960082949999986 -0.003666102199999993 0.028812116499999974 0.0021254664000000005 0.9995758355999996
1712732401.567037 0.02813105760000001 -0.00024221710000000006 0.2697315782999997 -0.003649521999999994 0.028847791199999983 0.0021034177000000013 0.9995749056999983
1712732401.605381 0.028107562500000016 -0.00020528540000000066 0.2699173033999994 -0.0035817567999999965 0.02889888359999997 0.0021099675000000014 0.999573642099999
1712732401.634817 0.028106304699999994 -0.00024147370000000002 0.27016317849999966 -0.003577403000000001 0.02892965989999996 0.0020749690000000016 0.9995728373999981
1712732401.671045 0.028087460099999982 -0.0002660675000000001 0.2704308391999998 -0.0035776845 0.028981019799999962 0.0020515842000000005 0.9995713889999991
1712732401.69855 0.028110153399999983 -0.00029517189999999917 0.27077761 -0.0035223048000000033 0.029041503599999973 0.002071000000000001 0.9995697796999992
1712732401.737505 0.028151558500000017 -0.0002995042000000003 0.27117839759999995 -0.0034710057000000016 0.02908227339999998 0.002061892600000001 0.9995687903000003
1712732401.773052 0.028217680300000002 -0.00034031159999999976 0.2716362656000001 -0.0034278803000000026 0.029113593199999954 0.0020257270999999993 0.9995680870000001
1712732401.804695 0.028319898200000006 -0.0004357105 0.272272581 -0.0034169585000000057 0.029150149700000006 0.0019745272000000007 0.9995671750000014
1712732401.831416 0.02835809619999998 -0.0004693370000000002 0.27303047189999996 -0.003392513900000005 0.029225433899999986 0.0019229075000000012 0.9995651723000009
1712732401.86293 0.028423120599999983 -0.00046290180000000124 0.273788485 -0.003399365000000004 0.029268072499999985 0.0018681309000000007 0.999564004100003
1712732401.9036 0.028518978699999975 -0.0005379301000000017 0.27472373250000004 -0.0034338258000000065 0.029291960900000014 0.001830464200000001 0.999563247100005
1712732401.932134 0.02862968509999999 -0.0006615176000000014 0.2757708281000003 -0.003523124600000005 0.029319092900000055 0.0017277415000000018 0.9995623053000031
1712732401.965776 0.028803704200000002 -0.0006175367000000014 0.27690014240000027 -0.003481078500000001 0.029345225300000034 0.0016607918000000027 0.999561792700004
1712732401.999611 0.028909162300000003 -0.0006095582000000016 0.2782170176000001 -0.0035028813000000047 0.029380600600000008 0.0015877252000000008 0.9995607794000023
1712732402.034497 0.0289986093 -0.0006050291000000013 0.2796270311000001 -0.0036145690000000006 0.029390565000000014 0.0014580233999999998 0.9995602727000034
1712732402.070394 0.029054400199999986 -0.000564094100000001 0.2811270267000001 -0.003723570300000001 0.029420987399999987 0.0013419124000000004 0.999559122300002
1712732402.103869 0.029108940299999997 -0.0004971370000000017 0.2827972173999999 -0.0038764385999999983 0.02943131339999998 0.001232277100000001 0.9995583832000022
1712732402.135931 0.029111801900000022 -0.00037648250000000134 0.28450658619999986 -0.003985129299999996 0.029463470299999982 0.0011357422000000006 0.9995571435000017
1712732402.170089 0.02911566350000001 -0.00034099570000000053 0.28626096849999955 -0.004098669599999999 0.029470773700000043 0.0010237479999999992 0.9995565951000032
1712732402.20384 0.029130614399999998 -0.00029552899999999994 0.2881166637999993 -0.004197905999999996 0.029482027000000067 0.0009136720999999987 0.9995559633000027
1712732402.233418 0.029153408500000033 -0.0002528293000000001 0.29000587769999947 -0.004317496899999995 0.029494668200000084 0.0007824871999999982 0.9995551766000006
1712732402.276639 0.029201108200000013 -0.00017432389999999938 0.29199480129999955 -0.004436237999999998 0.029487984300000037 0.0006896422999999984 0.9995548905000021
1712732402.29983 0.02917181769999999 -0.00018466439999999945 0.29409515579999945 -0.0046222539999999975 0.02949223220000006 0.0006064989999999993 0.9995540263000009
1712732402.338904 0.029258081099999965 -0.0001407947999999992 0.2961711109999996 -0.004727395499999998 0.029453802900000083 0.0005517631999999995 0.9995547296000012
1712732402.365599 0.029335280899999948 -0.00010650199999999999 0.29827053559999966 -0.0048199103999999994 0.029435431800000078 0.0005155060999999988 0.9995548547999988
1712732402.404685 0.029381410999999958 -0.00016554989999999908 0.3003842503999998 -0.004929703399999996 0.029429086800000094 0.0004479212999999982 0.9995545328999981
1712732402.436713 0.02946672889999995 -0.00023956979999999878 0.3024858355999999 -0.005006649899999998 0.029415818800000083 0.00035815089999999825 0.9995545685999986
1712732402.469342 0.029504932099999916 -0.0002978818999999994 0.30463519700000036 -0.005020535799999998 0.029435131200000075 0.000229565499999998 0.9995539664999995
1712732402.501905 0.029569304699999945 -0.00037096489999999954 0.30680549750000025 -0.005054880899999998 0.029466173900000038 0.00010879809999999878 0.9995528697999987
1712732402.532762 0.02970571789999994 -0.00044240119999999913 0.30900568670000084 -0.005049715900000001 0.029449162900000037 1.2534399999999946e-05 0.999553394299997
1712732402.565323 0.02982509239999991 -0.0005184518999999984 0.31124776310000046 -0.005005821399999999 0.029426929300000015 -7.77303000000007e-05 0.999554240599997
1712732402.597214 0.02996602069999992 -0.0006340234999999986 0.3134635270000004 -0.004945677299999995 0.029401727100000042 -0.00017402750000000133 0.9995552538999959
1712732402.633231 0.030098658199999927 -0.0007958150999999983 0.3156951159000002 -0.004907318799999999 0.029368025400000074 -0.00030734270000000176 0.9995563862999972
1712732402.668151 0.030128319099999957 -0.0008960106999999981 0.3181441366999998 -0.004835707299999997 0.02934865570000005 -0.0004386358000000007 0.9995572565999964
1712732402.705684 0.030210503699999957 -0.0009755390999999974 0.32065636819999954 -0.004670376700000001 0.029285979000000052 -0.0005918077999999994 0.9995597539999977
1712732402.733938 0.030285145399999935 -0.0010077345999999986 0.32327499689999967 -0.004454010200000002 0.029237793700000035 -0.0007081902000000001 0.9995620368999993
1712732402.765524 0.030398659299999985 -0.0009825060999999983 0.3259424955 -0.004222681300000003 0.029181037400000064 -0.0007393443 0.9995646296999979
1712732402.800607 0.030591023099999993 -0.001120815399999997 0.32866702079999965 -0.004065503200000003 0.029076665400000045 -0.000779016099999999 0.9995682536999965
1712732402.83475 0.030824967999999987 -0.0011759812999999966 0.3313691169000002 -0.0038471330000000026 0.02893883430000006 -0.0007485047999999994 0.9995731113999966
1712732402.865653 0.03101229929999998 -0.0012039064999999974 0.3342069029999998 -0.0036398280999999978 0.02883275059999999 -0.0007488926000000007 0.9995769200999973
1712732402.897509 0.031203191899999982 -0.0012399172999999985 0.33706302049999975 -0.003419936600000001 0.028740656399999943 -0.0007534350999999995 0.9995803592999977
1712732402.93185 0.031417550500000016 -0.0011732472999999993 0.33991641699999986 -0.003142754600000003 0.028647834999999944 -0.0007474864999999997 0.9995839176999993
1712732402.96419 0.0316014988 -0.0011182891 0.3428239107000003 -0.0028447763999999987 0.02858942589999991 -0.0007467811999999991 0.9995865999999978
1712732403.008483 0.03185049800000002 -0.0012333738999999997 0.34557780920000025 -0.0026003158999999996 0.028538320899999903 -0.000783440199999999 0.9995887695999983
1712732403.035536 0.03204974140000001 -0.0013073227000000008 0.34835917350000045 -0.002380291299999998 0.028516767899999886 -0.0007996950000000002 0.9995899020999985
1712732403.069496 0.032302136400000056 -0.0014166635999999996 0.3511545867000002 -0.0021716597000000005 0.028464832499999915 -0.0008397376999999984 0.9995918034999989
1712732403.102868 0.03244551050000002 -0.0015721994000000004 0.3538904369000001 -0.001953877700000001 0.028436969399999956 -0.0009331087999999987 0.9995929181000008
1712732403.139214 0.032617068299999996 -0.001613892900000001 0.3566559732000002 -0.0017129913000000052 0.028395759899999984 -0.0009440897000000004 0.9995945334000027
1712732403.164741 0.032759812900000004 -0.0017253964000000011 0.35949442380000035 -0.001514490600000007 0.028400250599999934 -0.0009957343000000008 0.9995947123000036
1712732403.203717 0.03297903949999999 -0.0017926205000000014 0.36233548210000066 -0.001309280500000004 0.02838425170000001 -0.0009978772999999995 0.9995954812000036
1712732403.23124 0.03326405220000002 -0.001766353000000001 0.36526376890000095 -0.0010879555000000041 0.02835353420000004 -0.0009523063999999998 0.9995966674000044
1712732403.264299 0.03353843319999994 -0.0017973664000000013 0.3682827323000005 -0.001006465299999998 0.02831983790000008 -0.0008640232999999997 0.9995977462000042
1712732403.302425 0.03386661039999996 -0.0017878892000000007 0.3714211076000005 -0.0009485750999999986 0.028274648500000055 -0.0007102516000000003 0.9995991528000048
1712732403.332641 0.03423348109999998 -0.0016323626000000007 0.37461913220000087 -0.0008741496999999987 0.028199183800000062 -0.00048597150000000144 0.999601393900005
1712732403.372045 0.03458358419999996 -0.0011421153000000003 0.3776135771000007 -0.001028918599999995 0.02809761090000009 -0.00036785690000000205 0.9996039748000044
1712732403.401333 0.035162404499999945 -0.0010882370000000001 0.38074526470000053 -0.0014948236999999976 0.027933052700000082 1.3925599999997651e-05 0.999606746400002
1712732403.436925 0.035884048799999936 -0.0013903271999999994 0.3837188570000002 -0.0017222165999999984 0.027796458400000022 0.0004927316999999987 0.9996096492000021
1712732403.469789 0.03618127329999998 -0.0011977848999999998 0.38594892010000026 -0.0017525114999999924 0.02781628119999997 0.0006179151999999993 0.9996090949000006
1712732403.499397 0.03656682629999999 -0.0011394124000000006 0.3880178391000001 -0.0018705916999999905 0.027735531999999986 0.0008746945000000006 0.9996111154999994
1712732403.53446 0.03684524180000004 -0.0010599223000000006 0.3896359830999998 -0.0018563010999999908 0.027636923399999968 0.0010551599999999994 0.9996137798999996
1712732403.570079 0.037062540199999994 -0.0010267489000000004 0.3909701675000001 -0.0019531884999999917 0.027552883699999954 0.0011888279000000002 0.9996159732999985
1712732403.600995 0.037219391000000004 -0.0010045071000000002 0.39194864630000054 -0.0019276935999999912 0.027528291499999913 0.0012967171999999998 0.9996166050999961
1712732403.634544 0.037338387199999976 -0.0009162950000000003 0.3924854904 -0.0018873973999999905 0.0274698997999999 0.0013636329000000003 0.9996182084999958
1712732403.664584 0.03739638549999995 -0.0009707516000000013 0.3927691250999999 -0.001889692799999987 0.02743627119999994 0.0013811168000000013 0.9996191144999955
1712732403.698736 0.03748408329999995 -0.0013982777000000016 0.3928984165999999 -0.0017093525999999915 0.027428822699999956 0.0015082732000000014 0.9996195912999951
1712732403.734248 0.03736337909999996 -0.0013144960000000025 0.3926388711999998 -0.00123055809999999 0.027475432499999997 0.0014149036000000003 0.9996201455999966
1712732403.764901 0.03710654899999995 -0.0008816656000000034 0.39228937339999986 -0.0010184350999999925 0.027495847600000012 0.0012239476999999998 0.9996204673999955
1712732403.802134 0.037216290799999906 -0.000962272600000004 0.39238689849999986 -0.0010109003999999922 0.027385042399999993 0.0013221114000000005 0.9996234773999959
1712732403.836475 0.037275725199999866 -0.0008945586000000047 0.39234915979999985 -0.0009235463999999971 0.027338285100000005 0.0012969273000000003 0.9996249197999958
1712732403.865505 0.037301002399999825 -0.0009099705000000041 0.3924122095999998 -0.0009866700000000007 0.02735119509999997 0.0012940002000000005 0.9996245263999952
1712732403.903592 0.037296018299999824 -0.0008766235000000053 0.39245605779999976 -0.0009610624999999984 0.027364421899999946 0.0013077848000000003 0.9996241806999961
1712732403.937127 0.03730532809999989 -0.000860386100000006 0.39250386959999944 -0.000981415699999999 0.02732090979999997 0.0013252178000000003 0.9996253370999966
1712732403.96532 0.03729644519999988 -0.0009156599000000057 0.3925293476 -0.0009945704000000055 0.027311835700000044 0.0013323754999999993 0.9996255635999972
1712732403.997132 0.037342794499999866 -0.0008951491000000061 0.3925286562000004 -0.0009759563000000026 0.027292608399999984 0.0013413390999999996 0.9996260940999975
1712732404.033502 0.03737765059999987 -0.0008511010000000055 0.39256010660000057 -0.0009474736000000039 0.027283209499999916 0.0013436926000000016 0.9996263742999986
1712732404.069259 0.0373785557999998 -0.0008501734000000039 0.392550665200001 -0.000926084100000002 0.02727625189999987 0.0013552563000000044 0.9996265649999998
1712732404.10553 0.037413414099999806 -0.0008614327000000032 0.3925886453000011 -0.0009137247999999931 0.02726572049999989 0.0013744608000000075 0.9996268391999991
1712732404.132866 0.03741789269999982 -0.0008399051000000018 0.3925368191000011 -0.0008957105999999992 0.02725491989999993 0.0013931475000000082 0.9996271192999984
1712732404.165303 0.037412321499999825 -0.0008187327000000022 0.39250338390000084 -0.0008825013999999909 0.027252350599999975 0.0014074429000000082 0.9996271848999981
1712732404.205247 0.0374270307999998 -0.0008032948000000012 0.392525434600001 -0.0008600562999999895 0.027244555299999983 0.0014481263000000078 0.9996273576999982
1712732404.233001 0.03745564739999985 -0.000772566999999999 0.39244781440000054 -0.0007976159999999899 0.027275192699999985 0.0014645885000000053 0.9996265351999994
1712732404.264627 0.037465335399999855 -0.0007428027999999975 0.39246816340000024 -0.0007894004999999926 0.0273292541 0.001511481600000006 0.9996249734999992
1712732404.301565 0.03756833999999989 -0.0007388679999999981 0.39260073009999985 -0.0007269056999999913 0.027361586099999967 0.0015808644000000066 0.9996240197999982
1712732404.336203 0.03754088499999995 -0.0007056131999999965 0.3926165788999995 -0.0006729757999999975 0.027458130900000023 0.001591384300000004 0.999621367399999
1712732404.369695 0.037628982099999944 -0.0007962601999999958 0.3927663444999993 -0.0006362450999999991 0.02755545090000009 0.0016414780000000046 0.9996186135999977
1712732404.402401 0.03770837029999994 -0.0008045182999999983 0.39299940459999905 -0.0005734965000000036 0.027698232700000068 0.0017096256000000032 0.9996145306999977
1712732404.43096 0.037791738199999966 -0.0008428329999999983 0.39326727979999915 -0.0005380163000000104 0.027822319900000014 0.0017619068000000015 0.9996109961999992
1712732404.467484 0.03783519220000002 -0.0009440033999999986 0.3936304597999992 -0.0004834876000000099 0.02797933720000003 0.001793895299999998 0.9996065735999992
1712732404.500985 0.03787939880000009 -0.0009665013999999971 0.3939727125999994 -0.0004068382000000148 0.028134574300000013 0.0018315341999999956 0.9996022105000009
1712732404.536399 0.03791177610000016 -0.0010685211999999973 0.3943328169999994 -0.00034320000000002124 0.028294112599999987 0.0018524090999999965 0.9995977402000022
1712732404.563545 0.037970206200000155 -0.001179795699999997 0.39483576399999976 -0.00029554300000002033 0.02842056209999999 0.0019129196999999986 0.9995940566000001
1712732404.598599 0.03804764090000008 -0.0013369183999999978 0.3953383324999997 -0.00018637300000001744 0.02856012269999999 0.0019447390000000009 0.9995900392999999
1712732404.631437 0.03805375040000003 -0.0014261140999999977 0.39583366499999995 -0.00011490790000001638 0.028720754300000005 0.001973375900000002 0.9995854021000014
1712732404.666407 0.03820502059999997 -0.001551203399999998 0.39650277189999983 1.0116099999979422e-05 0.028820022499999976 0.0020331753000000065 0.9995824219000013
1712732404.703887 0.038171997800000045 -0.0016235297999999982 0.3971787421999998 9.044999999998637e-05 0.02894072139999997 0.002063999900000002 0.9995788814000008
1712732404.735763 0.038262988400000086 -0.0017052284999999972 0.3980064986999999 0.0001731050999999928 0.02899179270000003 0.002097611300000002 0.9995773079000003
1712732404.769102 0.038303581000000086 -0.0017861643999999982 0.3988751588999996 0.00025770469999999437 0.02908367310000006 0.002110507500000003 0.9995746257000008
1712732404.802105 0.03840877800000007 -0.0017882791999999982 0.39983905539999964 0.0003134054999999969 0.02916177100000006 0.002113078500000004 0.9995723369000018
1712732404.833436 0.03849628990000005 -0.0018774752999999977 0.4009638188999993 0.0003497380999999966 0.029276972100000086 0.002112909900000004 0.9995689573000022
1712732404.869606 0.03861794889999999 -0.0018943194999999995 0.40219900899999955 0.00041552609999999656 0.029391126200000083 0.0021328893000000016 0.9995655479000021
1712732404.900656 0.03870142439999995 -0.0019466959000000005 0.4034824370999992 0.00044815229999999316 0.029500716300000108 0.0021022431000000006 0.9995623591000026
1712732404.93245 0.03879482369999998 -0.001909491799999999 0.4048922210999997 0.00044651469999998914 0.029592061900000032 0.0020257254 0.9995597901000053
1712732404.964687 0.03896607570000006 -0.0018999508999999997 0.40643029809999975 0.00040446259999998846 0.029656814099999984 0.0019218355999999991 0.999558055600005
1712732405.000764 0.03905097170000005 -0.0019135712999999999 0.4080700456999999 0.0002805580999999946 0.029766251000000032 0.0018630866999999995 0.9995549382000035
1712732405.035196 0.039220898200000055 -0.0018769400000000019 0.40979581469999926 0.00018916069999999063 0.029853530599999976 0.001761042700000004 0.9995524885000038
1712732405.06983 0.0392900075 -0.001920777800000001 0.4114592760999997 5.890579999998646e-05 0.029981269499999998 0.0015740147000000038 0.9995489718000016
1712732405.10319 0.0394527654 -0.0019267230999999996 0.41342672409999964 -2.014810000001699e-05 0.03007136250000002 0.0014711581000000028 0.9995464623999993
1712732405.135597 0.03961041969999997 -0.0020021382000000006 0.4154334515999999 -7.697360000001874e-05 0.030137469800000004 0.001379702100000002 0.9995446264999999
1712732405.167053 0.03978256239999993 -0.002090130400000001 0.4174689800000003 -0.00014139740000002066 0.0301621763 0.001299449500000005 0.9995440006999985
1712732405.202201 0.03998973249999995 -0.0020743921999999996 0.41962724329999973 -0.00019358780000001686 0.030154003500000037 0.00119900730000001 0.9995444178999975
1712732405.232404 0.040190022399999935 -0.002081396499999999 0.4218567044000004 -0.00023410060000000898 0.030125451900000044 0.001122332400000009 0.9995453893999979
1712732405.26612 0.040374064099999975 -0.0020946658000000006 0.4241512061000002 -0.00021846350000001013 0.03008772620000011 0.0010467804000000081 0.9995465993999971
1712732405.297263 0.04051197619999991 -0.002132215700000001 0.42651850290000015 -0.0001516546000000063 0.03007162100000018 0.001027748200000006 0.9995470821999959
1712732405.33088 0.04067993129999996 -0.002127859700000001 0.42889190920000003 4.7883499999989974e-05 0.030046572000000094 0.0009754987000000048 0.9995477676999969
1712732405.367156 0.04088130639999994 -0.0020967566999999993 0.4312959463000013 0.0002761688999999956 0.03000255170000008 0.0009714601000000045 0.9995489537999986
1712732405.400648 0.041087333599999984 -0.002110911800000001 0.4338138074000014 0.00046043070000000296 0.02996371730000007 0.0009967876000000042 0.9995500623999988
1712732405.432981 0.04122589659999996 -0.002108227700000001 0.43617230660000106 0.0006145867000000082 0.02995808310000001 0.0009543490000000043 0.9995502232999997
1712732405.467128 0.041403107099999926 -0.0021210656999999995 0.4386401713000012 0.0007049207000000112 0.029948170900000015 0.0009771330000000078 0.9995504676999986
1712732405.5072 0.04156878079999995 -0.0021303201999999994 0.4412232638000006 0.0007968671000000094 0.02995105950000001 0.0009782896000000041 0.9995503782999975
1712732405.532396 0.04174487599999992 -0.0021728441999999985 0.44376971730000037 0.0009248859000000054 0.029944696799999983 0.001000927300000004 0.9995504617999984
1712732405.567638 0.04190196289999992 -0.002203359299999999 0.44643655120000003 0.0010204190000000057 0.029956886699999963 0.001042624100000006 0.9995499908999961
1712732405.599477 0.042127249799999864 -0.002320260299999999 0.44917937809999986 0.0010857319000000087 0.0299426937999999 0.0011028405000000074 0.9995503007999957
1712732405.634828 0.042374791599999906 -0.002422406999999999 0.4518964678000003 0.0011501031000000106 0.029909282799999826 0.0011774343000000077 0.9995511292999965
1712732405.666811 0.04261207439999985 -0.0025566056999999976 0.45478538269999974 0.0011523867000000187 0.029842805199999843 0.0012950432000000066 0.9995529233999975
1712732405.699737 0.04283868939999982 -0.0027165016999999986 0.4577382623999995 0.001193493000000012 0.029770382399999917 0.0014187388000000078 0.9995547770999991
1712732405.732826 0.043161689599999775 -0.002792562599999998 0.46072845459999884 0.001325689200000002 0.029636934499999868 0.0016299399000000048 0.9995580434999993
1712732405.765109 0.04349038349999983 -0.003005509299999998 0.4637243508999987 0.001507978200000004 0.029479806599999936 0.0018429900000000055 0.9995618879999995
1712732405.803709 0.04381082739999984 -0.003050035499999998 0.4667667269999981 0.001795979000000003 0.029328227099999892 0.0020097115000000053 0.9995653748999984
1712732405.838203 0.04423388099999981 -0.0030526654999999984 0.4698384403999981 0.0020745678000000044 0.029156273099999817 0.00223865290000001 0.9995693564000021
1712732405.876253 0.04458869039999982 -0.0031890878999999983 0.4729654072999992 0.002221166600000013 0.02903908859999982 0.002513977300000009 0.9995717525000032
1712732405.909202 0.04500597099999988 -0.0033365228999999996 0.47613603169999974 0.002397025500000005 0.02891461059999987 0.0027981067000000083 0.9995742738000046
1712732405.9385 0.045333826299999914 -0.003390971199999998 0.4793502747000005 0.0025742330000000035 0.028852834599999877 0.0031047267000000045 0.9995748699000047
1712732405.967337 0.04566689589999991 -0.0034743685999999996 0.4826613722999994 0.0027382986 0.02878596549999992 0.0033860742000000055 0.999575585100007
1712732406.005 0.04604692609999992 -0.0034260455000000023 0.48595311330000046 0.002882588899999994 0.028702253899999964 0.003634972200000003 0.9995768249000037
1712732406.034169 0.04645424889999994 -0.003415470500000001 0.48932651270000066 0.002892702099999994 0.0286319140999999 0.0038838806000000003 0.9995779513999992
1712732406.068556 0.046748179499999945 -0.003358724200000002 0.4927811263000009 0.0028088526000000003 0.02863564789999993 0.004054811200000003 0.9995773612999983
1712732406.09782 0.04715730649999994 -0.003138282200000003 0.49640239160000166 0.002576023599999999 0.02861718189999989 0.004267167300000002 0.9995774506999965
1712732406.134412 0.047602394899999914 -0.0030128706000000062 0.5001802502000018 0.002170655399999999 0.02861942639999988 0.0044519217 0.999577325499996
1712732406.170582 0.04794974619999985 -0.0028976392000000075 0.5040020166000019 0.001724693100000002 0.02866945929999991 0.004547269899999995 0.9995760022999945
1712732406.2053 0.04823397389999986 -0.0027192476000000077 0.508019095500002 0.0012891983999999967 0.028737820999999907 0.004546670999999997 0.999574255899995
1712732406.232948 0.04840510139999976 -0.0024876787000000095 0.5120314835000016 0.0008470686999999977 0.02881138449999989 0.004482231499999994 0.9995726226999977
1712732406.266369 0.04870487439999982 -0.002356464300000011 0.5161073892000004 0.0003654452999999946 0.028816669599999935 0.004410756499999996 0.9995729444999994
1712732406.30194 0.04894000769999973 -0.002131769700000008 0.5201917766000008 -0.00012055730000000153 0.02886642439999996 0.004288170799999996 0.9995721994999996
1712732406.336812 0.049277960899999765 -0.0019772778000000046 0.5243952691000004 -0.000667643200000001 0.028910861699999922 0.004173496399999999 0.9995715915000005
1712732406.367293 0.049549854999999796 -0.0018009849000000077 0.5286652802999996 -0.0011863435000000033 0.028969701899999922 0.004005895399999998 0.9995703875000004
1712732406.40469 0.049887859899999755 -0.001691332600000006 0.5329221844999992 -0.0016757042000000056 0.029001252499999897 0.003810703799999998 0.9995698212000036
1712732406.435874 0.05013813829999973 -0.0016128109000000056 0.5371293783999989 -0.0021127752000000056 0.029069352999999864 0.003524632299999997 0.9995682358000068
1712732406.467455 0.050307009799999844 -0.0015428808000000015 0.5414611578999982 -0.0025313583000000084 0.029149314099999834 0.0032490651999999955 0.9995657682000058
1712732406.504971 0.05046192449999989 -0.0014299471000000009 0.5458441317999985 -0.002876661300000011 0.029211463299999886 0.002957752999999996 0.9995638013000019
1712732406.535595 0.05068873949999997 -0.001322008899999999 0.5501177132999985 -0.003249987400000015 0.02922454579999991 0.002712719599999991 0.9995628059000012
1712732406.568875 0.05107406379999997 -0.0013182902999999968 0.5545545518999987 -0.003632814300000009 0.029189680099999827 0.002546688599999991 0.9995629191999967
1712732406.606194 0.05142716699999994 -0.0012238872999999983 0.5589699865 -0.003937108900000002 0.029162980799999794 0.0023674427999999916 0.9995631218999961
1712732406.63544 0.05178457280000011 -0.0011480258999999992 0.5635346533000003 -0.004232794600000001 0.029133144699999745 0.0022613184999999924 0.9995632648999958
1712732406.670388 0.05213058590000017 -0.0011718812999999995 0.5680565537000006 -0.004489050999999999 0.02912076259999985 0.0022108664999999916 0.999562853599997
1712732406.704196 0.05248141250000007 -0.0012252774999999994 0.5726330400000009 -0.004664170099999998 0.02911089149999988 0.0022180285999999936 0.9995624482999972
1712732406.737436 0.05283097140000024 -0.0012714161999999973 0.5772777617000017 -0.004783437400000002 0.02909447099999989 0.0022733299999999957 0.9995622933999982
1712732406.771513 0.05317131060000015 -0.0012877705999999988 0.5820182502000023 -0.004855539600000003 0.02906588929999998 0.002414204099999995 0.9995624065999948
1712732406.801658 0.05362728320000017 -0.0013765104000000028 0.5866442322000026 -0.004860420700000001 0.02897517780000012 0.0026679246999999962 0.9995641946999967
1712732406.838064 0.05414630290000026 -0.0013900524000000024 0.591430705700003 -0.004858426799999993 0.02886640660000008 0.003000959999999997 0.9995663284999978
1712732406.865629 0.0547082715000002 -0.001434199900000005 0.5962439357000022 -0.004777292699999991 0.02877936330000015 0.0034008896999999983 0.9995678125999973
1712732406.900871 0.0552501932000002 -0.0012538872000000035 0.6010329782000013 -0.0047015535999999965 0.028737204600000156 0.0038053956 0.9995678245000021
1712732406.935363 0.0558482166000001 -0.0011012148 0.6060278832000009 -0.004820820999999998 0.028719908400000094 0.004191758000000001 0.9995661675000008
1712732406.969416 0.056472204199999966 -0.0010469956999999974 0.6110165595000012 -0.004945336200000006 0.02871538850000004 0.004558229200000002 0.9995640873000013
1712732407.003783 0.05700624959999985 -0.0009503247999999964 0.6160574494000016 -0.00507456100000001 0.02873631139999997 0.0048598305000000005 0.9995614230000001
1712732407.034095 0.05758273899999988 -0.0008172148999999962 0.621156090300002 -0.005250173800000013 0.028731944699999977 0.005160084199999998 0.9995591759000035
1712732407.071412 0.05809571849999973 -0.0006793831999999999 0.6263155995000019 -0.005479134100000005 0.028743485599999907 0.005465019999999998 0.9995560942999987
1712732407.10324 0.058713719199999834 -0.0006278076999999993 0.6315332113000011 -0.005759062700000006 0.028716837099999816 0.005766123400000001 0.9995536743999992
1712732407.139969 0.05928723879999982 -0.00047395889999999886 0.6367229639000016 -0.006023181200000005 0.028723850099999736 0.006010653800000004 0.999550491499997
1712732407.172971 0.059930109999999814 -0.00037349999999999883 0.6419172942000018 -0.006319756100000007 0.02872732129999971 0.006257256200000005 0.9995471119000001
1712732407.204112 0.060549502099999764 -0.00022363300000000086 0.6473614931000015 -0.006636925700000007 0.02877712899999967 0.006403668700000009 0.9995428024999967
1712732407.233203 0.06117160989999988 -0.0003383545000000043 0.6528329790000015 -0.006952626400000006 0.028839328999999657 0.0064912199000000115 0.9995384572999967
1712732407.272687 0.061635115400000016 -0.0004559881000000043 0.6582783163000017 -0.007066037400000014 0.028929836599999703 0.006549003500000011 0.9995347081999967
1712732407.304149 0.06209639840000012 -0.0005576542000000073 0.6637507975000005 -0.007151968500000006 0.02896627669999976 0.006612596800000014 0.9995326756999929
1712732407.334042 0.0626486089000002 -0.000607386900000012 0.6692642272 -0.007156609999999996 0.0289478094999998 0.0066521611000000145 0.999532937999993
1712732407.369029 0.06321765030000019 -0.00048117430000000906 0.6748607039999996 -0.0071195020999999855 0.02897814539999981 0.006643604100000017 0.999532341999992
1712732407.403446 0.06381984240000023 -0.0004850393000000064 0.680459940499999 -0.007175021099999989 0.029045073799999876 0.006591582900000009 0.999530309499994
1712732407.437208 0.06426171130000018 -0.0003352741000000048 0.6861901164999992 -0.007189917999999984 0.029202742599999887 0.0064151419000000095 0.9995265841999981
1712732407.470942 0.06465039990000018 -0.00022502070000000597 0.6920851826999993 -0.007269633799999986 0.029375059999999918 0.006222435900000012 0.9995220483000026
1712732407.501175 0.06503122290000007 -0.00020638250000000745 0.6980411588999985 -0.0073457482999999876 0.029532827299999908 0.005985414300000014 0.9995182575000001
1712732407.535438 0.06547539820000008 -0.00015212040000000537 0.7038466273999987 -0.007373543299999985 0.02963363759999993 0.005776603100000011 0.9995163144000003
1712732407.569912 0.06589704000000011 3.956149999999603e-05 0.7098424611999988 -0.00737332089999998 0.029780522799999966 0.005536527600000007 0.9995132626999975
1712732407.60498 0.06643807880000008 0.00021447649999999373 0.7159248588999987 -0.007417034999999972 0.029935162199999966 0.005338230200000005 0.9995092989
1712732407.641187 0.0669500931 0.0003441399999999928 0.7220139203999991 -0.0074549887999999735 0.030144793400000047 0.005061713599999995 0.9995041014000037
1712732407.673178 0.06733298149999989 0.00044014649999999376 0.7282916245999985 -0.007486985999999973 0.030377450099999946 0.004803023900000003 0.9994982184000036
1712732407.703399 0.06775439829999996 0.00028736229999999364 0.734601092199999 -0.0075180184999999785 0.030513981299999847 0.0045939764 0.9994949938000047
1712732407.735804 0.0682247363 0.0002929849999999901 0.7409902213999985 -0.00733629699999998 0.030568694799999817 0.004430871700000005 0.9994953216000055
1712732407.769685 0.0687850967000001 0.00022072939999999154 0.7474332926999991 -0.007086749799999981 0.030602661099999828 0.004339004800000002 0.9994962335000025
1712732407.804815 0.06940262310000005 0.00020510209999999307 0.7539553044999991 -0.006730546699999984 0.030647774399999862 0.0041887177 0.9994977533999986
1712732407.84309 0.0697864837000001 5.712609999999341e-05 0.7604007005 -0.006329592699999986 0.0307234596999999 0.004007128699999996 0.9994986950999987
1712732407.869992 0.0701767407000002 -8.472200000009256e-06 0.7669988810999996 -0.005848691699999986 0.03071431949999983 0.0038726665999999966 0.9995022415999983
1712732407.909274 0.07070005460000015 -2.2186700000009774e-05 0.7734492719999991 -0.005370293199999987 0.03059045529999995 0.003865059900000001 0.9995086192999963
1712732407.939881 0.07126799670000014 -1.3064600000006754e-05 0.7800740361999985 -0.00499404699999999 0.030406893099999978 0.003982299899999997 0.999515813599993
1712732407.974903 0.07196151990000015 -9.822160000000357e-05 0.7869551480999988 -0.004642863599999991 0.030198185199999904 0.004240395500000005 0.9995228230999885
1712732408.002095 0.07265201950000026 -0.0001556022000000046 0.7937346340999994 -0.004194400399999998 0.030033789600000027 0.004527918799999997 0.9995282649999921
1712732408.039091 0.07327235780000016 -4.632820000000648e-05 0.8004888237999992 -0.0037242894999999997 0.029962307600000137 0.004729814499999996 0.9995313107999891
1712732408.071106 0.07348332850000024 0.0010174848999999985 0.8068535329 -0.003403238899999994 0.03003483140000025 0.004604256200000001 0.9995307802999889
1712732408.104947 0.07405205150000019 0.0012940565999999987 0.8135684670000003 -0.004162714700000003 0.029989706000000282 0.004701482800000001 0.9995250999999883
1712732408.13546 0.07467749650000019 0.0006999684000000006 0.8200588108000005 -0.004721629100000002 0.029962885800000193 0.004993552000000001 0.9995203554999932
1712732408.168238 0.07507969520000017 0.0012946539000000036 0.8256911575999993 -0.004871186400000005 0.030080364600000208 0.005094242300000007 0.9995155513999918
1712732408.214564 0.0755863488000001 0.0010205636000000073 0.8308653950999997 -0.005413953000000004 0.030213656200000293 0.00530744580000001 0.9995072543999924
1712732408.236624 0.07592722330000008 0.001009486800000009 0.8351840138 -0.005544322400000012 0.030394181300000156 0.005403341700000008 0.999500822999994
1712732408.269023 0.07616843959999997 0.001061190600000006 0.838528692700001 -0.005606587600000013 0.03060050620000023 0.005367887900000012 0.9994944929999974
1712732408.309348 0.07638325320000003 0.0012024757000000052 0.841076958100001 -0.005637292400000016 0.03080767330000018 0.005294071500000008 0.9994885265999983
1712732408.338461 0.07646919049999994 0.0013561837000000076 0.8429206430000008 -0.005796896000000018 0.03103048740000016 0.005202572300000008 0.9994818031999955
1712732408.368389 0.07649809059999998 0.0013408377000000082 0.8440690278000005 -0.006022551700000012 0.03121998210000019 0.005178377200000017 0.9994754790999991
1712732408.4036 0.0768933624999999 0.0004206034000000081 0.8450605629999999 -0.006158607400000016 0.03126200130000019 0.005425148400000013 0.999472737299999
1712732408.436898 0.0769314281999998 0.00019110480000000818 0.8450009046999994 -0.005323110600000014 0.03140625240000024 0.005486934200000015 0.9994749307000006
1712732408.471491 0.0767851143999998 0.0007953204000000047 0.8445210455999999 -0.004727136800000009 0.03156183540000033 0.005391055200000017 0.9994749127999967
1712732408.501475 0.07692624409999986 0.00037688860000000267 0.8443316518999993 -0.004586817500000007 0.031569499100000266 0.005553869800000011 0.9994745909000017
1712732408.536735 0.07685666389999994 0.000664906500000001 0.8439021347999983 -0.004168744400000002 0.03162174220000029 0.005550064800000009 0.9994756936000044
1712732408.568911 0.07662279009999988 0.0005470860999999994 0.8437554835999975 -0.0040746331000000025 0.03161124700000038 0.005622172700000006 0.9994759857000076
1712732408.605184 0.07637483769999989 0.000576368100000002 0.8437798618999978 -0.0038586987000000074 0.03138057850000031 0.0057041681000000065 0.9994832634000034
1712732408.634265 0.07606341909999977 0.0005770052000000026 0.8439079999999961 -0.0037327679000000113 0.030992795200000423 0.005700812500000008 0.999495160500004
1712732408.671735 0.07587098249999986 0.0006415172000000024 0.8441990851999961 -0.0036547019000000014 0.030476675800000307 0.00567238550000001 0.9995106338000028
1712732408.704264 0.07568404959999989 0.0005493474000000054 0.8447527586999953 -0.003559981500000009 0.02989798900000018 0.005623079500000005 0.9995279251
1712732408.738459 0.07541045759999995 0.0005257303000000046 0.8453367351999959 -0.0034327083000000092 0.029350655200000197 0.00556794570000001 0.9995442686999979
1712732408.771942 0.07512371610000006 0.00047653520000000006 0.8461351811999946 -0.0033011399000000053 0.028755783700000138 0.005509633100000011 0.9995620129999964
1712732408.806707 0.07488437819999998 0.00045240690000000197 0.8470584213999928 -0.0030939932000000115 0.028073136700000133 0.005436863600000008 0.9995825825999987
1712732408.838221 0.07476321830000003 0.0004107189000000011 0.8480988978999932 -0.0029021813000000064 0.027312807900000104 0.005363212300000008 0.9996051310999974
1712732408.873817 0.0746090001999999 0.000370084100000001 0.8493913590999937 -0.002692253400000011 0.026535945000000005 0.005268801000000012 0.9996280609999986
1712732408.906768 0.0746206536999999 0.0003839750000000031 0.850953632599996 -0.002536757700000003 0.025779595000000023 0.005135950700000014 0.9996498881999969
1712732408.935957 0.07457475670000005 0.00021539030000000125 0.8527177750999954 -0.0024515591000000003 0.0252005543000001 0.005016519500000016 0.9996658206000006
1712732408.969039 0.07459218660000015 0.00016516460000000067 0.8546536922999962 -0.002289977199999993 0.024693212800000097 0.0049720798000000175 0.9996790825999995
1712732409.004397 0.07451934600000013 8.565300000001885e-06 0.8567345917999972 -0.0020740584000000007 0.024263370000000072 0.0049192450000000165 0.9996902584999987
1712732409.034915 0.07463497680000017 0.00016245400000000076 0.8588966250999988 -0.0018199038000000002 0.02380973300000022 0.0049215365000000125 0.9997014283999988
1712732409.076042 0.07480221470000004 9.447730000000098e-05 0.8611943006999979 -0.0016228789999999994 0.02332272900000021 0.004958852800000002 0.9997129439999981
1712732409.108206 0.07492556050000002 5.52979000000009e-05 0.8634101092999998 -0.0013759760999999982 0.022835649700000182 0.004998908099999999 0.9997243941000022
1712732409.137209 0.07514990120000001 8.865350000000216e-05 0.8656348765000018 -0.0012426859999999929 0.02236748040000016 0.004995330799999998 0.9997353137000005
1712732409.171817 0.07530108689999988 1.5611300000001326e-05 0.8680594981000013 -0.0011577610999999987 0.022048999000000256 0.004961083399999999 0.999742937100001
1712732409.20619 0.0755182713 0.00010011020000000315 0.8705344081000022 -0.0010129996999999947 0.021824160100000257 0.004978963299999995 0.9997482478999984
1712732409.236888 0.07573540650000013 0.00016257990000000387 0.8729065001000009 -0.0008713443999999959 0.02162415390000021 0.0050518269000000005 0.9997525691999953
1712732409.271537 0.07597549170000004 0.0001880528000000048 0.8751858711000011 -0.0006953819999999999 0.021413443600000193 0.005131879699999997 0.999756956099992
1712732409.306497 0.07616269720000002 0.0002520755000000041 0.8773596346000005 -0.0005121679000000045 0.021211324800000143 0.005149435899999999 0.9997612773999947
1712732409.33557 0.07639872709999995 0.00020783130000000537 0.8794801293999995 -0.0003775685000000029 0.020981977500000148 0.005219208799999997 0.9997657656000001
1712732409.372517 0.07632847779999992 3.30894000000026e-05 0.8815106629999974 -0.00017123340000000376 0.020725538599999992 0.005268283100000004 0.9997705339999982
1712732409.40521 0.07615907469999997 -0.00021597589999999833 0.8834748982999997 4.351439999999984e-05 0.020349096299999835 0.00527982130000001 0.9997775257000001
1712732409.435032 0.07597770299999987 -0.00040311609999999496 0.8855083882999992 0.00029589979999999905 0.019817988599999836 0.005267150700000012 0.999786943199996
1712732409.476255 0.07572401289999994 -0.0006819499999999978 0.8876256405999982 0.000655242899999997 0.01911716559999981 0.00538844690000001 0.9997978626999953
1712732409.510915 0.07539333749999991 -0.0008694697999999945 0.8897587418 0.0011225185999999999 0.01815864309999977 0.005527018800000005 0.9998126088999925
1712732409.552464 0.07503630269999988 -0.0011618485999999983 0.8918307005999992 0.001512802499999999 0.016971712499999826 0.005649286500000006 0.9998303709999903
1712732409.57483 0.07470189539999979 -0.0014856236000000023 0.8940494595999979 0.0018747691999999928 0.01563246679999981 0.005780539699999998 0.9998490272999903
1712732409.609721 0.07447217239999979 -0.001768989700000001 0.896448248599998 0.002177531399999999 0.014200950199999696 0.005917293800000001 0.9998676298999897
1712732409.639466 0.07428135709999975 -0.001979985300000003 0.8991202651999999 0.0024341787999999976 0.01275073479999964 0.006067874399999995 0.9998853384999904
1712732409.672648 0.07425584859999983 -0.0021997770000000082 0.9018710731999988 0.0025634658999999947 0.01134235619999977 0.006247499199999995 0.9999022423999862
1712732409.708377 0.07443272539999982 -0.002353208500000009 0.9049077987000004 0.0025923103 0.01010676309999976 0.0064719822999999895 0.999916291199986
1712732409.739235 0.07463055249999986 -0.002336693300000009 0.9083259164999987 0.002608390199999999 0.009065191899999903 0.006747324199999993 0.9999269722999884
1712732409.772054 0.07490214109999993 -0.00234096190000001 0.9118290125999977 0.0025651876999999933 0.00819555569999988 0.007059965899999987 0.9999345122999899
1712732409.80816 0.07514818609999985 -0.0023023042000000103 0.9154991209999992 0.002452379199999999 0.007518721499999792 0.007310029799999984 0.999939829099992
1712732409.838199 0.0754424564999999 -0.002259315500000009 0.9190432310999995 0.0022875745000000003 0.0070244865999997685 0.007492795899999993 0.999943488799994
1712732409.869571 0.07571232629999987 -0.0021201737000000054 0.9227856875000015 0.002104707899999991 0.006691668899999748 0.007655925799999996 0.9999454855999943
1712732409.906995 0.07599057189999989 -0.001970898900000001 0.9265748383000016 0.0018170801999999985 0.0064974500999998245 0.007726212700000001 0.9999468803999946
1712732409.935527 0.07623940719999993 -0.001798510600000003 0.9303296269000014 0.001505069399999992 0.006396590799999835 0.0077419848999999985 0.9999478876999944
1712732409.970459 0.07641112890000006 -0.0018383466999999988 0.9339842142000009 0.0011312314999999962 0.006376430799999788 0.007741076499999999 0.9999484478999932
1712732410.011094 0.07633518810000002 -0.0017420955999999988 0.9378041269000021 0.0008794085000000007 0.006401522899999712 0.007639947600000007 0.9999491512999953
1712732410.04086 0.07617463779999997 -0.0016220849999999953 0.9414511086000033 0.000618063999999996 0.006341794399999756 0.0074409735000000145 0.9999510824999959
1712732410.073355 0.07611016199999998 -0.0014853190999999989 0.9449599327000044 0.00034675559999999275 0.006203097999999763 0.007226462900000008 0.9999536096999918
1712732410.106431 0.07602354449999993 -0.0013400638999999993 0.9485022903000043 8.059799999999839e-05 0.006037954199999795 0.00696895030000001 0.9999565064999899
1712732410.140745 0.07593686889999987 -0.0012287605999999952 0.952056121800004 -0.0002043268000000098 0.005887222899999855 0.006664138100000017 0.99995958209999
1712732410.179552 0.07576618199999992 -0.0011013306999999972 0.9557387650000038 -0.0005219654000000129 0.0057434440999999834 0.00636436600000001 0.9999622821999878
1712732410.208289 0.07563675269999984 -0.001056270199999998 0.9593164683000026 -0.000883395500000006 0.005560039000000039 0.006027077199999997 0.9999651729999925
1712732410.23644 0.07542420779999989 -0.0009968521000000008 0.9629842997000025 -0.0011664459000000128 0.005407113899999949 0.005679156399999996 0.9999676703999967
1712732410.271385 0.07527283879999995 -0.0007430941999999996 0.9668270588000013 -0.0013969155000000066 0.005278930599999931 0.00534149009999999 0.9999698936000015
1712732410.309596 0.07512052809999989 -0.0004934343000000008 0.9707533955000003 -0.001730432500000012 0.005152812600000089 0.005023149699999984 0.9999714314000017
1712732410.341883 0.07503850089999986 -0.0003641797000000002 0.9746562778999988 -0.0020887765000000115 0.004989571700000184 0.004736735599999975 0.9999728618999996
1712732410.375577 0.07505954879999983 -0.0003056159000000003 0.9785542666999987 -0.002454117300000014 0.004833375000000295 0.004494100599999962 0.9999739109000018
1712732410.414146 0.07504763079999996 -0.000330924699999996 0.9826686381999992 -0.0028123372000000146 0.0047104624000002815 0.004242316899999965 0.9999747752000019
1712732410.446766 0.07499946729999998 -0.00031142259999999424 0.986843538299999 -0.0031285646000000166 0.0046078669000003455 0.004071887999999979 0.9999752878000038
1712732410.478829 0.07504983480000008 -0.00041316029999999835 0.9909934282999984 -0.0034007487000000114 0.004461946300000364 0.003959090199999982 0.9999758063000002
1712732410.504194 0.0751550721000001 -0.0004989878999999975 0.9951119422999966 -0.0035665753000000077 0.004332091600000254 0.0038983640999999737 0.9999762533000023
1712732410.543378 0.07520028970000006 -0.0005373410999999995 0.999393182999998 -0.003664323200000008 0.004249095600000174 0.003905471299999985 0.999976295099998
1712732410.570765 0.07541474719999997 -0.0006274543999999993 1.0037137030999985 -0.0037856613000000093 0.004124471400000118 0.003961625699999982 0.9999761817999968
1712732410.602119 0.07554770359999985 -0.0009302905000000028 1.0079013287999998 -0.003923288700000005 0.004039568500000179 0.004026519899999981 0.9999758480999958
1712732410.636961 0.07567756419999974 -0.000979619300000001 1.0121939123000003 -0.003945184000000002 0.0039512538000000316 0.0041513395999999815 0.9999755679999964
1712732410.672877 0.07588692329999987 -0.001026840000000001 1.016587948800003 -0.004040781199999999 0.003822491100000036 0.004362853299999992 0.9999746440999957
1712732410.704912 0.07607738170000004 -0.0009982252000000024 1.021149718800001 -0.004138025199999995 0.0037066551000000557 0.004613840000000003 0.9999733804999948
1712732410.737217 0.07635237969999978 -0.0009255204000000016 1.0255544544000004 -0.004232491299999997 0.0035972031000000015 0.004912236299999995 0.9999718545999997
1712732410.773561 0.07654776369999965 -0.0010408235000000043 1.0299991251000022 -0.004407800899999992 0.0035355660000000455 0.005143542699999992 0.9999699948999989
1712732410.810709 0.07671456499999962 -0.0010707897999999993 1.0344605089000027 -0.004575177499999994 0.003458168500000092 0.005350634899999984 0.9999683677000007
1712732410.83946 0.07697180589999952 -0.0010346615000000003 1.0389712692000046 -0.004779487999999998 0.0033374350000000773 0.00555610259999999 0.9999667881999983
1712732410.870737 0.07721288359999967 -0.0010734955999999961 1.0434689165000037 -0.005010953600000001 0.003197376900000037 0.00574709069999999 0.9999651431000018
1712732410.910081 0.07741176489999972 -0.0009201168999999953 1.0482426764000052 -0.005177530499999994 0.003057874700000163 0.005975845599999996 0.9999634682000021
1712732410.939961 0.07745634759999973 -0.0007271840999999946 1.0531279446000041 -0.005392197099999996 0.0029188282000001562 0.006220689800000012 0.999961483300001
1712732410.972845 0.07758785039999978 -0.0007100842999999968 1.058046245700004 -0.005602263099999993 0.0027263996000002066 0.006489725600000029 0.999959176599998
1712732411.008426 0.07782513349999967 -0.0006814594999999923 1.0629210950000014 -0.005771764000000001 0.0024965858000001616 0.006711545100000027 0.9999571441
1712732411.038277 0.07799692159999942 -0.0006350601999999927 1.067843318100003 -0.0059319480999999955 0.002290341299999987 0.00688712060000003 0.9999553798000023
1712732411.075641 0.0780902452999996 -0.0006894612999999939 1.0727329970000028 -0.0061156083999999835 0.0020782148000000333 0.007052159200000041 0.9999534843999982
1712732411.104348 0.0782606236999996 -0.0005445473999999894 1.0777407885000003 -0.006237209199999994 0.0018321270999999584 0.007186805300000043 0.9999522744999979
1712732411.13899 0.07836366079999983 -0.0004509752999999894 1.0828740597000006 -0.006389556600000001 0.0016110970999999807 0.007324904800000054 0.999950766500001
1712732411.181403 0.07840836129999999 -0.0003317863999999893 1.0881098508999998 -0.006517954600000009 0.0013780238000000722 0.007404357500000058 0.9999498367000001
1712732411.206067 0.07851701079999991 -0.0003116633999999896 1.0932817577999998 -0.006696057200000005 0.0011515913000001987 0.007426766600000056 0.9999488353000003
1712732411.244604 0.07849776069999984 -0.00037589069999999225 1.098337066099998 -0.006905163700000017 0.000930336200000248 0.007382644700000052 0.9999479829999984
1712732411.271926 0.07869140279999982 -0.0005286563999999938 1.1033669113000002 -0.007058827200000018 0.0006162379000002715 0.007328015600000048 0.9999475419999954
1712732411.308251 0.07873952829999986 -0.0006387088999999957 1.1084528086999996 -0.007163029600000026 0.0003824776000003638 0.007162718700000048 0.9999480605999963
1712732411.341579 0.07865874539999992 -0.0006116104999999983 1.1136520146000009 -0.007132983200000031 0.00020052210000027771 0.0069713343000000535 0.9999495864999972
1712732411.373315 0.07862789399999989 -0.000571426199999997 1.1188397167999995 -0.007095696200000034 -1.7330999996900687e-06 0.00677728080000004 0.999951195899996
1712732411.408863 0.0785481549 -0.0006133121999999991 1.1241578220999997 -0.007081712700000043 -0.00021423599999970122 0.0065351527000000464 0.9999529542000005
1712732411.441182 0.0783919632 -0.0006538521000000019 1.1293998360000017 -0.007035013000000046 -0.0004563774999997605 0.0062934578000000355 0.9999547839999992
1712732411.476894 0.0782879501 -0.000634940200000006 1.1347378015000005 -0.007012674600000035 -0.000744808399999819 0.00604548730000003 0.9999563515999966
1712732411.507587 0.07821506330000005 -0.0007372899000000043 1.1400798320999996 -0.007007478200000028 -0.0010372593999997902 0.005809124900000029 0.999957489999997
1712732411.539218 0.07817199010000024 -0.0007242445000000042 1.145591437799999 -0.006904858100000033 -0.0013306674999999045 0.005613799200000024 0.9999589741999955
1712732411.573891 0.07805666630000019 -0.0008507018000000032 1.1512205719999997 -0.006698293300000024 -0.0015857696999999505 0.005365325900000028 0.999961233199997
1712732411.607307 0.07788848360000031 -0.0008914238000000019 1.1567475080999998 -0.006361208800000018 -0.0018095740999999777 0.005082049700000013 0.9999640763000002
1712732411.641719 0.07765527520000041 -0.0009774895000000006 1.1623004317999999 -0.0059461765 -0.0020583414000000743 0.004716638600000001 0.9999673188000031
1712732411.677873 0.07740592880000037 -0.0011680795000000022 1.1677454353 -0.005551831399999996 -0.0023340332000000076 0.004315703599999998 0.9999700844000017
1712732411.712818 0.07707447850000052 -0.001450975600000004 1.173253512400001 -0.005091457399999988 -0.002687094499999887 0.003915692500000012 0.999972677200003
1712732411.737195 0.07672037030000034 -0.001361388200000002 1.1789630055000004 -0.004528485699999996 -0.0030785037999999433 0.003597866300000008 0.999975121
1712732411.77488 0.07647103430000043 -0.0012197775000000021 1.1848039150000005 -0.004006108499999983 -0.0034895297999998575 0.0033676841999999985 0.9999767065000015
1712732411.808248 0.07624134630000015 -0.0011504995000000018 1.1905964851000022 -0.003519676099999991 -0.00387545419999995 0.0031844475999999846 0.9999781072000019
1712732411.839042 0.07598972979999985 -0.0011770232000000048 1.196572291800004 -0.0030333425999999886 -0.004214199100000116 0.0030554756999999766 0.999979311200002
1712732411.887353 0.07575035899999989 -0.0012457051000000052 1.2025127768000032 -0.0024706961999999776 -0.004541865300000047 0.002969883399999973 0.9999803364000002
1712732411.914811 0.07564102099999985 -0.001181998900000003 1.2082504272000023 -0.0019597176999999856 -0.004907457200000032 0.0029733154999999735 0.9999801575999981
1712732411.941596 0.07540763009999978 -0.0011322452000000038 1.2142617463000023 -0.0015860473999999903 -0.005235921100000063 0.0029675108999999813 0.9999793947000001
1712732411.975446 0.07535686929999982 -0.0010587589000000009 1.2202852367000019 -0.0013001765999999914 -0.005626540300000116 0.003067673099999979 0.9999776243999975
1712732412.008121 0.07536511639999972 -0.0009387095000000012 1.2264131187000005 -0.0010837335999999808 -0.006027810500000186 0.0032269083999999725 0.9999752580999995
1712732412.041402 0.07538362889999987 -0.0007987265999999993 1.2326155661000002 -0.000933621799999984 -0.006392592600000313 0.003405760999999963 0.9999726413999952
1712732412.074462 0.0755785024999998 -0.0006630471000000027 1.2387566923000009 -0.0008776566999999736 -0.006727052500000319 0.0035597797999999516 0.9999699651999947
1712732412.111637 0.0757256298999998 -0.0005660052999999998 1.244943416000001 -0.0009509781999999855 -0.006988239000000363 0.003595445499999972 0.9999679207999975
1712732412.142205 0.07575087620000005 -0.0005081331999999994 1.2511542080999987 -0.0011371768999999699 -0.007231695400000326 0.003551039999999972 0.9999657690999981
1712732412.172513 0.07563464120000027 -0.0004296098999999998 1.2575065611999974 -0.0013444459999999657 -0.007477153600000186 0.003483598499999974 0.9999636413000019
1712732412.207251 0.07548110930000007 -0.0002592533000000008 1.2640301703999994 -0.0015415605999999694 -0.007784869900000224 0.003388599999999986 0.9999613048000014
1712732412.238935 0.07556644900000009 0.0010401881999999973 1.2701709151000018 -0.001602550399999969 -0.008146920000000257 0.0033732658999999776 0.9999583723000057
1712732412.272976 0.07556343220000024 0.0012738093000000006 1.2763992787000007 -0.002610612099999976 -0.008464822200000199 0.0032514516999999853 0.9999508323000044
1712732412.309845 0.07553660939999993 0.0011373036000000003 1.282149756100003 -0.0033977016999999776 -0.008737684900000176 0.003176218899999994 0.9999453427000049
1712732412.345936 0.0754646918999999 0.0014034501000000032 1.287293839600005 -0.0039434792999999855 -0.008978530600000135 0.003140570599999992 0.9999415876000057
1712732412.37517 0.0754364265999996 0.0013104760000000049 1.291769922000006 -0.004534237399999985 -0.009222250100000018 0.0030648680999999954 0.9999375643000065
1712732412.409172 0.0753280765999996 0.0012199101000000046 1.2954691531000067 -0.0048397927999999975 -0.00942025019999999 0.0029396541000000108 0.9999354304000064
1712732412.441543 0.0752690955999995 0.0010676268000000045 1.298513508000005 -0.0050407643 -0.009605115399999952 0.002867656099999993 0.999933326300004
1712732412.475786 0.07524593099999954 0.0009763137000000033 1.3007778527000056 -0.004977877300000011 -0.00973405069999984 0.0028794396999999973 0.9999323488000016
1712732412.508338 0.07531735819999952 0.0010466541000000052 1.3022309543000063 -0.004876781000000019 -0.009892924399999892 0.002920396600000008 0.9999311268999975
1712732412.549346 0.07537595699999962 0.0010846897000000022 1.3029660703000048 -0.004861221800000015 -0.010014516799999918 0.0029352091000000025 0.9999299586000007
1712732412.579941 0.07527177629999962 -2.3455199999994347e-05 1.303523481000002 -0.005048709600000012 -0.010059946400000009 0.0028385262000000023 0.999929457899998
1712732412.607519 0.07531868299999936 -0.00025383039999999355 1.3034014583000044 -0.004373825300000011 -0.010109432500000005 0.0028945003999999884 0.9999335288999986
1712732412.639295 0.07540824189999959 7.448800000003919e-06 1.3031862259000035 -0.003821934600000021 -0.01010377009999992 0.0029325784999999936 0.9999365151000006
1712732412.676384 0.07547000199999979 -0.00015891599999999783 1.3030959368000026 -0.0035210408000000194 -0.010048038299999895 0.0029408120000000036 0.9999383628999965
1712732412.705446 0.07547018080000001 2.3412000000000433e-06 1.3030347228000039 -0.00314755440000003 -0.009926593500000002 0.002951016300000009 0.9999412119999989
1712732412.740337 0.07548827449999998 -4.100779999999804e-05 1.3032374024000006 -0.003063054700000012 -0.009845903899999975 0.0029851255000000075 0.9999422014999994
1712732412.77424 0.0754541843000002 -1.802790000000054e-05 1.3035132645999994 -0.0029208391000000054 -0.009785448000000052 0.0030257754000000193 0.9999431612000024
1712732412.807567 0.07550957710000006 -1.6817099999999473e-05 1.3041002033999973 -0.002880878600000014 -0.00977476570000011 0.0030433424000000154 0.9999433281000052
1712732412.844873 0.07563034880000004 -7.166579999999812e-05 1.304710221199997 -0.0028169522000000002 -0.009730595600000136 0.0030740417000000076 0.9999438228000088
1712732412.873296 0.07575520189999985 -0.00021017409999999349 1.305431175199999 -0.002826297700000002 -0.009638686800000152 0.0031059689999999975 0.9999445917000059
1712732412.909043 0.07584499929999992 -0.00030237359999999434 1.306305623000003 -0.0027876414999999932 -0.009547771900000158 0.0031859829000000063 0.9999453427000049
1712732412.940874 0.07588631720000016 -0.00025888959999999516 1.307271897800001 -0.002663220299999991 -0.009464993200000115 0.003272522600000016 0.9999462427000025
1712732412.975043 0.07592019719999996 -0.00037116769999999687 1.3083938718000012 -0.0026430334999999914 -0.009426216000000131 0.003324634500000001 0.9999464989999979
1712732413.012163 0.07595745309999984 -0.00045325549999999384 1.3095963716000028 -0.0025726879999999896 -0.009390638600000223 0.0033489691999999847 0.9999469281000017
1712732413.047629 0.07599534459999972 -0.00048701569999999307 1.3109273195000015 -0.0025394142999999756 -0.009353286300000185 0.00338406929999997 0.9999472379999986
1712732413.078955 0.07607155589999977 -0.00038122199999999216 1.3122956515000055 -0.002453623699999996 -0.009318454100000118 0.003432613299999954 0.9999476254000002
1712732413.113076 0.07614189539999963 -0.000489107399999994 1.3137873055000058 -0.002488234399999989 -0.00929354300000007 0.003469249899999949 0.9999476431999994
1712732413.139637 0.0761266380999995 -0.0005910901999999941 1.3152356388000102 -0.0024743128999999754 -0.009244920100000087 0.003432840499999967 0.9999482511999986
1712732413.181888 0.07616167439999941 -0.000556824699999997 1.31693493140001 -0.002454138799999983 -0.009218889300000121 0.003402230199999967 0.9999486385999944
1712732413.211519 0.07613729909999947 -0.0005003776000000015 1.318676972500009 -0.002389939299999999 -0.00916582460000015 0.0034066038999999828 0.9999492584999985
1712732413.240131 0.07610720019999953 -0.0004331428000000026 1.3204748632000076 -0.002324917500000012 -0.009106804900000043 0.0034164138999999817 0.9999499022000009
1712732413.27755 0.0761809221999993 -0.0003868057000000036 1.3223198057000047 -0.0022635032000000166 -0.00906681460000005 0.0034337952999999866 0.999950325399999
1712732413.309405 0.0761707715999993 -0.00022824359999999987 1.3242227197000034 -0.0021268783000000235 -0.009017872899999979 0.003472712099999997 0.9999508797000033
1712732413.342303 0.0762764274999995 -4.808960000000084e-05 1.3260557652000045 -0.002040964100000031 -0.00903040139999991 0.0035271599000000096 0.9999507128000005
1712732413.374573 0.07632377289999966 -3.1239100000002294e-05 1.3281167626000012 -0.0019832506000000416 -0.009020784399999825 0.00361929590000003 0.9999505579000015
1712732413.407639 0.0763221202999997 -7.021030000000095e-05 1.3301515220999989 -0.001964693900000025 -0.008986963999999986 0.003701994100000028 0.9999505639000006
1712732413.439801 0.07639171619999985 9.106870000000211e-05 1.3321951507999983 -0.0018658684000000259 -0.008952437800000013 0.0038541614000000336 0.9999504865000006
1712732413.481537 0.07651220330000008 0.00024595180000000494 1.3343881606999957 -0.0018440932000000298 -0.00892850109999994 0.004079229800000017 0.9999498545999984
1712732413.51311 0.07653846070000014 0.00027245760000000897 1.336558854599997 -0.001917415400000033 -0.008875553699999905 0.004288692000000016 0.9999492705000023
1712732413.544736 0.07667090370000018 0.0002967525000000082 1.3388966082999958 -0.001972092300000017 -0.0088607623999998 0.004470322900000001 0.9999484897000002
1712732413.579552 0.07682438720000029 0.0002701653000000082 1.341156065399997 -0.0020431855 -0.00883682809999975 0.0046489255000000005 0.9999477326999966
1712732413.611628 0.07694346540000048 0.0002895670000000072 1.3434323430000006 -0.0021605574999999932 -0.008798275699999891 0.004867914100000004 0.9999467253999967
1712732413.64104 0.07702673530000048 0.00014980600000000788 1.3456231833000003 -0.0023723124999999847 -0.008699334499999978 0.005062804200000004 0.9999461412999949
1712732413.675478 0.07696392170000052 3.1493300000007277e-05 1.3480440259999966 -0.002582543699999973 -0.00852188089999988 0.005222448999999995 0.9999463498999944
1712732413.705858 0.07702777840000045 0.0001931116000000066 1.3503984095000021 -0.0027401528999999813 -0.00837339109999995 0.00534163889999999 0.9999465703999988
1712732413.738273 0.07705352090000055 0.00032064390000000607 1.3527658821000046 -0.0028902908999999923 -0.00821136219999996 0.0054198894 0.9999470889000008
1712732413.77987 0.07703525350000043 0.0004234669000000024 1.3552368284000067 -0.0030354020999999952 -0.008039010299999916 0.005432623399999992 0.9999480007999978
1712732413.812377 0.07706082310000043 0.0005896632000000013 1.3577481270000078 -0.0032201026999999936 -0.007870678599999969 0.005392642699999994 0.9999489127999993
1712732413.838152 0.07703855550000042 0.0007417925999999963 1.360382413900004 -0.003464023699999985 -0.00768883149999997 0.0053014577999999975 0.9999497770999994
1712732413.877088 0.07700809230000054 0.0009669372000000009 1.3630303145000027 -0.003766783600000001 -0.007509706000000093 0.0051559699000000014 0.9999505399999975
1712732413.908623 0.07694220980000033 0.001096861199999999 1.3659417986999984 -0.004189577500000019 -0.007306759400000118 0.004937041599999992 0.9999510944000007
1712732413.943954 0.07682916730000038 0.0012704459000000001 1.3690252541999997 -0.004572951800000014 -0.007072383500000079 0.004643100399999977 0.9999522805000026
1712732413.973386 0.07668585240000034 0.001417869599999999 1.3721586941999988 -0.0049968192000000135 -0.006861362500000112 0.0043357945999999755 0.9999527514000022
1712732414.007839 0.07655513270000007 0.0016572662999999987 1.375385320099997 -0.005354325800000015 -0.006707131200000127 0.0040477144999999885 0.9999531269000045
1712732414.046251 0.07651249679999986 0.0017586985 1.3785792111999968 -0.005749098500000005 -0.006634614900000102 0.0037220970999999768 0.9999528289000011
1712732414.081853 0.07645790719999965 0.0017840099 1.3819442271999947 -0.006149552100000011 -0.0065533132000000546 0.003426322599999976 0.9999522984000009
1712732414.109442 0.07636203089999967 0.0018973132000000004 1.3854235648999917 -0.006556708200000006 -0.006458218400000071 0.0030907206999999824 0.9999518216000013
1712732414.141146 0.07614734019999965 0.0018893926000000006 1.3888919352999891 -0.006957987899999995 -0.006349032800000032 0.0028009481999999863 0.9999509573000068
1712732414.172905 0.07605048339999954 0.0019777232000000033 1.3924311994999925 -0.007259979200000011 -0.0062903127000000225 0.0025311531999999914 0.9999500990000059
1712732414.206752 0.07599826079999943 0.002091643600000004 1.3961168407999935 -0.007546812699999994 -0.0062282892999999005 0.0022819845999999975 0.9999490857000126
1712732414.247473 0.0758539079999995 0.0023803744000000073 1.3998051523999948 -0.007757062099999978 -0.006144130799999914 0.0020841617999999952 0.9999484300000063
1712732414.281414 0.07566360459999935 0.002552675400000004 1.403524458399994 -0.008045831699999995 -0.006100965499999944 0.001928016399999999 0.999946677600002
1712732414.316174 0.07556052659999964 0.0027653230000000027 1.4074345230999938 -0.008245719799999995 -0.006105085099999919 0.0018365014999999873 0.9999451517000069
1712732414.351253 0.07554265939999957 0.002581981600000005 1.4112445830999945 -0.008555143999999992 -0.006111536300000076 0.0017093410999999836 0.9999427378000008
1712732414.386316 0.0754570625999996 0.002314903300000004 1.415264320299991 -0.008848357299999998 -0.00608980730000006 0.0016740114999999945 0.9999404072000004
1712732414.412925 0.07545521329999971 0.002084633400000002 1.419318020299994 -0.009054157299999987 -0.006097423499999977 0.0016611715000000027 0.9999386369999967
1712732414.440602 0.07548038879999978 0.0019143117000000043 1.4234423039999968 -0.009171380399999984 -0.006086780200000063 0.0017654336999999964 0.9999375163999957
1712732414.482063 0.07554861829999951 0.0021571415000000036 1.4276494383 -0.009132658800000004 -0.006076789800000171 0.0019105538999999894 0.9999375223999891
1712732414.506503 0.07560681559999978 0.0021144339000000014 1.4318702459000008 -0.009200342700000008 -0.006040496400000173 0.0020933836999999845 0.9999366997999914
1712732414.540642 0.0756316708 0.0018314981999999979 1.4359699130000023 -0.009319042100000008 -0.006003674400000136 0.002274771699999989 0.9999354421999896
1712732414.572745 0.07573150039999987 0.001677838699999995 1.4402583003000018 -0.009337759800000022 -0.006004431200000227 0.0025171535999999996 0.9999346553999999
1712732414.609133 0.07601100519999981 0.0015695259999999988 1.4445880175000014 -0.009273843800000004 -0.006042392300000188 0.002787162600000004 0.9999342680000041
1712732414.639336 0.07619342669999973 0.0015621655000000012 1.4489925623000033 -0.009203208000000008 -0.006038654900000218 0.002980874900000008 0.9999343991000046
1712732414.683045 0.07636700879999977 0.001740634299999999 1.4536724329000037 -0.009090001700000006 -0.006010800700000196 0.003237514600000013 0.9999349295000115
1712732414.71081 0.0765906446999999 0.0019256663999999979 1.4582937360000074 -0.00897252770000001 -0.005961996400000303 0.003483098100000004 0.9999355733000129
1712732414.744323 0.07686162309999993 0.0021209821999999988 1.4628816724000047 -0.008928535800000015 -0.005936039900000268 0.0037419182999999913 0.9999352574000113
1712732414.793833 0.07716420689999985 0.002151923 1.4674730302000056 -0.008947817900000033 -0.005939185100000266 0.003942924899999989 0.999934303700013
1712732414.814377 0.0775078022999999 0.0018102981000000019 1.4721340657000042 -0.009050831000000014 -0.005970924100000196 0.004048234500000003 0.9999328315000184
1712732414.844747 0.07792768869999982 0.001718258000000006 1.476918566300003 -0.009046686500000001 -0.006038051200000183 0.004184402200000004 0.9999318838000135
1712732414.878523 0.0780487039999997 0.0019450459000000086 1.4819464326000003 -0.0089109742 -0.006020947800000264 0.004353132800000004 0.9999325514000134
1712732414.90911 0.07817559709999991 0.002062520900000009 1.4867645502000015 -0.008822957099999983 -0.0060299648000002645 0.004514542500000007 0.9999325216000102
1712732414.940624 0.07834294600000007 0.0021199486000000045 1.4916897654000025 -0.008790834099999988 -0.006066093500000136 0.0046763633000000086 0.9999317706000056
1712732414.977873 0.07891600959999998 0.0020669979000000004 1.4964231968000035 -0.008795683399999987 -0.0062346932000000525 0.004910821900000006 0.9999294520000035
1712732415.010208 0.07957344960000015 0.002184001200000002 1.5011412740000025 -0.008741666700000006 -0.006446515799999908 0.005179916000000007 0.9999270260999993
1712732415.04494 0.08005508120000009 0.0023069047000000066 1.5059521674999985 -0.008771048700000006 -0.00656516329999981 0.005372813900000018 0.9999249517999942
1712732415.074721 0.08029607620000015 0.002364869000000008 1.511009216299999 -0.008822862499999995 -0.006570638399999851 0.005490689700000018 0.9999238074000004
1712732415.112566 0.08055733520000033 0.002673774800000006 1.5160266755999998 -0.008815170999999978 -0.006592851799999799 0.005565621200000015 0.9999233484999991
1712732415.144571 0.0804426410000005 0.0033876703000000007 1.5213227390999975 -0.009125306099999975 -0.006505912599999775 0.005571340700000005 0.9999205708999966
1712732415.176926 0.08050038520000022 0.0033055661999999986 1.5261880634999954 -0.009565497899999987 -0.006444802699999741 0.005477631900000013 0.9999164760999975
1712732415.212606 0.08068576310000034 0.004139373599999996 1.530652642199999 -0.009755465799999996 -0.006456504999999701 0.0054974273000000014 0.999914532899993
1712732415.243729 0.08071645420000025 0.003475654599999997 1.5352103591000001 -0.010451892500000004 -0.006413234299999715 0.005310245200000008 0.9999074995999877
1712732415.278717 0.08080122470000006 0.0037348556000000007 1.5387991548000002 -0.010681054700000003 -0.006358323999999804 0.0051548817000000025 0.999906367099993
1712732415.31771 0.0803960539000002 0.0036076531000000024 1.5422671198999978 -0.011079491300000011 -0.0061279955999998135 0.0049204484000000106 0.9999046564999958
1712732415.339025 0.08001807400000019 0.0036215489000000016 1.5448864818000003 -0.011268512800000009 -0.0058901169999998615 0.004671880300000009 0.9999058427000023
1712732415.374887 0.07965370260000029 0.003630073 1.5469662667000024 -0.011445059200000007 -0.005692886799999819 0.004453420799999996 0.9999063971000055
1712732415.407969 0.07934957210000029 0.003707694799999997 1.5483837843000003 -0.011508385100000008 -0.005532524999999922 0.004276221300000005 0.9999075355000059
1712732415.439764 0.07907969570000013 0.003598121599999998 1.5493097782999996 -0.011608468500000014 -0.0053975860999999625 0.004166007400000016 0.9999079110000025
1712732415.474287 0.07925148820000025 0.0033037048000000013 1.5494149923999998 -0.011328228700000031 -0.00540309299999997 0.0042323783000000285 0.9999105514999996
1712732415.508552 0.07925763420000038 0.0038983421000000017 1.549397790500001 -0.010916572800000024 -0.005386771999999951 0.004345197200000017 0.999914771500005
1712732415.544093 0.07928438170000014 0.003401198400000002 1.5493029594999996 -0.010860209500000018 -0.005348559399999964 0.004325166300000016 0.9999156418000098
1712732415.579836 0.07933899450000012 0.0042509556000000035 1.5489114880999977 -0.010316070600000015 -0.0053124845999999335 0.004421606099999998 0.9999221983000097
1712732415.611777 0.07933337450000018 0.004208413500000003 1.5488468646999933 -0.010204565300000024 -0.005313238399999953 0.004453244 0.9999232116000144
1712732415.641798 0.07946911290000003 0.004567234000000001 1.5486031889999936 -0.00992074380000001 -0.005369699999999966 0.004504853899999994 0.9999259414000108
1712732415.673807 0.07950516629999989 0.0045201934 1.548577845099993 -0.009905418900000008 -0.00535695650000001 0.00447798399999999 0.999926275100006
1712732415.708827 0.07958686859999986 0.0045807615 1.5486320018999948 -0.009769060400000007 -0.0053430011000001445 0.004495373000000002 0.9999276877000056
1712732415.739553 0.07976589489999988 0.004759545400000001 1.5487711906999948 -0.00969700630000001 -0.005386837200000017 0.004534740899999989 0.9999280214999999
1712732415.775394 0.07965400729999991 0.004854272200000001 1.5491917133999948 -0.009683576300000007 -0.005326850299999996 0.004444179599999987 0.9999287963000029
1712732415.808579 0.07937833799999972 0.004754277800000001 1.5498418569999957 -0.009754596400000004 -0.005208142000000038 0.004262557399999989 0.9999294459999988
1712732415.847446 0.07899976509999966 0.0045028127 1.5504609466999966 -0.00983116100000001 -0.005043189700000106 0.004056419 0.9999303519999898
1712732415.879276 0.07880959799999979 0.0041715701999999995 1.5510160208999992 -0.009869634800000027 -0.0049309634000001875 0.003894539000000008 0.9999311625999894
1712732415.912908 0.07872481039999997 0.003995301899999998 1.5515346050999994 -0.00980611560000002 -0.004837149000000096 0.00374673860000001 0.9999327420999975
1712732415.945444 0.07857500980000012 0.003873921599999999 1.5522396804000038 -0.00975285830000001 -0.004698896500000061 0.0036008089000000077 0.9999345361999872
1712732415.979682 0.07834261650000016 0.0037150611 1.553133809600007 -0.00971694070000002 -0.0045272224000001415 0.0034378659000000146 0.9999362885999858
1712732416.011951 0.07810961600000041 0.0036916914999999993 1.5542844177000064 -0.00962281690000002 -0.004417220300000047 0.0033382997000000135 0.9999380826999869
1712732416.043411 0.0779066548000003 0.003723438699999998 1.5554897905000018 -0.009551085700000007 -0.004349918499999994 0.0032535234000000022 0.9999393998999835
1712732416.080731 0.07778193730000034 0.003611351899999998 1.5566732169000033 -0.00951522950000001 -0.004310475900000022 0.003117814600000002 0.9999404488999858
1712732416.109873 0.07765034660000047 0.003618810999999997 1.5579375983000034 -0.009414521100000007 -0.004304626000000056 0.003062086900000005 0.9999415873999851
1712732416.145805 0.07769114380000061 0.003696476899999998 1.559280741300006 -0.00926020810000001 -0.00434902250000011 0.0030293815000000056 0.9999429164999925
1712732416.176157 0.07763797790000063 0.0037305459999999986 1.560865616800004 -0.009104633500000014 -0.0043777297000000106 0.003017329099999988 0.9999442575999978
1712732416.211375 0.0774751209000005 0.0039252279 1.5625913738999997 -0.008873996399999995 -0.004381559900000021 0.0029630985999999915 0.999946462999992
1712732416.24755 0.07740967420000047 0.004002229700000001 1.5642433881999978 -0.0087445314 -0.0044030035000000465 0.0029227121999999993 0.9999475716999882
1712732416.27847 0.07725400700000015 0.0040970591 1.5661902189999979 -0.008600746900000011 -0.004375107200000094 0.002927866899999998 0.9999489067999889
1712732416.313983 0.07714448800000007 0.004327062600000001 1.5682109714999968 -0.008415964100000006 -0.0043730923000000034 0.0029480750999999914 0.9999504743999864
1712732416.343675 0.07717896780000011 0.004470987800000001 1.5701248884999983 -0.008319228499999998 -0.004421427500000163 0.0029594118999999976 0.9999510644999873
1712732416.379366 0.0770625852000002 0.004519152400000001 1.5722739219999995 -0.008229664699999995 -0.004443594600000189 0.002921805000000011 0.999951845399994
1712732416.410352 0.07692419510000015 0.004453405200000001 1.5746155500999977 -0.0081473028 -0.004455571900000166 0.002867149300000027 0.9999526679999917
1712732416.443743 0.07692562420000008 0.004386014700000001 1.5769159197999953 -0.008063795600000012 -0.004471095300000094 0.0028113662000000205 0.9999534428999937
1712732416.480752 0.07684790789999987 0.0043385729 1.5792633175999924 -0.008003716799999982 -0.004480752999999993 0.002791062700000002 0.9999539376999905
1712732416.520225 0.07679843459999987 0.004272460699999999 1.5816817998999966 -0.007967922199999955 -0.004497929000000056 0.0027745153000000135 0.9999541939999859
1712732416.546099 0.07680846680000002 0.0041181557999999995 1.5841666341000007 -0.007984118799999985 -0.004534875299999896 0.0027173419000000145 0.9999540329999832
1712732416.574541 0.07683947759999973 0.003986470399999999 1.5868328691000044 -0.007963585899999969 -0.0046130511999999515 0.0027078207000000186 0.9999538362999829
1712732416.610173 0.07685484369999998 0.003660767399999998 1.5893994808000003 -0.007913730699999988 -0.004695003299999989 0.002554358400000023 0.9999541998999917
1712732416.644951 0.07702963499999989 0.003403461099999998 1.5918770908999988 -0.007761206699999979 -0.0048100027000000265 0.00244134960000002 0.9999550105999901
1712732416.6773 0.07700214749999965 0.003175182299999997 1.5945660828999961 -0.007537708199999993 -0.004857583399999932 0.002269712800000012 0.9999567629999888
1712732416.710705 0.07713740839999979 0.003014047199999997 1.5972270607999974 -0.0072373623000000055 -0.004915599699999973 0.002050982000000001 0.9999588967999898
1712732416.74406 0.07708777119999972 0.0029961998999999974 1.6000224709000008 -0.0068548147000000005 -0.004899455800000041 0.0018992805999999973 0.9999617100999899
1712732416.776778 0.0771786249999998 0.0027771805999999982 1.602874493600001 -0.006460966800000012 -0.004940946800000035 0.0017244969000000054 0.9999641120999854
1712732416.812519 0.07712523709999992 0.0026359309999999985 1.6057185054000058 -0.005989268900000022 -0.004914590000000096 0.0014617490000000232 0.9999671935999913
1712732416.844898 0.07719681849999986 0.0025425588999999985 1.6085255743000004 -0.005501709300000046 -0.004969806500000118 0.00119330630000003 0.9999700128999962
1712732416.876611 0.07719040729999982 0.0024709493999999985 1.6115350605000003 -0.005018183800000031 -0.005008761500000247 0.0010102801000000162 0.9999727129999997
1712732416.911572 0.07700985889999998 0.0024458202999999993 1.6145828247999987 -0.004563226100000062 -0.004997793800000316 0.0008355652000000102 0.999975442899995
1712732416.941829 0.0769331440000002 0.0026413641999999994 1.6177478194999992 -0.004122637300000021 -0.0050268079000002075 0.0008179563999999972 0.9999776005999934
1712732416.980407 0.07675590890000024 0.0027603669999999997 1.6210746527000026 -0.0038064283000000198 -0.0050722517000002295 0.0008025905 0.9999788641999998
1712732417.007183 0.07667356510000048 0.0028846805000000003 1.6244544030000043 -0.0035348894000000186 -0.005122420500000224 0.0008209633999999965 0.9999798297999973
1712732417.04746 0.07664726230000056 0.0030537581000000006 1.6278328896000063 -0.003359688000000016 -0.00518449950000015 0.0009651899999999936 0.9999799966999945
1712732417.077869 0.07671309480000091 0.003091358000000001 1.6312774659000069 -0.0032676599000000194 -0.005258766600000087 0.0011001635999999815 0.9999797582999918
1712732417.112854 0.07671774920000089 0.003192849500000001 1.6347287536000068 -0.003146658999999996 -0.00532055480000011 0.0012797208999999698 0.9999795675999963
1712732417.146258 0.07684231920000109 0.0031564255000000015 1.6383601069000064 -0.003064994700000012 -0.005407667800000127 0.0015529700999999507 0.9999789596999904
1712732417.177336 0.07683364000000097 0.002997469300000001 1.642116343900011 -0.002981635100000002 -0.00539383820000019 0.0018374498999999434 0.999978858299994
1712732417.211833 0.07695456890000081 0.0028956497000000012 1.645761525600011 -0.002790612899999978 -0.005406560300000152 0.002120717499999958 0.9999787509999919
1712732417.244086 0.077046029300001 0.0028140933000000007 1.6494665622000126 -0.0025498963999999623 -0.005374955799999981 0.002313589399999949 0.999979013199993
1712732417.279969 0.07720723300000074 0.002631904900000001 1.6532073974000128 -0.0023438558999999692 -0.005332968699999973 0.002437698099999963 0.9999793707999857
1712732417.308187 0.0775633268000007 0.002534237200000001 1.6570050239000125 -0.002045849399999966 -0.00530087530000003 0.002571836599999977 0.9999797283999783
1712732417.341521 0.07780476890000046 0.0024958442000000006 1.6609554171000127 -0.0017098340999999629 -0.005249007499999969 0.002713143699999976 0.9999802349999868
1712732417.381156 0.07786811150000048 0.0023205992000000005 1.6649841070000093 -0.0013139872999999636 -0.005170929600000029 0.002752385899999976 0.9999810753999896
1712732417.412946 0.07799588009999994 0.0022428880000000006 1.6688567757000043 -0.0008858949999999588 -0.0051478005000001655 0.0027528200999999753 0.9999818144999949
1712732417.450863 0.0781001554999996 0.0021919882000000003 1.6727181315000053 -0.0006073255999999638 -0.0050800638000001895 0.0027783178999999823 0.9999824700999966
1712732417.481723 0.07819232139999954 0.0022758066 1.6766498685000044 -0.0003526465999999395 -0.004990494900000186 0.0027450358999999923 0.999983268799997
1712732417.512831 0.07834173979999974 0.0024497615 1.6805946827000013 -0.00018786579999994225 -0.004911765600000173 0.002683063200000002 0.9999840376999941
1712732417.541971 0.0784365514000001 0.0026775741 1.6846981763999964 -0.00016723849999995545 -0.004822187300000102 0.0025476252999999892 0.9999848066000027
1712732417.581115 0.07851088509999968 0.0026694749 1.6889652490999936 -0.00026087029999994905 -0.004728030000000239 0.002407185299999992 0.9999853848000043
1712732417.616408 0.07839257809999936 0.0026369137 1.6932678222999926 -0.0002954159999999817 -0.004608005100000234 0.0022334607999999977 0.9999861835000047
1712732417.644419 0.07810076859999952 0.0024595389999999997 1.6976399421999873 -0.0003347944999999797 -0.004477069900000075 0.0020411569999999823 0.9999871551000069
1712732417.682072 0.07789712779999931 0.002227634 1.70196160079999 -0.0002750180999999685 -0.004404730000000079 0.0018503566999999777 0.9999878763999959
1712732417.709032 0.07783714609999919 0.0020595333 1.7062750100999893 -0.00017168129999998172 -0.004365236199999956 0.0017061381999999847 0.9999882399999933
1712732417.748896 0.07772584779999932 0.0019220679999999997 1.7107604384999888 -3.20813999999725e-05 -0.0042894565999999305 0.0016085268999999958 0.9999886035999908
1712732417.781212 0.07763798009999974 0.0018297489999999999 1.7153645396999877 0.0002159434000000182 -0.004238586999999861 0.0015098998999999891 0.9999887347999902
1712732417.817771 0.07761373969999993 0.0015969479 1.7198419332999832 0.000433553100000017 -0.004206937599999882 0.0014139141999999882 0.9999887764999926
1712732417.848697 0.07762937700000024 0.0014597834 1.7243566870999871 0.000750611499999998 -0.004222452299999802 0.00137585579999997 0.9999885022999934
1712732417.883282 0.07756589279999986 0.0011779685 1.728851103799991 0.0011398004000000128 -0.004225191499999781 0.0013945288999999805 0.9999880969999936
1712732417.916758 0.07760649770000043 0.0009964619 1.733343887299992 0.0015709425999999916 -0.004271115899999778 0.00147165199999999 0.9999875128999974
1712732417.941168 0.07768857630000099 0.0008116321999999999 1.7378663300999961 0.0019680394999999963 -0.004310729099999832 0.0016239013999999718 0.9999868096
1712732417.979304 0.07791306160000104 0.0007473285999999999 1.7422596096999996 0.0023415435999999622 -0.00439898809999999 0.0018913207999999848 0.999985295600004
1712732418.009903 0.07809862280000104 0.0006987644 1.746674382699996 0.002552202099999956 -0.0044198795000001566 0.0021777496999999977 0.999984127300013
1712732418.043544 0.07829113020000093 0.0006351279 1.7512454747999981 0.002627839399999976 -0.0044195483000002865 0.002470967699999993 0.9999831677000088
1712732418.077596 0.0785028705000009 0.0005117927999999999 1.7558039544999986 0.002674490099999982 -0.00439622150000023 0.00276152489999999 0.9999823154000069
1712732418.114911 0.07885011300000073 0.0007007045 1.760181963299999 0.002676457699999979 -0.004387183500000269 0.003063013399999992 0.9999813736000078
1712732418.151995 0.0789913059000007 0.00101127 1.7646216511000035 0.001961291699999945 -0.004278422100000156 0.0033276305000000004 0.9999801934000061
1712732418.179457 0.07900632480000028 0.0003753 1.7689974783999958 0.0010435452999999484 -0.004075166800000219 0.0035148185000000165 0.9999784351000016
1712732418.216896 0.07908938240000012 -1.9004399999999946e-05 1.7725996373999977 0.0005222699999999136 -0.0038851165000002297 0.0037210706000000205 0.9999786198999914
1712732418.245513 0.07922319999999985 -0.00020268149999999995 1.7755728840000018 0.00025600319999994345 -0.0037510273000002313 0.0039559359000000075 0.9999787390999927
1712732418.277456 0.07934075149999983 -0.00022541709999999993 1.7778973102000009 7.249309999997066e-05 -0.003638381500000243 0.004164730500000014 0.9999787390999927
1712732418.308638 0.07942844859999951 -0.00045253839999999986 1.7798340201000031 -0.00017917620000003077 -0.0034926281000002392 0.004226322400000005 0.9999795913999947
1712732418.341742 0.07944299659999957 -0.0005926268999999999 1.7811828374000016 -0.0002863643000000415 -0.003313158900000168 0.004291593599999999 0.9999802231999866
1712732418.376621 0.0793520830999995 -0.0007309739999999999 1.7818930625000065 -0.0002686043000000637 -0.003116430100000045 0.004305330400000007 0.9999808251999867
1712732418.417114 0.07932366509999937 -0.0006492915999999997 1.7820856809000134 -0.0002550120000000877 -0.0030121058000000646 0.0043161015999999995 0.9999811231999957
1712732418.445512 0.07911157019999919 -0.0011181757 1.7821110486000122 -0.00040102090000009304 -0.002847302900000059 0.0042406991 0.9999822854999934
1712732418.479737 0.0790785581999991 -0.0015501736 1.781769978900013 0.000229836599999933 -0.00277861200000018 0.004253758899999993 0.9999834119999946
1712732418.513237 0.07907394929999896 -0.0011154525 1.7810730695000188 0.0010186751999999633 -0.0027521889000000853 0.004302778099999993 0.9999854325999991
1712732418.549284 0.07905926269999952 -0.0008269762 1.7806881189000137 0.001384421499999977 -0.0027459127000001972 0.004338846299999988 0.9999854862000006
1712732418.595136 0.07898957449999955 -0.0007409971 1.7803840875000105 0.0015044587999999415 -0.0027005809000002047 0.004332682399999998 0.9999855517000015
1712732418.612651 0.07891631589999903 -0.0008166065000000001 1.7802113056000053 0.001532086699999935 -0.002637177000000257 0.0042666380000000005 0.9999859689000005
1712732418.647098 0.07876044899999926 -0.0006675305 1.780113661200005 0.0016132239999999687 -0.0025464418000002097 0.004257829199999996 0.9999861834999934
1712732418.6843 0.0786948167999995 -0.0006258639 1.7800817966000069 0.0015865296999999945 -0.0025024811000001535 0.004237860999999987 0.9999864338999942
1712732418.714763 0.07872122459999957 -0.0004912006999999999 1.7800435781000032 0.0015408246000000237 -0.0025019076000001306 0.004265713499999979 0.9999864160000016
1712732418.74852 0.07862243209999989 -0.0005372604 1.7800756215999969 0.0014699920000000421 -0.0024309352000001284 0.004267509999999986 0.9999867735999942
1712732418.779651 0.07856772239999969 -0.00046606339999999993 1.7800484299999995 0.0015025584000000424 -0.0024085856000001017 0.004305932699999992 0.9999866245999897
1712732418.811368 0.07842542149999972 -0.0004412053999999999 1.7799863933999973 0.001515619300000015 -0.0023703643999999358 0.004302533799999985 0.9999867080999933
1712732418.846936 0.07847110769999972 -0.00030511989999999984 1.7798303007999947 0.0015798266000000005 -0.0024246715000000307 0.004339542399999985 0.999986326599992
1712732418.884438 0.07858407939999949 8.468940000000017e-05 1.779664075300002 0.0015776546000000114 -0.0025291628999999814 0.0043859976999999885 0.9999858140000015
1712732418.916204 0.07862878059999971 -1.2987499999999804e-05 1.7793668746999969 0.0013242325000000221 -0.0025524093999999666 0.00435781449999999 0.9999858855999946
1712732418.947877 0.07865227899999994 -3.24205999999997e-05 1.778872108400003 0.0012150140000000142 -0.002543343299999812 0.004368101899999988 0.9999859333000017
1712732418.97735 0.07867829560000032 -4.615509999999976e-05 1.7780522108000014 0.001141933400000017 -0.002575331199999731 0.004389259000000001 0.9999858380000092
1712732419.013281 0.07867961440000001 3.782610000000013e-05 1.776996254900007 0.0011292183000000122 -0.002683369799999724 0.0043251857 0.9999857962000078
1712732419.044634 0.0787302136000001 8.759460000000007e-05 1.7757709026000044 0.0010661611000000182 -0.0028174809999997664 0.004241950600000011 0.9999858259999996
1712732419.080905 0.0787645071 0.00011076420000000007 1.7744000553000092 0.0010265994000000056 -0.0029351808999997786 0.004163346500000009 0.9999858618000076
1712732419.113396 0.0788444921 0.00015687849999999995 1.7726462602000084 0.0010405696000000298 -0.0030974480999997668 0.004054042400000002 0.9999857426000176
1712732419.146292 0.07877855899999986 0.00016185919999999986 1.7705584287000078 0.0010621581000000546 -0.0032330052999999027 0.003903064199999995 0.9999858618000076
1712732419.178527 0.07870035020000046 0.00018008729999999988 1.768287599000007 0.0010831790000000562 -0.0033729279999999305 0.0037222091000000067 0.9999860168000054
1712732419.217626 0.07864739440000008 -0.00011351160000000011 1.7656419396000047 0.0011545316000000304 -0.0034931388999998704 0.0034815447000000168 0.9999862731000008
1712732419.246995 0.07862419629999948 0.0001292905999999999 1.7628769516000034 0.0014729126000000204 -0.0036484921999997864 0.0032725290000000127 0.9999862312999994
1712732419.286908 0.07858889549999973 0.00034996669999999986 1.760067093300006 0.0016489792000000225 -0.003809497099999959 0.003031406800000025 0.9999862372999928
1712732419.314585 0.07869699969999928 0.0005452926999999999 1.7571451663000062 0.0017560576000000161 -0.0039825090000000785 0.002758079900000032 0.999986290899983
1712732419.351282 0.07872746209999945 0.0007304741 1.7542236207999964 0.0017661801000000033 -0.0040551706000000465 0.00253878520000006 0.999986571099987
1712732419.380935 0.07870908599999922 0.0007312549999999999 1.7512430310000013 0.001704821199999973 -0.0040697061000001256 0.00229294140000007 0.9999872207999942
1712732419.4111 0.07864849569999918 0.0008313585999999999 1.748168766499998 0.0016875738999999612 -0.004075630500000038 0.0020440506000000804 0.9999878406999869
1712732419.444653 0.07865247279999962 0.0010002287 1.7450583338 0.0016723963999999646 -0.004069359300000031 0.0018721848000000652 0.9999883055999816
1712732419.477738 0.0787787220999995 0.0012203626000000002 1.7418210506000036 0.0016763633999999695 -0.004115907699999965 0.0017484700000000685 0.9999883949999913
1712732419.513995 0.07883114069999948 0.0014645227 1.7384957671000052 0.001658246299999977 -0.004158181999999932 0.0016122187000000565 0.9999885320999965
1712732419.545704 0.07861979380000009 0.0015849754 1.7353620170999988 0.00152351770000001 -0.0040879328000000825 0.0014876062000000357 0.9999892294999995
1712732419.581271 0.07854379040000055 0.0018154128000000002 1.7322280883000076 0.0013940930000000407 -0.0040822888000001 0.0014056534000000287 0.9999895454000012
1712732419.61854 0.07854337980000067 0.0019904701 1.729075229099999 0.0011615790000000458 -0.004067714800000033 0.0013579531000000422 0.9999898195000014
1712732419.655602 0.0783376820000008 0.0020389225 1.7260822534 0.0008817239000000309 -0.003944942899999937 0.0013040911000000489 0.9999904990000118
1712732419.680892 0.07821294140000105 0.0022228641 1.7231751322000037 0.0006760386000000285 -0.0038347243000000477 0.0012932269000000217 0.9999909997000145
1712732419.720531 0.0781052164000009 0.0024074876999999996 1.720350229600001 0.0004348578000000547 -0.0037402771000000002 0.001294210799999984 0.999991267900009
1712732419.750714 0.07821954110000107 0.0025054861 1.7175324199999977 0.00011447550000007745 -0.0036879709000000815 0.0013303925999999856 0.9999913334000098
1712732419.783003 0.07811493650000116 0.0025920205999999998 1.7150326489000007 -0.00020593919999991605 -0.003530600200000045 0.00133167059999999 0.999991762600007
1712732419.811357 0.07805502120000156 0.0026427716999999997 1.712754130199994 -0.0005730946999999098 -0.0033576533999999823 0.0013695444000000113 0.9999922632999982
1712732419.849135 0.07799461260000129 0.0025682468999999996 1.710648202699997 -0.0009449765999999027 -0.0031471316999999387 0.0014726179000000173 0.9999927818999936
1712732419.877942 0.07808884680000076 0.0026742358 1.7085083124999982 -0.0012309975999999167 -0.0029789840999997707 0.0015906871000000323 0.9999928712999917
1712732419.914254 0.07818555610000075 0.0025706844 1.7064337489999957 -0.0015396300999999113 -0.002777738499999849 0.0017413183000000386 0.9999929666999947
1712732419.94575 0.07818514110000052 0.002539473 1.7044488666999995 -0.0017008409999998975 -0.0025938282999998564 0.0018592577000000165 0.9999930800000015
1712732419.981325 0.07829977650000046 0.0025139543 1.7024217842999974 -0.0018029526999999046 -0.0024894890999998865 0.002011113799999986 0.9999929368999915
1712732420.023216 0.07848714590000014 0.0023969826000000004 1.7002913593000017 -0.0018859963999998896 -0.0024316955999998057 0.002158197500000014 0.9999926864999906
1712732420.05497 0.07851571220000012 0.0023885570000000004 1.6981927752000048 -0.0018867195999999087 -0.002337619699999749 0.0023315302000000314 0.9999925493999967
1712732420.08941 0.07847151309999986 0.0024811911000000002 1.696096503700005 -0.0018064142999999256 -0.002265825999999649 0.002466834100000037 0.9999925554000015
1712732420.120782 0.07851895689999963 0.0025696155 1.6938067673999968 -0.001750438599999926 -0.002258993999999781 0.002593184100000068 0.9999923765000063
1712732420.149167 0.0785980663999993 0.0025604634 1.6914630532000046 -0.0017359320999999373 -0.0022645424999998554 0.0026742357000000714 0.9999921977000099
1712732420.180917 0.07862520739999965 0.0025418496 1.6889906644000008 -0.0016960361999999395 -0.0022436908999999617 0.002743180900000075 0.9999921202000109
1712732420.217158 0.07864246070000007 0.0025254309999999994 1.6864569544000005 -0.0016010685999999553 -0.002221751999999988 0.002810372200000044 0.9999921560000076
1712732420.244283 0.07862742319999967 0.0025914078 1.6838640450999947 -0.0014987978999999817 -0.0022225746999998464 0.002837353800000031 0.9999922752000089
1712732420.278162 0.07868468019999923 0.0026587701 1.6812227366999992 -0.0014437990999999872 -0.0022261962999998277 0.002891354000000046 0.9999922275000017
1712732420.311741 0.07868503029999943 0.0028145932 1.678622150199999 -0.0014089196999999664 -0.0022025107999997574 0.0029391654000000766 0.9999922037000033
1712732420.349192 0.07849999439999991 0.0029192632999999997 1.6759589669999968 -0.0014401975999999816 -0.002126244099999752 0.0029319851000000783 0.9999923407999972
1712732420.38278 0.0785205967000003 0.0030914214999999993 1.6732546207999917 -0.0014899540999999683 -0.002136415699999894 0.002936416500000094 0.9999922156999901
1712732420.412002 0.07847926390000026 0.003046950299999999 1.670566570599999 -0.0017081710999999444 -0.0021176399999999875 0.0029503592000000634 0.9999917626999831
1712732420.450333 0.07834888170000057 0.0031346307999999988 1.6678332208000028 -0.0018891288999999477 -0.0020753892999998413 0.002963111700000054 0.9999914289999765
1712732420.48341 0.07824507870000019 0.003231803399999999 1.6649550078999937 -0.002077274899999937 -0.002067491499999896 0.002981384900000039 0.9999909222999804
1712732420.511402 0.07820218649999973 0.0034218611999999996 1.6620340585000009 -0.0023040068999999443 -0.0021091610999997455 0.00295152540000001 0.9999903321999796
1712732420.548446 0.07815839649999959 0.003434671999999999 1.659126234000007 -0.002648670899999939 -0.002166560899999759 0.002886370700000018 0.9999893486999781
1712732420.586072 0.07809052619999975 0.0035904763999999993 1.6562219142000116 -0.0029392901999999222 -0.0022129473999997983 0.0028257346000000183 0.9999885738999751
1712732420.618253 0.07792917200000034 0.003592556799999999 1.6533286690000069 -0.003257718399999954 -0.0022431700999998583 0.0027515265999999983 0.9999876917999814
1712732420.648359 0.07774675430000003 0.0036720174999999994 1.6503145575000076 -0.0035239767999999836 -0.002284316199999914 0.0026114402999999784 0.9999871493999877
1712732420.694496 0.0775792495999994 0.0036853317 1.6474438309000106 -0.003816888999999968 -0.0023461463000000295 0.0024758162999999555 0.999986356699992
1712732420.715036 0.0773708434999996 0.0034944574000000004 1.6444130301000086 -0.00410787349999997 -0.002364090799999907 0.002251540099999927 0.9999857605999978
1712732420.744853 0.0771254116999998 0.003535334100000001 1.6412344693000023 -0.004203177299999972 -0.002324503099999831 0.0019961606999999494 0.9999859572999981
1712732420.782149 0.07703926359999969 0.0033336389000000006 1.6379870056000072 -0.0043468971999999885 -0.0023461235999999277 0.001758797299999948 0.9999857904000009
1712732420.812217 0.07696911419999992 0.0033029555000000017 1.634793960900015 -0.004399019000000015 -0.0023610734999998328 0.001522457199999927 0.9999859691999973
1712732420.845525 0.07681446839999992 0.003301976900000002 1.6316593526000134 -0.0044105025000000355 -0.002314355299999882 0.0013313185999999533 0.9999863805000018
1712732420.879261 0.07679226269999972 0.003549933800000002 1.6283739088000062 -0.004316474800000014 -0.002267602099999877 0.0012429259999999775 0.9999870540000074
1712732420.915223 0.07669621129999982 0.003617509200000002 1.6251621125000042 -0.004377694300000012 -0.002175066399999892 0.0011903569999999863 0.9999870778000058
1712732420.949585 0.07671236339999936 0.0038987561000000033 1.6219379185000093 -0.004501871099999999 -0.002136833099999791 0.0011795527999999944 0.9999865115000034
1712732420.987233 0.0767871827999997 0.003977492700000003 1.6186628340000084 -0.004793400699999983 -0.002086989299999864 0.0012480465999999968 0.9999848007999959
1712732421.01381 0.07694447800000007 0.004175200500000002 1.615291976800006 -0.00507551369999999 -0.002038624999999783 0.0013501782000000073 0.9999829648999935
1712732421.047094 0.07700828770000001 0.0044165508 1.6118926881000106 -0.005416247199999979 -0.0019686224999997393 0.0015004836000000132 0.9999806045999889
1712732421.080264 0.07705476880000006 0.0041657661 1.6086160897000128 -0.005871964799999985 -0.00195353239999978 0.0016886856000000172 0.9999774335999974
1712732421.114802 0.07703705429999985 0.004050922500000001 1.605306088800012 -0.005893830200000005 -0.001929910899999676 0.0018882386000000028 0.9999770639999952
1712732421.148847 0.07717892300000032 0.0040429551000000005 1.602175736300012 -0.005946629899999989 -0.001979645099999772 0.002124432200000026 0.9999763129999906
1712732421.187213 0.07737356420000055 0.004261894099999999 1.599347388600006 -0.0060389385999999766 -0.002036117199999765 0.0022939658999999945 0.9999754903999815
1712732421.213347 0.07737989050000067 0.0040980726 1.5970597981000083 -0.00636213269999999 -0.0020744251999998296 0.002391814299999995 0.9999734757999817
1712732421.252003 0.07734379390000043 0.004082051499999998 1.5951941847000057 -0.00659248429999999 -0.0021414411999998604 0.002492155000000018 0.9999717174999887
1712732421.284391 0.07731135700000066 0.004012267099999997 1.5938446998000018 -0.006815119099999966 -0.0021916036999998665 0.0025285510000000234 0.9999699531999908
1712732421.316613 0.07725409340000056 0.004221423999999996 1.5929201126000065 -0.0069294404999999505 -0.0022088529999997773 0.0025237143000000017 0.999969041299994
1712732421.351804 0.07734729050000055 0.004057839899999996 1.5922207832000026 -0.007149000199999955 -0.002263394999999768 0.0025689610999999777 0.9999668896000002
1712732421.383157 0.07741781700000061 0.003974853099999997 1.591875505400003 -0.007157610899999956 -0.002321783299999858 0.0025948102000000082 0.999966633300005
1712732421.416156 0.07748544820000021 0.0042334506999999995 1.5917103408999993 -0.0071406715999999815 -0.002369300499999838 0.0026108958000000014 0.9999666511999976
1712732421.446543 0.07743617450000002 0.004424485299999998 1.5920492052999975 -0.007520726899999941 -0.0023617166999999385 0.0026029290999999956 0.9999641717000032
1712732421.48561 0.07730974189999955 0.004447806399999999 1.5925262808999947 -0.007899146099999931 -0.002309822499999825 0.002576294200000007 0.9999619544000098
1712732421.52008 0.07725640169999934 0.00419524 1.5928971290999925 -0.008246523199999922 -0.0023050130999997974 0.0025888868000000453 0.9999596835000147
1712732421.546528 0.07720699609999926 0.0043181783 1.593286788499995 -0.008364133599999945 -0.0022862074999997263 0.00262650170000005 0.9999587417000158
1712732421.582362 0.07727396789999971 0.004286210500000001 1.5933765291999975 -0.008480583399999953 -0.0022798702999997644 0.002611146100000017 0.9999578953000082
1712732421.611536 0.07742395329999993 0.004201397400000001 1.593096208499992 -0.008518442199999976 -0.002292842399999806 0.0026640100999999914 0.9999574125000095
1712732421.651479 0.07741513029999965 0.004031261600000002 1.592863428499993 -0.00856713029999998 -0.0022868283999997628 0.002686371600000026 0.9999569535000091
1712732421.685399 0.07725833359999967 0.004163724600000002 1.5925708531999931 -0.00849393169999999 -0.002224726099999863 0.0026440392000000477 0.9999578953000082
1712732421.713608 0.0771541066999994 0.0042649985000000005 1.5923064708999959 -0.00855588140000001 -0.002178417499999874 0.0026652500000000413 0.9999573946000055
1712732421.751042 0.07721844169999983 0.004261684199999999 1.5919310688999986 -0.008629814599999985 -0.0021745546000000006 0.002680444800000048 0.9999567032000073
1712732421.783485 0.07730267130000001 0.0045041986 1.5914730309999983 -0.008622533300000023 -0.002149875599999973 0.0027291785000000514 0.999956673400004
1712732421.812796 0.07730507110000033 0.004642541499999997 1.590822923099995 -0.008656228400000021 -0.0020888925999999588 0.0027401455000000572 0.9999564767000038
1712732421.847462 0.07723194370000072 0.004728628599999998 1.5902253985000017 -0.00873881910000005 -0.0020080252999999716 0.0027527695000000296 0.9999559045000069
1712732421.882441 0.07715926930000094 0.004663722 1.5891812801000014 -0.008827059900000035 -0.0019234103000000502 0.0027124211999999927 0.9999554097999976
1712732421.915665 0.07709385620000049 0.004683462000000002 1.5881034136000038 -0.008884280900000041 -0.001846012700000088 0.002715728900000025 0.9999550522000049
1712732421.944459 0.07696374150000054 0.0046946031 1.5869500876000076 -0.008931963200000049 -0.001768517800000069 0.002724833200000054 0.9999547660999951
1712732421.986316 0.07697532490000043 0.0046256905000000015 1.5856583 -0.008938749500000042 -0.001742880300000138 0.002754884400000046 0.9999546708000026
1712732422.018951 0.0770052874000001 0.0045476788000000015 1.5843471647 -0.008930016200000024 -0.0017473775000000913 0.002808721900000055 0.9999545872999989
1712732422.047155 0.07704577310000005 0.004553960600000001 1.5828899503000002 -0.008942386100000022 -0.0017397147000000502 0.0028135151000000303 0.9999544799999966
1712732422.082735 0.07698536460000013 0.004654139800000001 1.581500887900006 -0.008979904700000008 -0.0017094009999999217 0.002833279000000033 0.9999541282999985
1712732422.115888 0.07700317740000032 0.0045741160000000005 1.5799281478000011 -0.009069915099999992 -0.0017132953999999146 0.002823171400000035 0.9999533533999966
1712732422.158272 0.07700810750000002 0.004522433300000001 1.578337991300009 -0.0091394003 -0.0017262369999999194 0.0028262017999999946 0.9999526977999948
1712732422.184859 0.07699513230000007 0.0044925726 1.5766565204000016 -0.009178459199999978 -0.0017316401000000425 0.002844876499999982 0.9999522685999864
1712732422.215461 0.07706105800000032 0.004646572299999996 1.5751043201000017 -0.009166843199999964 -0.0017741047999999537 0.002956740300000016 0.9999519705999887
1712732422.254356 0.07702840060000042 0.0046153542999999965 1.573459041199999 -0.009250402899999965 -0.001793075099999797 0.0030449727999999785 0.9999508856999796
1712732422.283398 0.07701896969999993 0.004786084599999995 1.571831846300006 -0.009300672099999963 -0.0018330674999997854 0.0031009841999999565 0.9999501584999848
1712732422.31536 0.0769771757000001 0.004876288699999992 1.5700743676000115 -0.00939529419999996 -0.001866500999999765 0.003161947599999948 0.9999490080999749
1712732422.347804 0.07687914240000068 0.004971222399999991 1.5682395936000149 -0.00946903269999999 -0.0018627743999998004 0.0031931464999999104 0.9999482272999785
1712732422.381268 0.0767535338000009 0.005019926299999994 1.5663769961000071 -0.009515984399999988 -0.001858736599999844 0.003253572499999935 0.9999475954999866
1712732422.419834 0.07669357670000068 0.0052394137999999925 1.5644245625000053 -0.009470522400000014 -0.0018878987999999097 0.0033178742999999235 0.9999477563999903
1712732422.462459 0.07663486100000086 0.0054262763999999904 1.5622889281000085 -0.009488147500000021 -0.0019362727999999052 0.0033786481999999118 0.9999473033999948
1712732422.484148 0.07656720820000089 0.005445790499999992 1.5601528168000072 -0.009540752600000025 -0.001957767100000041 0.003477195999999916 0.9999464390999947
1712732422.514992 0.0764392229000002 0.005588678699999988 1.5578916192000178 -0.009502769500000018 -0.0019289595000000048 0.003562133899999953 0.9999465463999968
1712732422.548732 0.07637494969999992 0.005525720399999989 1.5555991054000173 -0.009527287900000037 -0.001919557500000124 0.003622270599999933 0.9999461172999986
1712732422.582878 0.07630270140000021 0.005696123199999986 1.553257358100018 -0.009434373000000029 -0.0018963251000002402 0.0037431845999999604 0.9999465227000087
1712732422.614002 0.07621868340000049 0.005706440699999987 1.5507536769000125 -0.009360391300000038 -0.0018634941000001959 0.0038851918999999848 0.9999466658000074
1712732422.645352 0.07603937400000049 0.005886225799999989 1.5481295705000093 -0.00924967480000003 -0.0018256327000001349 0.0040557551000000025 0.9999470294000161
1712732422.685315 0.07600205330000023 0.006012981699999992 1.5456245541000044 -0.009241506300000025 -0.0018736106000000418 0.004250995900000021 0.9999461532000169
1712732422.716624 0.07596901739999992 0.006016973199999992 1.5429797888000052 -0.00926504570000004 -0.0019373364999999865 0.004437498400000006 0.999944961100016
1712732422.74643 0.07590291360000023 0.005982042099999996 1.540288591400008 -0.009292557100000032 -0.0019798200000000323 0.004631106000000029 0.9999437273000126
1712732422.78271 0.07583561840000001 0.005887922799999995 1.537568581100004 -0.009273357800000026 -0.002043094300000092 0.004840021900000035 0.9999428094000109
1712732422.812899 0.07567387670000017 0.005987000499999995 1.534735238600001 -0.00920375920000005 -0.002091196000000117 0.004978760800000037 0.999942749800016
1712732422.852344 0.07558776140000063 0.0058998681999999966 1.5317838073999952 -0.009239009300000055 -0.0021896502000000595 0.005098497000000002 0.9999416888000155
1712732422.881255 0.07559789720000083 0.00584345 1.5287103534999915 -0.009279860200000068 -0.002344161699999958 0.005193513800000016 0.9999404728000172
1712732422.918586 0.07545605680000093 0.005767663100000003 1.5257145762999926 -0.009291807000000051 -0.002472293800000003 0.005209954100000002 0.9999400078000121
1712732422.953054 0.07535539200000088 0.005512826500000007 1.5225801468999975 -0.009326921400000021 -0.00261734390000008 0.0051666637999999935 0.9999395369000126
1712732422.984302 0.07531553810000133 0.005133212600000009 1.5194985748000023 -0.009373518200000052 -0.002756296300000116 0.005068777599999974 0.9999392389000036
1712732423.017439 0.07525602590000133 0.004947344500000006 1.5161056877000079 -0.009279475300000017 -0.002833363600000105 0.004999356499999985 0.9999402343000042
1712732423.054256 0.07510095920000168 0.004800318800000003 1.5127237440000045 -0.00922905300000001 -0.002889766800000082 0.004884101399999974 0.9999411224000028
1712732423.080544 0.07502627830000108 0.004596784300000001 1.5092723131999946 -0.00923681730000001 -0.002988106099999932 0.004783346499999963 0.9999412536000023
1712732423.116317 0.07513792300000119 0.004426604000000001 1.5057373167000037 -0.009233490399999988 -0.003109492499999966 0.004651547499999964 0.9999415397000007
1712732423.15202 0.07513409270000082 0.004259784700000002 1.5022782326000084 -0.009273314499999952 -0.0031825159999998576 0.0045666213999999705 0.999941360899993
1712732423.179635 0.07514831580000063 0.004212132100000004 1.4988781214000142 -0.009244398199999938 -0.0032885598999998324 0.004491853899999976 0.999941659000001
1712732423.215136 0.07495295710000036 0.004215718700000004 1.4953622102000168 -0.009194745599999932 -0.0033104708999998067 0.004385213899999974 0.9999425291999955
1712732423.249399 0.07494601759999994 0.004157322000000002 1.491743612300013 -0.009227027899999962 -0.003361347499999745 0.004283935399999983 0.9999425291999955
1712732423.291597 0.07490099669999992 0.0043050113 1.488158988900011 -0.009232961699999986 -0.0033574266999996994 0.0042453460999999585 0.9999426544000016
1712732423.318453 0.07487276869999988 0.004465665999999996 1.4844284534000054 -0.009209714899999976 -0.0033767184999996757 0.004181967099999939 0.999943053700008
1712732423.353822 0.07477048189999991 0.004541215999999998 1.4807138323999993 -0.009276789099999983 -0.003433888799999707 0.004071375899999952 0.999942714000008
1712732423.385012 0.07476216629999968 0.004691232299999998 1.47703086140001 -0.009265261999999951 -0.0034815638999997844 0.004016779099999956 0.9999428869000099
1712732423.416071 0.07460965739999992 0.004813343199999998 1.4733316303000152 -0.009164554899999944 -0.0034507564999998407 0.003909806199999944 0.9999443293000126
1712732423.449249 0.07429238940000005 0.004910598999999999 1.469647443400015 -0.009111652699999962 -0.0034142982999997074 0.0037775402999999487 0.9999454201000162
1712732423.488073 0.07419077840000057 0.0050361930999999974 1.4658550741000114 -0.009066805899999997 -0.0034495895999997472 0.003607281999999978 0.9999463082000147
1712732423.513071 0.07402224550000085 0.00490695699999999 1.4619551183000112 -0.009093141900000035 -0.003399893799999809 0.0033873475000000043 0.9999469400000066
1712732423.553816 0.07395587940000112 0.0047925958999999905 1.4578740122000113 -0.009134287200000025 -0.0033917289999997992 0.0031952260000000176 0.9999471665000101
1712732423.58707 0.07381873800000135 0.0047310204999999935 1.4537848832000122 -0.009191095400000026 -0.0034151363999997742 0.0029588669000000234 0.9999471785000082
1712732423.614144 0.07374688910000131 0.004596082199999995 1.4497172000000091 -0.009290240699999997 -0.0034586933999998237 0.0026557783000000336 0.9999468507000074
1712732423.658727 0.0737670496000014 0.004621992600000002 1.4456468584000048 -0.009386300400000014 -0.003508759099999814 0.002409811600000067 0.9999463381000055
1712732423.681076 0.07371479940000114 0.004562824000000004 1.441628027100012 -0.009517939100000029 -0.003507515399999761 0.0021275994000000686 0.9999456288000033
1712732423.715282 0.07368745580000109 0.0042424928000000086 1.4375313521000066 -0.009736870300000033 -0.003509226699999779 0.0018359412000000575 0.9999440074999939
1712732423.749497 0.0736297324000013 0.003952314900000009 1.4334743977000017 -0.009925793600000033 -0.0034711393999998564 0.0015889475000000707 0.9999428749999879
1712732423.784357 0.07361878750000131 0.003933725800000015 1.4293955325999945 -0.009939282700000041 -0.0034031355999999844 0.001421374500000061 0.9999433279999834
1712732423.823725 0.07357977100000142 0.003653788300000016 1.425095343499993 -0.009964524900000039 -0.0033241630999999217 0.001275267200000041 0.9999436140999933
1712732423.854497 0.07374030500000117 0.0034846288000000224 1.42083007089999 -0.009926027500000023 -0.0033019049999998273 0.0012599929000000286 0.9999440671000002
1712732423.88353 0.07372264270000102 0.0033028220000000164 1.4165698884999869 -0.009834137900000029 -0.003173184499999948 0.001245389000000019 0.9999452949999977
1712732423.919056 0.07388373990000119 0.0032175440000000166 1.4121731637999915 -0.009685658500000027 -0.0030709528999999236 0.0013470486000000115 0.9999467553000045
1712732423.952735 0.0739937872000013 0.0028888208000000136 1.4077472327999885 -0.009572486400000057 -0.0029360648999999127 0.001512527100000005 0.9999479353999959
1712732423.981804 0.07402077840000132 0.0024677949000000087 1.4032122848999962 -0.009372934200000049 -0.00275507630000007 0.0017187212000000062 0.9999498069999959
1712732424.018558 0.0742719032000018 0.0019585093000000107 1.3984111426999903 -0.009098719500000029 -0.0026167927000001257 0.0020299510999999713 0.9999520540999924
1712732424.047549 0.07455583140000215 0.0017236954000000137 1.3935634850999918 -0.008623277300000032 -0.0024945023000000786 0.002426960300000003 0.9999556125000026
1712732424.084831 0.07503072180000174 0.0015105191000000183 1.3886060595000003 -0.008131743800000058 -0.0024428137000001016 0.00285563729999998 0.9999583185999995
1712732424.119889 0.07552381090000111 0.0010218123000000135 1.3834879994000062 -0.007733479000000054 -0.0023992021999999836 0.003325693800000007 0.9999594749000039
1712732424.152719 0.07594637210000102 0.0007748960000000138 1.3784818530000051 -0.007217548800000051 -0.0023498146999999746 0.0038458900000000185 0.9999611498000036
1712732424.190017 0.07624859970000131 0.0006243139000000175 1.373247742600006 -0.006702221400000053 -0.0023416218000001264 0.004275574200000021 0.9999627055000019
1712732424.223302 0.07671575190000154 0.0003614685000000173 1.3680954098000142 -0.006244444800000038 -0.0024615057000000108 0.004692495900000005 0.9999635757000078
1712732424.254388 0.07703795970000157 -2.2295599999988535e-05 1.362903141900017 -0.0057495080000000255 -0.002540761200000041 0.004974381099999992 0.9999651433000054
1712732424.286827 0.07725521640000181 -8.354849999998581e-05 1.3576272249000225 -0.005130157000000013 -0.0026473309 0.005144024000000025 0.9999679447000063
1712732424.321111 0.07744686020000131 -0.00018212779999998707 1.352357614000016 -0.0046171089 -0.002780320699999983 0.005185847100000007 0.999970203700002
1712732424.350705 0.07756718110000094 -0.00022578299999999053 1.3471463560000188 -0.004137429100000034 -0.002891699399999936 0.005156898800000009 0.9999726296000062
1712732424.392398 0.07750060720000036 -6.870379999999177e-05 1.342015314000014 -0.003775534000000036 -0.0029310693999999417 0.004979474699999997 0.9999749721000057
1712732424.420987 0.07728328860000033 -8.218340000000212e-05 1.336789727100006 -0.003602117600000021 -0.0028983304999998794 0.004773223800000004 0.9999767125000062
1712732424.452177 0.07697532780000031 -1.7557600000006613e-05 1.3316345333000073 -0.003453430500000021 -0.0028439935999999832 0.00451259799999999 0.9999786616000051
1712732424.48341 0.07666610859999992 2.4631099999994354e-05 1.3264037251000105 -0.003399577900000006 -0.002780697400000065 0.00417354569999997 0.9999805629999969
1712732424.514127 0.07628249749999938 0.00011081179999998803 1.3212272882000093 -0.0034055919000000046 -0.0026835250999999614 0.0038359396999999794 0.9999823093999908
1712732424.551958 0.0757952018999994 0.0004124374999999958 1.316057980000005 -0.0034461757000000316 -0.002551549900000083 0.0034754819999999855 0.9999840438999854
1712732424.582968 0.07543965579999892 0.0004854158999999969 1.3108461260000013 -0.0036410323000000133 -0.002450371100000126 0.0031880671000000136 0.9999845981999783
1712732424.619361 0.07518971639999847 0.0005335840999999952 1.3055832861999987 -0.003851362000000025 -0.0023056254000001887 0.0029980831000000043 0.9999848068999768
1712732424.654892 0.07491365829999878 0.0005414976999999932 1.3003174185000035 -0.004032518300000021 -0.002074983100000161 0.0029714414999999937 0.9999847353999826
1712732424.684472 0.07455952999999908 0.0006280672999999903 1.2951164126000094 -0.0041398915000000255 -0.001827673300000221 0.0030265888999999823 0.9999846757999762
1712732424.716087 0.07428514299999947 0.00037273159999998693 1.2896650075000138 -0.0042280959000000175 -0.001665006100000177 0.003096824399999987 0.9999844373999736
1712732424.760425 0.0740547516999996 0.0003047850999999935 1.2841511130000185 -0.004161034700000022 -0.0016218223000000974 0.0031437208999999912 0.9999845863999781
1712732424.794596 0.07388330260000017 0.00015020759999999632 1.2785709977000124 -0.004082299200000028 -0.0016311895000001187 0.003164835799999999 0.9999847353999826
1712732424.823867 0.07378352140000004 9.821549999999846e-05 1.2729864716000066 -0.003864558300000054 -0.0016737693000001385 0.003233590200000025 0.9999849916999892
1712732424.852429 0.0738429324000002 -1.7168800000000316e-05 1.2674352884000086 -0.003581560400000061 -0.0017150076000001847 0.003295814400000019 0.9999854207999987
1712732424.885491 0.07395469259999957 -0.00010575680000000088 1.2617559552000102 -0.003253607400000025 -0.0017094392000000624 0.0034336951000000226 0.9999859035999975
1712732424.916418 0.07391014779999949 -7.111560000000461e-05 1.2559849262000058 -0.0029249056000000273 -0.001642133700000059 0.003553623200000011 0.9999868989999982
1712732424.952589 0.0738230564999995 6.684959999999628e-05 1.250191438200011 -0.002684937300000012 -0.0016352061000000973 0.0036235512999999832 0.9999876261000054
1712732424.984109 0.07373344759999938 -1.3713400000003872e-05 1.2443710924000129 -0.0026009204000000175 -0.001731086300000051 0.003560718600000001 0.9999880254000004
1712732425.01844 0.07365736299999881 -9.187240000000375e-05 1.2384076596000113 -0.002483432100000016 -0.0018712876000000378 0.0033871125000000113 0.999988776400005
1712732425.052207 0.07362762099999856 8.550889999999755e-05 1.2324864150000052 -0.002356378300000017 -0.0020074392000001494 0.0032157152999999993 0.9999894439000059
1712732425.08484 0.07369048899999839 7.15365999999995e-05 1.2265238762000081 -0.0023598784000000263 -0.0021053553000001555 0.0030207601999999944 0.9999897539000017
1712732425.125122 0.0737820044999978 0.000251380499999998 1.2206014991000074 -0.0023916332000000207 -0.0021222002000000017 0.0028866459000000066 0.9999900220999962
1712732425.152286 0.07398883189999808 0.00034140459999999485 1.2145086765000088 -0.0026146048000000198 -0.0020813622000000363 0.0028220022999999816 0.9999897359999977
1712732425.196224 0.07397152859999849 0.00064457819999999 1.2084913254000071 -0.0029613729000000253 -0.0019582376000000677 0.0028507100999999755 0.9999888538999926
1712732425.221307 0.0739294737999991 0.0006516768999999867 1.2024375797000062 -0.0034902026000000587 -0.0018639074000001087 0.0029129811999999864 0.9999867439000013
1712732425.254357 0.07396386489999926 0.0006906827999999865 1.1964010597000083 -0.0039821381000000764 -0.0018225570000000245 0.0030006580999999864 0.9999841988000071
1712732425.288909 0.07404321359999955 0.0006144553999999803 1.1903832792999993 -0.004440755600000079 -0.001779949099999989 0.0031678515999999934 0.9999813377999999
1712732425.318252 0.07419537009999928 0.0005970408999999788 1.1842776416999983 -0.00480881610000008 -0.0016825651999999637 0.00338635789999997 0.9999785841000062
1712732425.348925 0.0743479385999997 -0.0002538215000000177 1.178325676899999 -0.005093822600000042 -0.0015104645999999278 0.003607550299999973 0.9999768079000091
1712732425.381912 0.0746311686999995 -0.00027903610000001855 1.1723030686000016 -0.004837620800000053 -0.0012790464999998363 0.0039190858999999635 0.999976360900007
1712732425.417947 0.07472408040000005 -0.0003186244000000227 1.166973960400003 -0.004797976400000037 -0.0009375543999999181 0.004261029399999972 0.999975603900009
1712732425.453787 0.07469828280000002 -0.00023452290000002262 1.1620147824000013 -0.004726330300000026 -0.0006168365000000619 0.00457101019999997 0.999974787300016
1712732425.48724 0.0746400364000003 -0.0001252770000000236 1.1580973029000006 -0.004756015000000025 -0.00042487329999989497 0.004818955899999988 0.9999737621000122
1712732425.51789 0.07460638740000007 -0.00021821940000001926 1.1548817276000023 -0.0048944842000000046 -0.0003002999999997868 0.004927963099999965 0.9999726117000136
1712732425.548519 0.07468679629999997 -5.25904000000188e-05 1.1524902699999984 -0.004905613200000003 -0.000177867799999909 0.004985312699999955 0.9999723256000153
1712732425.587384 0.07473969099999991 3.747549999998379e-05 1.1507907984999974 -0.0050417838 -1.1789399999884154e-05 0.0050442175999999336 0.9999710620000087
1712732425.623458 0.07475573579999946 -0.0001472977000000153 1.1495084523000059 -0.005167602300000018 0.00016801320000006114 0.005088482699999952 0.9999699414000134
1712732425.656521 0.07480422039999937 -6.035490000001475e-05 1.148881626000002 -0.005140657700000028 0.0003157253999999554 0.005113358399999957 0.9999700547000089
1712732425.681518 0.07478957849999901 0.0008536150999999825 1.1486784694999983 -0.0052460688000000475 0.0004240301999999474 0.005188732599999968 0.9999690175000069
1712732425.720822 0.07464776789999945 0.0008486268999999824 1.149132811900006 -0.005902802800000062 0.0004606883999999312 0.0052020796999999955 0.999966710800004
1712732425.753208 0.07462000629999892 0.0010350159999999887 1.1495150327000032 -0.006299485600000043 0.00039309959999993537 0.00522762189999999 0.9999647438000011
1712732425.784069 0.07468054819999921 0.000994574799999992 1.1501603841000019 -0.0067741917000000654 0.00031046169999999763 0.005228677499999978 0.9999626039999953
1712732425.817289 0.07465712729999865 0.0008786750999999926 1.1505079388000012 -0.007095591800000056 0.0003210473999999408 0.00520114859999996 0.9999609469999996
1712732425.849722 0.07471052489999863 0.0007119527999999931 1.1505779742999949 -0.007240944300000063 0.00034533349999996685 0.005232854399999987 0.9999598025999944
1712732425.883746 0.07465846319999869 0.00045277679999998764 1.1505299329999956 -0.0073093987000000474 0.00038110680000009723 0.005249638499999998 0.9999592303999861
1712732425.917213 0.07470478339999857 0.00031260719999999244 1.1503932596000026 -0.007178937100000038 0.00037337370000010137 0.005274546400000002 0.9999601065999855
1712732425.956698 0.07475614019999881 0.0003650543000000006 1.1503437280999946 -0.007071397700000004 0.00037188560000025463 0.005270834099999977 0.9999609768999903
1712732425.98128 0.07473301509999927 0.0003998715000000042 1.150297951799996 -0.007063327399999997 0.0003679443000002891 0.00527678039999997 0.9999610066999935
1712732426.01981 0.07474210259999978 0.0004712921000000092 1.1503815889999942 -0.007085269299999997 0.00036630710000018496 0.005269201599999951 0.999960893499997
1712732426.053999 0.07477827509999954 0.000506315200000007 1.1504828810999925 -0.007133410199999979 0.000378582400000127 0.005282630499999952 0.9999604881999972
1712732426.090816 0.07476521270000021 0.0004936924999999981 1.1505323886999919 -0.007181092599999994 0.00041189070000022807 0.005268955199999948 0.9999602140999968
1712732426.116746 0.07473269090000016 0.0004429467999999992 1.1505079627999977 -0.007199847599999964 0.0004419714000002628 0.005276529399999941 0.9999600292999957
1712732426.14931 0.07470494710000039 0.0004478705000000027 1.150455045800004 -0.007182170399999954 0.00046071330000021506 0.0052878328999999445 0.999960082899986
1712732426.184361 0.07473321530000021 0.0005546482000000075 1.1504565240000033 -0.007137790199999961 0.00045632120000007605 0.005293606999999945 0.9999603749999892
1712732426.213758 0.07481564559999968 0.000547452600000009 1.1503558756000074 -0.007190029999999981 0.00045876900000010325 0.005295350899999951 0.9999599756999942
1712732426.249676 0.07479788790000015 0.0006177248000000079 1.1502103568000053 -0.007276540499999973 0.0004846348000000944 0.005312904699999965 0.9999592186999962
1712732426.287278 0.07481724310000004 0.0006401827999999998 1.1501163365000138 -0.007374333799999988 0.00047942370000004787 0.005320188699999973 0.9999584139999911
1712732426.316802 0.07485018510000004 0.0006848379000000016 1.1498841287000119 -0.0074399722999999975 0.0004976464000000291 0.005335440999999985 0.9999578357999894
1712732426.358083 0.07484221969999964 0.0006055052999999977 1.1495040657000117 -0.00749788520000001 0.0005333980000001403 0.005342670699999985 0.999957346999986
1712732426.39093 0.07482179989999978 0.0006213435000000045 1.1489158394000127 -0.007533677300000008 0.0005500536000001332 0.005358930999999956 0.9999569893999933
1712732426.419648 0.07486312239999933 0.0006868292000000054 1.148244047300011 -0.007587496000000016 0.0005329851000000829 0.005400241499999981 0.9999563695000007
1712732426.461853 0.0749133944999997 0.0006871586000000041 1.1475062133000051 -0.0077047302000000425 0.0005121992000001185 0.005413431099999988 0.9999553920000039
1712732426.48368 0.07490299059999969 0.0007180597000000066 1.146706795800003 -0.007796522100000036 0.0004933212000000964 0.005462042799999978 0.9999544443000105
1712732426.519322 0.07485645279999957 0.0006245652000000046 1.145671940000011 -0.007919984700000039 0.00047911960000011076 0.005503448199999994 0.9999532879000071
1712732426.557475 0.07481276179999981 0.0007016406000000086 1.1445528866000132 -0.007937725100000037 0.00043653490000004067 0.005551872599999985 0.999952900400001
1712732426.586332 0.07474980069999973 0.0006321458000000058 1.1433247210000104 -0.007961076200000061 0.00040345740000002905 0.0055583476999999885 0.9999526918000015
1712732426.620408 0.07470012610000012 0.000740993000000012 1.1419274808000068 -0.007919383600000085 0.0003850178000000426 0.005603956400000021 0.9999527811999996
1712732426.648136 0.0746048242999997 0.0007134171000000133 1.1404365183000096 -0.007986639100000081 0.0003728517000000764 0.005644153100000038 0.9999520182999959
1712732426.691736 0.07460798179999983 0.0007115431000000117 1.1389038921000065 -0.008051046900000048 0.0003184467000000524 0.005683666000000054 0.9999513089999936
1712732426.715664 0.0745566451000002 0.0007106858000000104 1.1373972654999989 -0.00810324410000005 0.0003033313000001314 0.00572978880000008 0.9999506472999883
1712732426.755864 0.07446968630000014 0.0006067217000000124 1.1358658433999949 -0.008141517700000067 0.0002929781000000631 0.0057402519000000485 0.9999502895999853
1712732426.783044 0.07441905579999997 0.0007212463000000113 1.1341030836999948 -0.008078522400000043 0.0002644632999999175 0.0058049126000000225 0.9999504206999859
1712732426.818859 0.07442828779999999 0.0006722140000000043 1.1322844386999917 -0.008108287100000045 0.0002182560999999694 0.005844094100000019 0.9999499497999864
1712732426.850571 0.07447263809999996 0.0006388327000000027 1.1303922295999882 -0.008082676800000011 0.00017365659999999395 0.005920380000000014 0.9999496994999959
1712732426.891437 0.07444830299999979 0.000560887099999996 1.1284036040999808 -0.008062752400000006 0.0001640368000000336 0.006031308599999985 0.9999491571000021
1712732426.915498 0.07445510689999964 0.0006454612999999942 1.1263878583999827 -0.007984931900000002 0.00014945720000003604 0.006163121299999963 0.9999489365000045
1712732426.949378 0.07443655949999979 0.0006230653999999891 1.1242945432999818 -0.007947068099999965 0.00012206629999997887 0.006292028099999935 0.9999483941000108
1712732426.990554 0.07444774579999987 0.0006829384999999854 1.1221956252999803 -0.007852346199999971 5.7565300000028687e-05 0.006456849099999928 0.9999480722000158
1712732427.021846 0.07443527729999957 0.0007682192999999837 1.1199740767999855 -0.007829943499999992 -2.7640999999078986e-06 0.006634074799999912 0.9999470828000199
1712732427.057583 0.07448231649999926 0.0007480190999999747 1.1176972865999915 -0.007879992900000011 -8.398099999986641e-05 0.006817664299999926 0.9999454080000192
1712732427.087618 0.07452144399999909 0.0007497379999999776 1.1153021573999922 -0.007912999300000001 -0.0001577007999998159 0.007000476499999931 0.9999439120000148
1712732427.114086 0.07456846839999898 0.0006403870999999838 1.1129914044999965 -0.007979385900000002 -0.000224865599999724 0.007158402799999975 0.9999422550000077
1712732427.162078 0.07457166089999916 0.0005842158999999847 1.1105617165000012 -0.007973009999999992 -0.00026802049999972153 0.007305375099999978 0.9999412835000043
1712732427.188189 0.07457733299999916 0.0006792443999999786 1.1081347584000014 -0.007971619600000012 -0.00032899779999961964 0.007433369899999942 0.9999403595999979
1712732427.224622 0.07458288449999913 0.0006583338999999854 1.1057294606000028 -0.008037771299999986 -0.000410765199999652 0.007529450499999956 0.999939089999998
1712732427.253057 0.07457565369999912 0.0005669153999999898 1.1031078576000026 -0.00806879269999996 -0.0004892712999996718 0.007585448899999969 0.999938428400003
1712732427.287632 0.07454551679999852 0.00046794899999998976 1.1004316089999975 -0.008081177299999975 -0.0005545619999995921 0.007630170299999994 0.9999379753999961
1712732427.317897 0.07451573829999844 0.00024718519999998855 1.0976315377999981 -0.008076274699999964 -0.0006119958999995845 0.0076245221999999835 0.9999380289999976
1712732427.349208 0.07445673189999909 0.0001377446999999865 1.0947844384999939 -0.007976916499999964 -0.0006673318999997236 0.00757985080000001 0.9999390779999999
1712732427.384346 0.0744118831999991 8.983699999987049e-06 1.091860270399991 -0.007838400399999968 -0.000730942299999704 0.007478314699999977 0.9999408601000027
1712732427.416431 0.07432405499999958 -6.324520000001721e-05 1.0888815759999944 -0.007669002899999944 -0.0007872884999997609 0.0073951949999999655 0.9999426959000062
1712732427.454154 0.07421604989999935 -0.00010343540000001816 1.0859048246999918 -0.007450023199999966 -0.0008381308999997117 0.0073006842999999485 0.999944943000014
1712732427.491285 0.07412685309999886 -0.00012401580000002133 1.0828752159999908 -0.007247728999999969 -0.0008955957999997821 0.007200168599999968 0.999947064900016
1712732427.520568 0.07395861309999888 -0.0001731268000000119 1.0798704623999924 -0.0070534884999999825 -0.0009349724999998088 0.007100203899999968 0.9999490974000196
1712732427.554693 0.07377896019999923 -0.00012722200000001572 1.0767598747999956 -0.0068629801999999795 -0.0009469925999997742 0.006989413099999986 0.9999513088000185
1712732427.589067 0.07359176279999886 -0.00018739630000002004 1.0737173079999933 -0.006752049400000004 -0.0009519084999997318 0.006909635500000011 0.9999526678000166
1712732427.620605 0.07342855639999897 -0.00012024350000001682 1.0706450462000021 -0.006591510699999992 -0.000962658899999802 0.006817654199999979 0.9999544202000152
1712732427.65338 0.07330260799999948 -5.239800000012007e-06 1.0675600885999983 -0.006454430500000008 -0.0009873128999998925 0.006713067000000006 0.9999560415000133
1712732427.685682 0.07318037309999922 -2.6471500000002645e-05 1.064380407300007 -0.006359422799999992 -0.000994350899999752 0.006611399400000018 0.999957340900005
1712732427.714801 0.07308022909999892 1.0209199999999807e-05 1.0611717462000114 -0.006253973299999993 -0.0009865617999999187 0.006549130000000014 0.9999584496000011
1712732427.753435 0.07295766039999876 4.253600000000413e-05 1.0579370021000158 -0.006175143400000005 -0.0009580266999998699 0.006433776100000043 0.9999596893999978
1712732427.78765 0.07284737169999929 3.7016099999998e-05 1.0545335173000239 -0.006125520599999978 -0.0009456085000000058 0.006287908000000053 0.9999608874999921
1712732427.81744 0.07276379929999947 4.7078300000003015e-05 1.051096320100021 -0.006066747099999992 -0.0009304968999998664 0.0061580799000000574 0.9999620258999926
1712732427.851988 0.07261402549999971 -6.870820000000055e-05 1.0475322365000124 -0.005999866099999984 -0.0008661285999998824 0.005995391300000064 0.9999634206999872
1712732427.884368 0.07253022579999993 -0.00018033650000000013 1.043927395300011 -0.005832185299999982 -0.0008546268999999995 0.005852217100000034 0.9999652266999874
1712732427.924861 0.07250323610000038 -0.00020448610000000088 1.0402654409000092 -0.005657233599999989 -0.0008784424000001679 0.0056696099000000276 0.9999672651999845
1712732427.955901 0.07240193200000036 -0.00025875109999999867 1.0365623832000097 -0.005526670099999987 -0.0008530092000000877 0.00547298030000003 0.9999691069999926
1712732427.989431 0.07231123910000008 -0.00037795050000000163 1.0327981949000105 -0.005422224499999961 -0.000804254300000018 0.005312094099999998 0.9999706089999905
1712732428.021462 0.07214468510000031 -0.00031804950000000607 1.0290625453000075 -0.005287414199999984 -0.000772654700000075 0.0051524322999999764 0.9999722063999912
1712732428.065135 0.07201169440000044 -0.0003513187000000029 1.025221228600003 -0.005207240899999954 -0.0007856825999999373 0.004956458199999991 0.9999736666999979
1712732428.084118 0.07194261780000062 -0.00036733180000000367 1.0212917209000012 -0.005168125499999965 -0.0007898461999999995 0.004772849700000003 0.9999747394999986
1712732428.117746 0.07173944790000064 -0.00043549069999999636 1.0174167572999977 -0.0051752269999999715 -0.0007309968999999583 0.00458864000000001 0.9999755619999974
1712732428.152655 0.0715896308000005 -0.00040525029999999296 1.0134315848000028 -0.005214245999999978 -0.0006698704999999805 0.004406420300000003 0.9999761819000014
1712732428.185822 0.0715103082000006 -0.0005329672999999979 1.0093996048000122 -0.00533050429999995 -0.000623014700000013 0.004250274500000017 0.9999761819000014
1712732428.22044 0.0713845156000005 -0.0006637562999999957 1.0052986085000157 -0.0053363190999999865 -0.0005339542999999835 0.004097970300000054 0.9999768732999996
1712732428.255229 0.07124506530000048 -0.0007624552999999868 1.0010386586000208 -0.005255628499999965 -0.0004259296999999052 0.004044325300000029 0.999977517000002
1712732428.283355 0.07116800690000033 -0.0010211567999999893 0.9966932594000127 -0.005148675999999996 -0.0003496146999999894 0.004019188300000032 0.9999781071000029
1712732428.320309 0.07108388310000038 -0.0011766395999999845 0.9922115504000203 -0.004909570500000004 -0.00026234800000004557 0.0040847710000000426 0.9999787032000086
1712732428.357499 0.07108581720000018 -0.0012848432999999827 0.9876236199000232 -0.004651969499999975 -0.00016634080000006436 0.004198879700000058 0.9999790668000059
1712732428.389748 0.07098456310000004 -0.0014494336999999803 0.9830624162000277 -0.004405517899999989 6.00849999994324e-06 0.004329049200000057 0.9999794721000057
1712732428.421953 0.07097625199999982 -0.001721113399999985 0.9784156440000288 -0.004082996299999975 0.0001524895999999387 0.004554428400000044 0.9999796569000068
1712732428.456754 0.07106100229999938 -0.0018706684999999946 0.973521429200025 -0.003666737299999978 0.0002604799000000213 0.004831574800000027 0.9999798119000161
1712732428.493158 0.07113259419999948 -0.002160658800000004 0.9686765968000259 -0.0031905999999999766 0.00036764089999987706 0.0051873385000000384 0.9999796152000158
1712732428.522389 0.0712385428999994 -0.002303038700000004 0.9636875390000228 -0.002566922599999977 0.00046424189999996204 0.005610846700000049 0.9999792635000176
1712732428.55812 0.07136634499999914 -0.002325147900000002 0.9587026416000185 -0.002045610299999945 0.0005475363000000399 0.006039976000000014 0.9999778688000219
1712732428.586771 0.0713932445999994 -0.002413671000000006 0.9537136017000194 -0.0015858659999999692 0.0006241641000000797 0.006426923900000015 0.9999761880000164
1712732428.615441 0.0714449621 -0.0023966526000000045 0.9485746919000235 -0.0011306530999999342 0.0006265407000000777 0.006793760900000034 0.9999745310000094
1712732428.665376 0.07143787219999993 -0.002387103800000012 0.9434448122000163 -0.0007757296999999497 0.0005759437000001811 0.006995476000000033 0.9999735594000072
1712732428.686831 0.07137945599999966 -0.0025742865000000113 0.9384022354000081 -0.00043933059999998745 0.0005119475000002538 0.0071118985000000025 0.9999730349000174
1712732428.72553 0.07135680999999963 -0.0025551488000000178 0.9331740437999997 -6.740199999999419e-06 0.0003933641000001487 0.007171432400000022 0.9999729872000103
1712732428.754826 0.07119434259999977 -0.0024267341000000163 0.9278831659999923 0.00034127389999998313 0.00027168590000012924 0.0070968146000000235 0.9999736131000191
1712732428.788584 0.07099456870000012 -0.002307666400000008 0.9225753663999967 0.0005745260999999946 0.00016142779999999134 0.006917854400000012 0.9999746919000131
1712732428.820898 0.07075750990000032 -0.0021427990000000064 0.9172178803999941 0.0006834111999999947 7.454140000007214e-05 0.00663122089999999 0.9999764086000027
1712732428.855582 0.07043475600000022 -0.001944957599999997 0.9118750630999898 0.0006910225999999575 -7.1536000000094194e-06 0.006318368499999982 0.9999783934999982
1712732428.887558 0.07011383410000036 -0.0017885534000000036 0.9063090502999899 0.0006194836999999342 -0.00011621140000013241 0.005964935800000015 0.9999806464999892
1712732428.919439 0.06990085260000001 -0.001543672400000007 0.9008106231999932 0.00048186459999994825 -0.0002708219000002288 0.005567005400000014 0.9999831319999885
1712732428.961617 0.0695672393999999 -0.0012215387000000133 0.895347225699993 0.00022101519999990772 -0.0003469864000001266 0.005138978999999999 0.999985551899988
1712732428.992374 0.06930957069999977 -0.0009285000000000098 0.8898774265999918 -0.00014941710000009322 -0.00039330370000012493 0.00475442049999999 0.9999872744999834
1712732429.018524 0.0691364802999999 -0.000642442100000018 0.8843253671999947 -0.0006052718000000735 -0.0003925815000002331 0.004489107500000022 0.9999881685999753
1712732429.0612 0.06898067600000032 -0.000495139900000019 0.8787631928999986 -0.0010692163000000753 -0.00034094250000027415 0.004323017100000026 0.999988669299978
1712732429.09173 0.06888512610000035 -0.000411151700000012 0.8730994642000042 -0.0014722332000000726 -0.0002859118000001715 0.004328371600000036 0.999988311599975
1712732429.124455 0.06878800859999998 -0.00037748500000001073 0.8673563659000024 -0.001788188200000107 -0.0002723170000001218 0.004425084300000037 0.9999875665999752
1712732429.15748 0.06871381870000022 -0.0002909494000000068 0.8614505946000008 -0.001995045900000125 -0.00031199930000003206 0.004546966400000052 0.999986726099985
1712732429.190004 0.06871872930000009 -0.00013742120000000967 0.8555791497000087 -0.002188252300000126 -0.00039038350000009103 0.004629910400000048 0.9999860703999957
1712732429.221791 0.06873044539999995 -9.052570000001037e-05 0.8496378898000103 -0.002435636500000138 -0.0004362509999999986 0.004741745200000036 0.999985092899999
1712732429.257058 0.06863802239999969 -4.027090000000566e-05 0.8435524642000019 -0.0026755086000001425 -0.00039448300000000103 0.004868976900000055 0.999984014000006
1712732429.287756 0.06863544969999964 -4.263850000000291e-05 0.8374444842000003 -0.0028746038000001307 -0.00035913210000000363 0.005059232900000055 0.9999825716000033
1712732429.317999 0.06856286020000013 6.399940000000326e-05 0.8313786328000106 -0.0030317029000001216 -0.0003284117999999836 0.005231299900000064 0.9999812722000115
1712732429.364728 0.06839108329999988 0.000152402500000004 0.8251503468000123 -0.0032271852000001376 -0.00036501399999995244 0.0053010800000000465 0.9999800801000106
1712732429.386396 0.06813885949999943 0.00024639570000001276 0.8189170361000151 -0.003420879100000107 -0.00046477929999984015 0.005283241600000021 0.9999793112000134
1712732429.418072 0.06794974729999907 0.00029179920000000915 0.8125868857000114 -0.003666027100000102 -0.0006037708999999225 0.00509828240000001 0.9999790192000091
1712732429.452727 0.06780984319999916 0.00031644379999999915 0.8063744784000051 -0.003928157500000085 -0.00066210749999982 0.004882098099999998 0.9999789596000142
1712732429.48612 0.06760028219999867 0.00046795149999999673 0.8001096309000104 -0.004199911000000079 -0.0006041706999999619 0.004693817099999986 0.999978852300012
1712732429.522735 0.06747065029999888 0.0005680734999999992 0.7936573506000059 -0.00456911570000007 -0.0004929236999998921 0.004542986299999985 0.9999781251000058
1712732429.558844 0.06726558419999903 0.0007440961999999995 0.7871931911000047 -0.00498284800000004 -0.00035758589999996816 0.0044305653999999976 0.9999766588000056
1712732429.586785 0.06715854469999911 0.0007661766000000014 0.7805873156000075 -0.00550928190000004 -0.00028378749999991015 0.004375295699999971 0.9999738633999982
1712732429.626824 0.0670683658999991 0.0008662765000000072 0.7740804911000054 -0.006030681400000048 -0.00021985380000000276 0.0043533774999999775 0.9999706686000082
1712732429.671857 0.0670298284999987 0.0007764277000000041 0.7673184573999947 -0.00649553940000005 -0.00013701700000012806 0.004407541699999973 0.9999672473000032
1712732429.694878 0.06707227149999895 0.0007310336000000084 0.7604810655999927 -0.006834403300000025 -9.103200000204482e-06 0.004517487699999956 0.9999642611000127
1712732429.720128 0.06711632229999935 0.0007625831000000027 0.7534472644999937 -0.007171260100000065 0.0001661020999996765 0.0046695582999999544 0.9999612451000075
1712732429.757544 0.06711676859999968 0.0009666371000000007 0.7464635372999965 -0.007480272400000043 0.0003550095999997893 0.004938669799999929 0.9999579132000121
1712732429.789163 0.06703606389999947 0.001033315300000004 0.739529943499997 -0.007872757200000047 0.0004911333999997325 0.005222715599999939 0.9999538362000067
1712732429.823921 0.06697520459999992 0.000908692000000011 0.7324914514999932 -0.008263953100000032 0.0005519357999997255 0.00550443499999993 0.9999497354000028
1712732429.85397 0.06687103960000015 0.0007746163000000083 0.7254207670999904 -0.008484084800000024 0.0005655374999996354 0.005833182199999909 0.9999463737000042
1712732429.884305 0.06688044150000039 0.0006986073000000093 0.7183119297999951 -0.008529700400000052 0.0005192730999997508 0.006142597899999913 0.9999442041000066
1712732429.919044 0.06693147270000069 0.0005450089000000102 0.7111468911999964 -0.008535669800000045 0.00048804599999971996 0.006480738599999913 0.9999419152000086
1712732429.95737 0.06690793710000094 0.00034291120000000673 0.7037705838999955 -0.008452115400000038 0.00049352359999979 0.006758056799999901 0.999940717100003
1712732429.990369 0.06682156480000075 0.0002167698000000051 0.6963173150999978 -0.008321797700000032 0.0004673756999999057 0.006960292999999895 0.9999404429000037
1712732430.02443 0.06668372610000048 9.267190000000758e-05 0.6888279259000001 -0.008122794800000045 0.00039496509999992213 0.007087592299999912 0.9999411819999977
1712732430.059257 0.06660269430000057 -2.2802199999993888e-05 0.6812277614999971 -0.007883215300000001 0.00026453079999999574 0.00715142589999993 0.9999425409999958
1712732430.094786 0.06643875620000017 -0.00013554029999999218 0.6733808457999999 -0.007658271800000005 0.00016721099999994493 0.0071897324999999675 0.9999439416999962
1712732430.119019 0.06633129650000029 -0.0001761631999999902 0.665314024700001 -0.007436050299999985 8.378659999994654e-05 0.007256407099999996 0.9999452589999919
1712732430.156458 0.06623183339999983 -0.00017692379999999507 0.657288473899996 -0.007207045799999978 -3.186549999991684e-05 0.007284553800000015 0.9999468444999934
1712732430.187341 0.06606248689999958 -0.00011283570000000242 0.6492191552999997 -0.006933951699999996 -0.00017108629999977864 0.007124596100000024 0.9999496637999983
1712732430.219525 0.06576038299999923 -0.00028123700000000086 0.6408411025999954 -0.00668253649999997 -0.0002762350999997665 0.006818015499999985 0.999953037399996
1712732430.262819 0.06541588159999918 -0.0001632035000000087 0.6324792622999894 -0.006327781499999974 -0.00035742419999973407 0.006415251300000024 0.9999579726999969
1712732430.287417 0.06495820059999886 -2.609900000001275e-05 0.6238192438999931 -0.006094993499999956 -0.0004454308999997991 0.005919553500000019 0.9999624728999947
1712732430.322848 0.06454543209999883 3.280799999982875e-06 0.6151323139999931 -0.00604460139999996 -0.000547359899999833 0.005421344400000016 0.9999654769999893
1712732430.360584 0.06418409079999918 -8.16123000000224e-05 0.6065225183999928 -0.0060569261999999565 -0.0006105939999997645 0.004932106100000011 0.9999676703999854
